client_id,full_name,client_type,gender,country,region,date_of_birth,age,acquisition_purpose,satisfaction_score,loan_applied,referral_channel,loan_flag,is_investment,is_company,total_properties,total_investment,avg_property_price,max_property_price,min_property_price,price_dispersion,avg_floor_area,total_area,avg_price_per_sqft,unique_towers,first_purchase,last_purchase,active_months,apartment_count,office_count,apartment_share,office_share,purchase_span_days,tower_diversity,purchase_intensity,is_domestic,has_purchase,age_band,investment_band,country_code,region_code,referral_channel_code
C0001,Kareem Liu,Individual,F,USA,California,1968-05-11,57,Home,4,Yes,Website,1,0,0,4,1246764.72,311691.18,496266.41,175599.9,143699.38793097087,983.885,3935.54,319.96317185861204,4,2024-10-01,2025-12-01,4,4,0,1.0,0.0,426,1.0,1.0,1,1,55-64,Q3,9,8,2
C0002,Trystan Oconnor,Individual,M,USA,California,1962-11-26,63,Home,1,No,Website,0,0,0,5,1841095.9300000002,368219.18600000005,505127.63,248525.12,106902.66705760726,1187.942,5939.71,313.1679087042186,5,2024-01-01,2025-12-01,5,5,0,1.0,0.0,700,1.0,1.0,1,1,55-64,Q4 highest,9,8,2
C0003,Kale Gay,Individual,M,USA,California,1959-04-07,66,Home,4,Yes,Agency,1,0,0,5,1661457.5899999999,332291.518,584611.99,216874.97,150963.06149503883,1058.1100000000001,5290.55,310.797967102675,5,2024-07-01,2025-10-01,5,5,0,1.0,0.0,457,1.0,1.0,1,1,65+,Q4 highest,9,8,0
C0004,Russell Gross,Individual,M,USA,California,1959-11-25,66,Home,5,No,Website,0,0,0,6,1608263.51,268043.91833333333,606634.75,149009.73,168321.9269198644,937.1033333333334,5622.62,275.5640860802061,5,2024-02-01,2025-08-01,5,6,0,1.0,0.0,547,0.8333333333333334,1.2,1,1,65+,Q4 highest,9,8,2
C0005,Marleez Co,Company,M,USA,California,1976-02-28,49,Investment,5,No,Website,0,1,1,13,3653385.38,281029.64461538463,628812.33,189194.31,123629.32568300703,927.2961538461539,12054.85,299.39886333356816,5,2024-02-01,2025-05-01,12,13,0,1.0,0.0,455,0.38461538461538464,1.0833333333333333,1,1,45-54,Q4 highest,9,8,2
C0006,Yurem Wright,Individual,M,USA,California,1957-03-06,68,Home,3,Yes,Website,1,0,0,5,1514131.06,302826.212,435031.4,195874.94,89315.66704730627,989.5899999999999,4947.95,301.81143627425695,5,2024-01-01,2025-11-01,5,5,0,1.0,0.0,670,1.0,1.0,1,1,65+,Q4 highest,9,8,2
C0007,Xavier Faulkner,Individual,M,Canada,Quebec,1947-05-24,78,Investment,5,No,Website,0,1,0,11,3251147.83,295558.8936363636,484458.03,177555.06,99858.16337552581,995.6936363636363,10952.63,296.0091174822707,6,2024-01-01,2025-12-01,9,11,0,1.0,0.0,700,0.5454545454545454,1.2222222222222223,0,1,65+,Q4 highest,2,40,2
C0008,Kayden Olsen,Individual,F,USA,California,1969-10-17,56,Home,5,No,Website,0,0,0,5,1476730.4100000001,295346.08200000005,537291.01,199931.08,139483.58908895476,1031.106,5155.53,289.273363570013,5,2024-03-01,2025-03-01,4,4,1,0.8,0.2,365,1.0,1.25,1,1,55-64,Q4 highest,9,8,2
C0009,Joaquin Mullins,Individual,M,USA,California,1975-10-05,50,Investment,5,No,Agency,0,1,0,5,1820832.35,364166.47000000003,580903.05,168834.04,174840.28160728223,1305.644,6528.22,274.38568336203406,4,2024-12-01,2025-05-01,2,4,1,0.8,0.2,151,0.8,2.5,1,1,45-54,Q4 highest,9,8,0
C0010,Nicolas Navarro,Individual,M,USA,Oregon,1966-06-17,59,Investment,3,No,Agency,0,1,0,5,1732434.0,346486.8,480540.62,214631.68,131844.63783346312,1140.206,5701.03,309.13580924027326,4,2024-03-01,2025-09-01,4,4,1,0.8,0.2,549,0.8,1.25,1,1,55-64,Q4 highest,9,37,0
C0011,Laci Guerra,Individual,F,USA,California,1956-06-17,69,Home,2,Yes,Website,1,0,0,5,1325211.52,265042.304,473195.39,152118.46,122578.17610250217,935.914,4679.57,282.7741404393233,5,2024-11-01,2025-09-01,5,4,1,0.8,0.2,304,1.0,1.0,1,1,65+,Q3,9,8,2
C0012,Kylax Co,Company,M,USA,California,1975-04-25,50,Investment,5,No,Website,0,1,1,4,1599526.4,399881.6,529317.28,246824.34,144205.23163147632,1317.445,5269.78,299.78630561500273,4,2024-10-01,2025-03-01,3,4,0,1.0,0.0,151,1.0,1.3333333333333333,1,1,45-54,Q4 highest,9,8,2
C0013,Harley Lucero,Individual,M,USA,California,1962-08-10,63,Home,1,Yes,Website,1,0,0,5,2142750.89,428550.178,562818.96,177556.15,149107.5165695099,1407.376,7036.88,301.97365713513284,4,2024-09-01,2025-10-01,5,5,0,1.0,0.0,395,0.8,1.0,1,1,55-64,Q4 highest,9,8,2
C0014,Esther Co,Company,M,USA,California,1980-07-10,45,Home,3,Yes,Website,1,0,1,4,1548140.0699999998,387035.01749999996,531267.61,169158.29,154486.59384817554,1280.5425,5122.17,301.30993275732385,4,2024-10-01,2025-08-01,3,4,0,1.0,0.0,304,1.0,1.3333333333333333,1,1,45-54,Q4 highest,9,8,2
C0015,Jaylynn Hickman,Individual,F,USA,California,1941-08-19,84,Home,5,No,Client,0,0,0,5,1585907.37,317181.47400000005,426442.43,169113.16,109821.3768107707,1030.764,5153.82,303.1325098373545,4,2024-07-01,2025-06-01,5,5,0,1.0,0.0,335,0.8,1.0,1,1,65+,Q4 highest,9,8,1
C0016,Olivia Oconnell,Individual,F,USA,California,1939-09-03,86,Investment,5,No,Website,0,1,0,4,1010217.73,252554.4325,287917.8,224076.84,30176.982586140468,842.145,3368.58,300.3778723095888,4,2024-03-01,2025-10-01,4,4,0,1.0,0.0,579,1.0,1.0,1,1,65+,Q1 lowest,9,8,2
C0017,Antonio Porter,Individual,M,USA,Arizona,1977-01-08,48,Home,3,No,Client,0,0,0,5,1778693.75,355738.75,568732.24,183173.08,155671.9432834427,1195.8139999999999,5979.07,299.2817021286784,4,2024-02-01,2025-02-01,4,4,1,0.8,0.2,366,0.8,1.25,1,1,45-54,Q4 highest,9,1,1
C0018,Luke Lynn,Individual,M,USA,California,1967-02-07,58,Home,2,Yes,Agency,1,0,0,4,1061478.67,265369.6675,461655.95,170848.18,136304.21169294254,913.8325,3655.33,291.28189258355934,4,2024-03-01,2025-04-01,4,4,0,1.0,0.0,396,1.0,1.0,1,1,55-64,Q2,9,8,0
C0019,Anahi Curry,Individual,M,USA,California,1957-09-09,68,Home,5,Yes,Client,1,0,0,4,1773474.26,443368.565,599245.34,239248.75,175390.66772855667,1402.0425,5608.17,312.4888439477021,4,2024-02-01,2025-11-01,4,2,2,0.5,0.5,639,1.0,1.0,1,1,65+,Q4 highest,9,8,1
C0020,Camille Sharp,Individual,F,USA,California,1967-10-17,58,Home,5,No,Website,0,0,0,4,1508032.25,377008.0625,505470.6,282867.04,101257.13707733474,1307.08,5228.32,286.06024372846275,4,2024-05-01,2025-08-01,4,4,0,1.0,0.0,457,1.0,1.0,1,1,55-64,Q4 highest,9,8,2
C0021,Jesus Obrien,Individual,M,USA,Oregon,1938-06-09,87,Investment,3,No,Website,0,1,0,6,1928172.72,321362.12,555614.35,183083.45,177113.4933016966,1028.86,6173.16,310.2368361355155,5,2024-04-01,2025-06-01,4,6,0,1.0,0.0,426,0.8333333333333334,1.5,1,1,65+,Q4 highest,9,37,2
C0022,Araceli Nelson,Individual,M,Germany,Berlin,1966-09-14,59,Investment,5,No,Agency,0,1,0,4,1372403.2,343100.8,453294.55,205098.21,109705.85942778476,1247.4850000000001,4989.9400000000005,275.0762597580429,4,2025-04-01,2025-10-01,4,4,0,1.0,0.0,183,1.0,1.0,0,1,55-64,Q3,5,4,0
C0023,Cole Taylor,Individual,M,USA,California,1958-12-06,67,Home,3,Yes,Website,1,0,0,5,1457871.69,291574.338,408265.89,189004.45,95938.34784359051,948.3880000000001,4741.9400000000005,304.79852506678174,5,2024-01-01,2025-09-01,5,5,0,1.0,0.0,609,1.0,1.0,1,1,65+,Q4 highest,9,8,2
C0024,Alonso Terrell,Individual,M,USA,California,1963-11-05,62,Investment,4,No,Website,0,1,0,6,1884156.9000000001,314026.15,560195.06,171262.65,135163.55526171724,1053.735,6322.41,294.8022223615109,5,2024-02-01,2025-09-01,5,6,0,1.0,0.0,578,0.8333333333333334,1.2,1,1,55-64,Q4 highest,9,8,2
C0025,Rodolfo Gibson,Individual,M,USA,Nevada,1937-01-20,88,Home,2,Yes,Website,1,0,0,5,1694448.83,338889.766,518174.75,191730.36,131292.57820098204,1120.576,5602.88,301.3231590304242,5,2024-01-01,2025-04-01,5,5,0,1.0,0.0,456,1.0,1.0,1,1,65+,Q4 highest,9,25,2
C0026,Joseph Reeves,Individual,M,USA,California,1962-09-23,63,Investment,5,No,Website,0,1,0,10,2932241.75,293224.175,436987.95,123001.89,112218.67818197975,1002.383,10023.83,299.4336686170726,7,2024-03-01,2025-09-01,9,9,1,0.9,0.1,549,0.7,1.1111111111111112,1,1,55-64,Q4 highest,9,8,2
C0027,Grant Weber,Individual,M,USA,California,1968-09-08,57,Home,5,Yes,Website,1,0,0,5,1517969.44,303593.888,427086.44,181396.76,109257.22438038625,1070.234,5351.17,286.1007546565657,4,2024-01-01,2025-03-01,4,3,2,0.6,0.4,425,0.8,1.25,1,1,55-64,Q4 highest,9,8,2
C0028,Ava Phelps,Individual,F,USA,California,1958-04-15,67,Home,3,No,Client,0,0,0,5,1791082.79,358216.558,512682.59,192092.24,128791.42982365003,1266.366,6331.83,287.18845760262764,5,2024-09-01,2024-12-01,2,4,1,0.8,0.2,91,1.0,2.5,1,1,65+,Q4 highest,9,8,1
C0029,Kyla Walker,Individual,F,USA,Colorado,1976-02-26,49,Home,4,Yes,Agency,1,0,0,4,1247795.31,311948.8275,410549.3,188743.11,96700.68684972351,993.05,3972.2,312.3370151079838,3,2024-07-01,2025-09-01,4,3,1,0.75,0.25,427,0.75,1.0,1,1,45-54,Q3,9,11,0
C0030,Alanna Hess,Individual,F,USA,Nevada,1952-06-19,73,Home,3,No,Website,0,0,0,4,1547311.29,386827.8225,545645.2,234172.39,133372.86254375346,1279.3725,5117.49,301.15138496976226,4,2024-04-01,2025-10-01,4,4,0,1.0,0.0,548,1.0,1.0,1,1,65+,Q4 highest,9,25,2
C0031,Skylar Buchanan,Individual,M,USA,Nevada,1977-12-25,48,Home,4,Yes,Website,1,0,0,5,1077148.21,215429.642,258061.02,143682.52,48131.62725931225,677.3399999999999,3386.7,316.7550430148504,5,2024-02-01,2025-12-01,5,4,1,0.8,0.2,669,1.0,1.0,1,1,45-54,Q2,9,25,2
C0032,Rodrigo Robinson,Individual,M,USA,California,1966-08-11,59,Home,4,No,Website,0,0,0,5,1888995.1600000001,377799.032,490429.65,239200.56,101665.78826949319,1282.528,6412.64,297.27578497808724,5,2024-01-01,2025-05-01,5,4,1,0.8,0.2,486,1.0,1.0,1,1,55-64,Q4 highest,9,8,2
C0033,Lydia Tate,Individual,F,USA,California,1968-08-14,57,Home,3,Yes,Website,1,0,0,4,1404998.67,351249.6675,376964.62,328477.73,22892.82890513297,1250.4325,5001.73,282.3664604545738,4,2024-04-01,2025-07-01,4,3,1,0.75,0.25,456,1.0,1.0,1,1,55-64,Q3,9,8,2
C0034,Lauryn Patrick,Individual,F,Belgium,Brussels,1969-10-30,56,Home,2,No,Agency,0,0,0,5,1632608.66,326521.73199999996,508462.97,187384.47,154093.72681317208,1160.556,5802.780000000001,285.1147228727872,4,2024-06-01,2025-07-01,5,5,0,1.0,0.0,395,0.8,1.0,0,1,55-64,Q4 highest,1,7,0
C0035,Diego Mendez,Individual,M,Mexico,Mexico City,1965-05-12,60,Home,3,No,Agency,0,0,0,5,1987876.4,397575.27999999997,539968.61,190023.11,138518.55244434532,1445.752,7228.76,278.7295525133892,5,2024-09-01,2025-09-01,4,5,0,1.0,0.0,365,1.0,1.25,0,1,55-64,Q4 highest,6,23,0
C0036,Victor Jensen,Individual,M,USA,California,1973-09-01,52,Home,4,No,Website,0,0,0,4,1173683.53,293420.8825,437900.49,179674.08,118103.46859869963,963.325,3853.3,301.30234093415066,4,2024-01-01,2025-06-01,4,4,0,1.0,0.0,517,1.0,1.0,1,1,45-54,Q2,9,8,2
C0037,Scarlet Hendricks,Individual,F,USA,California,1962-01-20,63,Home,5,Yes,Website,1,0,0,5,1607228.75,321445.75,482067.87,156463.31,127017.50665630763,1018.368,5091.84,313.6317891215475,4,2024-07-01,2025-10-01,5,5,0,1.0,0.0,457,0.8,1.0,1,1,55-64,Q4 highest,9,8,2
C0038,Janelle Espinoza,Individual,F,USA,California,1974-12-25,51,Investment,4,No,Client,0,1,0,4,1175129.27,293782.3175,407214.29,140439.73,134966.901123909,1105.1225,4420.49,272.8702422858949,4,2024-01-01,2024-06-01,4,3,1,0.75,0.25,152,1.0,1.0,1,1,45-54,Q2,9,8,1
C0039,Aleksandra Karenina,Individual,F,Russia,Krasnodar Krai,1967-06-13,58,Home,1,No,Agency,0,0,0,4,1858527.54,464631.885,626247.03,315733.15,139128.4577696877,1365.68,5462.72,338.65862610327133,4,2024-02-01,2024-12-01,4,3,1,0.75,0.25,304,1.0,1.0,0,1,55-64,Q4 highest,7,21,0
C0040,Conner Huff,Individual,M,USA,Nevada,1975-03-22,50,Home,5,No,Website,0,0,0,6,1854608.29,309101.38166666665,507842.87,157697.13,154270.183934972,1047.8,6286.8,291.4677238378165,5,2024-01-01,2024-12-01,4,6,0,1.0,0.0,335,0.8333333333333334,1.5,1,1,45-54,Q4 highest,9,25,2
C0041,Zain Horne,Individual,M,USA,Arizona,1967-04-13,58,Home,1,Yes,Website,1,0,0,5,1374460.79,274892.158,405898.92,193660.62,108945.63800839306,872.838,4364.19,318.85709837389675,4,2024-04-01,2025-10-01,5,3,2,0.6,0.4,548,0.8,1.0,1,1,55-64,Q3,9,1,2
C0042,Maia Chandler,Individual,F,USA,Utah,1975-08-12,50,Home,1,Yes,Website,1,0,0,4,1101390.25,275347.5625,364280.42,200300.63,68008.47792000021,913.8425,3655.37,302.8701353206072,4,2024-11-01,2025-08-01,4,3,1,0.75,0.25,273,1.0,1.0,1,1,45-54,Q2,9,48,2
C0043,Jordyn Park,Individual,M,USA,Nevada,1965-04-04,60,Investment,3,Yes,Website,1,1,0,4,1126492.46,281623.115,467216.3,185668.22,126725.14251887704,983.505,3934.02,281.3298261097273,4,2024-03-01,2025-10-01,4,4,0,1.0,0.0,579,1.0,1.0,1,1,55-64,Q2,9,25,2
C0044,Diana Hunt,Individual,F,USA,Arizona,1931-02-13,94,Home,3,No,Website,0,0,0,4,1330493.26,332623.315,519866.77,244970.45,126590.15706305671,1106.8675,4427.47,304.7615369287913,4,2024-02-01,2025-11-01,4,4,0,1.0,0.0,639,1.0,1.0,1,1,65+,Q3,9,1,2
C0045,Kevin Mata,Individual,M,USA,Colorado,1968-10-12,57,Investment,2,No,Agency,0,1,0,5,1463432.3599999999,292686.47199999995,592737.69,150401.04,174188.4397415967,913.774,4568.87,314.6119778517108,4,2024-03-01,2025-09-01,5,5,0,1.0,0.0,549,0.8,1.0,1,1,55-64,Q4 highest,9,11,0
C0046,Brisa Mckee,Individual,F,USA,California,1964-09-24,61,Home,5,No,Client,0,0,0,8,2026517.4,253314.675,388515.14,145693.65,93973.0861242733,857.8050000000001,6862.4400000000005,297.1196599473188,7,2024-01-01,2025-10-01,7,8,0,1.0,0.0,639,0.875,1.1428571428571428,1,1,55-64,Q4 highest,9,8,1
C0047,Mason Gilbert,Individual,M,USA,Colorado,1970-07-31,55,Home,2,No,Agency,0,0,0,5,1438239.28,287647.856,459403.88,197053.51,104272.11803424743,953.568,4767.84,298.32744523144754,5,2024-07-01,2025-10-01,4,5,0,1.0,0.0,457,1.0,1.25,1,1,55-64,Q3,9,11,0
C0048,Derick Li,Individual,M,USA,California,1957-03-20,68,Home,3,Yes,Agency,1,0,0,4,1338718.0,334679.5,493044.25,245892.17,108751.62491058452,1026.3200000000002,4105.280000000001,323.2713053028784,4,2024-07-01,2025-05-01,4,4,0,1.0,0.0,304,1.0,1.0,1,1,65+,Q3,9,8,0
C0049,Jace Riggs,Individual,F,USA,California,1971-08-20,54,Home,1,No,Website,0,0,0,4,1390091.2,347522.8,533120.65,240539.35,135531.93535493864,1204.3675,4817.47,290.3509384197303,4,2024-01-01,2025-08-01,3,4,0,1.0,0.0,578,1.0,1.3333333333333333,1,1,45-54,Q3,9,8,2
C0050,Jair Johns,Individual,M,USA,California,1940-03-05,85,Home,5,No,Website,0,0,0,9,2744452.35,304939.15,486685.38,182266.87,101304.32791072242,993.5088888888889,8941.58,304.22017127585246,7,2024-03-01,2025-04-01,8,8,1,0.8888888888888888,0.1111111111111111,396,0.7777777777777778,1.125,1,1,65+,Q4 highest,9,8,2
C0051,Matilda Madden,Individual,F,USA,Colorado,1941-03-03,84,Home,3,No,Agency,0,0,0,4,1270440.42,317610.105,564388.0,214855.74,165672.60684100425,1039.56,4158.24,311.66896833269914,4,2024-05-01,2025-03-01,4,4,0,1.0,0.0,304,1.0,1.0,1,1,65+,Q3,9,11,0
C0052,Myla Ewing,Individual,F,USA,Oregon,1967-02-03,58,Investment,2,No,Client,0,1,0,4,1474211.53,368552.8825,555271.92,189545.13,165097.231068601,1187.925,4751.7,313.93085115429466,3,2024-02-01,2025-11-01,4,4,0,1.0,0.0,639,0.75,1.0,1,1,55-64,Q4 highest,9,37,1
C0053,Miguel Walter,Individual,M,USA,Arizona,1954-01-07,71,Home,4,No,Agency,0,0,0,4,1120539.44,280134.86,368589.72,190081.1,76360.96795676876,929.245,3716.98,300.1860077066342,4,2024-04-01,2025-08-01,4,4,0,1.0,0.0,487,1.0,1.0,1,1,65+,Q2,9,1,0
C0054,Bridger CAL Co,Company,M,USA,Nevada,1967-02-15,58,Investment,5,No,Website,0,1,1,6,2109277.6,351546.26666666666,435374.92,264142.16,64300.19859340955,1115.6333333333334,6693.8,315.86931081501643,4,2024-01-01,2025-10-01,5,2,4,0.3333333333333333,0.6666666666666666,639,0.6666666666666666,1.2,1,1,55-64,Q4 highest,9,25,2
C0055,Mara Franco,Individual,F,USA,California,1973-06-07,52,Home,5,Yes,Agency,1,0,0,4,1178979.21,294744.8025,416304.72,163436.83,110812.0185752037,989.8299999999999,3959.3199999999997,309.2760373361762,4,2024-02-01,2025-12-01,4,4,0,1.0,0.0,669,1.0,1.0,1,1,45-54,Q2,9,8,0
C0056,Erik Mora,Individual,M,USA,Oregon,1964-12-07,61,Investment,5,No,Agency,0,1,0,4,1579301.3599999999,394825.33999999997,559835.83,224463.87,137186.44869729053,1355.5975,5422.39,299.9967738714426,4,2024-01-01,2025-10-01,4,3,1,0.75,0.25,639,1.0,1.0,1,1,55-64,Q4 highest,9,37,0
C0057,Henry Kennedy,Individual,M,USA,California,1933-06-08,92,Home,4,Yes,Agency,1,0,0,5,2020519.52,404103.904,589905.02,243606.31,168651.27780085642,1344.1439999999998,6720.719999999999,300.50658351907526,4,2024-05-01,2025-10-01,5,4,1,0.8,0.2,518,0.8,1.0,1,1,65+,Q4 highest,9,8,0
C0058,Kenyon Co,Company,F,USA,California,1969-05-03,56,Investment,1,Yes,Website,1,1,1,5,1441406.17,288281.234,494246.62,214745.32,115955.05886696355,919.8399999999999,4599.2,310.29079874620993,4,2024-08-01,2025-12-01,4,3,2,0.6,0.4,487,0.8,1.25,1,1,55-64,Q3,9,8,2
C0059,Oswaldo Palmer,Individual,M,USA,California,1960-06-16,65,Home,2,No,Website,0,0,0,4,1278854.25,319713.5625,488077.62,129489.0,148227.4166350383,1102.44,4409.76,283.8232393320658,4,2024-05-01,2025-10-01,3,3,1,0.75,0.25,518,1.0,1.3333333333333333,1,1,65+,Q3,9,8,2
C0060,Kassidy Vega,Individual,F,USA,California,1972-05-07,53,Home,5,No,Website,0,0,0,4,1355662.25,338915.5625,485561.11,247809.36,105793.32462725027,1119.4675,4477.87,307.18982419806434,3,2024-03-01,2025-03-01,4,4,0,1.0,0.0,365,0.75,1.0,1,1,45-54,Q3,9,8,2
C0061,Morgan Glass,Individual,M,USA,Utah,1967-05-12,58,Home,5,No,Agency,0,0,0,4,1306907.58,326726.895,402081.8,282131.87,54290.17810088703,1101.62,4406.48,296.353773633854,4,2024-11-01,2025-10-01,3,4,0,1.0,0.0,334,1.0,1.3333333333333333,1,1,55-64,Q3,9,48,0
C0062,Tyler Carr,Individual,M,USA,California,1974-03-27,51,Home,5,Yes,Client,1,0,0,5,1489333.49,297866.698,443358.25,150856.46,106028.2608321688,1059.8319999999999,5299.16,276.0988660647487,4,2024-01-01,2025-07-01,5,5,0,1.0,0.0,547,0.8,1.0,1,1,45-54,Q4 highest,9,8,1
C0063,Yesenia Marquez,Individual,F,USA,Arizona,1942-07-23,83,Home,4,No,Website,0,0,0,5,1625480.88,325096.176,538375.93,197254.69,152753.58847784356,1112.538,5562.6900000000005,291.6406727352229,5,2024-09-01,2025-06-01,5,5,0,1.0,0.0,273,1.0,1.0,1,1,65+,Q4 highest,9,1,2
C0064,Gordon Brown,Individual,M,UK,Northern Ireland,1974-02-10,51,Investment,4,No,Agency,0,1,0,4,1448881.28,362220.32,574929.03,150684.73,205426.61055084257,1095.85,4383.4,322.47075587906164,4,2024-02-01,2024-11-01,3,4,0,1.0,0.0,274,1.0,1.3333333333333333,0,1,45-54,Q4 highest,8,31,0
C0065,Rodrigo Ramirez,Individual,M,USA,California,1972-03-26,53,Home,1,No,Agency,0,0,0,4,1557125.73,389281.4325,539032.17,177709.65,154929.87040467537,1261.5275,5046.11,309.23446412471526,4,2025-03-01,2025-06-01,2,3,1,0.75,0.25,92,1.0,2.0,1,1,45-54,Q4 highest,9,8,0
C0066,Melanie Holland,Individual,F,USA,California,1974-12-25,51,Investment,3,No,Client,0,1,0,4,1107164.17,276791.0425,366314.0,213799.71,64353.471002008046,932.7550000000001,3731.0200000000004,301.943428392913,4,2024-04-01,2025-12-01,4,3,1,0.75,0.25,609,1.0,1.0,1,1,45-54,Q2,9,8,1
C0067,Enrique Cardenas,Individual,M,USA,California,1977-06-10,48,Home,2,No,Website,0,0,0,5,1431941.84,286388.368,468196.39,141613.5,163683.93094345112,851.818,4259.09,326.17452103134707,4,2024-04-01,2025-10-01,5,4,1,0.8,0.2,548,0.8,1.0,1,1,45-54,Q3,9,8,2
C0068,Helen Williamson,Individual,F,USA,Colorado,1966-02-26,59,Home,5,Yes,Agency,1,0,0,4,1572779.33,393194.8325,459558.39,344568.74,50655.652568811034,1450.2925,5801.17,276.6905992190839,4,2024-05-01,2025-10-01,4,3,1,0.75,0.25,518,1.0,1.0,1,1,55-64,Q4 highest,9,11,0
C0069,Isis Rios,Individual,M,USA,California,1970-04-01,55,Investment,4,No,Website,0,1,0,5,1439142.47,287828.494,479080.93,133001.94,149854.33547126065,957.588,4787.94,297.7396515670927,5,2024-02-01,2025-12-01,5,5,0,1.0,0.0,669,1.0,1.0,1,1,55-64,Q3,9,8,2
C0070,Kayley Nielsen,Individual,F,USA,Arizona,1947-04-27,78,Home,4,Yes,Website,1,0,0,5,1521570.62,304314.124,448702.07,208129.31,92823.12806850125,1039.274,5196.37,290.66906938876934,4,2024-05-01,2025-09-01,5,4,1,0.8,0.2,488,0.8,1.0,1,1,65+,Q4 highest,9,1,2
C0071,Donavan Flowers,Individual,M,USA,California,1985-12-27,40,Home,1,Yes,Client,1,0,0,5,1150384.09,230076.81800000003,415775.9,140920.9,106928.07158750281,833.3799999999999,4166.9,289.8681345339796,5,2024-01-01,2025-07-01,5,5,0,1.0,0.0,547,1.0,1.0,1,1,35-44,Q2,9,8,1
C0072,Augustus Hinton,Individual,M,USA,Nevada,1953-02-03,72,Investment,2,No,Website,0,1,0,6,2246488.58,374414.76333333337,674634.08,234750.59,167117.49329828107,1129.4916666666666,6776.95,334.505223898359,5,2024-03-01,2025-11-01,6,5,1,0.8333333333333334,0.16666666666666666,610,0.8333333333333334,1.0,1,1,65+,Q4 highest,9,25,2
C0073,Alejandra Greer,Individual,F,Denmark,Capital Region,1965-01-11,60,Investment,1,No,Agency,0,1,0,4,1413902.33,353475.5825,527107.1,230992.44,137186.1863824645,1194.0325,4776.13,302.3803783087699,4,2024-03-01,2025-10-01,4,4,0,1.0,0.0,579,1.0,1.0,0,1,55-64,Q3,3,9,0
C0074,Violet Nixon,Individual,F,USA,Oregon,1959-01-01,66,Investment,5,No,Client,0,1,0,5,1709458.65,341891.73,573381.83,195153.16,171366.26186418417,1138.044,5690.22,299.642237208085,4,2024-06-01,2025-08-01,5,3,2,0.6,0.4,426,0.8,1.0,1,1,65+,Q4 highest,9,37,1
C0075,Jaelyn Berger,Individual,F,USA,California,1970-05-05,55,Home,3,No,Website,0,0,0,4,1269395.74,317348.935,590971.72,191389.87,185214.56017382263,1048.3425,4193.37,302.3884329270391,4,2024-06-01,2025-03-01,4,3,1,0.75,0.25,273,1.0,1.0,1,1,55-64,Q3,9,8,2
C0076,Tristian Fuller,Individual,M,USA,California,1956-03-13,69,Home,5,No,Agency,0,0,0,6,1905852.0899999999,317642.01499999996,534630.42,204997.52,142993.5415742807,1067.28,6403.68,296.64819897219985,5,2024-02-01,2025-05-01,5,6,0,1.0,0.0,455,0.8333333333333334,1.2,1,1,65+,Q4 highest,9,8,0
C0077,Christian Costa,Individual,M,USA,California,1980-09-14,45,Home,5,No,Website,0,0,0,5,1880012.18,376002.436,590130.14,122930.75,189172.62967814034,1191.826,5959.13,316.7556317413306,4,2024-05-01,2025-08-01,4,3,2,0.6,0.4,457,0.8,1.25,1,1,45-54,Q4 highest,9,8,2
C0078,Nora Lynch,Individual,F,USA,California,1948-04-23,77,Home,5,No,Website,0,0,0,4,1685882.3900000001,421470.59750000003,485944.71,342357.64,72623.62101224293,1415.63,5662.52,300.1684643304417,4,2024-01-01,2025-02-01,4,4,0,1.0,0.0,397,1.0,1.0,1,1,65+,Q4 highest,9,8,2
C0079,Dangelo Shea,Individual,M,Belgium,Brussels,1954-02-27,71,Investment,4,No,Website,0,1,0,4,1456436.3,364109.075,579893.68,242740.66,157917.79462649242,1219.0675,4876.27,294.36648924010007,4,2024-02-01,2025-11-01,4,2,2,0.5,0.5,639,1.0,1.0,0,1,65+,Q4 highest,1,7,2
C0080,Aiyana Christensen,Individual,F,USA,California,1949-01-16,76,Investment,3,No,Website,0,1,0,5,1427531.56,285506.31200000003,502978.74,219373.41,122440.5612694293,965.024,4825.12,308.57401306942813,4,2024-05-01,2025-09-01,5,5,0,1.0,0.0,488,0.8,1.0,1,1,65+,Q3,9,8,2
C0081,Sidney Cline,Individual,F,USA,California,1943-07-24,82,Home,4,Yes,Website,1,0,0,4,1522144.26,380536.065,655054.84,263803.73,184298.59854598358,1252.745,5010.98,297.7366535115751,4,2024-03-01,2025-09-01,4,3,1,0.75,0.25,549,1.0,1.0,1,1,65+,Q4 highest,9,8,2
C0082,Kaitlin Owen,Individual,F,USA,Virginia,1981-12-26,44,Investment,5,No,Client,0,1,0,5,1282267.95,256453.59,336673.91,203491.85,61450.97702534231,884.2239999999999,4421.12,295.1400683027561,4,2024-01-01,2025-12-01,5,5,0,1.0,0.0,700,0.8,1.0,1,1,35-44,Q3,9,50,1
C0083,Issac Edwards,Individual,M,USA,California,1938-10-29,87,Home,5,No,Website,0,0,0,6,1513641.46,252273.57666666666,360807.72,177781.18,66528.07337141746,851.395,5108.37,293.88787475036446,5,2024-04-01,2025-10-01,5,6,0,1.0,0.0,548,0.8333333333333334,1.2,1,1,65+,Q4 highest,9,8,2
C0084,Zaiden Merritt,Individual,M,USA,Wyoming,1948-02-23,77,Home,3,No,Agency,0,0,0,5,1762231.92,352446.38399999996,517695.89,204286.67,127916.04908446137,1083.6119999999999,5418.0599999999995,320.648282067402,5,2024-01-01,2025-04-01,4,3,2,0.6,0.4,456,1.0,1.25,1,1,65+,Q4 highest,9,55,0
C0085,Iris Larsen,Individual,M,USA,California,1966-09-14,59,Home,4,Yes,Agency,1,0,0,4,1185505.46,296376.365,480842.09,166682.58,136390.32511850647,986.395,3945.58,299.80444699080437,4,2024-08-01,2025-11-01,4,4,0,1.0,0.0,457,1.0,1.0,1,1,55-64,Q2,9,8,0
C0086,Grace Stein,Individual,F,USA,California,1968-12-20,57,Home,3,Yes,Website,1,0,0,5,1928188.6099999999,385637.72199999995,525721.08,238146.95,122321.1785657985,1354.634,6773.17,287.17025376935896,5,2024-05-01,2025-10-01,5,5,0,1.0,0.0,518,1.0,1.0,1,1,55-64,Q4 highest,9,8,2
C0087,Alessandra Perry,Individual,F,USA,California,1979-05-15,46,Home,4,No,Agency,0,0,0,4,1681153.28,420288.32,508371.29,231182.8,127344.55445908027,1287.6625,5150.65,324.3612820820306,4,2024-10-01,2025-11-01,4,3,1,0.75,0.25,396,1.0,1.0,1,1,45-54,Q4 highest,9,8,0
C0088,Jamal Mueller,Individual,M,USA,Oregon,1936-08-13,89,Investment,2,No,Website,0,1,0,6,1450519.57,241753.2616666667,308622.38,183522.61,48057.086037376605,786.9733333333334,4721.84,313.37109309610923,5,2024-03-01,2025-02-01,6,5,1,0.8333333333333334,0.16666666666666666,337,0.8333333333333334,1.0,1,1,65+,Q4 highest,9,37,2
C0089,Irvin Ellis,Individual,M,USA,California,1949-11-14,76,Home,3,No,Agency,0,0,0,4,1041853.81,260463.4525,302297.34,215409.32,37489.85629941463,854.79,3419.16,305.25889798935304,4,2024-02-01,2025-09-01,4,4,0,1.0,0.0,578,1.0,1.0,1,1,65+,Q2,9,8,0
C0090,Terry Forbes,Individual,M,USA,California,1982-05-27,43,Home,5,No,Client,0,0,0,5,980850.4199999999,196170.08399999997,252200.58,133518.0,42084.44246713896,703.798,3518.99,276.47076234096636,5,2024-04-01,2025-08-01,5,5,0,1.0,0.0,487,1.0,1.0,1,1,35-44,Q1 lowest,9,8,1
C0091,Jacqueline Grant,Individual,F,USA,California,1959-11-13,66,Home,4,No,Website,0,0,0,4,1356644.74,339161.185,432448.91,225401.62,105575.06461836226,1161.6775,4646.71,302.4076252717272,4,2024-03-01,2024-12-01,4,4,0,1.0,0.0,275,1.0,1.0,1,1,65+,Q3,9,8,2
C0092,Brock Fischer,Individual,M,USA,Kansas,1971-05-29,54,Home,3,No,Website,0,0,0,8,2817926.96,352240.87,536812.04,212987.49,129275.39645581345,1218.0425,9744.34,288.69570491545005,7,2024-01-01,2025-10-01,6,7,1,0.875,0.125,639,0.875,1.3333333333333333,1,1,45-54,Q4 highest,9,20,2
C0093,Curtis Howard,Individual,M,USA,California,1962-09-11,63,Home,2,No,Agency,0,0,0,5,1732558.38,346511.676,438704.41,248815.13,69093.9398779736,1196.466,5982.33,291.74734316486075,5,2024-03-01,2025-12-01,4,5,0,1.0,0.0,640,1.0,1.25,1,1,55-64,Q4 highest,9,8,0
C0094,Avah Huang,Individual,F,USA,California,1948-04-23,77,Home,5,No,Website,0,0,0,5,1062675.82,212535.16400000002,292598.12,159881.5,53716.86846179819,692.664,3463.3199999999997,310.0683930408275,4,2024-12-01,2025-12-01,5,4,1,0.8,0.2,365,0.8,1.0,1,1,65+,Q2,9,8,2
C0095,Frank Meyer,Individual,M,USA,California,1964-03-16,61,Home,3,Yes,Agency,1,0,0,6,1668973.02,278162.17,384992.37,153702.37,98967.84725276165,923.105,5538.63,298.63939481980276,4,2024-03-01,2025-10-01,5,4,2,0.6666666666666666,0.3333333333333333,579,0.6666666666666666,1.2,1,1,55-64,Q4 highest,9,8,0
C0096,Darien Dorsey,Individual,M,USA,California,1985-12-27,40,Investment,3,Yes,Website,1,1,0,4,1363013.17,340753.2925,452667.01,263291.82,82606.21460944948,1113.615,4454.46,310.9008896654844,4,2024-07-01,2025-11-01,4,4,0,1.0,0.0,488,1.0,1.0,1,1,35-44,Q3,9,8,2
C0097,Franklin Mack,Individual,M,USA,Virginia,1943-06-18,82,Home,5,Yes,Website,1,0,0,7,2189906.04,312843.72000000003,491025.48,208930.81,113652.62452604897,1061.722857142857,7432.0599999999995,294.3620163184772,5,2024-01-01,2025-04-01,7,5,2,0.7142857142857143,0.2857142857142857,456,0.7142857142857143,1.0,1,1,65+,Q4 highest,9,50,2
C0098,Elena Petrova,Individual,F,Russia,Saint Petersburg,1949-06-22,76,Home,3,Yes,Agency,1,0,0,4,1131592.65,282898.1625,427106.32,203817.34,98622.24695505382,981.955,3927.82,285.7158462047039,4,2024-06-01,2024-11-01,4,4,0,1.0,0.0,153,1.0,1.0,0,1,65+,Q2,7,42,0
C0099,Jack Hanson,Individual,M,USA,California,1941-12-01,84,Investment,4,No,Website,0,1,0,6,2000308.58,333384.76333333337,417894.67,208542.96,81113.23985141159,1201.5883333333334,7209.530000000001,290.00847022953025,5,2024-05-01,2025-05-01,4,5,1,0.8333333333333334,0.16666666666666666,365,0.8333333333333334,1.5,1,1,65+,Q4 highest,9,8,2
C0100,Emmett Estes,Individual,M,USA,California,1969-06-05,56,Home,3,No,Website,0,0,0,4,1449544.65,362386.1625,526802.73,222138.72,127482.25991397584,1174.44,4697.76,306.726846175456,4,2024-05-01,2024-08-01,3,4,0,1.0,0.0,92,1.0,1.3333333333333333,1,1,55-64,Q4 highest,9,8,2
C0101,Aniya Miller,Individual,F,USA,Nevada,1951-03-02,74,Home,3,No,Website,0,0,0,4,1125013.8,281253.45,392645.79,167897.44,127409.81396029454,874.345,3497.38,312.8174483617631,4,2024-11-01,2025-09-01,4,3,1,0.75,0.25,304,1.0,1.0,1,1,65+,Q2,9,25,2
C0102,Jack Anderson,Individual,M,USA,California,1947-02-13,78,Investment,5,Yes,Website,1,1,0,9,3403263.85,378140.4277777778,621956.37,186300.71,163082.59174101622,1222.908888888889,11006.18,307.50877635454384,8,2024-01-01,2025-11-01,8,8,1,0.8888888888888888,0.1111111111111111,670,0.8888888888888888,1.125,1,1,65+,Q4 highest,9,8,2
C0103,Kael Hurley,Individual,M,USA,Colorado,1973-12-15,52,Home,3,No,Website,0,0,0,5,1483838.77,296767.754,408331.77,192609.64,95794.91749628332,964.9799999999999,4824.9,315.5271021087973,4,2024-01-01,2025-09-01,4,5,0,1.0,0.0,609,0.8,1.25,1,1,45-54,Q4 highest,9,11,2
C0104,Kamden Stewart,Individual,M,USA,California,1978-09-14,47,Home,5,No,Website,0,0,0,5,1677155.01,335431.002,510060.4,197556.99,141755.18310387305,1090.3,5451.5,306.5429479475834,4,2024-04-01,2025-11-01,4,4,1,0.8,0.2,579,0.8,1.25,1,1,45-54,Q4 highest,9,8,2
C0105,Aniyah Ali,Individual,F,USA,California,1959-11-03,66,Investment,2,Yes,Website,1,1,0,5,1328084.36,265616.87200000003,338774.34,204808.16,63266.74805554472,850.948,4254.74,310.2787991501492,5,2024-06-01,2025-09-01,4,3,2,0.6,0.4,457,1.0,1.25,1,1,65+,Q3,9,8,2
C0106,Simon Bennett,Individual,M,USA,Colorado,1953-06-09,72,Home,4,No,Website,0,0,0,4,957679.27,239419.8175,452919.18,134038.01,144915.22863240962,820.9825000000001,3283.9300000000003,280.4893799740676,4,2024-08-01,2025-10-01,3,4,0,1.0,0.0,426,1.0,1.3333333333333333,1,1,65+,Q1 lowest,9,11,2
C0107,Laurel Benitez,Individual,M,USA,California,1959-08-06,66,Home,4,Yes,Agency,1,0,0,5,1715058.23,343011.646,537998.71,148553.54,167653.8584992398,1102.66,5513.3,321.0937472547081,5,2024-01-01,2025-06-01,5,4,1,0.8,0.2,517,1.0,1.0,1,1,65+,Q4 highest,9,8,0
C0108,Trey Strong,Individual,M,USA,California,1958-12-20,67,Home,4,No,Agency,0,0,0,6,1998798.72,333133.12,583919.98,205085.4,142386.89926044238,1104.1699999999998,6625.0199999999995,302.2877171442092,4,2024-06-01,2025-08-01,5,5,1,0.8333333333333334,0.16666666666666666,426,0.6666666666666666,1.2,1,1,65+,Q4 highest,9,8,0
C0109,Myah Roman,Individual,F,USA,California,1933-05-05,92,Investment,5,Yes,Agency,1,1,0,5,1995551.0899999999,399110.218,579807.82,222867.42,146329.8446121845,1285.854,6429.27,307.1535990413305,4,2024-01-01,2025-09-01,5,3,2,0.6,0.4,609,0.8,1.0,1,1,65+,Q4 highest,9,8,0
C0110,Nyla Blake,Individual,F,USA,California,1959-06-05,66,Investment,5,Yes,Agency,1,1,0,5,1205555.46,241111.092,487772.33,137109.06,141353.37569231153,811.4019999999999,4057.0099999999998,298.5467864426498,5,2024-04-01,2025-08-01,4,5,0,1.0,0.0,487,1.0,1.25,1,1,65+,Q2,9,8,0
C0111,Kole Shannon,Individual,M,USA,Arizona,1979-06-27,46,Home,2,Yes,Website,1,0,0,4,1198421.22,299605.305,476038.28,169044.97,128423.36724074493,896.7175,3586.87,329.6075126945271,4,2024-04-01,2025-07-01,3,4,0,1.0,0.0,456,1.0,1.3333333333333333,1,1,45-54,Q2,9,1,2
C0112,Melany Glover,Individual,F,USA,California,1960-10-01,65,Investment,1,Yes,Agency,1,1,0,5,1775142.2,355028.44,619787.84,193572.19,180445.00908103457,1115.986,5579.93,320.07470915259364,5,2024-05-01,2025-12-01,4,5,0,1.0,0.0,579,1.0,1.25,1,1,65+,Q4 highest,9,8,0
C0113,Arthur Bray,Individual,M,USA,Utah,1949-07-14,76,Investment,4,No,Agency,0,1,0,4,1414433.46,353608.365,535865.96,218585.92,159078.7381781608,1186.715,4746.86,297.92723512048633,4,2024-01-01,2025-12-01,4,4,0,1.0,0.0,700,1.0,1.0,1,1,65+,Q3,9,48,0
C0114,Kamila Collier,Individual,F,USA,California,1962-01-21,63,Home,1,Yes,Website,1,0,0,4,1124004.05,281001.0125,382143.98,224595.39,70469.06262861755,932.9449999999999,3731.7799999999997,302.70651871845456,3,2024-01-01,2025-06-01,4,4,0,1.0,0.0,517,0.75,1.0,1,1,55-64,Q2,9,8,2
C0115,Amanda Simon,Individual,F,USA,California,1978-12-03,47,Home,5,No,Agency,0,0,0,5,1757354.59,351470.918,460001.26,292246.65,64937.352467568075,1143.692,5718.46,305.823176955505,5,2024-03-01,2025-11-01,5,3,2,0.6,0.4,610,1.0,1.0,1,1,45-54,Q4 highest,9,8,0
C0116,Erika Steward,Individual,F,USA,California,1955-08-07,70,Investment,4,No,Website,0,1,0,8,2484590.08,310573.76,629574.18,172889.19,171258.83210677342,1039.8925,8319.14,293.7700492203778,7,2024-01-01,2025-10-01,7,7,1,0.875,0.125,639,0.875,1.1428571428571428,1,1,65+,Q4 highest,9,8,2
C0117,Jakobe Bailey,Individual,M,UK,Scotland,1964-10-06,61,Investment,4,No,Agency,0,1,0,8,2884556.25,360569.53125,602366.78,185644.59,184220.20996431328,1135.78625,9086.29,314.48715228134006,7,2024-03-01,2025-11-01,7,5,3,0.625,0.375,610,0.875,1.1428571428571428,0,1,55-64,Q4 highest,8,43,0
C0118,Sonia Choi,Individual,F,USA,Oregon,1948-11-09,77,Investment,5,No,Agency,0,1,0,4,1218377.19,304594.2975,461101.0,230154.53,105528.41543989921,1009.1225,4036.49,311.2890512146992,4,2024-07-01,2025-02-01,4,3,1,0.75,0.25,215,1.0,1.0,1,1,65+,Q2,9,37,0
C0119,Erika Gallagher,Individual,F,USA,California,1942-07-19,83,Home,1,Yes,Website,1,0,0,4,1603043.92,400760.98,527627.25,241620.48,144442.06795408856,1399.315,5597.26,288.059030603339,4,2024-03-01,2025-12-01,3,4,0,1.0,0.0,640,1.0,1.3333333333333333,1,1,65+,Q4 highest,9,8,2
C0120,Madeline Michael,Individual,F,USA,California,1953-07-30,72,Home,4,Yes,Website,1,0,0,5,1753587.39,350717.478,577922.22,200148.89,139090.33097768648,1243.96,6219.8,275.99413507449765,5,2024-05-01,2025-10-01,5,5,0,1.0,0.0,518,1.0,1.0,1,1,65+,Q4 highest,9,8,2
C0121,Bennett Chen,Individual,M,USA,Nevada,1950-07-18,75,Home,2,No,Website,0,0,0,5,1169150.31,233830.062,418772.73,136078.52,108282.78131274504,806.688,4033.44,290.52748167423425,4,2024-08-01,2025-12-01,5,5,0,1.0,0.0,487,0.8,1.0,1,1,65+,Q2,9,25,2
C0122,Belinda Hogan,Individual,F,USA,California,1973-08-18,52,Home,1,Yes,Agency,1,0,0,4,1412560.68,353140.17,550180.2,190119.5,154913.4285978251,1085.975,4343.9,319.92455374538275,4,2024-03-01,2025-07-01,4,4,0,1.0,0.0,487,1.0,1.0,1,1,45-54,Q3,9,8,0
C0123,Johanna Fisher,Individual,F,USA,California,1962-08-25,63,Home,4,Yes,Website,1,0,0,5,1821348.69,364269.738,502456.39,263790.81,99531.80391749222,1230.6599999999999,6153.299999999999,298.5763214886527,5,2024-01-01,2025-08-01,5,5,0,1.0,0.0,578,1.0,1.0,1,1,55-64,Q4 highest,9,8,2
C0124,Jaylen Turner,Individual,F,USA,California,1963-07-15,62,Home,4,No,Agency,0,0,0,5,1613985.08,322797.016,367468.14,281850.8,36944.15460920481,1184.6299999999999,5923.15,280.4248135298491,4,2024-04-01,2024-11-01,5,4,1,0.8,0.2,214,0.8,1.0,1,1,55-64,Q4 highest,9,8,0
C0125,Michael Juarez,Individual,M,USA,Colorado,1976-12-25,49,Home,4,Yes,Agency,1,0,0,4,1341108.25,335277.0625,503351.9,196142.19,126752.72087145779,1148.5475,4594.19,287.5490431988801,4,2024-02-01,2024-06-01,3,3,1,0.75,0.25,121,1.0,1.3333333333333333,1,1,45-54,Q3,9,11,0
C0126,Adriana Shaffer,Individual,F,USA,California,1972-07-11,53,Investment,2,No,Agency,0,1,0,5,1319929.46,263985.892,498779.18,161161.39,142260.88741939233,850.052,4250.26,303.61157787909195,4,2024-03-01,2025-08-01,5,4,1,0.8,0.2,518,0.8,1.0,1,1,45-54,Q3,9,8,0
C0127,Julio Leonard,Individual,M,USA,Nevada,1974-07-18,51,Home,2,Yes,Website,1,0,0,4,967474.23,241868.5575,355073.4,145190.73,86689.7238855119,765.085,3060.34,314.93720173163115,4,2024-02-01,2025-10-01,4,4,0,1.0,0.0,608,1.0,1.0,1,1,45-54,Q1 lowest,9,25,2
C0128,Abdiel Co,Company,M,USA,Nevada,1963-05-22,62,Investment,5,Yes,Website,1,1,1,5,1639392.9500000002,327878.59,535798.14,183248.76,166875.47394972353,1054.034,5270.17,311.98843610305346,5,2024-05-01,2025-12-01,4,4,1,0.8,0.2,579,1.0,1.25,1,1,55-64,Q4 highest,9,25,2
C0129,Warren Pugh,Individual,M,USA,Arizona,1973-07-17,52,Investment,5,No,Website,0,1,0,4,1748372.75,437093.1875,584468.16,261742.74,155311.91306075855,1296.9850000000001,5187.9400000000005,336.27374694863545,4,2024-03-01,2025-11-01,4,3,1,0.75,0.25,610,1.0,1.0,1,1,45-54,Q4 highest,9,1,2
C0130,Luis Crane,Individual,M,USA,Nevada,1959-04-20,66,Home,3,Yes,Website,1,0,0,4,1488042.88,372010.72,509032.38,245774.19,107909.91226598695,1215.035,4860.14,308.423784320332,3,2024-09-01,2025-12-01,4,4,0,1.0,0.0,456,0.75,1.0,1,1,65+,Q4 highest,9,25,2
C0131,Mohammad Irwin,Individual,M,USA,California,1971-12-02,54,Home,1,No,Website,0,0,0,5,1428058.5499999998,285611.70999999996,538931.69,135280.4,155650.63800393415,928.7940000000001,4643.97,299.33404543762134,5,2024-01-01,2025-06-01,4,5,0,1.0,0.0,517,1.0,1.25,1,1,45-54,Q3,9,8,2
C0132,Davion Stout,Individual,M,USA,Nevada,1965-07-20,60,Home,1,Yes,Agency,1,0,0,4,1203775.04,300943.76,403463.16,238811.06,76556.529984875,1025.1775,4100.71,294.0513542596994,4,2024-10-01,2025-11-01,4,4,0,1.0,0.0,396,1.0,1.0,1,1,55-64,Q2,9,25,0
C0133,Logan Simmons,Individual,M,USA,California,1946-09-14,79,Investment,4,No,Agency,0,1,0,4,1449799.93,362449.9825,457718.07,263123.42,106945.9958635851,1177.4025000000001,4709.610000000001,307.7526795875988,4,2024-08-01,2025-10-01,4,4,0,1.0,0.0,426,1.0,1.0,1,1,65+,Q4 highest,9,8,0
C0134,Kaylin Villarreal,Individual,F,Russia,Novosibirsk,1932-06-13,93,Investment,3,No,Website,0,1,0,5,1761669.8699999999,352333.974,595167.57,259177.5,139618.95149657235,1095.602,5478.01,320.93126785361443,4,2024-02-01,2025-12-01,5,5,0,1.0,0.0,669,0.8,1.0,0,1,65+,Q4 highest,7,32,2
C0135,Ruben Melton,Individual,M,USA,Utah,1939-03-05,86,Investment,2,No,Agency,0,1,0,4,1221442.92,305360.73,446236.57,153466.71,148639.48828435756,1043.6100000000001,4174.4400000000005,282.27335399506,3,2024-06-01,2025-10-01,3,3,1,0.75,0.25,487,0.75,1.3333333333333333,1,1,65+,Q3,9,48,0
C0136,Gianni Fritz,Individual,M,USA,California,1973-09-15,52,Home,3,No,Website,0,0,0,5,1892554.72,378510.944,550949.39,245572.79,144733.82556283876,1244.274,6221.37,305.25171337470726,5,2025-01-01,2025-05-01,4,2,3,0.4,0.6,120,1.0,1.25,1,1,45-54,Q4 highest,9,8,2
C0137,Emilie Morrison,Individual,F,USA,California,1957-10-29,68,Home,3,Yes,Website,1,0,0,4,989750.45,247437.6125,328405.23,193715.82,64909.34442294543,855.0699999999999,3420.2799999999997,288.9749727554761,4,2024-02-01,2024-12-01,4,3,1,0.75,0.25,304,1.0,1.0,1,1,65+,Q1 lowest,9,8,2
C0138,Crystal Wyatt,Individual,F,USA,Oregon,1939-06-30,86,Investment,3,Yes,Website,1,1,0,5,1367824.55,273564.91000000003,362755.75,179263.23,69867.54857205882,914.412,4572.06,301.66109635761745,5,2024-02-01,2025-11-01,5,3,2,0.6,0.4,639,1.0,1.0,1,1,65+,Q3,9,37,2
C0139,Annabel Robles,Individual,F,USA,California,1969-10-14,56,Home,5,Yes,Website,1,0,0,5,1807366.3,361473.26,448450.76,176130.89,107762.71508429688,1136.694,5683.47,320.61628857850053,5,2024-03-01,2025-07-01,5,5,0,1.0,0.0,487,1.0,1.0,1,1,55-64,Q4 highest,9,8,2
C0140,Rachel Cross,Individual,F,USA,California,1952-06-18,73,Home,3,No,Website,0,0,0,5,1559561.53,311912.306,523923.26,165052.35,139124.7718199704,1041.7220000000002,5208.610000000001,297.7645569532283,5,2024-01-01,2025-06-01,5,4,1,0.8,0.2,517,1.0,1.0,1,1,65+,Q4 highest,9,8,2
C0141,Madalyn Mercer,Individual,F,USA,California,1986-06-21,39,Home,5,No,Website,0,0,0,5,1765019.09,353003.818,520595.39,191573.49,145837.4816686032,1088.806,5444.03,319.12733732553926,5,2024-01-01,2025-10-01,4,4,1,0.8,0.2,639,1.0,1.25,1,1,35-44,Q4 highest,9,8,2
C0142,Michelle Cameron,Individual,F,USA,Nevada,1978-06-04,47,Home,3,Yes,Website,1,0,0,5,1673770.19,334754.038,479876.57,217786.38,131606.84953077201,1149.396,5746.98,292.3324786010019,5,2024-08-01,2025-12-01,5,4,1,0.8,0.2,487,1.0,1.0,1,1,45-54,Q4 highest,9,25,2
C0143,Ezra Lozano,Individual,M,USA,California,1958-02-24,67,Home,1,No,Website,0,0,0,8,2389960.3,298745.0375,512659.6,134277.54,130502.35963564324,1008.6325,8069.06,289.36566488414894,8,2024-02-01,2025-10-01,8,7,1,0.875,0.125,608,1.0,1.0,1,1,65+,Q4 highest,9,8,2
C0144,Ramiro Oneill,Individual,M,USA,California,1954-09-29,71,Home,4,No,Agency,0,0,0,5,1897739.74,379547.948,564424.34,220677.17,134217.1427620936,1206.354,6031.77,316.7065941966459,5,2024-04-01,2025-04-01,3,5,0,1.0,0.0,365,1.0,1.6666666666666667,1,1,65+,Q4 highest,9,8,0
C0145,Emely Watts,Individual,F,USA,California,1964-11-30,61,Home,4,No,Website,0,0,0,5,1746571.55,349314.31,499388.61,213970.0,128708.78302656504,1297.3200000000002,6486.6,274.21065993950833,5,2024-01-01,2025-05-01,4,4,1,0.8,0.2,486,1.0,1.25,1,1,55-64,Q4 highest,9,8,2
C0146,Hazel Ayers,Individual,M,USA,Colorado,1963-02-01,62,Home,2,No,Website,0,0,0,4,1481536.3900000001,370384.09750000003,540074.5,192833.65,193966.7364580572,1242.6425,4970.57,294.4618155325702,4,2024-01-01,2024-05-01,4,4,0,1.0,0.0,121,1.0,1.0,1,1,55-64,Q4 highest,9,11,2
C0147,Cedric Goodwin,Individual,M,USA,Utah,1948-02-20,77,Home,4,No,Client,0,0,0,5,1398309.27,279661.854,509124.24,193209.9,132558.1808347481,1000.47,5002.35,287.3885472838249,5,2024-02-01,2025-07-01,4,3,2,0.6,0.4,516,1.0,1.25,1,1,65+,Q3,9,48,1
C0148,Dayton Hatfield,Individual,M,USA,Colorado,1969-04-19,56,Investment,4,Yes,Agency,1,1,0,4,1700383.7,425095.925,597216.83,237060.15,152157.06812926818,1413.5925,5654.37,301.4513793734404,4,2024-07-01,2025-07-01,3,4,0,1.0,0.0,365,1.0,1.3333333333333333,1,1,55-64,Q4 highest,9,11,0
C0149,Piotr Aleksandrov,Individual,M,Russia,Krasnodar Krai,1955-12-02,70,Investment,3,No,Agency,0,1,0,4,1049009.0,262252.25,343513.68,143000.82,85028.99410315872,906.4850000000001,3625.9400000000005,287.7979932947236,4,2024-01-01,2024-11-01,4,3,1,0.75,0.25,305,1.0,1.0,0,1,65+,Q2,7,21,0
C0150,Memphis Mcconnell,Individual,M,USA,California,1968-08-25,57,Home,2,Yes,Website,1,0,0,4,1846066.58,461516.645,543777.59,303491.24,108504.83017979938,1500.95,6003.8,306.120453424573,4,2024-03-01,2025-04-01,4,4,0,1.0,0.0,396,1.0,1.0,1,1,55-64,Q4 highest,9,8,2
C0151,Arabella Ferrell,Individual,F,USA,Oregon,1976-08-17,49,Home,1,No,Agency,0,0,0,5,1589086.32,317817.264,537546.81,146624.11,164513.06102426178,1123.442,5617.21,277.73682827188185,5,2024-02-01,2025-04-01,5,5,0,1.0,0.0,425,1.0,1.0,1,1,45-54,Q4 highest,9,37,0
C0152,Sincere Hansen,Individual,F,USA,California,1967-01-19,58,Investment,2,Yes,Agency,1,1,0,7,2539205.93,362743.7042857143,603518.77,188273.73,140090.7985398179,1212.7585714285713,8489.31,294.6573053444967,6,2024-02-01,2025-07-01,7,7,0,1.0,0.0,516,0.8571428571428571,1.0,1,1,55-64,Q4 highest,9,8,0
C0153,Lara Carrillo,Individual,F,USA,California,1983-02-24,42,Home,5,No,Website,0,0,0,5,1560375.26,312075.052,570549.18,175169.52,151663.23244037258,944.0319999999999,4720.16,329.60563756264736,5,2024-04-01,2025-12-01,5,5,0,1.0,0.0,609,1.0,1.0,1,1,35-44,Q4 highest,9,8,2
C0154,Valentina Simpson,Individual,F,USA,California,1965-01-24,60,Home,4,Yes,Agency,1,0,0,5,2142457.31,428491.462,669332.95,273778.55,152823.31981690804,1390.49,6952.45,308.6200494436542,5,2024-02-01,2025-07-01,5,3,2,0.6,0.4,516,1.0,1.0,1,1,55-64,Q4 highest,9,8,0
C0155,Kamd Co,Company,M,USA,California,1975-08-18,50,Investment,5,No,Agency,0,1,1,5,1622885.53,324577.106,512459.69,117564.07,161039.70691126437,1097.394,5486.97,295.02566922391054,5,2024-02-01,2025-05-01,5,4,1,0.8,0.2,455,1.0,1.0,1,1,45-54,Q4 highest,9,8,0
C0156,Case Sanchez,Individual,F,USA,California,1966-05-26,59,Home,5,No,Website,0,0,0,4,1344903.47,336225.8675,409183.72,237207.68,73571.2080649205,1102.105,4408.42,305.5069416126888,4,2024-03-01,2025-07-01,4,3,1,0.75,0.25,487,1.0,1.0,1,1,55-64,Q3,9,8,2
C0157,Van Charles,Individual,M,USA,Colorado,1952-05-15,73,Home,2,Yes,Client,1,0,0,4,1060400.03,265100.0075,431549.73,153033.12,118595.10881806815,830.7675,3323.07,310.57081703857517,4,2024-02-01,2025-02-01,4,4,0,1.0,0.0,366,1.0,1.0,1,1,65+,Q2,9,11,1
C0158,Emmy Singh,Individual,F,USA,Virginia,1979-12-03,46,Investment,3,Yes,Agency,1,1,0,4,1439477.66,359869.415,551363.7,159939.07,191205.59866425674,1131.4975,4525.99,312.4568891073972,4,2024-06-01,2025-12-01,3,3,1,0.75,0.25,548,1.0,1.3333333333333333,1,1,45-54,Q3,9,50,0
C0159,Colin Campos,Individual,M,USA,California,1942-04-14,83,Home,3,No,Website,0,0,0,4,1596507.45,399126.8625,477228.5,244820.67,105208.22488589674,1336.7325,5346.93,300.61486358032573,4,2024-01-01,2025-09-01,3,4,0,1.0,0.0,609,1.0,1.3333333333333333,1,1,65+,Q4 highest,9,8,2
C0160,Anya Stephenson,Individual,F,USA,California,1959-06-11,66,Home,4,No,Website,0,0,0,5,1679716.96,335943.392,514747.26,206631.81,116889.6961774994,1144.06,5720.3,297.4014063463627,5,2024-05-01,2025-09-01,4,3,2,0.6,0.4,488,1.0,1.25,1,1,65+,Q4 highest,9,8,2
C0161,Parker Poole,Individual,M,USA,California,1951-11-10,74,Home,5,No,Website,0,0,0,9,2534264.26,281584.91777777777,411233.36,144890.28,97777.60672887272,939.4144444444444,8454.73,299.190548152945,7,2024-01-01,2025-04-01,6,8,1,0.8888888888888888,0.1111111111111111,456,0.7777777777777778,1.5,1,1,65+,Q4 highest,9,8,2
C0162,Ivan Bright,Individual,M,USA,California,1953-09-15,72,Home,4,No,Website,0,0,0,4,1135363.52,283840.88,434121.6,216903.45,101692.52306960525,983.24,3932.96,291.2756960006085,4,2024-09-01,2025-12-01,4,3,1,0.75,0.25,456,1.0,1.0,1,1,65+,Q2,9,8,2
C0163,Larry Turner,Individual,M,USA,Utah,1986-03-24,39,Investment,5,Yes,Agency,1,1,0,4,1506594.21,376648.5525,472632.31,188705.75,130392.12116205087,1307.32,5229.28,288.6436910242928,4,2025-01-01,2025-11-01,3,3,1,0.75,0.25,304,1.0,1.3333333333333333,1,1,35-44,Q4 highest,9,48,0
C0164,Matthew Nelson,Individual,M,USA,Arizona,1986-09-20,39,Home,5,No,Website,0,0,0,4,1436152.54,359038.135,513021.02,224080.17,118721.37529553485,1196.7975,4787.19,301.04930542820927,4,2024-07-01,2025-09-01,4,4,0,1.0,0.0,427,1.0,1.0,1,1,35-44,Q3,9,1,2
C0165,Mary Hall,Individual,F,USA,California,1956-07-11,69,Home,3,Yes,Website,1,0,0,3,1276849.33,425616.44333333336,539711.96,318156.13,110926.84929359179,1357.1933333333334,4071.58,317.14526904751153,3,2024-05-01,2025-02-01,3,3,0,1.0,0.0,276,1.0,1.0,1,1,65+,Q3,9,8,2
C0166,Carolyn Weaver,Individual,F,USA,Arizona,1984-01-24,41,Home,4,Yes,Agency,1,0,0,4,1273643.37,318410.8425,602056.71,207100.33,190157.54874924166,1025.3225,4101.29,309.51267068830805,4,2024-06-01,2025-12-01,4,4,0,1.0,0.0,548,1.0,1.0,1,1,35-44,Q3,9,1,0
C0167,Grace Green,Individual,F,UK,Scotland,1955-02-02,70,Home,3,Yes,Website,1,0,0,7,2749577.33,392796.7614285714,535236.81,231425.47,120235.90005056179,1320.3814285714286,9242.67,300.8857876348719,7,2024-05-01,2025-11-01,6,6,1,0.8571428571428571,0.14285714285714285,549,1.0,1.1666666666666667,0,1,65+,Q4 highest,8,43,2
C0168,Pamela Sanders,Individual,F,USA,Nevada,1960-06-06,65,Home,3,No,Agency,0,0,0,4,1491785.87,372946.4675,475258.58,220411.63,124381.85194560295,1329.6025,5318.41,285.01565214437966,4,2024-05-01,2025-11-01,4,4,0,1.0,0.0,549,1.0,1.0,1,1,65+,Q4 highest,9,25,0
C0169,Terry Turner,Individual,M,USA,Ohio,1990-08-13,35,Investment,5,Yes,Agency,1,1,0,3,688864.2,229621.4,311647.12,159995.77,76582.33910773224,845.8633333333333,2537.59,274.9870284848701,3,2024-04-01,2025-10-01,3,1,2,0.3333333333333333,0.6666666666666666,548,1.0,1.0,1,1,35-44,Q1 lowest,9,35,0
C0170,Jacob Jones,Individual,M,USA,California,1949-06-13,76,Home,5,No,Website,0,0,0,3,1161316.17,387105.38999999996,525251.32,296414.35,121575.3455614225,1339.7466666666667,4019.2400000000002,288.5198159742899,3,2024-11-01,2025-08-01,3,3,0,1.0,0.0,273,1.0,1.0,1,1,65+,Q2,9,8,2
C0171,Julie Sanders,Individual,F,USA,Washington,1991-05-05,34,Investment,5,Yes,Client,1,1,0,4,1278753.71,319688.4275,373786.79,211877.66,73830.25615576193,1070.72,4282.88,296.83854424641083,4,2024-02-01,2025-07-01,4,4,0,1.0,0.0,516,1.0,1.0,1,1,<35,Q3,9,53,1
C0172,Catherine Carter,Individual,F,USA,Washington,1992-09-16,33,Home,1,Yes,Agency,1,0,0,4,1681471.9100000001,420367.97750000004,484259.13,342597.24,61638.62869707621,1572.79,6291.16,269.18868156399094,4,2024-01-01,2025-04-01,3,3,1,0.75,0.25,456,1.0,1.3333333333333333,1,1,<35,Q4 highest,9,53,0
C0173,Amber Wilson,Individual,F,USA,Arizona,1976-07-20,49,Home,5,Yes,Agency,1,0,0,8,2619968.43,327496.05375,521184.68,185249.68,107469.18284033734,1074.5925,8596.74,311.60636323680546,7,2024-01-01,2025-05-01,6,8,0,1.0,0.0,486,0.875,1.3333333333333333,1,1,45-54,Q4 highest,9,1,0
C0174,Rachel Harris,Individual,F,USA,California,1982-07-06,43,Investment,3,No,Client,0,1,0,3,865359.73,288453.24333333335,386354.65,175885.99,105998.01651156749,869.7866666666667,2609.36,340.39702639981215,3,2024-02-01,2024-03-01,2,3,0,1.0,0.0,29,1.0,1.5,1,1,35-44,Q1 lowest,9,8,1
C0175,Brandon Alexander,Individual,M,USA,Washington,1962-04-05,63,Home,5,No,Agency,0,0,0,4,1606138.1199999999,401534.52999999997,634424.32,120742.29,211630.33144297393,1313.38,5253.52,297.6245595781397,4,2024-02-01,2025-08-01,4,2,2,0.5,0.5,547,1.0,1.0,1,1,55-64,Q4 highest,9,53,0
C0176,Hannah Williams,Individual,F,USA,California,1993-06-27,32,Home,2,No,Website,0,0,0,6,2681927.91,446987.98500000004,526217.19,307839.56,85552.23862957899,1514.8,9088.8,294.14300570241534,3,2024-04-01,2025-10-01,6,6,0,1.0,0.0,548,0.5,1.0,1,1,<35,Q4 highest,9,8,2
C0177,Sarah Hansen,Individual,F,UK,England,1951-03-05,74,Home,5,Yes,Website,1,0,0,7,2269897.21,324271.02999999997,524447.11,172612.98,109505.6355846675,1160.9514285714286,8126.66,277.01504559301156,7,2024-04-01,2025-11-01,6,6,1,0.8571428571428571,0.14285714285714285,579,1.0,1.1666666666666667,0,1,65+,Q4 highest,8,12,2
C0178,Laura Chavez,Individual,F,USA,Virginia,1952-12-23,73,Home,4,No,Agency,0,0,0,7,2665917.96,380845.42285714287,548503.64,154432.32,142770.5089706158,1284.9985714285715,8994.99,294.91664917063696,7,2024-06-01,2025-08-01,5,5,2,0.7142857142857143,0.2857142857142857,426,1.0,1.4,1,1,65+,Q4 highest,9,50,0
C0179,Ashley Turner,Individual,F,USA,Oregon,1986-02-11,39,Investment,2,No,Website,0,1,0,8,2131372.11,266421.51375,358234.23,190215.58,58782.19073709702,947.5450000000001,7580.360000000001,284.5579027701791,8,2024-01-01,2025-12-01,7,5,3,0.625,0.375,700,1.0,1.1428571428571428,1,1,35-44,Q4 highest,9,37,2
C0180,Jacob Wilson,Individual,M,USA,California,1943-01-28,82,Home,2,Yes,Agency,1,0,0,7,2660292.37,380041.76714285713,542668.47,215993.99,140178.04737487828,1249.51,8746.57,306.4298010329248,7,2024-01-01,2025-08-01,5,6,1,0.8571428571428571,0.14285714285714285,578,1.0,1.4,1,1,65+,Q4 highest,9,8,0
C0181,Lawrence Peterson,Individual,M,USA,Texas,1970-04-26,55,Home,2,Yes,Website,1,0,0,7,2047189.62,292455.66000000003,350173.43,191788.99,58381.721383565484,974.1771428571428,6819.24,305.23639354106615,7,2024-01-01,2025-06-01,7,6,1,0.8571428571428571,0.14285714285714285,517,1.0,1.0,1,1,55-64,Q4 highest,9,47,2
C0182,Virginia Bennett,Individual,F,Germany,North Rhine-Westphalia,1971-12-02,54,Investment,1,Yes,Website,1,1,0,8,3082362.35,385295.29375,642233.35,235151.17,155660.17537642946,1246.94625,9975.57,304.5288688260178,8,2024-01-01,2025-12-01,7,8,0,1.0,0.0,700,1.0,1.1428571428571428,0,1,45-54,Q4 highest,5,30,2
C0183,Nicholas Green,Individual,M,USA,Nevada,1988-09-15,37,Home,3,No,Website,0,0,0,7,1883106.92,269015.27428571426,330298.49,191930.42,51751.35508652498,907.1042857142857,6349.73,300.9962623709325,7,2024-08-01,2025-10-01,6,7,0,1.0,0.0,426,1.0,1.1666666666666667,1,1,35-44,Q4 highest,9,25,2
C0184,Peter Pierce,Individual,M,USA,Florida,1994-01-21,31,Home,1,No,Website,0,0,0,6,2618938.16,436489.69333333336,575737.82,229012.23,141730.74902502628,1481.7150000000001,8890.29,292.8034788790312,5,2024-07-01,2025-11-01,5,6,0,1.0,0.0,488,0.8333333333333334,1.2,1,1,<35,Q4 highest,9,14,2
C0185,Andrea Nelson,Individual,F,USA,Nevada,1945-07-02,80,Home,4,Yes,Agency,1,0,0,7,2491911.81,355987.40142857144,559547.45,164681.66,160934.2174316285,1137.2942857142857,7961.0599999999995,314.3363283341601,7,2024-04-01,2025-08-01,5,7,0,1.0,0.0,487,1.0,1.4,1,1,65+,Q4 highest,9,25,0
C0186,Carol Green,Individual,F,USA,Virginia,1982-04-02,43,Home,1,No,Website,0,0,0,8,2674286.63,334285.82875,535134.61,174212.21,104837.32512865886,1100.27125,8802.17,304.9267995337976,5,2024-06-01,2025-09-01,6,8,0,1.0,0.0,457,0.625,1.3333333333333333,1,1,35-44,Q4 highest,9,50,2
C0187,Cheryl Kim,Individual,F,USA,Florida,1990-01-17,35,Home,1,No,Website,0,0,0,6,2066651.1400000001,344441.8566666667,535002.72,201788.02,139614.81220691086,1135.37,6812.219999999999,298.5170867577424,5,2024-03-01,2025-12-01,5,4,2,0.6666666666666666,0.3333333333333333,640,0.8333333333333334,1.2,1,1,35-44,Q4 highest,9,14,2
C0188,Jose Martin,Individual,M,USA,Oregon,1940-10-08,85,Home,5,Yes,Website,1,0,0,7,2891447.6,413063.9428571429,615305.89,202522.58,171511.0132970084,1263.962857142857,8847.74,322.52554913485454,7,2024-08-01,2025-12-01,7,5,2,0.7142857142857143,0.2857142857142857,487,1.0,1.0,1,1,65+,Q4 highest,9,37,2
C0189,Anna Adams,Individual,F,USA,California,1958-12-11,67,Home,2,No,Agency,0,0,0,7,2209659.42,315665.6314285714,631227.87,198869.37,158425.757589935,1024.6857142857143,7172.8,305.8456789427648,7,2024-07-01,2025-03-01,5,6,1,0.8571428571428571,0.14285714285714285,243,1.0,1.4,1,1,65+,Q4 highest,9,8,0
C0190,Karen Johnson,Individual,F,USA,California,1971-10-19,54,Home,2,No,Website,0,0,0,7,2276701.17,325243.02428571426,518963.51,174080.92,135002.18285444952,1049.1542857142856,7344.08,307.1910062907387,7,2024-02-01,2025-08-01,7,6,1,0.8571428571428571,0.14285714285714285,547,1.0,1.0,1,1,45-54,Q4 highest,9,8,2
C0191,Sarah Turner,Individual,F,USA,Florida,1977-05-06,48,Home,3,No,Agency,0,0,0,8,2172926.7600000002,271615.84500000003,374700.13,160912.37,75642.96405147617,913.8512499999999,7310.8099999999995,298.05965918295794,6,2024-01-01,2025-08-01,7,5,3,0.625,0.375,578,0.75,1.1428571428571428,1,1,45-54,Q4 highest,9,14,0
C0192,Margaret Moore,Individual,F,Belgium,Brussels,1984-02-04,41,Investment,2,Yes,Website,1,1,0,7,2900509.0999999996,414358.4428571428,609045.19,207447.24,167127.5657296942,1304.7214285714288,9133.050000000001,318.6840040630009,7,2024-02-01,2025-12-01,6,5,2,0.7142857142857143,0.2857142857142857,669,1.0,1.1666666666666667,0,1,35-44,Q4 highest,1,7,2
C0193,Sharon Campbell,Individual,F,USA,California,1968-08-09,57,Investment,4,Yes,Website,1,1,0,7,1933778.2399999998,276254.03428571427,525419.08,142903.22,119808.56850113515,962.7214285714286,6739.05,287.58338668660036,7,2024-04-01,2025-10-01,7,4,3,0.5714285714285714,0.42857142857142855,548,1.0,1.0,1,1,55-64,Q4 highest,9,8,2
C0194,Jonathan Hall,Individual,M,France,Ile-de-France,1953-08-18,72,Home,5,Yes,Website,1,0,0,7,2759372.27,394196.03857142857,610038.08,266653.15,129515.2790045835,1237.292857142857,8661.05,315.396137399015,7,2024-07-01,2025-10-01,6,5,2,0.7142857142857143,0.2857142857142857,457,1.0,1.1666666666666667,0,1,65+,Q4 highest,4,18,2
C0195,Sean Jones,Individual,M,USA,California,1947-06-19,78,Home,2,Yes,Website,1,0,0,7,2102233.85,300319.12142857147,486957.94,198851.29,98498.25145704321,1029.2714285714285,7204.9,294.6302850028284,7,2024-01-01,2025-12-01,7,5,2,0.7142857142857143,0.2857142857142857,700,1.0,1.0,1,1,65+,Q4 highest,9,8,2
C0196,Alexander Adams,Individual,M,USA,Nevada,1957-04-22,68,Investment,5,No,Agency,0,1,0,6,2611736.44,435289.4066666667,605691.78,220006.69,130832.79633986224,1411.9466666666667,8471.68,306.27514561192373,6,2024-02-01,2025-09-01,6,6,0,1.0,0.0,578,1.0,1.0,1,1,65+,Q4 highest,9,25,0
C0197,Kevin Wright,Individual,M,USA,Virginia,1944-07-01,81,Home,4,No,Client,0,0,0,8,2775768.6,346971.075,590525.42,151645.03,154029.48583157957,1082.87,8662.96,319.18219269592623,5,2024-04-01,2025-11-01,8,8,0,1.0,0.0,579,0.625,1.0,1,1,65+,Q4 highest,9,50,1
C0198,Michelle White,Individual,F,USA,California,1976-01-28,49,Home,4,No,Website,0,0,0,8,2399689.67,299961.20875,510536.52,164944.49,114616.26573255815,997.5475,7980.38,300.03251901840844,7,2024-02-01,2025-10-01,7,8,0,1.0,0.0,608,0.875,1.1428571428571428,1,1,45-54,Q4 highest,9,8,2
C0199,Ryan Brown,Individual,M,USA,California,1958-04-13,67,Home,3,No,Agency,0,0,0,7,2582959.87,368994.26714285713,596863.29,206911.5,163461.9704830785,1162.7385714285715,8139.17,314.1261254494504,7,2024-02-01,2025-12-01,6,6,1,0.8571428571428571,0.14285714285714285,669,1.0,1.1666666666666667,1,1,65+,Q4 highest,9,8,0
C0200,Linda Harris,Individual,F,USA,California,1944-05-06,81,Home,1,No,Agency,0,0,0,4,1071359.3900000001,267839.84750000003,410486.46,193455.41,97316.76091858326,920.7075,3682.83,296.82396613775273,4,2024-01-01,2024-11-01,4,4,0,1.0,0.0,305,1.0,1.0,1,1,65+,Q2,9,8,0
C0201,Lauren Weaver,Individual,F,USA,California,1968-02-13,57,Home,1,No,Agency,0,0,0,4,1298787.54,324696.885,402705.53,227965.28,74313.71736898938,1147.435,4589.74,285.0271690424102,4,2024-01-01,2025-02-01,4,3,1,0.75,0.25,397,1.0,1.0,1,1,55-64,Q3,9,8,0
C0202,Jack Reyes,Individual,M,Canada,British Columbia,1996-11-11,29,Home,1,No,Website,0,0,0,3,1019272.5900000001,339757.53,446358.88,274317.28,93114.20486449693,1049.3799999999999,3148.14,321.74759393731864,3,2024-05-01,2025-06-01,3,2,1,0.6666666666666666,0.3333333333333333,396,1.0,1.0,0,1,<35,Q1 lowest,2,5,2
C0203,Christine Brooks,Individual,F,USA,California,1956-05-18,69,Home,4,No,Client,0,0,0,4,1242478.83,310619.7075,596471.37,167875.27,196358.66960264905,916.0375,3664.15,328.923241220169,4,2024-01-01,2025-02-01,4,4,0,1.0,0.0,397,1.0,1.0,1,1,65+,Q3,9,8,1
C0204,Joyce Pierce,Individual,F,USA,California,1947-01-10,78,Home,5,No,Agency,0,0,0,3,934432.98,311477.66,354252.16,237481.19,64342.62519275927,1042.7266666666667,3128.18,300.69211318016573,3,2024-12-01,2025-06-01,2,2,1,0.6666666666666666,0.3333333333333333,182,1.0,1.5,1,1,65+,Q1 lowest,9,8,0
C0205,Kelly Nelson,Individual,F,Mexico,Puebla,1968-08-26,57,Home,1,Yes,Agency,1,0,0,3,949224.48,316408.16,390197.22,208297.48,95683.64046473775,1072.7266666666667,3218.1800000000003,306.97993618778213,3,2024-08-01,2025-12-01,3,2,1,0.6666666666666666,0.3333333333333333,487,1.0,1.0,0,1,55-64,Q1 lowest,6,39,0
C0206,Nancy Roberts,Individual,F,USA,California,1957-05-08,68,Home,1,Yes,Agency,1,0,0,3,853060.9299999999,284353.6433333333,378709.68,225796.07,82503.27577483839,851.4266666666667,2554.28,330.403450210996,3,2024-01-01,2025-06-01,3,3,0,1.0,0.0,517,1.0,1.0,1,1,65+,Q1 lowest,9,8,0
C0207,Kyle Gray,Individual,M,USA,Virginia,1944-11-19,81,Investment,4,No,Website,0,1,0,3,889948.76,296649.58666666667,533390.74,136179.62,209301.55016045566,1104.51,3313.5299999999997,259.33671553699253,3,2024-01-01,2024-10-01,3,3,0,1.0,0.0,274,1.0,1.0,1,1,65+,Q1 lowest,9,50,2
C0208,Mark James,Individual,M,France,Provence,1986-03-26,39,Home,4,Yes,Agency,1,0,0,4,1199654.38,299913.595,528026.75,121700.7,179830.61899224398,997.4100000000001,3989.6400000000003,297.06760605039415,4,2024-02-01,2025-02-01,3,3,1,0.75,0.25,366,1.0,1.3333333333333333,0,1,35-44,Q2,4,38,0
C0209,Kyle Moore,Individual,M,USA,Arizona,1949-08-22,76,Investment,3,No,Agency,0,1,0,4,979868.13,244967.0325,277921.61,216541.46,26559.736907946928,794.1275,3176.51,311.4542101044349,4,2024-04-01,2025-11-01,4,3,1,0.75,0.25,579,1.0,1.0,1,1,65+,Q1 lowest,9,1,0
C0210,Janice Price,Individual,F,USA,Colorado,1943-03-24,82,Home,2,No,Website,0,0,0,4,1346156.55,336539.1375,567823.18,131628.47,179444.75068608986,1135.53,4542.12,294.05078278050837,4,2024-03-01,2025-10-01,3,4,0,1.0,0.0,579,1.0,1.3333333333333333,1,1,65+,Q3,9,11,2
C0211,Amy Evans,Individual,F,USA,California,1972-02-23,53,Home,3,No,Agency,0,0,0,4,1254240.07,313560.0175,514096.93,184932.22,145805.83574457103,1053.27,4213.08,297.9909835004412,4,2024-06-01,2025-10-01,4,3,1,0.75,0.25,487,1.0,1.0,1,1,45-54,Q3,9,8,0
C0212,Jacob Wood,Individual,M,USA,California,1956-03-23,69,Home,4,No,Agency,0,0,0,3,1068278.76,356092.92,408993.51,296456.53,56570.05584326481,1224.68,3674.04,291.93691346700456,3,2024-01-01,2025-02-01,3,3,0,1.0,0.0,397,1.0,1.0,1,1,65+,Q2,9,8,0
C0213,Jason Gray,Individual,M,USA,Florida,1976-10-23,49,Investment,5,No,Agency,0,1,0,3,809691.13,269897.04333333333,361389.54,156700.2,104056.42928516732,897.3100000000001,2691.9300000000003,297.36484331878984,3,2024-05-01,2025-08-01,3,2,1,0.6666666666666666,0.3333333333333333,457,1.0,1.0,1,1,45-54,Q1 lowest,9,14,0
C0214,Helen Wood,Individual,F,Belgium,Brussels,1946-07-18,79,Investment,5,No,Website,0,1,0,3,1070534.6400000001,356844.88000000006,481085.34,285832.09,107962.24594325693,1179.5233333333333,3538.5699999999997,312.2859298487304,3,2024-03-01,2025-10-01,3,3,0,1.0,0.0,579,1.0,1.0,0,1,65+,Q2,1,7,2
C0215,Lauren Foster,Individual,F,Germany,Hamburg,1999-07-11,26,Investment,4,No,Website,0,1,0,3,1032856.46,344285.48666666663,501616.65,204381.46,149381.9546092601,1110.27,3330.81,313.43921582688296,3,2024-04-01,2024-06-01,3,3,0,1.0,0.0,61,1.0,1.0,0,1,<35,Q2,5,16,2
C0216,Albert Hansen,Individual,M,USA,Utah,1999-07-19,26,Home,1,No,Website,0,0,0,4,1352642.3399999999,338160.58499999996,392569.11,227379.46,74893.39897642894,1063.04,4252.16,324.8901348706987,4,2024-03-01,2025-10-01,4,3,1,0.75,0.25,579,1.0,1.0,1,1,<35,Q3,9,48,2
C0217,Deborah Miller,Individual,F,USA,Colorado,1984-07-11,41,Home,3,No,Website,0,0,0,4,1238434.91,309608.7275,512052.93,189529.43,147968.2630588939,1019.1225,4076.49,299.77353792160875,4,2024-02-01,2025-10-01,3,4,0,1.0,0.0,608,1.0,1.3333333333333333,1,1,35-44,Q3,9,11,2
C0218,Shirley Anderson,Individual,F,USA,California,1970-01-24,55,Home,2,No,Website,0,0,0,3,836639.27,278879.75666666665,371174.41,196014.35,87959.90378761524,913.6700000000001,2741.01,303.4179864612462,3,2024-05-01,2025-10-01,2,2,1,0.6666666666666666,0.3333333333333333,518,1.0,1.5,1,1,55-64,Q1 lowest,9,8,2
C0219,William Turner,Individual,M,USA,California,1988-01-20,37,Home,4,No,Website,0,0,0,4,1267653.57,316913.3925,639093.49,154903.56,224323.52109344627,1035.1925,4140.77,299.2085446166128,4,2024-02-01,2025-12-01,4,3,1,0.75,0.25,669,1.0,1.0,1,1,35-44,Q3,9,8,2
C0220,Walter Phillips,Individual,M,Canada,Ontario,1951-06-06,74,Investment,1,No,Website,0,1,0,3,1060812.68,353604.2266666666,521703.52,201779.65,160581.66287244455,1101.55,3304.65,318.8090950653109,3,2024-01-01,2025-02-01,3,3,0,1.0,0.0,397,1.0,1.0,0,1,65+,Q2,2,36,2
C0221,Atlas Co,Company,F,USA,California,1987-05-14,38,Home,5,No,Website,0,0,1,4,1377133.5999999999,344283.39999999997,538973.07,244512.28,135212.6101880119,1186.5225,4746.09,299.1399307640693,4,2024-11-01,2025-10-01,4,4,0,1.0,0.0,334,1.0,1.0,1,1,35-44,Q3,9,8,2
C0222,Christopher Stone,Individual,M,USA,Utah,1956-11-08,69,Investment,3,No,Agency,0,1,0,3,1223560.82,407853.6066666667,421263.63,396047.03,12684.538217831705,1517.47,4552.41,269.09477075945733,3,2024-06-01,2025-01-01,3,3,0,1.0,0.0,214,1.0,1.0,1,1,65+,Q3,9,48,0
C0223,Patrick Hansen,Individual,M,USA,Colorado,1973-11-12,52,Investment,3,Yes,Website,1,1,0,4,969341.87,242335.4675,304478.01,164585.63,58477.15265981316,837.5225,3350.09,293.808903778189,4,2024-03-01,2025-07-01,4,4,0,1.0,0.0,487,1.0,1.0,1,1,45-54,Q1 lowest,9,11,2
C0224,Nathan Richardson,Individual,M,USA,Colorado,1960-08-23,65,Home,5,No,Website,0,0,0,3,1189255.63,396418.5433333333,539103.37,213975.95,166170.0027583346,1330.2166666666667,3990.65,297.4295746693706,3,2024-01-01,2025-09-01,3,3,0,1.0,0.0,609,1.0,1.0,1,1,65+,Q2,9,11,2
C0225,Evelyn Reyes,Individual,F,USA,California,1948-12-19,77,Home,1,Yes,Agency,1,0,0,4,1120626.94,280156.735,405353.74,202719.39,91966.0285940247,905.7525,3623.01,305.6699243079895,4,2024-01-01,2025-12-01,4,3,1,0.75,0.25,700,1.0,1.0,1,1,65+,Q2,9,8,0
C0226,Julia Jordan,Individual,F,USA,Colorado,1958-07-11,67,Home,2,No,Website,0,0,0,3,1571251.03,523750.3433333333,675765.41,347335.46,165568.9321831721,1599.3433333333332,4798.03,322.4343855737632,3,2024-05-01,2025-05-01,3,3,0,1.0,0.0,365,1.0,1.0,1,1,65+,Q4 highest,9,11,2
C0227,Rachel Evans,Individual,F,USA,Arizona,1944-10-23,81,Home,5,Yes,Website,1,0,0,3,942245.37,314081.79,499753.6,154333.84,174162.9625884594,1104.51,3313.53,287.15065870245195,3,2024-01-01,2025-10-01,3,3,0,1.0,0.0,639,1.0,1.0,1,1,65+,Q1 lowest,9,1,2
C0228,Hannah Owens,Individual,F,USA,Oregon,1952-04-23,73,Investment,4,No,Website,0,1,0,3,606605.72,202201.90666666665,306527.75,131519.77,92227.28725612954,610.62,1831.8600000000001,322.72861773615426,3,2024-02-01,2025-05-01,2,2,1,0.6666666666666666,0.3333333333333333,455,1.0,1.5,1,1,65+,Q1 lowest,9,37,2
C0229,Jose Turner,Individual,M,USA,Colorado,1981-11-19,44,Investment,5,No,Website,0,1,0,3,892220.13,297406.71,355384.51,216050.75,72549.14157089386,900.46,2701.38,329.20050534502474,3,2024-03-01,2025-09-01,3,3,0,1.0,0.0,549,1.0,1.0,1,1,35-44,Q1 lowest,9,11,2
C0230,Forsyte Co,Company,M,USA,Nevada,1977-07-22,48,Investment,4,Yes,Website,1,1,1,4,1457429.02,364357.255,567272.16,216996.95,149318.27167663097,1104.2925,4417.17,327.12444022996823,4,2024-02-01,2025-08-01,4,4,0,1.0,0.0,547,1.0,1.0,1,1,45-54,Q4 highest,9,25,2
C0231,Ronald Rogers,Individual,M,Denmark,Central Denmark,1993-12-18,32,Investment,2,Yes,Website,1,1,0,3,729893.08,243297.69333333333,367286.05,172359.93,107748.88470108464,849.6366666666667,2548.91,287.9124812810531,3,2024-04-01,2025-02-01,3,3,0,1.0,0.0,306,1.0,1.0,0,1,<35,Q1 lowest,3,10,2
C0232,Megan Kim,Individual,F,USA,California,1962-05-04,63,Home,3,Yes,Website,1,0,0,4,1276710.4900000002,319177.62250000006,556388.88,178180.61,173649.69995026643,1036.6525,4146.61,309.8752865891376,4,2024-01-01,2025-05-01,4,4,0,1.0,0.0,486,1.0,1.0,1,1,55-64,Q3,9,8,2
C0233,Larry Garcia,Individual,M,France,Provence,1997-09-10,28,Home,4,Yes,Website,1,0,0,4,1105806.54,276451.635,427127.89,139864.72,118421.40978237633,914.3125,3657.25,303.5272816217257,4,2024-03-01,2025-03-01,4,4,0,1.0,0.0,365,1.0,1.0,0,1,<35,Q2,4,38,2
C0234,Andrea Hughes,Individual,F,USA,New York,1979-03-02,46,Home,1,Yes,Website,1,0,0,3,839967.04,279989.01333333337,439529.6,194001.1,138306.02985380837,973.09,2919.27,286.4716180486619,3,2025-04-01,2025-07-01,3,3,0,1.0,0.0,91,1.0,1.0,1,1,45-54,Q1 lowest,9,27,2
C0235,Kenneth Allen,Individual,M,USA,California,1949-10-10,76,Home,5,No,Website,0,0,0,4,1268586.58,317146.645,427566.1,194560.69,96243.34981952865,1092.085,4368.34,290.75770434593915,4,2024-02-01,2025-12-01,3,4,0,1.0,0.0,669,1.0,1.3333333333333333,1,1,65+,Q3,9,8,2
C0236,Gerald Howard,Individual,M,Canada,Manitoba,1972-08-10,53,Home,3,No,Agency,0,0,0,3,1321475.69,440491.89666666667,627817.81,339954.47,162374.58758194445,1449.5,4348.5,298.64467080242906,3,2024-07-01,2024-12-01,3,1,2,0.3333333333333333,0.6666666666666666,153,1.0,1.0,0,1,45-54,Q3,2,22,0
C0237,Jason Nelson,Individual,M,USA,California,1984-11-03,41,Home,5,Yes,Website,1,0,0,3,1392353.31,464117.77,501441.18,414089.58,45040.36058665938,1630.1366666666665,4890.41,285.8231565138917,3,2024-08-01,2025-09-01,3,3,0,1.0,0.0,396,1.0,1.0,1,1,35-44,Q3,9,8,2
C0238,Amber Patterson,Individual,F,USA,Virginia,1982-01-08,43,Home,4,Yes,Agency,1,0,0,3,1125732.72,375244.24,472802.29,213990.68,140672.3173311583,1125.17,3375.51,337.9534939142604,3,2024-05-01,2024-11-01,3,3,0,1.0,0.0,184,1.0,1.0,1,1,35-44,Q2,9,50,0
C0239,Megan Baker,Individual,F,USA,Oregon,1973-02-18,52,Home,3,Yes,Website,1,0,0,4,1352763.67,338190.9175,561242.82,156115.46,169801.26128901326,1011.5799999999999,4046.3199999999997,327.39721596279037,4,2024-09-01,2025-08-01,3,2,2,0.5,0.5,334,1.0,1.3333333333333333,1,1,45-54,Q3,9,37,2
C0240,Amber Morales,Individual,F,USA,Colorado,1942-05-15,83,Investment,3,No,Website,0,1,0,3,935028.28,311676.0933333333,414273.14,227687.32,94674.53688085375,1022.67,3068.0099999999998,307.7614279012237,3,2024-09-01,2025-12-01,3,1,2,0.3333333333333333,0.6666666666666666,456,1.0,1.0,1,1,65+,Q1 lowest,9,11,2
C0241,Kelly Anderson,Individual,F,Mexico,Nuevo Leon,1962-01-14,63,Home,5,Yes,Website,1,0,0,3,1025934.71,341978.23666666663,486971.08,227389.86,132434.61080524017,1110.27,3330.81,317.38666230627405,3,2024-03-01,2024-12-01,3,3,0,1.0,0.0,275,1.0,1.0,0,1,55-64,Q2,6,33,2
C0242,Stephen Peterson,Individual,M,USA,Utah,1998-03-16,27,Home,3,Yes,Agency,1,0,0,4,1358315.73,339578.9325,478633.51,199191.81,138571.45270146625,1191.1025,4764.41,293.4441082677422,4,2024-02-01,2025-07-01,4,3,1,0.75,0.25,516,1.0,1.0,1,1,<35,Q3,9,48,0
C0243,Nancy Patterson,Individual,F,USA,Utah,1978-07-11,47,Home,2,No,Website,0,0,0,4,1382777.8900000001,345694.47250000003,497893.52,198426.44,127950.92274305265,1286.2725,5145.09,274.1414099948916,4,2024-02-01,2025-07-01,4,4,0,1.0,0.0,516,1.0,1.0,1,1,45-54,Q3,9,48,2
C0244,Joyce Pierce,Individual,F,USA,California,1998-08-03,27,Home,1,No,Website,0,0,0,3,1046652.28,348884.0933333333,540440.51,140213.02,200661.8911067531,1095.0333333333335,3285.1000000000004,311.487503124139,3,2025-05-01,2025-08-01,2,1,2,0.3333333333333333,0.6666666666666666,92,1.0,1.5,1,1,<35,Q2,9,8,2
C0245,Sean Long,Individual,M,USA,Nevada,1974-01-07,51,Investment,4,No,Agency,0,1,0,3,1354584.5,451528.1666666667,648020.11,206013.07,225044.45788432122,1439.256666666667,4317.77,309.6360394503248,3,2024-03-01,2025-12-01,3,3,0,1.0,0.0,640,1.0,1.0,1,1,45-54,Q3,9,25,0
C0246,Stephen Pierce,Individual,M,France,Normandy,1992-05-15,33,Home,1,Yes,Agency,1,0,0,3,1024485.26,341495.08666666667,369524.95,313972.36,27779.767000931344,1117.9399999999998,3353.8199999999997,305.8630203094845,3,2025-03-01,2025-07-01,3,2,1,0.6666666666666666,0.3333333333333333,122,1.0,1.0,0,1,<35,Q1 lowest,4,28,0
C0247,Kevin Morris,Individual,M,USA,California,1965-01-18,60,Home,1,No,Website,0,0,0,4,1696540.52,424135.13,553756.62,308106.88,121858.29240882845,1458.93,5835.72,288.05190518157985,4,2024-12-01,2025-07-01,4,4,0,1.0,0.0,212,1.0,1.0,1,1,55-64,Q4 highest,9,8,2
C0248,Carl Collins,Individual,M,USA,Florida,1968-12-09,57,Home,4,Yes,Agency,1,0,0,3,1035934.63,345311.54333333333,371257.45,308722.73,32597.56736485308,1224.68,3674.04,283.0289017413887,3,2024-02-01,2024-09-01,3,2,1,0.6666666666666666,0.3333333333333333,213,1.0,1.0,1,1,55-64,Q2,9,14,0
C0249,Stephanie Montgomery,Individual,F,USA,California,1968-12-05,57,Investment,4,No,Agency,0,1,0,4,1142995.52,285748.88,489564.98,192018.85,137857.68625670383,1027.3249999999998,4109.299999999999,284.6956561547511,4,2024-06-01,2025-02-01,3,4,0,1.0,0.0,245,1.0,1.3333333333333333,1,1,55-64,Q2,9,8,0
C0250,Justin Stewart,Individual,M,UK,England,1947-10-19,78,Home,2,No,Agency,0,0,0,3,982306.66,327435.55333333334,459717.65,125935.98,177329.763756885,1076.69,3230.07,301.4583980883542,3,2024-01-01,2025-01-01,3,3,0,1.0,0.0,366,1.0,1.0,0,1,65+,Q1 lowest,8,12,0
C0251,Janice Chavez,Individual,F,USA,Utah,1976-08-11,49,Home,5,No,Website,0,0,0,3,463611.95,154537.31666666668,211507.17,124643.03,49357.465871190485,564.01,1692.03,271.75428137281943,3,2024-07-01,2025-06-01,3,3,0,1.0,0.0,335,1.0,1.0,1,1,45-54,Q1 lowest,9,48,2
C0252,Elizabeth Rogers,Individual,F,USA,Nevada,1953-08-23,72,Investment,2,No,Website,0,1,0,3,1082221.48,360740.49333333335,527700.01,241818.73,148871.57509946363,1209.64,3628.92,301.07196655906836,3,2024-01-01,2025-09-01,3,2,1,0.6666666666666666,0.3333333333333333,609,1.0,1.0,1,1,65+,Q2,9,25,2
C0253,Betty Hughes,Individual,F,USA,Virginia,1994-09-15,31,Home,4,No,Website,0,0,0,4,1239226.11,309806.5275,486893.64,177004.8,135880.1633154512,1052.8325,4211.33,292.8363606555335,4,2024-02-01,2024-05-01,3,4,0,1.0,0.0,90,1.0,1.3333333333333333,1,1,<35,Q3,9,50,2
C0254,Rachel Freeman,Individual,F,USA,Florida,1956-07-21,69,Home,5,No,Website,0,0,0,4,1332152.57,333038.1425,499070.64,179317.03,170374.00175855868,1096.3725,4385.49,306.04013287799427,4,2024-04-01,2025-09-01,4,4,0,1.0,0.0,518,1.0,1.0,1,1,65+,Q3,9,14,2
C0255,Sara Jones,Individual,F,UK,England,1961-02-08,64,Investment,3,Yes,Client,1,1,0,4,1689083.06,422270.765,598112.26,198403.06,187130.48181408638,1253.3075,5013.23,333.94282600869735,4,2024-01-01,2025-05-01,4,4,0,1.0,0.0,486,1.0,1.0,0,1,55-64,Q4 highest,8,12,1
C0256,Anthony Hughes,Individual,M,USA,California,1990-12-10,35,Home,1,Yes,Website,1,0,0,3,1150229.15,383409.7166666666,574185.82,242722.44,171314.5089824228,1281.3166666666666,3843.95,297.5918243883253,3,2024-10-01,2025-12-01,3,3,0,1.0,0.0,426,1.0,1.0,1,1,35-44,Q2,9,8,2
C0257,Nicholas Kim,Individual,M,USA,California,1974-10-22,51,Home,1,No,Website,0,0,0,3,1145456.23,381818.74333333335,534131.64,212947.87,161230.82357701843,1277.84,3833.52,296.4675060531569,3,2024-02-01,2025-05-01,3,2,1,0.6666666666666666,0.3333333333333333,455,1.0,1.0,1,1,45-54,Q2,9,8,2
C0258,Carl Murray,Individual,M,UK,Northern Ireland,1991-04-15,34,Home,4,Yes,Agency,1,0,0,3,1001712.37,333904.12333333335,525651.46,169877.17,179499.72449940201,1173.1833333333334,3519.55,286.50725864702446,3,2024-08-01,2025-05-01,3,3,0,1.0,0.0,273,1.0,1.0,0,1,<35,Q1 lowest,8,31,0
C0259,Emma Chavez,Individual,F,USA,Oregon,1990-02-15,35,Home,4,No,Website,0,0,0,3,779396.4099999999,259798.80333333332,327070.05,162211.14,86509.70402924306,842.68,2528.04,314.0826730772205,3,2024-02-01,2024-11-01,3,3,0,1.0,0.0,274,1.0,1.0,1,1,35-44,Q1 lowest,9,37,2
C0260,Rebecca Wood,Individual,F,USA,Nevada,1946-08-04,79,Investment,3,No,Website,0,1,0,4,1057192.79,264298.1975,387130.78,183956.85,86710.6644141824,820.9225,3283.69,320.03004657551685,4,2024-09-01,2025-10-01,4,2,2,0.5,0.5,395,1.0,1.0,1,1,65+,Q2,9,25,2
C0261,Celera Co,Company,F,USA,Florida,1985-05-13,40,Investment,4,Yes,Website,1,1,1,4,2094623.1,523655.775,553392.84,491253.25,31301.55100708215,1676.3825,6705.53,316.7296997323388,4,2024-08-01,2025-10-01,4,3,1,0.75,0.25,426,1.0,1.0,1,1,35-44,Q4 highest,9,14,2
C0262,Billy Bryant,Individual,M,USA,Oregon,1947-05-25,78,Home,2,No,Website,0,0,0,3,1233260.4,411086.8,507625.15,332249.26,89017.77746222999,1359.24,4077.7200000000003,300.87189053286824,3,2024-11-01,2025-06-01,3,3,0,1.0,0.0,212,1.0,1.0,1,1,65+,Q3,9,37,2
C0263,Anthony Garcia,Individual,M,USA,Nevada,1981-08-02,44,Investment,2,Yes,Website,1,1,0,3,969140.41,323046.80333333334,377230.63,227850.26,82705.23521288983,1016.7633333333333,3050.29,314.78205483488614,3,2025-01-01,2025-11-01,3,3,0,1.0,0.0,304,1.0,1.0,1,1,35-44,Q1 lowest,9,25,2
C0264,Melissa Baker,Individual,F,USA,Colorado,1992-09-12,33,Home,2,Yes,Agency,1,0,0,4,1127766.02,281941.505,343865.15,172642.9,80011.26894701376,972.245,3888.98,289.35414120737903,4,2024-01-01,2025-03-01,3,3,1,0.75,0.25,425,1.0,1.3333333333333333,1,1,<35,Q2,9,11,0
C0265,Celera Co,Company,M,Belgium,Flanders,1967-04-13,58,Home,1,No,Website,0,0,1,4,1708031.99,427007.9975,629727.03,146835.08,207581.16247293304,1293.0725,5172.29,319.3013273174175,4,2024-05-01,2025-11-01,3,3,1,0.75,0.25,549,1.0,1.3333333333333333,0,1,55-64,Q4 highest,1,13,2
C0266,Aaron Owens,Individual,M,USA,California,1977-02-26,48,Home,5,Yes,Agency,1,0,0,3,931646.38,310548.79333333333,423535.41,141541.69,149110.1462833339,1078.7866666666666,3236.3599999999997,290.38148593016064,3,2024-02-01,2025-04-01,3,2,1,0.6666666666666666,0.3333333333333333,425,1.0,1.0,1,1,45-54,Q1 lowest,9,8,0
C0267,Judy Howard,Individual,F,USA,Utah,1948-11-12,77,Home,4,Yes,Agency,1,0,0,4,1314495.01,328623.7525,426946.49,278252.51,66735.04812233543,1096.12,4384.48,303.9894746358153,4,2024-04-01,2025-11-01,4,4,0,1.0,0.0,579,1.0,1.0,1,1,65+,Q3,9,48,0
C0268,Danielle Carter,Individual,F,USA,Georgia,1959-02-21,66,Investment,3,No,Website,0,1,0,4,1108939.8599999999,277234.96499999997,425894.16,137345.87,128898.37496363625,900.39,3601.56,306.31816887990306,4,2024-02-01,2024-11-01,4,3,1,0.75,0.25,274,1.0,1.0,1,1,65+,Q2,9,15,2
C0269,David Stewart,Individual,M,USA,New York,1969-02-04,56,Home,2,No,Agency,0,0,0,3,1049110.08,349703.36000000004,536079.52,141634.15,198115.44309401044,1076.69,3230.07,323.74149676000314,3,2024-09-01,2025-12-01,3,2,1,0.6666666666666666,0.3333333333333333,456,1.0,1.0,1,1,55-64,Q2,9,27,0
C0270,Megan Allen,Individual,F,USA,Florida,1944-07-21,81,Home,5,No,Website,0,0,0,3,924009.9,308003.3,389694.82,232921.37,78595.44303712332,983.4266666666667,2950.28,313.1614096224352,3,2024-11-01,2025-08-01,3,2,1,0.6666666666666666,0.3333333333333333,273,1.0,1.0,1,1,65+,Q1 lowest,9,14,2
C0271,Laura Hughes,Individual,F,USA,California,1972-04-28,53,Investment,3,No,Agency,0,1,0,4,1295689.37,323922.3425,479460.4,165450.84,135978.7494276402,1024.3375,4097.35,309.22116803694684,4,2024-04-01,2025-12-01,4,2,2,0.5,0.5,609,1.0,1.0,1,1,45-54,Q3,9,8,0
C0272,Pamela Green,Individual,F,UK,Scotland,1993-08-03,32,Home,5,Yes,Website,1,0,0,4,1439584.37,359896.0925,535120.87,151459.02,167907.3807614012,1248.58,4994.32,293.45704204943775,4,2024-01-01,2025-07-01,4,4,0,1.0,0.0,547,1.0,1.0,0,1,<35,Q3,8,43,2
C0273,Paul Morales,Individual,M,Denmark,Zealand,1987-02-27,38,Investment,2,No,Website,0,1,0,3,682452.64,227484.21333333335,341971.22,169922.25,99149.16761320607,801.46,2404.38,283.1584133310674,3,2024-02-01,2025-07-01,3,3,0,1.0,0.0,516,1.0,1.0,0,1,35-44,Q1 lowest,3,56,2
C0274,Raymond Young,Individual,M,USA,Florida,1950-10-01,75,Home,2,No,Website,0,0,0,3,1343449.34,447816.4466666667,623754.36,266175.15,178857.81864973425,1467.89,4403.67,297.8912333792844,3,2024-01-01,2024-07-01,3,3,0,1.0,0.0,182,1.0,1.0,1,1,65+,Q3,9,14,2
C0275,William Thompson,Individual,M,USA,Oregon,2000-06-26,25,Home,1,Yes,Website,1,0,0,4,1237500.3,309375.075,394827.74,235108.59,67097.8828661732,1177.3375,4709.35,273.3703332382304,4,2024-06-01,2025-12-01,3,3,1,0.75,0.25,548,1.0,1.3333333333333333,1,1,<35,Q3,9,37,2
C0276,Gloria Harris,Individual,F,USA,Washington,1953-02-16,72,Home,5,No,Website,0,0,0,3,1011195.98,337065.32666666666,419401.36,178627.91,137246.23479411314,1164.9766666666667,3494.9300000000003,293.4555743132912,3,2024-01-01,2025-02-01,3,3,0,1.0,0.0,397,1.0,1.0,1,1,65+,Q1 lowest,9,53,2
C0277,Jordan Garcia,Individual,M,USA,Colorado,1954-11-17,71,Investment,1,Yes,Agency,1,1,0,3,1123449.53,374483.1766666667,510899.59,224518.89,143670.22999569026,1286.4266666666667,3859.28,288.65037752664716,3,2024-09-01,2025-12-01,3,3,0,1.0,0.0,456,1.0,1.0,1,1,65+,Q2,9,11,0
C0278,Margaret Foster,Individual,F,USA,California,1955-08-03,70,Investment,2,Yes,Website,1,1,0,3,1442538.67,480846.2233333333,598158.07,384958.51,108202.394672492,1685.2766666666666,5055.83,283.2922552063447,3,2024-05-01,2024-11-01,3,3,0,1.0,0.0,184,1.0,1.0,1,1,65+,Q4 highest,9,8,2
C0279,Heather Montgomery,Individual,F,USA,Oregon,1967-05-15,58,Home,1,No,Website,0,0,0,3,1012986.25,337662.0833333333,462143.05,251730.82,110376.11314822255,1170.3533333333332,3511.06,294.2512669578751,3,2024-02-01,2024-04-01,3,3,0,1.0,0.0,60,1.0,1.0,1,1,55-64,Q1 lowest,9,37,2
C0280,Nathan Price,Individual,M,USA,Florida,1944-04-14,81,Home,4,No,Client,0,0,0,4,1282020.93,320505.2325,473146.44,150790.34,167660.5351548136,1154.2525,4617.01,276.88053764306045,4,2024-01-01,2025-04-01,4,3,1,0.75,0.25,456,1.0,1.0,1,1,65+,Q3,9,14,1
C0281,Katherine Phillips,Individual,F,USA,California,1977-03-22,48,Home,1,Yes,Agency,1,0,0,3,1256275.37,418758.4566666667,522943.88,258394.11,140938.6347739066,1388.4566666666667,4165.37,302.32210907995153,3,2024-08-01,2025-12-01,3,2,1,0.6666666666666666,0.3333333333333333,487,1.0,1.0,1,1,45-54,Q3,9,8,0
C0282,Emily Owens,Individual,F,USA,California,1997-10-18,28,Investment,1,No,Website,0,1,0,4,973863.8,243465.95,315993.38,207359.1,49852.38670724268,858.9825,3435.93,284.9097688586684,4,2024-01-01,2025-07-01,3,3,1,0.75,0.25,547,1.0,1.3333333333333333,1,1,<35,Q1 lowest,9,8,2
C0283,Susan Edwards,Individual,F,USA,Arizona,1962-05-12,63,Home,2,Yes,Agency,1,0,0,4,1118599.47,279649.8675,503401.23,146928.09,156378.51624575126,922.54,3690.16,305.08878288778067,4,2024-01-01,2025-07-01,4,3,1,0.75,0.25,547,1.0,1.0,1,1,55-64,Q2,9,1,0
C0284,Patrick Owens,Individual,M,USA,Arizona,1977-02-25,48,Home,4,No,Client,0,0,0,4,1251975.85,312993.9625,452041.67,213442.59,111940.19995953176,994.0725,3976.29,314.92437742589595,4,2024-08-01,2025-04-01,4,4,0,1.0,0.0,243,1.0,1.0,1,1,45-54,Q3,9,1,1
C0285,Billy Parker,Individual,M,France,Ile-de-France,1999-03-09,26,Investment,3,No,Website,0,1,0,4,1679056.13,419764.0325,575785.08,239359.44,161534.44413047336,1423.1725,5692.69,293.6771392385392,4,2024-07-01,2025-08-01,4,4,0,1.0,0.0,396,1.0,1.0,0,1,<35,Q4 highest,4,18,2
C0286,Noah Brooks,Individual,M,UK,Scotland,1996-03-24,29,Home,1,No,Agency,0,0,0,3,859353.0900000001,286451.03,335095.0,246881.14,44801.51191544431,988.6033333333334,2965.81,288.8264568471256,3,2024-09-01,2025-08-01,3,3,0,1.0,0.0,334,1.0,1.0,0,1,<35,Q1 lowest,8,43,0
C0287,Joan Bell,Individual,F,Australia,New South Wales,1990-06-10,35,Home,5,No,Website,0,0,0,3,1171265.03,390421.6766666667,483565.19,306057.52,89078.9035339885,1205.9633333333334,3617.89,321.88720803401526,3,2024-09-01,2025-08-01,3,2,1,0.6666666666666666,0.3333333333333333,334,1.0,1.0,0,1,35-44,Q2,0,26,2
C0288,Kevin Freeman,Individual,M,USA,Colorado,1997-11-03,28,Investment,4,No,Agency,0,1,0,4,1364289.23,341072.3075,556972.3,156017.83,184788.67039523995,1198.3725,4793.49,287.0360447319884,4,2024-02-01,2025-06-01,4,4,0,1.0,0.0,486,1.0,1.0,1,1,<35,Q3,9,11,0
C0289,Laura Hayes,Individual,F,USA,California,1993-06-14,32,Investment,5,No,Agency,0,1,0,4,1533862.35,383465.5875,465791.79,303252.26,68173.70894243097,1200.2725,4801.09,322.225734907122,4,2024-01-01,2025-09-01,4,3,1,0.75,0.25,609,1.0,1.0,1,1,<35,Q4 highest,9,8,0
C0290,Ryan Watson,Individual,M,USA,California,1962-01-01,63,Home,2,No,Website,0,0,0,3,1215398.18,405132.7266666666,618068.19,212618.56,203494.7729917042,1337.1733333333334,4011.52,294.6227326225505,3,2024-01-01,2025-05-01,3,2,1,0.6666666666666666,0.3333333333333333,486,1.0,1.0,1,1,55-64,Q2,9,8,2
C0291,James Bryant,Individual,M,USA,Nevada,1953-07-06,72,Home,2,No,Agency,0,0,0,3,1322506.76,440835.58666666667,578696.13,217050.04,195535.93851629176,1523.6933333333334,4571.08,283.8696129801324,3,2024-02-01,2025-12-01,3,3,0,1.0,0.0,669,1.0,1.0,1,1,65+,Q3,9,25,0
C0292,Karen Watson,Individual,F,USA,California,1945-12-02,80,Home,1,No,Agency,0,0,0,4,1442818.3399999999,360704.58499999996,562572.19,232726.96,143277.78243166814,1084.0625,4336.25,332.09382962711913,4,2024-06-01,2025-07-01,3,4,0,1.0,0.0,395,1.0,1.3333333333333333,1,1,65+,Q4 highest,9,8,0
C0293,Ruth Collins,Individual,F,USA,California,1993-07-01,32,Investment,4,No,Website,0,1,0,4,1580876.65,395219.1625,555343.32,295510.6,115077.49710634317,1299.3274999999999,5197.3099999999995,305.79990656437246,4,2024-03-01,2025-08-01,4,4,0,1.0,0.0,518,1.0,1.0,1,1,<35,Q4 highest,9,8,2
C0294,Nicholas Reyes,Individual,M,USA,Nevada,1963-07-17,62,Home,3,Yes,Website,1,0,0,4,1027250.91,256812.7275,483003.01,163464.75,152393.7384415065,825.1324999999999,3300.5299999999997,305.5148768465298,4,2024-01-01,2025-02-01,3,3,1,0.75,0.25,397,1.0,1.3333333333333333,1,1,55-64,Q2,9,25,2
C0295,Roger Harris,Individual,M,Russia,Tatarstan,1967-09-07,58,Home,3,No,Agency,0,0,0,3,1350375.73,450125.24333333335,628455.63,241210.83,195425.6144857182,1413.8666666666668,4241.6,314.7560653893399,3,2024-11-01,2025-06-01,3,3,0,1.0,0.0,212,1.0,1.0,0,1,55-64,Q3,7,46,0
C0296,Mark Young,Individual,M,Canada,Manitoba,1984-04-06,41,Home,1,Yes,Client,1,0,0,3,1142875.46,380958.48666666663,449749.3,272780.53,94831.4119044878,1238.0233333333333,3714.07,307.38736313580745,3,2024-02-01,2025-08-01,3,3,0,1.0,0.0,547,1.0,1.0,0,1,35-44,Q2,2,22,1
C0297,Julia Murray,Individual,F,UK,Wales,1972-11-19,53,Investment,5,No,Agency,0,1,0,4,1709184.75,427296.1875,549203.19,239700.98,144014.36411809977,1422.9925,5691.97,305.6113981399422,4,2024-03-01,2024-08-01,3,4,0,1.0,0.0,153,1.0,1.3333333333333333,0,1,45-54,Q4 highest,8,51,0
C0298,Sarah Patterson,Individual,F,USA,Oregon,1972-11-10,53,Home,3,No,Website,0,0,0,4,1262479.23,315619.8075,565653.37,174310.03,178473.2642792584,1069.63,4278.52,294.6537940165552,4,2024-03-01,2025-12-01,4,3,1,0.75,0.25,640,1.0,1.0,1,1,45-54,Q3,9,37,2
C0299,Barbara Davis,Individual,F,UK,Wales,1977-05-03,48,Home,5,No,Agency,0,0,0,4,1177661.76,294415.44,495541.93,172520.48,149654.45519342594,948.7574999999999,3795.0299999999997,304.64949979748445,4,2024-01-01,2025-02-01,4,4,0,1.0,0.0,397,1.0,1.0,0,1,45-54,Q2,8,51,0
C0300,Zachary Peterson,Individual,M,Canada,Alberta,1959-04-11,66,Home,5,Yes,Website,1,0,0,3,844956.55,281652.18333333335,294620.75,271118.72,11938.745734508027,877.9633333333333,2633.89,322.1718424492012,3,2024-08-01,2025-08-01,3,3,0,1.0,0.0,365,1.0,1.0,0,1,65+,Q1 lowest,2,0,2
C0301,Lisa Alexander,Individual,F,USA,Virginia,1959-03-02,66,Home,4,No,Agency,0,0,0,3,1045776.52,348592.17333333334,452486.22,249424.37,101613.39362205175,1286.4266666666667,3859.28,276.5469053215637,3,2024-06-01,2024-11-01,3,3,0,1.0,0.0,153,1.0,1.0,1,1,65+,Q2,9,50,0
C0302,Maria Edwards,Individual,F,USA,Utah,1976-07-25,49,Investment,1,No,Agency,0,1,0,4,1654300.33,413575.0825,712128.48,190628.71,237313.36002436798,1239.145,4956.58,318.4358739570472,4,2024-07-01,2025-11-01,3,2,2,0.5,0.5,488,1.0,1.3333333333333333,1,1,45-54,Q4 highest,9,48,0
C0303,Betty Owens,Individual,F,USA,Virginia,1957-07-10,68,Investment,5,Yes,Website,1,1,0,4,1519113.12,379778.28,464094.48,319009.74,64704.48212964898,1242.0825,4968.33,313.2694872844787,4,2024-10-01,2025-03-01,3,3,1,0.75,0.25,151,1.0,1.3333333333333333,1,1,65+,Q4 highest,9,50,2
C0304,Patrick Morris,Individual,M,USA,California,1959-12-22,66,Investment,1,No,Agency,0,1,0,4,1685753.28,421438.32,664971.32,211715.31,197455.05813002225,1333.5625,5334.25,306.62799703926584,4,2024-08-01,2025-11-01,4,4,0,1.0,0.0,457,1.0,1.0,1,1,65+,Q4 highest,9,8,0
C0305,Emily Kim,Individual,F,USA,Arizona,1995-11-22,30,Home,1,No,Website,0,0,0,3,1327736.23,442578.74333333335,561574.14,324022.67,118776.34435582551,1493.243333333333,4479.73,295.9988305209763,3,2024-12-01,2025-06-01,3,2,1,0.6666666666666666,0.3333333333333333,182,1.0,1.0,1,1,<35,Q3,9,1,2
C0306,Samuel Foster,Individual,M,USA,California,1988-04-05,37,Home,1,No,Client,0,0,0,4,1399698.79,349924.6975,493102.83,230825.85,122407.25928474107,1075.5049999999999,4302.0199999999995,326.9407713397631,4,2024-03-01,2025-11-01,4,3,1,0.75,0.25,610,1.0,1.0,1,1,35-44,Q3,9,8,1
C0307,Samuel Freeman,Individual,M,USA,California,1992-10-13,33,Home,5,Yes,Client,1,0,0,4,1490170.3800000001,372542.59500000003,500020.84,288968.78,96481.64851408599,1167.105,4668.42,316.87830979740284,4,2024-03-01,2025-08-01,4,3,1,0.75,0.25,518,1.0,1.0,1,1,<35,Q4 highest,9,8,1
C0308,Catherine Roberts,Individual,F,Belgium,Flanders,1972-10-10,53,Investment,4,Yes,Agency,1,1,0,3,1176582.54,392194.18,528227.73,311089.65,118533.26273726669,1343.8166666666666,4031.45,288.303659067273,3,2024-04-01,2025-12-01,3,3,0,1.0,0.0,609,1.0,1.0,0,1,45-54,Q2,1,13,0
C0309,Stephanie Cox,Individual,F,USA,Washington,1957-10-15,68,Home,4,No,Agency,0,0,0,3,1382649.58,460883.19333333336,578028.54,259197.21,175424.3246627908,1412.2166666666665,4236.65,326.74190547944283,3,2024-02-01,2025-09-01,3,2,1,0.6666666666666666,0.3333333333333333,578,1.0,1.0,1,1,65+,Q3,9,53,0
C0310,Edward Weaver,Individual,M,UK,Northern Ireland,1992-05-02,33,Home,3,No,Website,0,0,0,3,1389329.62,463109.87333333335,525344.23,376814.3,77132.94780482227,1565.3233333333335,4695.97,296.1843667526323,3,2024-05-01,2025-05-01,3,3,0,1.0,0.0,365,1.0,1.0,0,1,<35,Q3,8,31,2
C0311,Justin Anderson,Individual,M,USA,Georgia,1952-03-09,73,Home,2,No,Website,0,0,0,4,1632999.56,408249.89,582311.86,285014.58,143424.49443185522,1312.8225,5251.29,308.61102952310074,4,2024-02-01,2025-08-01,4,3,1,0.75,0.25,547,1.0,1.0,1,1,65+,Q4 highest,9,15,2
C0312,Zachary Cooper,Individual,M,USA,Nevada,1941-01-14,84,Home,3,Yes,Website,1,0,0,4,1105668.66,276417.165,363263.79,178371.29,91461.11754579518,962.3199999999999,3849.2799999999997,286.1856970509979,4,2024-05-01,2025-05-01,4,4,0,1.0,0.0,365,1.0,1.0,1,1,65+,Q2,9,25,2
C0313,Stratos Co,Company,M,USA,California,1974-04-12,51,Home,1,No,Agency,0,0,1,3,1091085.9300000002,363695.31000000006,467065.87,242140.66,113559.82286985173,1190.3133333333333,3570.94,304.92115668437685,3,2024-08-01,2025-01-01,3,2,1,0.6666666666666666,0.3333333333333333,153,1.0,1.0,1,1,45-54,Q2,9,8,0
C0314,Andrew Jones,Individual,M,USA,Washington,1982-08-23,43,Investment,4,No,Agency,0,1,0,3,1040795.02,346931.67333333334,417096.92,258318.58,80980.75449306787,1138.4233333333334,3415.27,307.5866428042063,3,2024-07-01,2024-12-01,3,2,1,0.6666666666666666,0.3333333333333333,153,1.0,1.0,1,1,35-44,Q2,9,53,0
C0315,Michael Phillips,Individual,M,Mexico,Baja California,1987-03-18,38,Investment,5,No,Website,0,1,0,4,1178606.56,294651.64,560474.88,146274.65,186072.0825714123,979.6775,3918.71,303.08581200721073,4,2024-07-01,2025-10-01,4,3,1,0.75,0.25,457,1.0,1.0,0,1,35-44,Q2,6,2,2
C0316,Brandon Martin,Individual,M,UK,Scotland,1997-04-14,28,Investment,4,Yes,Website,1,1,0,4,1792447.27,448111.8175,541632.06,226667.28,149972.42466007685,1338.8999999999999,5355.599999999999,334.2632578322125,4,2024-01-01,2025-08-01,3,3,1,0.75,0.25,578,1.0,1.3333333333333333,0,1,<35,Q4 highest,8,43,2
C0317,Amber Hansen,Individual,F,USA,California,1999-11-17,26,Investment,2,Yes,Website,1,1,0,3,1248444.31,416148.10333333333,518973.54,281566.76,121847.53999838747,1451.2533333333333,4353.76,285.7972404273491,3,2024-02-01,2025-02-01,3,3,0,1.0,0.0,366,1.0,1.0,1,1,<35,Q3,9,8,2
C0318,Amy Peterson,Individual,F,Germany,Berlin,1974-03-22,51,Home,5,No,Website,0,0,0,3,871968.67,290656.2233333333,330533.73,257161.54,37100.20069524465,927.6066666666666,2782.8199999999997,316.1814473112375,3,2024-06-01,2024-10-01,3,3,0,1.0,0.0,122,1.0,1.0,0,1,45-54,Q1 lowest,5,4,2
C0319,Zynex Co,Company,F,USA,Texas,1995-11-12,30,Home,5,Yes,Website,1,0,1,4,2061054.65,515263.6625,614698.11,379274.31,103994.89252529258,1726.0575,6904.23,296.4407038672879,4,2024-04-01,2025-12-01,4,3,1,0.75,0.25,609,1.0,1.0,1,1,<35,Q4 highest,9,47,2
C0320,Tyler Cox,Individual,M,USA,Texas,1984-12-01,41,Home,3,Yes,Client,1,0,0,3,1317732.09,439244.03,569841.56,329559.53,121498.47572322011,1465.92,4397.76,296.9423125347185,3,2024-01-01,2024-02-01,2,2,1,0.6666666666666666,0.3333333333333333,31,1.0,1.5,1,1,35-44,Q3,9,47,1
C0321,Jesse Cook,Individual,M,USA,California,1992-01-12,33,Investment,2,No,Agency,0,1,0,4,1701753.71,425438.4275,541634.06,301641.79,123480.1593111642,1321.76,5287.04,320.08555841883503,4,2024-03-01,2025-04-01,4,4,0,1.0,0.0,396,1.0,1.0,1,1,<35,Q4 highest,9,8,0
C0322,Deborah Moore,Individual,F,USA,California,1996-12-25,29,Home,2,Yes,Website,1,0,0,3,1347002.93,449000.9766666666,591179.27,338571.79,129261.9010713758,1445.2933333333333,4335.88,318.0864752801751,3,2024-06-01,2025-07-01,3,2,1,0.6666666666666666,0.3333333333333333,395,1.0,1.0,1,1,<35,Q3,9,8,2
C0323,Samantha Hayes,Individual,F,USA,California,1975-09-16,50,Investment,2,Yes,Website,1,1,0,3,1230825.62,410275.2066666667,545057.23,223589.36,166900.87782287915,1308.5133333333333,3925.54,310.6404621508214,3,2024-07-01,2025-08-01,3,2,1,0.6666666666666666,0.3333333333333333,396,1.0,1.0,1,1,45-54,Q3,9,8,2
C0324,Raymond Parker,Individual,M,USA,Washington,1993-06-14,32,Home,4,No,Website,0,0,0,3,1147121.25,382373.75,517353.17,243338.41,137052.39888359923,1313.16,3939.48,297.08544836991325,3,2024-09-01,2025-06-01,3,2,1,0.6666666666666666,0.3333333333333333,273,1.0,1.0,1,1,<35,Q2,9,53,2
C0325,Maria Flores,Individual,F,USA,California,1983-02-24,42,Home,5,Yes,Agency,1,0,0,4,1205175.56,301293.89,488081.56,117558.15,161959.2635729637,1030.1225,4120.49,286.38612411264194,4,2024-01-01,2025-05-01,4,2,2,0.5,0.5,486,1.0,1.0,1,1,35-44,Q2,9,8,0
C0326,Daniel Reed,Individual,M,USA,Oregon,1958-05-10,67,Investment,4,Yes,Agency,1,1,0,4,1321975.5,330493.875,577426.88,138157.57,190325.4957697559,1028.1275,4112.51,325.0785062395622,4,2024-06-01,2025-08-01,4,4,0,1.0,0.0,426,1.0,1.0,1,1,65+,Q3,9,37,0
C0327,Elizabeth Ward,Individual,F,UK,Scotland,1961-07-09,64,Home,1,No,Agency,0,0,0,4,1116366.72,279091.68,530962.64,170653.24,169583.69613220033,933.355,3733.42,296.22191505254114,4,2024-06-01,2025-12-01,4,4,0,1.0,0.0,548,1.0,1.0,0,1,55-64,Q2,8,43,0
C0328,William Young,Individual,M,USA,California,1946-10-22,79,Home,1,Yes,Client,1,0,0,4,1356560.31,339140.0775,504707.33,216148.29,120353.89435375363,1030.21,4120.84,327.5047492642996,4,2024-03-01,2025-10-01,4,4,0,1.0,0.0,579,1.0,1.0,1,1,65+,Q3,9,8,1
C0329,Diane Morales,Individual,F,Germany,Hesse,1998-10-05,27,Home,3,No,Agency,0,0,0,3,770062.4,256687.46666666667,337233.0,141835.85,102116.07156704488,922.6666666666666,2768.0,284.9675204985411,3,2024-03-01,2025-10-01,3,3,0,1.0,0.0,579,1.0,1.0,0,1,<35,Q1 lowest,5,17,0
C0330,Christian Richardson,Individual,M,USA,California,1975-06-21,50,Home,1,No,Website,0,0,0,4,1331463.63,332865.9075,453899.37,221149.9,127232.17109585855,1146.9925,4587.97,295.4457320102523,4,2024-04-01,2025-06-01,3,4,0,1.0,0.0,426,1.0,1.3333333333333333,1,1,45-54,Q3,9,8,2
C0331,Ann Martin,Individual,F,USA,California,1984-05-23,41,Investment,3,No,Agency,0,1,0,4,1546334.4,386583.6,486548.28,204935.44,124486.77723773585,1259.95,5039.8,302.88510282847795,4,2024-03-01,2025-06-01,4,3,1,0.75,0.25,457,1.0,1.0,1,1,35-44,Q4 highest,9,8,0
C0332,Christopher Price,Individual,M,USA,Texas,1989-12-15,36,Investment,3,No,Website,0,1,0,3,1209987.46,403329.1533333333,510194.12,211905.04,166152.88374132337,1435.6633333333332,4306.99,279.22382181893295,3,2024-05-01,2025-10-01,3,2,1,0.6666666666666666,0.3333333333333333,518,1.0,1.0,1,1,35-44,Q2,9,47,2
C0333,Helen Hall,Individual,F,UK,Wales,1955-12-23,70,Home,3,No,Website,0,0,0,3,1118960.06,372986.6866666667,544042.09,130153.08,216078.9462326583,1203.39,3610.17,299.3859336879596,3,2024-02-01,2025-04-01,3,2,1,0.6666666666666666,0.3333333333333333,425,1.0,1.0,0,1,65+,Q2,8,51,2
C0334,Andrew Roberts,Individual,M,USA,Arizona,1950-08-01,75,Investment,3,No,Agency,0,1,0,4,1445655.93,361413.9825,565288.74,196588.07,192712.38246902512,1047.99,4191.96,328.6288068018344,4,2024-03-01,2024-12-01,4,2,2,0.5,0.5,275,1.0,1.0,1,1,65+,Q4 highest,9,1,0
C0335,Charles Morris,Individual,M,USA,Arizona,1975-12-24,50,Home,4,No,Website,0,0,0,4,1478341.12,369585.28,593581.03,192263.39,174425.0747751349,1190.4075,4761.63,312.04912702719423,4,2024-04-01,2025-10-01,3,2,2,0.5,0.5,548,1.0,1.3333333333333333,1,1,45-54,Q4 highest,9,1,2
C0336,Karen Price,Individual,F,USA,California,1971-11-17,54,Investment,5,No,Agency,0,1,0,3,1163690.5899999999,387896.8633333333,627613.85,111035.88,260284.37743862043,1226.8766666666668,3680.63,301.12306123464424,3,2024-03-01,2024-12-01,3,3,0,1.0,0.0,275,1.0,1.0,1,1,45-54,Q2,9,8,0
C0337,Nathan Alexander,Individual,M,USA,Arizona,1942-01-27,83,Home,3,Yes,Website,1,0,0,3,759310.2,253103.4,405740.25,150284.25,134817.63389470792,893.3766666666667,2680.13,284.4843290368854,3,2024-10-01,2025-04-01,3,3,0,1.0,0.0,182,1.0,1.0,1,1,65+,Q1 lowest,9,1,2
C0338,Patrick Flores,Individual,M,USA,California,1943-05-28,82,Home,5,Yes,Website,1,0,0,4,1488671.1300000001,372167.78250000003,539440.64,215053.02,166202.85570984762,1227.17,4908.68,312.0553514031193,4,2024-02-01,2025-12-01,4,2,2,0.5,0.5,669,1.0,1.0,1,1,65+,Q4 highest,9,8,2
C0339,Keith King,Individual,M,USA,Utah,1963-10-05,62,Investment,5,No,Agency,0,1,0,4,1548824.23,387206.0575,503290.73,253669.32,118368.27651852228,1170.135,4680.54,331.2701829233304,4,2024-02-01,2025-12-01,3,4,0,1.0,0.0,669,1.0,1.3333333333333333,1,1,55-64,Q4 highest,9,48,0
C0340,Daniel Garcia,Individual,M,USA,California,1940-11-25,85,Investment,2,No,Agency,0,1,0,3,1047500.4199999999,349166.80666666664,437506.24,233668.32,104597.72961663046,1263.5766666666666,3790.73,280.78386472986784,3,2024-06-01,2025-11-01,3,3,0,1.0,0.0,518,1.0,1.0,1,1,65+,Q2,9,8,0
C0341,Carl Chavez,Individual,M,USA,California,1982-11-10,43,Investment,4,No,Agency,0,1,0,4,1679555.42,419888.855,584357.04,154353.28,190706.33334571306,1293.0725,5172.29,317.5731591876758,4,2024-03-01,2025-09-01,3,4,0,1.0,0.0,549,1.0,1.3333333333333333,1,1,35-44,Q4 highest,9,8,0
C0342,Kevin Hughes,Individual,M,USA,California,1974-08-15,51,Investment,2,No,Client,0,1,0,3,1290567.3900000001,430189.13000000006,545582.64,222155.47,180521.27746492685,1286.43,3859.29,328.5154318223778,3,2024-07-01,2025-09-01,3,3,0,1.0,0.0,427,1.0,1.0,1,1,45-54,Q3,9,8,1
C0343,Joyce Thompson,Individual,F,USA,California,1952-06-17,73,Home,2,No,Website,0,0,0,4,1630923.97,407730.9925,626989.8,203521.4,188145.15662889535,1374.585,5498.34,297.02815309476205,4,2024-02-01,2025-08-01,4,4,0,1.0,0.0,547,1.0,1.0,1,1,65+,Q4 highest,9,8,2
C0344,Joshua Jackson,Individual,M,Canada,British Columbia,1997-05-13,28,Home,2,Yes,Website,1,0,0,4,1276344.68,319086.17,450231.11,223568.77,111099.98728454861,1059.9375,4239.75,302.0567047165623,4,2025-04-01,2025-11-01,4,4,0,1.0,0.0,214,1.0,1.0,0,1,<35,Q3,2,5,2
C0345,Stephanie Hall,Individual,F,USA,New York,1969-09-15,56,Home,4,Yes,Website,1,0,0,3,1339687.25,446562.4166666667,495847.14,416775.71,42990.72284820799,1510.3766666666668,4531.13,300.46366304724853,3,2024-03-01,2025-08-01,3,2,1,0.6666666666666666,0.3333333333333333,518,1.0,1.0,1,1,55-64,Q3,9,27,2
C0346,Amy Nelson,Individual,F,USA,California,1963-06-02,62,Home,5,No,Agency,0,0,0,3,1174812.8599999999,391604.2866666666,492067.86,241805.57,132224.3197176731,1271.67,3815.01,310.0140757745108,3,2024-03-01,2025-05-01,3,3,0,1.0,0.0,426,1.0,1.0,1,1,55-64,Q2,9,8,0
C0347,Mark Reyes,Individual,M,USA,Washington,1992-05-24,33,Home,3,Yes,Website,1,0,0,3,1378006.45,459335.48333333334,476814.14,445059.31,16117.823417181167,1471.6200000000001,4414.860000000001,314.2399384440205,3,2024-05-01,2025-11-01,3,1,2,0.3333333333333333,0.6666666666666666,549,1.0,1.0,1,1,<35,Q3,9,53,2
C0348,Jack Pierce,Individual,M,USA,Colorado,1982-02-13,43,Investment,5,Yes,Agency,1,1,0,4,1482633.92,370658.48,571558.04,199268.27,178075.05669036997,1246.7075,4986.83,293.5582443960669,4,2024-12-01,2025-10-01,4,4,0,1.0,0.0,304,1.0,1.0,1,1,35-44,Q4 highest,9,11,0
C0349,Paul Jackson,Individual,M,USA,Arizona,1975-06-26,50,Home,2,Yes,Agency,1,0,0,3,1065745.84,355248.61333333334,536330.79,251404.16,157385.0232712015,1124.5,3373.5,319.2896042097387,3,2024-02-01,2025-09-01,3,2,1,0.6666666666666666,0.3333333333333333,578,1.0,1.0,1,1,45-54,Q2,9,1,0
C0350,Richard Jones,Individual,M,USA,Arizona,1992-12-11,33,Home,2,No,Agency,0,0,0,3,1066408.3,355469.43333333335,501574.06,266868.89,127482.03366038458,1206.2733333333333,3618.8199999999997,296.5916270272384,3,2024-07-01,2025-05-01,3,2,1,0.6666666666666666,0.3333333333333333,304,1.0,1.0,1,1,<35,Q2,9,1,0
C0351,Michelle Watson,Individual,F,USA,Oregon,1961-12-27,64,Home,5,No,Agency,0,0,0,4,1551113.76,387778.44,536210.24,232221.73,166078.2746260375,1260.0625,5040.25,311.1977892874013,4,2025-01-01,2025-11-01,4,3,1,0.75,0.25,304,1.0,1.0,1,1,55-64,Q4 highest,9,37,0
C0352,Judith Williams,Individual,F,USA,Nevada,1977-06-22,48,Investment,3,No,Agency,0,1,0,3,1339830.04,446610.01333333337,563932.05,254694.6,167571.11625374772,1447.82,4343.46,309.9987605861159,3,2024-03-01,2024-09-01,3,3,0,1.0,0.0,184,1.0,1.0,1,1,45-54,Q3,9,25,0
C0353,Anna Murray,Individual,F,USA,Arizona,1964-04-24,61,Home,2,No,Agency,0,0,0,3,889855.16,296618.38666666666,348984.03,219176.28,68440.73896442552,980.8699999999999,2942.6099999999997,301.9405053330321,3,2024-04-01,2025-12-01,3,3,0,1.0,0.0,609,1.0,1.0,1,1,55-64,Q1 lowest,9,1,0
C0354,Kimberly Turner,Individual,F,USA,California,1998-10-23,27,Home,4,No,Website,0,0,0,3,962196.6000000001,320732.2,401828.82,247494.01,77466.92575533573,1059.1499999999999,3177.45,307.43997805800313,3,2024-02-01,2024-11-01,3,2,1,0.6666666666666666,0.3333333333333333,274,1.0,1.0,1,1,<35,Q1 lowest,9,8,2
C0355,Henry Alexander,Individual,M,Mexico,Baja California,1951-10-16,74,Investment,1,No,Website,0,1,0,3,1029593.97,343197.99,371216.81,290759.45,45448.7484778316,1273.45,3820.35,269.231546180389,3,2024-04-01,2025-05-01,3,3,0,1.0,0.0,395,1.0,1.0,0,1,65+,Q2,6,2,2
C0356,Andrea Kim,Individual,F,USA,Georgia,1976-06-06,49,Home,3,No,Website,0,0,0,4,964351.9,241087.975,356415.65,184463.78,79721.27697960628,816.16,3264.64,292.63598367500725,4,2024-03-01,2025-11-01,3,4,0,1.0,0.0,610,1.0,1.3333333333333333,1,1,45-54,Q1 lowest,9,15,2
C0357,Danielle Griffin,Individual,F,USA,California,1988-04-09,37,Home,3,No,Website,0,0,0,3,970629.22,323543.0733333333,440318.57,195445.31,122828.63533236147,1059.3466666666666,3178.04,311.3215166895127,3,2024-02-01,2025-09-01,3,2,1,0.6666666666666666,0.3333333333333333,578,1.0,1.0,1,1,35-44,Q1 lowest,9,8,2
C0358,Katherine Griffin,Individual,F,Australia,New South Wales,1978-09-26,47,Home,3,Yes,Agency,1,0,0,3,1150919.74,383639.91333333333,448849.01,324753.68,62288.816672828485,1240.6066666666666,3721.8199999999997,311.4839936166393,3,2024-06-01,2024-11-01,3,2,1,0.6666666666666666,0.3333333333333333,153,1.0,1.0,0,1,45-54,Q2,0,26,0
C0359,Julie Cooper,Individual,F,USA,California,1951-03-10,74,Investment,1,No,Agency,0,1,0,3,1098189.8900000001,366063.2966666667,504517.39,199912.89,154179.40745850638,1308.5133333333333,3925.54,277.1234294037575,3,2024-05-01,2025-10-01,3,3,0,1.0,0.0,518,1.0,1.0,1,1,65+,Q2,9,8,0
C0360,Laura Baker,Individual,F,USA,Utah,1948-09-09,77,Home,2,Yes,Agency,1,0,0,4,1978026.48,494506.62,563291.28,397081.68,71804.58417736899,1676.3825,6705.53,294.6673252367168,4,2024-06-01,2025-12-01,4,4,0,1.0,0.0,548,1.0,1.0,1,1,65+,Q4 highest,9,48,0
C0361,Nicholas Miller,Individual,M,UK,England,1958-09-08,67,Home,1,Yes,Website,1,0,0,4,1468372.25,367093.0625,471871.72,220806.64,118043.29238580915,1222.5974999999999,4890.389999999999,303.6700564236641,4,2024-09-01,2024-11-01,3,3,1,0.75,0.25,61,1.0,1.3333333333333333,0,1,65+,Q4 highest,8,12,2
C0362,Betty Moore,Individual,F,USA,Utah,2000-09-06,25,Home,4,No,Website,0,0,0,3,1129669.4,376556.4666666666,479711.66,182294.98,168343.21459227314,1162.6166666666666,3487.85,319.6891059879742,3,2024-04-01,2025-07-01,3,3,0,1.0,0.0,456,1.0,1.0,1,1,<35,Q2,9,48,2
C0363,Christine Edwards,Individual,F,USA,Utah,1959-01-25,66,Investment,2,No,Client,0,1,0,4,1232301.44,308075.36,468524.95,169223.27,135546.7123933468,929.6975,3718.79,321.83400059422536,4,2024-08-01,2025-05-01,3,3,1,0.75,0.25,273,1.0,1.3333333333333333,1,1,65+,Q3,9,48,1
C0364,George Gray,Individual,M,USA,Texas,1944-03-02,81,Home,2,No,Website,0,0,0,4,1492505.18,373126.295,627189.08,183516.5,195136.21819208883,1261.78,5047.12,292.4122292635231,4,2024-01-01,2024-07-01,3,2,2,0.5,0.5,182,1.0,1.3333333333333333,1,1,65+,Q4 highest,9,47,2
C0365,Brandon Morales,Individual,M,USA,Colorado,1962-02-11,63,Investment,5,No,Agency,0,1,0,3,951259.9,317086.63333333336,435723.27,159920.2,141881.08499281088,1164.9766666666667,3494.9300000000003,275.7780692701144,3,2024-07-01,2025-05-01,3,3,0,1.0,0.0,304,1.0,1.0,1,1,55-64,Q1 lowest,9,11,0
C0366,Keith Long,Individual,M,USA,California,1983-04-26,42,Home,4,No,Website,0,0,0,3,1420135.32,473378.44,668066.43,225455.98,226056.26337139236,1452.2633333333333,4356.79,316.81346853217974,3,2024-03-01,2025-02-01,3,1,2,0.3333333333333333,0.6666666666666666,337,1.0,1.0,1,1,35-44,Q3,9,8,2
C0367,Samuel Collins,Individual,M,USA,California,1964-11-25,61,Investment,4,No,Agency,0,1,0,4,1662617.88,415654.47,593682.12,241468.69,158081.78933499096,1269.065,5076.26,324.83524052336105,4,2024-07-01,2025-09-01,4,2,2,0.5,0.5,427,1.0,1.0,1,1,55-64,Q4 highest,9,8,0
C0368,Betty Scott,Individual,F,USA,California,1992-08-11,33,Home,4,Yes,Agency,1,0,0,4,1494552.45,373638.1125,589380.74,172251.51,192749.10461445115,1136.215,4544.86,327.32400753374435,4,2024-02-01,2025-07-01,4,3,1,0.75,0.25,516,1.0,1.0,1,1,<35,Q4 highest,9,8,0
C0369,Helen Murray,Individual,F,USA,Utah,1954-10-01,71,Home,2,Yes,Agency,1,0,0,4,1586439.08,396609.77,604849.17,172499.8,188122.88038659183,1333.5625,5334.25,288.11277877378416,4,2024-06-01,2025-08-01,4,4,0,1.0,0.0,426,1.0,1.0,1,1,65+,Q4 highest,9,48,0
C0370,Michelle Brooks,Individual,F,Russia,Krasnodar Krai,1957-09-23,68,Home,1,No,Website,0,0,0,4,1613633.3900000001,403408.34750000003,552125.64,320644.43,101923.70556193437,1334.8775,5339.51,304.0319808491904,4,2024-03-01,2025-06-01,4,4,0,1.0,0.0,457,1.0,1.0,0,1,65+,Q4 highest,7,21,2
C0371,Ryan Moore,Individual,M,Belgium,Wallonia,1970-03-15,55,Investment,3,No,Agency,0,1,0,3,827208.61,275736.2033333333,369988.32,152103.81,111874.10521314766,842.68,2528.04,326.6072425296932,3,2024-05-01,2024-11-01,3,2,1,0.6666666666666666,0.3333333333333333,184,1.0,1.0,0,1,55-64,Q1 lowest,1,52,0
C0372,Teresa Nelson,Individual,F,Belgium,Flanders,1952-04-22,73,Investment,1,No,Agency,0,1,0,3,1280128.06,426709.35333333333,541782.12,241961.7,161598.3088904514,1361.7433333333333,4085.23,309.50534540154507,3,2024-04-01,2025-11-01,3,3,0,1.0,0.0,579,1.0,1.0,0,1,65+,Q3,1,13,0
C0373,Karen Morales,Individual,F,USA,Georgia,1993-01-27,32,Home,2,No,Agency,0,0,0,3,1047277.1799999999,349092.3933333333,512134.29,207576.51,153415.7334733052,1160.5133333333333,3481.54,303.34029592197317,3,2024-10-01,2025-03-01,3,2,1,0.6666666666666666,0.3333333333333333,151,1.0,1.0,1,1,<35,Q2,9,15,0
C0374,Madison Hughes,Individual,F,Australia,New South Wales,1993-11-07,32,Investment,4,Yes,Agency,1,1,0,4,916825.86,229206.465,272720.31,174301.38,40785.95473106111,735.11,2940.44,316.86755206486544,4,2024-01-01,2024-10-01,3,3,1,0.75,0.25,274,1.0,1.3333333333333333,0,1,<35,Q1 lowest,0,26,0
C0375,Kyle Thompson,Individual,M,USA,California,1968-07-15,57,Investment,4,No,Website,0,1,0,3,1178580.6400000001,392860.2133333334,463091.82,316514.21,73479.8497771738,1224.68,3674.04,319.28680511141596,3,2024-05-01,2025-01-01,3,2,1,0.6666666666666666,0.3333333333333333,245,1.0,1.0,1,1,55-64,Q2,9,8,2
C0376,Shirley Smith,Individual,F,USA,California,1953-04-19,72,Home,3,No,Website,0,0,0,3,1182808.29,394269.43,474499.21,292899.87,92626.92802822082,1361.7433333333333,4085.23,298.9659387154721,3,2024-03-01,2024-06-01,2,2,1,0.6666666666666666,0.3333333333333333,92,1.0,1.5,1,1,65+,Q2,9,8,2
C0377,Charles Patterson,Individual,M,USA,Washington,1998-05-14,27,Home,4,No,Website,0,0,0,3,822780.32,274260.10666666663,319434.72,246908.49,39411.39324025773,904.0466666666667,2712.1400000000003,304.7935850232173,3,2024-04-01,2025-06-01,3,2,1,0.6666666666666666,0.3333333333333333,426,1.0,1.0,1,1,<35,Q1 lowest,9,53,2
C0378,Heather Anderson,Individual,F,USA,California,1957-11-28,68,Investment,3,Yes,Website,1,1,0,3,812387.51,270795.83666666667,349197.14,215852.8,69698.60801165426,983.4266666666667,2950.28,275.12811466232733,3,2024-08-01,2025-07-01,3,3,0,1.0,0.0,334,1.0,1.0,1,1,65+,Q1 lowest,9,8,2
C0379,Optima Co,Company,M,USA,California,1977-04-22,48,Investment,2,Yes,Client,1,1,1,4,1254919.3599999999,313729.83999999997,415669.45,148198.24,115646.83936188169,1115.505,4462.02,277.03028561814415,4,2024-02-01,2025-07-01,4,3,1,0.75,0.25,516,1.0,1.0,1,1,45-54,Q3,9,8,1
C0380,Evelyn Chavez,Individual,F,USA,California,1973-09-13,52,Home,3,Yes,Website,1,0,0,3,939708.87,313236.29,518564.66,199667.31,178153.63930926222,1175.45,3526.3500000000004,264.1700106052158,3,2024-04-01,2024-09-01,3,2,1,0.6666666666666666,0.3333333333333333,153,1.0,1.0,1,1,45-54,Q1 lowest,9,8,2
C0381,David Gray,Individual,M,USA,California,1961-01-08,64,Home,5,Yes,Agency,1,0,0,3,878913.19,292971.0633333333,315056.1,278765.3,19386.019507780176,1188.2333333333333,3564.7,247.61239219170298,3,2024-06-01,2025-12-01,3,3,0,1.0,0.0,548,1.0,1.0,1,1,55-64,Q1 lowest,9,8,0
C0382,Nicholas Garcia,Individual,M,USA,California,1975-08-08,50,Investment,1,Yes,Agency,1,1,0,3,980139.25,326713.0833333333,397171.33,275110.41,63177.26277790245,980.8699999999999,2942.6099999999997,334.35323184783533,3,2024-06-01,2024-09-01,2,2,1,0.6666666666666666,0.3333333333333333,92,1.0,1.5,1,1,45-54,Q1 lowest,9,8,0
C0383,Novex Co,Company,F,Mexico,Mexico City,1985-11-09,40,Investment,3,No,Agency,0,1,1,4,968070.64,242017.66,454071.94,126200.04,147559.32640438984,809.6575,3238.63,293.1790859595892,4,2024-03-01,2025-10-01,4,4,0,1.0,0.0,579,1.0,1.0,0,1,35-44,Q1 lowest,6,23,0
C0384,Amy Stewart,Individual,F,USA,California,1944-03-22,81,Home,3,Yes,Website,1,0,0,3,1010761.74,336920.58,366344.49,283367.29,46454.000520388996,1049.3799999999999,3148.14,326.1556369811854,3,2024-07-01,2025-12-01,3,3,0,1.0,0.0,518,1.0,1.0,1,1,65+,Q1 lowest,9,8,2
C0385,Douglas Owens,Individual,M,UK,Northern Ireland,1969-01-12,56,Investment,4,No,Website,0,1,0,3,1289646.4100000001,429882.1366666667,605784.18,280404.22,164291.52578563645,1277.2733333333333,3831.8199999999997,337.4718781773158,3,2024-04-01,2025-12-01,3,3,0,1.0,0.0,609,1.0,1.0,0,1,55-64,Q3,8,31,2
C0386,Carol Stewart,Individual,F,USA,Colorado,1976-03-25,49,Home,2,No,Client,0,0,0,3,1633972.21,544657.4033333333,704058.44,409266.01,148855.60596118515,1445.08,4335.24,373.74485785009733,3,2024-09-01,2025-10-01,3,1,2,0.3333333333333333,0.6666666666666666,395,1.0,1.0,1,1,45-54,Q4 highest,9,11,1
C0387,Jessica Owens,Individual,F,USA,California,1974-07-18,51,Home,2,Yes,Website,1,0,0,4,1992983.55,498245.8875,575135.54,390369.6,77706.02449074222,1555.2975000000001,6221.1900000000005,319.8735674974433,4,2024-04-01,2025-09-01,4,4,0,1.0,0.0,518,1.0,1.0,1,1,45-54,Q4 highest,9,8,2
C0388,Zachary Cox,Individual,M,USA,California,1995-09-24,30,Home,4,No,Agency,0,0,0,3,961894.92,320631.64,395393.94,211905.97,96343.61245042611,975.9433333333333,2927.83,330.03455243509705,3,2024-07-01,2025-03-01,3,2,1,0.6666666666666666,0.3333333333333333,243,1.0,1.0,1,1,<35,Q1 lowest,9,8,0
C0389,Ronald Stone,Individual,M,USA,Colorado,1954-11-18,71,Home,3,No,Website,0,0,0,4,1261549.0899999999,315387.27249999996,439227.72,146344.44,141813.49115459062,1119.0900000000001,4476.360000000001,290.2584398047477,4,2024-05-01,2025-06-01,4,2,2,0.5,0.5,396,1.0,1.0,1,1,65+,Q3,9,11,2
C0390,Steven Griffin,Individual,M,Canada,Quebec,1942-04-23,83,Investment,2,No,Website,0,1,0,4,1678762.0699999998,419690.51749999996,550273.32,249209.28,138644.07515633985,1295.2649999999999,5181.0599999999995,331.66644794911855,4,2024-06-01,2024-09-01,4,3,1,0.75,0.25,92,1.0,1.0,0,1,65+,Q4 highest,2,40,2
C0391,Heather Long,Individual,F,USA,California,1966-11-12,59,Home,5,No,Agency,0,0,0,3,1035012.9099999999,345004.3033333333,502064.98,242144.72,138177.25673392648,1064.4166666666667,3193.25,324.92570886620587,3,2024-01-01,2024-08-01,3,3,0,1.0,0.0,213,1.0,1.0,1,1,55-64,Q2,9,8,0
C0392,Katherine Adams,Individual,F,USA,Arizona,1977-06-14,48,Home,2,Yes,Website,1,0,0,4,1015830.03,253957.5075,448959.32,135718.84,138516.25356785665,922.6600000000001,3690.6400000000003,272.48890928553595,4,2024-05-01,2025-09-01,4,4,0,1.0,0.0,488,1.0,1.0,1,1,45-54,Q1 lowest,9,1,2
C0393,Nicole Allen,Individual,F,USA,Arizona,1988-06-08,37,Home,4,No,Agency,0,0,0,4,1616556.78,404139.195,492421.76,340541.6,63647.06933942756,1298.145,5192.58,313.7124550314773,4,2024-05-01,2025-05-01,4,3,1,0.75,0.25,365,1.0,1.0,1,1,35-44,Q4 highest,9,1,0
C0394,Shirley Foster,Individual,F,USA,Colorado,1954-11-24,71,Home,3,Yes,Website,1,0,0,4,1258840.0,314710.0,600821.21,153024.68,202660.84117723958,1041.8025,4167.21,292.80734079965566,4,2024-04-01,2025-08-01,4,3,1,0.75,0.25,487,1.0,1.0,1,1,65+,Q3,9,11,2
C0395,Deborah Chavez,Individual,F,USA,Florida,1959-01-17,66,Home,1,No,Website,0,0,0,3,1153134.48,384378.16,493489.81,305098.44,97674.38307080777,1303.4733333333334,3910.42,300.0076340913001,3,2024-04-01,2025-01-01,3,2,1,0.6666666666666666,0.3333333333333333,275,1.0,1.0,1,1,65+,Q2,9,14,2
C0396,Charles Allen,Individual,M,USA,Nevada,2000-04-17,25,Home,5,No,Agency,0,0,0,4,1181447.25,295361.8125,414855.4,178488.52,112840.80811115379,896.2524999999999,3585.0099999999998,325.39102840117124,4,2024-01-01,2025-08-01,4,4,0,1.0,0.0,578,1.0,1.0,1,1,<35,Q2,9,25,0
C0397,Hannah Williams,Individual,F,USA,California,2000-09-18,25,Home,5,No,Website,0,0,0,3,793543.27,264514.42333333334,299573.55,239134.14,31360.65331734069,862.11,2586.33,306.5224231458849,3,2024-03-01,2025-07-01,3,3,0,1.0,0.0,487,1.0,1.0,1,1,<35,Q1 lowest,9,8,2
C0398,Jennifer Alexander,Individual,F,USA,Texas,1948-12-22,77,Home,1,Yes,Agency,1,0,0,4,1186693.85,296673.4625,416143.54,129469.7,135368.52714845806,935.765,3743.06,307.7780713117717,4,2024-03-01,2024-07-01,3,3,1,0.75,0.25,122,1.0,1.3333333333333333,1,1,65+,Q2,9,47,0
C0399,Albert Kim,Individual,M,USA,California,1984-06-09,41,Home,4,No,Agency,0,0,0,4,1229057.49,307264.3725,470140.59,227335.39,112041.75206028283,1093.05,4372.2,280.14179966702727,4,2024-01-01,2025-02-01,4,3,1,0.75,0.25,397,1.0,1.0,1,1,35-44,Q3,9,8,0
C0400,Brandon Anderson,Individual,M,USA,California,1959-11-25,66,Home,4,No,Agency,0,0,0,4,1360152.99,340038.2475,479620.3,197007.65,124529.35557863118,1239.145,4956.58,281.3228620371108,4,2024-01-01,2025-06-01,4,4,0,1.0,0.0,517,1.0,1.0,1,1,65+,Q3,9,8,0
C0401,Brian Anderson,Individual,M,USA,Arizona,1969-07-21,56,Home,5,Yes,Website,1,0,0,4,1020913.0700000001,255228.26750000002,338232.19,207963.57,57610.271911482574,853.07,3412.28,302.2393174029927,4,2024-01-01,2025-04-01,4,4,0,1.0,0.0,456,1.0,1.0,1,1,55-64,Q1 lowest,9,1,2
C0402,Brenda Garcia,Individual,F,USA,Georgia,1941-02-22,84,Home,5,No,Website,0,0,0,3,1054166.95,351388.98333333334,419555.74,251843.7,88149.25434777333,1102.8633333333335,3308.59,321.6006217207176,3,2024-02-01,2025-10-01,3,3,0,1.0,0.0,608,1.0,1.0,1,1,65+,Q2,9,15,2
C0403,Jennifer Adams,Individual,F,Australia,New South Wales,1963-03-25,62,Home,1,No,Website,0,0,0,3,878792.98,292930.99333333335,430423.76,197541.36,122016.63179584715,1060.9733333333334,3182.92,283.50875319866367,3,2024-04-01,2024-07-01,3,2,1,0.6666666666666666,0.3333333333333333,91,1.0,1.0,0,1,55-64,Q1 lowest,0,26,2
C0404,Sara Cook,Individual,F,France,Normandy,1976-12-05,49,Investment,1,No,Client,0,1,0,3,731788.96,243929.65333333332,385857.81,170715.21,122933.98791112094,753.3133333333334,2259.94,316.9473423836062,3,2024-06-01,2025-11-01,3,3,0,1.0,0.0,518,1.0,1.0,0,1,45-54,Q1 lowest,4,28,1
C0405,Horizon Co,Company,M,USA,Colorado,1969-12-25,56,Home,1,No,Agency,0,0,1,4,1310963.25,327740.8125,453518.72,149919.38,127802.45498722557,1140.38,4561.52,287.2931397143084,4,2024-02-01,2025-05-01,4,4,0,1.0,0.0,455,1.0,1.0,1,1,55-64,Q3,9,11,0
C0406,Christine Brown,Individual,F,USA,Colorado,1960-05-26,65,Home,3,No,Website,0,0,0,4,1317165.12,329291.28,525171.0,214175.32,140068.42536064365,1090.1925,4360.77,309.6720098443668,4,2024-03-01,2025-01-01,4,3,1,0.75,0.25,306,1.0,1.0,1,1,65+,Q3,9,11,2
C0407,Lisa Freeman,Individual,F,USA,California,1982-04-23,43,Home,2,No,Client,0,0,0,4,1254494.91,313623.7275,406850.28,203858.66,83794.44218701436,1045.8025,4183.21,300.95370130801626,4,2024-04-01,2024-12-01,3,4,0,1.0,0.0,244,1.0,1.3333333333333333,1,1,35-44,Q3,9,8,1
C0408,Tyler Rogers,Individual,M,USA,California,1977-02-03,48,Home,3,No,Website,0,0,0,3,1320497.01,440165.67,574122.16,242012.41,175114.64950166305,1413.0600000000002,4239.18,312.61587796358623,3,2024-05-01,2025-10-01,3,3,0,1.0,0.0,518,1.0,1.0,1,1,45-54,Q3,9,8,2
C0409,Timothy Reyes,Individual,M,USA,Nevada,1972-09-18,53,Home,1,Yes,Website,1,0,0,4,1816669.2,454167.3,599891.42,296993.27,128614.98911491848,1449.3775,5797.51,326.98781819756886,4,2024-02-01,2024-12-01,4,2,2,0.5,0.5,304,1.0,1.0,1,1,45-54,Q4 highest,9,25,2
C0410,Diane Johnson,Individual,F,Russia,Saint Petersburg,1982-07-13,43,Home,5,Yes,Agency,1,0,0,3,1021706.02,340568.67333333334,524175.54,238107.01,159365.01806261067,1189.1899999999998,3567.5699999999997,294.4273034453859,3,2025-01-01,2025-03-01,3,3,0,1.0,0.0,59,1.0,1.0,0,1,35-44,Q1 lowest,7,42,0
C0411,Amanda Moore,Individual,F,USA,California,1983-05-09,42,Home,2,No,Website,0,0,0,3,896987.21,298995.73666666663,475205.98,163236.34,159870.1576826333,883.7466666666668,2651.2400000000002,350.543692607301,3,2024-03-01,2024-06-01,2,1,2,0.3333333333333333,0.6666666666666666,92,1.0,1.5,1,1,35-44,Q1 lowest,9,8,2
C0412,Karen Richardson,Individual,F,UK,Scotland,1984-04-24,41,Home,5,No,Website,0,0,0,3,1100376.25,366792.0833333333,493587.18,222972.29,136108.35718232743,1260.8366666666668,3782.51,293.65308710017615,3,2024-06-01,2025-03-01,3,3,0,1.0,0.0,273,1.0,1.0,0,1,35-44,Q2,8,43,2
C0413,Brandon Smith,Individual,M,Canada,British Columbia,1940-07-11,85,Home,3,No,Website,0,0,0,4,1769126.22,442281.555,537806.31,361700.25,75686.20201038962,1431.4575,5725.83,309.9375210398746,4,2024-10-01,2025-09-01,4,4,0,1.0,0.0,335,1.0,1.0,0,1,65+,Q4 highest,2,5,2
C0414,Brandon Reed,Individual,M,USA,California,1962-12-07,63,Home,4,No,Website,0,0,0,4,1412148.94,353037.235,518926.42,212968.31,161382.0019743731,1144.74,4578.96,301.11168977355436,4,2024-06-01,2025-11-01,4,3,1,0.75,0.25,518,1.0,1.0,1,1,55-64,Q3,9,8,2
C0415,Grace Turner,Individual,F,USA,Nevada,1980-07-09,45,Home,5,Yes,Agency,1,0,0,4,1305928.3499999999,326482.08749999997,503380.47,221533.82,127751.01967774828,1093.05,4372.2,296.5966811499519,4,2024-02-01,2024-07-01,3,4,0,1.0,0.0,151,1.0,1.3333333333333333,1,1,45-54,Q3,9,25,0
C0416,Bravada Co,Company,M,Germany,North Rhine-Westphalia,1981-07-28,44,Investment,5,Yes,Client,1,1,1,3,1059532.51,353177.50333333336,492952.77,208529.56,142274.19945337746,1260.8366666666668,3782.51,280.3649553639519,3,2024-09-01,2025-11-01,3,3,0,1.0,0.0,426,1.0,1.0,0,1,35-44,Q2,5,30,1
C0417,Peter Collins,Individual,M,USA,Utah,1947-12-03,78,Home,2,No,Website,0,0,0,3,1354773.96,451591.32,583440.71,342309.1,122139.55627336583,1471.8999999999999,4415.7,303.54859739281426,3,2024-06-01,2024-09-01,3,3,0,1.0,0.0,92,1.0,1.0,1,1,65+,Q3,9,48,2
C0418,Douglas Howard,Individual,M,USA,Arizona,1996-08-20,29,Home,5,No,Agency,0,0,0,4,1629486.83,407371.7075,529967.66,158612.64,174348.26032366435,1276.8225,5107.29,315.5994805272792,4,2024-05-01,2025-04-01,4,4,0,1.0,0.0,335,1.0,1.0,1,1,<35,Q4 highest,9,1,0
C0419,Jack Hansen,Individual,M,USA,Washington,1962-11-03,63,Home,3,Yes,Agency,1,0,0,4,1174012.19,293503.0475,419691.92,146968.53,115024.99562819126,990.4475,3961.79,295.6119602001012,4,2024-01-01,2024-12-01,4,3,1,0.75,0.25,335,1.0,1.0,1,1,55-64,Q2,9,53,0
C0420,Debra Reyes,Individual,F,USA,California,1994-01-04,31,Home,5,No,Agency,0,0,0,3,1260096.1600000001,420032.0533333334,588644.89,236557.17,176513.74158133194,1330.2166666666667,3990.65,316.25469908155173,3,2024-09-01,2025-04-01,3,2,1,0.6666666666666666,0.3333333333333333,212,1.0,1.0,1,1,<35,Q3,9,8,0
C0421,Zachary Cox,Individual,M,Germany,Hesse,1975-08-25,50,Investment,5,Yes,Website,1,1,0,4,1495763.3699999999,373940.84249999997,585167.95,160509.63,202452.5568344813,1203.905,4815.62,304.1080371257723,4,2024-05-01,2025-12-01,4,4,0,1.0,0.0,579,1.0,1.0,0,1,45-54,Q4 highest,5,17,2
C0422,Telnox Co,Company,F,USA,California,1973-11-13,52,Home,1,Yes,Client,1,0,1,4,1653171.62,413292.905,555693.16,195438.27,156120.94364191042,1428.5749999999998,5714.299999999999,290.5765092248332,4,2024-03-01,2024-10-01,4,4,0,1.0,0.0,214,1.0,1.0,1,1,45-54,Q4 highest,9,8,1
C0423,Rachel Sanders,Individual,F,USA,California,1950-04-17,75,Home,1,No,Client,0,0,0,3,1068716.19,356238.73,410950.81,312769.84,50046.80517842571,1195.1966666666667,3585.59,299.39697998677116,3,2024-07-01,2025-08-01,2,2,1,0.6666666666666666,0.3333333333333333,396,1.0,1.5,1,1,65+,Q2,9,8,1
C0424,Sarah Stewart,Individual,F,USA,Florida,1998-12-04,27,Home,1,No,Website,0,0,0,3,1034036.3,344678.76666666666,521067.94,180268.05,170715.41765197847,1107.81,3323.43,304.86287798475354,3,2024-09-01,2025-02-01,3,3,0,1.0,0.0,153,1.0,1.0,1,1,<35,Q2,9,14,2
C0425,Gerald Wright,Individual,M,USA,Nevada,1965-03-11,60,Home,2,No,Agency,0,0,0,3,1256932.48,418977.49333333335,560677.96,180903.98,207419.60385682387,1452.2633333333333,4356.79,277.1864844883531,3,2024-05-01,2025-02-01,2,3,0,1.0,0.0,276,1.0,1.5,1,1,55-64,Q3,9,25,0
C0426,Julie Brown,Individual,F,USA,Oregon,1953-10-07,72,Home,4,Yes,Client,1,0,0,3,890250.61,296750.2033333333,519106.96,134618.94,199193.60410493263,874.19,2622.57,319.1133959347753,3,2024-08-01,2025-12-01,3,3,0,1.0,0.0,487,1.0,1.0,1,1,65+,Q1 lowest,9,37,1
C0427,Sarah Peterson,Individual,F,USA,California,1994-09-06,31,Home,4,Yes,Website,1,0,0,4,1457016.31,364254.0775,563544.96,147901.85,193348.77204831713,1216.595,4866.38,302.69307402108933,4,2024-01-01,2025-06-01,3,4,0,1.0,0.0,517,1.0,1.3333333333333333,1,1,<35,Q4 highest,9,8,2
C0428,Gloria Rogers,Individual,F,USA,Oregon,1962-07-20,63,Home,3,No,Agency,0,0,0,4,984451.32,246112.83,330914.17,173398.4,72449.90004128322,838.2925,3353.17,304.46346214538653,4,2024-10-01,2025-09-01,4,4,0,1.0,0.0,335,1.0,1.0,1,1,55-64,Q1 lowest,9,37,0
C0429,Danielle Stone,Individual,F,USA,California,1995-11-05,30,Home,3,Yes,Website,1,0,0,4,1503904.1600000001,375976.04000000004,573428.92,188979.3,180898.8804808823,1374.585,5498.34,271.6125972406938,4,2024-01-01,2025-11-01,4,3,1,0.75,0.25,670,1.0,1.0,1,1,<35,Q4 highest,9,8,2
C0430,Roger Wood,Individual,M,USA,Nevada,1974-10-05,51,Home,2,No,Agency,0,0,0,3,931141.96,310380.6533333333,413945.61,118779.75,166112.81454634084,1033.1033333333332,3099.31,295.7021065249133,3,2024-03-01,2025-05-01,3,2,1,0.6666666666666666,0.3333333333333333,426,1.0,1.0,1,1,45-54,Q1 lowest,9,25,0
C0431,Austin King,Individual,M,USA,California,1969-05-05,56,Home,5,Yes,Website,1,0,0,4,1544751.33,386187.8325,562089.63,301088.15,121497.36878554814,1246.6175,4986.47,313.20071224088105,4,2024-01-01,2025-04-01,4,4,0,1.0,0.0,456,1.0,1.0,1,1,55-64,Q4 highest,9,8,2
C0432,Grandis Co,Company,M,USA,California,1995-02-17,30,Home,5,No,Agency,0,0,1,4,1277850.15,319462.5375,500722.63,156439.68,153970.31339369967,1025.1499999999999,4100.599999999999,314.6041407462146,4,2024-08-01,2025-08-01,4,4,0,1.0,0.0,365,1.0,1.0,1,1,<35,Q3,9,8,0
C0433,Ruth Hughes,Individual,F,USA,California,1969-03-03,56,Investment,2,Yes,Website,1,1,0,4,1937061.37,484265.3425,656465.4,244660.43,185028.80999065406,1591.4724999999999,6365.889999999999,304.29883450852856,4,2024-07-01,2025-09-01,3,4,0,1.0,0.0,427,1.0,1.3333333333333333,1,1,55-64,Q4 highest,9,8,2
C0434,Amanda Sanders,Individual,F,Russia,Tatarstan,1964-12-25,61,Home,5,No,Website,0,0,0,3,1364889.24,454963.08,603903.4,275862.16,166087.35692235702,1445.5566666666666,4336.67,308.9373434408803,3,2024-08-01,2025-11-01,3,3,0,1.0,0.0,457,1.0,1.0,0,1,55-64,Q3,7,46,2
C0435,Sara Richardson,Individual,F,Australia,New South Wales,1966-01-25,59,Home,5,Yes,Website,1,0,0,3,908970.34,302990.11333333334,382435.3,170472.55,115518.6552928878,1077.3233333333335,3231.9700000000003,281.7493100861018,3,2024-03-01,2024-11-01,2,3,0,1.0,0.0,245,1.0,1.5,0,1,55-64,Q1 lowest,0,26,2
C0436,Brandon Jones,Individual,M,USA,Colorado,1972-05-12,53,Home,2,Yes,Client,1,0,0,4,1327594.64,331898.66,479775.72,206156.81,145619.41871061173,1064.2625,4257.05,311.8441932238405,4,2024-01-01,2025-03-01,3,4,0,1.0,0.0,425,1.0,1.3333333333333333,1,1,45-54,Q3,9,11,1
C0437,Danielle James,Individual,F,USA,Texas,1990-10-05,35,Home,1,No,Website,0,0,0,3,657032.8200000001,219010.94000000003,353361.5,145618.18,116517.00213610716,801.46,2404.38,265.68470849402985,3,2024-01-01,2024-08-01,3,3,0,1.0,0.0,213,1.0,1.0,1,1,35-44,Q1 lowest,9,47,2
C0438,Gregory Collins,Individual,M,USA,Georgia,1982-10-09,43,Investment,1,Yes,Client,1,1,0,4,1458641.1,364660.275,517610.73,190860.98,159155.55379018656,1261.78,5047.12,292.4323939195912,4,2024-05-01,2025-05-01,4,4,0,1.0,0.0,365,1.0,1.0,1,1,35-44,Q4 highest,9,15,1
C0439,Larry Thompson,Individual,M,USA,Virginia,1956-03-08,69,Home,2,No,Agency,0,0,0,3,1273328.62,424442.87333333335,547817.26,264395.14,145226.46209669826,1422.97,4268.91,309.77485010281384,3,2024-02-01,2024-03-01,2,2,1,0.6666666666666666,0.3333333333333333,29,1.0,1.5,1,1,65+,Q3,9,50,0
C0440,Lawrence Parker,Individual,M,USA,California,1960-07-13,65,Investment,1,No,Agency,0,1,0,3,703498.83,234499.61,311878.98,167127.37,72892.8263790457,845.8633333333333,2537.59,282.4074620459203,3,2024-02-01,2024-12-01,3,3,0,1.0,0.0,304,1.0,1.0,1,1,65+,Q1 lowest,9,8,0
C0441,Joan Foster,Individual,F,Russia,Krasnodar Krai,1980-10-01,45,Investment,1,No,Agency,0,1,0,4,1525849.55,381462.3875,616227.01,194960.28,174737.8485035909,1239.2649999999999,4957.0599999999995,300.9437926864456,4,2024-02-01,2025-10-01,3,3,1,0.75,0.25,608,1.0,1.3333333333333333,0,1,45-54,Q4 highest,7,21,0
C0442,Sarah Hansen,Individual,F,USA,Colorado,1975-04-14,50,Home,3,Yes,Website,1,0,0,4,1707466.97,426866.7425,520127.02,339117.71,100935.32186600697,1489.73,5958.92,285.440299805932,4,2024-01-01,2025-02-01,4,4,0,1.0,0.0,397,1.0,1.0,1,1,45-54,Q4 highest,9,11,2
C0443,Noah Foster,Individual,M,Denmark,Capital Region,1950-06-22,75,Home,1,Yes,Agency,1,0,0,3,1355839.1,451946.3666666667,555912.87,316684.59,122646.19067747529,1527.8633333333335,4583.59,293.95351694731335,3,2024-03-01,2024-07-01,2,3,0,1.0,0.0,122,1.0,1.5,0,1,65+,Q3,3,9,0
C0444,Jennifer Martin,Individual,F,USA,California,1941-03-15,84,Home,2,No,Website,0,0,0,4,1054514.54,263628.635,399974.1,183058.38,94779.62482288848,943.97,3775.88,292.38370778728057,4,2024-09-01,2025-11-01,4,3,1,0.75,0.25,426,1.0,1.0,1,1,65+,Q2,9,8,2
C0445,Michelle Evans,Individual,F,USA,California,1995-11-12,30,Home,2,Yes,Website,1,0,0,4,1425691.63,356422.9075,518136.39,176345.04,165835.7044575991,1101.9875,4407.95,323.00629612872393,4,2024-01-01,2025-07-01,4,3,1,0.75,0.25,547,1.0,1.0,1,1,<35,Q3,9,8,2
C0446,Douglas Thomas,Individual,M,USA,Colorado,1955-02-01,70,Home,2,No,Website,0,0,0,3,1024655.04,341551.68,426208.52,226025.07,103600.48474001122,1258.6899999999998,3776.0699999999997,274.3202198630034,3,2024-02-01,2025-01-01,3,2,1,0.6666666666666666,0.3333333333333333,335,1.0,1.0,1,1,65+,Q1 lowest,9,11,2
C0447,Patricia Johnson,Individual,F,USA,New York,1956-06-27,69,Home,2,No,Website,0,0,0,3,1543592.15,514530.7166666666,605190.49,389827.78,111644.42190248928,1680.5266666666666,5041.58,307.121240292514,3,2024-04-01,2025-09-01,3,2,1,0.6666666666666666,0.3333333333333333,518,1.0,1.0,1,1,65+,Q4 highest,9,27,2
C0448,Mark White,Individual,M,USA,Nevada,1980-06-10,45,Investment,2,No,Agency,0,1,0,3,942066.48,314022.16,458054.04,187719.53,136036.50816382674,1050.08,3150.24,293.4816106541252,3,2024-01-01,2024-12-01,3,3,0,1.0,0.0,335,1.0,1.0,1,1,45-54,Q1 lowest,9,25,0
C0449,Jordan King,Individual,M,USA,Oregon,1972-06-24,53,Investment,2,No,Agency,0,1,0,3,1418922.44,472974.14666666667,594018.07,381257.52,109370.15432194757,1504.28,4512.84,313.16286683153135,3,2024-07-01,2025-08-01,3,1,2,0.3333333333333333,0.6666666666666666,396,1.0,1.0,1,1,45-54,Q3,9,37,0
C0450,Matthew Jackson,Individual,M,Mexico,Nuevo Leon,1992-02-19,33,Home,3,No,Website,0,0,0,4,1555297.3699999999,388824.34249999997,473301.04,210741.61,123757.66587682409,1258.5825,5034.33,316.0358646367394,4,2024-06-01,2025-01-01,4,4,0,1.0,0.0,214,1.0,1.0,0,1,<35,Q4 highest,6,33,2
C0451,Larry Anderson,Individual,M,Canada,Alberta,1985-09-20,40,Investment,5,Yes,Client,1,1,0,4,1665967.4100000001,416491.85250000004,526063.15,320227.29,108928.48641305002,1339.695,5358.78,308.73425162687926,4,2025-02-01,2025-10-01,4,3,1,0.75,0.25,242,1.0,1.0,0,1,35-44,Q4 highest,2,0,1
C0452,Brandon Adams,Individual,M,USA,Washington,1967-10-17,58,Home,3,No,Website,0,0,0,4,1398358.69,349589.6725,515843.73,197151.66,148474.60927148865,1086.2275,4344.91,316.493204669515,4,2024-08-01,2025-09-01,3,4,0,1.0,0.0,396,1.0,1.3333333333333333,1,1,55-64,Q3,9,53,2
C0453,Carl Wood,Individual,M,UK,Scotland,1993-04-16,32,Investment,1,No,Website,0,1,0,4,1321010.76,330252.69,587960.16,167795.76,182106.12979686673,1103.3025,4413.21,301.104230303951,4,2024-06-01,2025-07-01,3,4,0,1.0,0.0,395,1.0,1.3333333333333333,0,1,<35,Q3,8,43,2
C0454,Altira Co,Company,F,USA,Nevada,1961-04-01,64,Investment,4,No,Agency,0,1,1,3,980683.73,326894.57666666666,522599.89,191795.51,173530.17693779297,1072.4833333333333,3217.45,306.9392060404991,3,2024-01-01,2024-11-01,3,3,0,1.0,0.0,305,1.0,1.0,1,1,55-64,Q1 lowest,9,25,0
C0455,Karen Williams,Individual,F,USA,California,1963-02-01,62,Home,1,No,Agency,0,0,0,4,1125726.62,281431.655,477256.95,202636.75,131021.80096591091,838.2925,3353.17,331.69961032443473,4,2024-04-01,2025-07-01,4,4,0,1.0,0.0,456,1.0,1.0,1,1,55-64,Q2,9,8,0
C0456,Virginia Brooks,Individual,F,USA,Oregon,1995-11-18,30,Home,3,Yes,Website,1,0,0,3,1349210.55,449736.85000000003,521158.55,389151.65,66667.29116358333,1448.82,4346.46,309.63612122143303,3,2024-03-01,2025-08-01,3,3,0,1.0,0.0,518,1.0,1.0,1,1,<35,Q3,9,37,2
C0457,Kenneth Hansen,Individual,M,UK,Wales,1980-07-19,45,Investment,1,No,Agency,0,1,0,3,1399940.21,466646.73666666663,596228.96,222108.32,211902.70906189573,1457.8333333333333,4373.5,310.4024237825942,3,2024-06-01,2025-04-01,3,3,0,1.0,0.0,304,1.0,1.0,0,1,45-54,Q3,8,51,0
C0458,Thomas Turner,Individual,M,USA,Oregon,1995-07-04,30,Investment,1,No,Agency,0,1,0,4,1382881.81,345720.4525,503414.2,160735.05,151699.222606703,1123.3175,4493.27,319.65410898630785,4,2024-05-01,2025-09-01,3,3,1,0.75,0.25,488,1.0,1.3333333333333333,1,1,<35,Q3,9,37,0
C0459,Steven Johnson,Individual,M,USA,California,1955-03-23,70,Home,3,No,Agency,0,0,0,3,821716.14,273905.38,368466.6,167180.02,101193.11512389961,945.65,2836.95,292.1623183822492,3,2024-03-01,2024-12-01,3,2,1,0.6666666666666666,0.3333333333333333,275,1.0,1.0,1,1,65+,Q1 lowest,9,8,0
C0460,Amanda Cox,Individual,F,USA,Virginia,1992-12-25,33,Home,1,No,Website,0,0,0,3,1061349.03,353783.01,484806.07,123288.92,200236.17753287317,1078.7866666666666,3236.3599999999997,312.40293478692,3,2024-08-01,2025-07-01,3,2,1,0.6666666666666666,0.3333333333333333,334,1.0,1.0,1,1,<35,Q2,9,50,2
C0461,Jonathan Peterson,Individual,M,USA,Arizona,1960-02-16,65,Home,1,No,Agency,0,0,0,3,986630.39,328876.7966666667,473479.09,255802.61,125231.64543671116,1157.47,3472.41,301.8269514846226,3,2024-02-01,2025-04-01,3,2,1,0.6666666666666666,0.3333333333333333,425,1.0,1.0,1,1,65+,Q1 lowest,9,1,0
C0462,Eric White,Individual,M,Australia,Victoria,1943-10-22,82,Home,2,No,Agency,0,0,0,4,1606667.68,401666.92,630993.32,268225.04,168220.15943673276,1316.0375,5264.15,303.4503826175592,4,2024-11-01,2025-06-01,3,4,0,1.0,0.0,212,1.0,1.3333333333333333,0,1,65+,Q4 highest,0,49,0
C0463,Nicholas Garcia,Individual,M,USA,California,1970-06-13,55,Home,5,No,Client,0,0,0,4,1235094.73,308773.6825,456678.02,208167.63,112436.76751745443,989.46,3957.84,306.629900030289,4,2024-05-01,2024-10-01,2,3,1,0.75,0.25,153,1.0,2.0,1,1,55-64,Q3,9,8,1
C0464,Gregory Turner,Individual,M,USA,Florida,1974-12-11,51,Home,5,No,Website,0,0,0,4,1455550.0,363887.5,462200.84,147823.33,148080.39953275406,1276.8225,5107.29,284.2502461097144,4,2024-12-01,2025-10-01,2,3,1,0.75,0.25,304,1.0,2.0,1,1,45-54,Q4 highest,9,14,2
C0465,George Carter,Individual,M,USA,California,1949-09-02,76,Home,3,No,Website,0,0,0,3,707799.9199999999,235933.30666666664,344983.8,179694.61,94456.03995025955,839.1433333333334,2517.4300000000003,282.87186409222505,3,2024-02-01,2025-12-01,3,3,0,1.0,0.0,669,1.0,1.0,1,1,65+,Q1 lowest,9,8,2
C0466,Patricia Cox,Individual,F,USA,Virginia,1988-05-19,37,Investment,2,No,Website,0,1,0,4,1228651.21,307162.8025,446810.74,219865.93,100152.20106591513,1030.21,4120.84,299.3764364442108,4,2024-01-01,2025-11-01,4,3,1,0.75,0.25,670,1.0,1.0,1,1,35-44,Q3,9,50,2
C0467,Rebecca Chavez,Individual,F,USA,Ohio,1952-04-05,73,Home,1,Yes,Agency,1,0,0,3,976066.93,325355.64333333337,433348.26,173669.46,135240.95392447078,1155.6966666666667,3467.09,283.64758590037087,3,2024-08-01,2025-08-01,3,3,0,1.0,0.0,365,1.0,1.0,1,1,65+,Q1 lowest,9,35,0
C0468,Raymond Smith,Individual,M,Mexico,Jalisco,1952-11-13,73,Investment,3,Yes,Website,1,1,0,3,1267396.7999999998,422465.5999999999,511655.42,311827.97,101625.58171406794,1386.32,4158.96,303.951174411019,3,2024-02-01,2024-09-01,3,2,1,0.6666666666666666,0.3333333333333333,213,1.0,1.0,0,1,65+,Q3,6,19,2
C0469,Adam Foster,Individual,M,USA,California,1997-03-23,28,Home,2,No,Website,0,0,0,4,1518476.47,379619.1175,502622.02,131603.98,167792.04957988532,1265.3825,5061.53,302.7937775205082,4,2024-02-01,2024-10-01,3,4,0,1.0,0.0,243,1.0,1.3333333333333333,1,1,<35,Q4 highest,9,8,2
C0470,Joan Anderson,Individual,F,USA,Oregon,1963-02-17,62,Home,1,No,Agency,0,0,0,3,862552.54,287517.51333333337,497090.51,125292.1,190367.69593411122,883.7466666666666,2651.24,317.65314341816924,3,2024-04-01,2024-11-01,3,3,0,1.0,0.0,214,1.0,1.0,1,1,55-64,Q1 lowest,9,37,0
C0471,Gary Collins,Individual,M,USA,Utah,1984-06-26,41,Investment,3,No,Agency,0,1,0,3,1084997.39,361665.79666666663,513906.66,258517.67,134586.2424186515,1209.64,3628.92,305.4209950146938,3,2024-01-01,2024-10-01,3,1,2,0.3333333333333333,0.6666666666666666,274,1.0,1.0,1,1,35-44,Q2,9,48,0
C0472,Edward Moore,Individual,M,USA,California,1951-10-04,74,Home,4,No,Website,0,0,0,3,1277486.3699999999,425828.79,529761.19,247405.59,155218.65440828944,1394.21,4182.63,306.04375845996213,3,2024-10-01,2025-11-01,3,3,0,1.0,0.0,396,1.0,1.0,1,1,65+,Q3,9,8,2
C0473,Sharon Price,Individual,F,USA,California,1981-08-09,44,Home,3,No,Agency,0,0,0,4,1304527.6600000001,326131.91500000004,518735.4,214779.83,132697.44603994672,1042.725,4170.9,311.0032863747571,4,2024-11-01,2025-10-01,4,4,0,1.0,0.0,334,1.0,1.0,1,1,35-44,Q3,9,8,0
C0474,Gregory Young,Individual,M,USA,Nevada,1995-12-08,30,Home,1,No,Website,0,0,0,4,962015.29,240503.8225,413387.67,137979.81,121002.58766589177,824.2025,3296.81,293.43947677979094,4,2024-05-01,2025-12-01,4,3,1,0.75,0.25,579,1.0,1.0,1,1,<35,Q1 lowest,9,25,2
C0475,William Brooks,Individual,M,Belgium,Wallonia,1946-08-18,79,Investment,2,Yes,Agency,1,1,0,3,1234470.16,411490.0533333333,455542.16,325677.3,74324.85568918742,1371.6133333333335,4114.84,298.7582574583638,3,2024-05-01,2024-08-01,3,1,2,0.3333333333333333,0.6666666666666666,92,1.0,1.0,0,1,65+,Q3,1,52,0
C0476,Steven Johnson,Individual,M,USA,Florida,1997-04-05,28,Home,3,No,Agency,0,0,0,4,1485303.01,371325.7525,457069.23,271586.15,76499.03889667474,1299.3675,5197.47,286.9801751470443,4,2024-03-01,2025-05-01,3,3,1,0.75,0.25,426,1.0,1.3333333333333333,1,1,<35,Q4 highest,9,14,0
C0477,Jesse Stone,Individual,M,USA,California,1984-02-01,41,Investment,4,Yes,Website,1,1,0,3,1535114.88,511704.95999999996,734390.86,235908.73,253449.47987097132,1452.2633333333333,4356.79,340.6211221673721,3,2024-06-01,2025-08-01,3,2,1,0.6666666666666666,0.3333333333333333,426,1.0,1.0,1,1,35-44,Q4 highest,9,8,2
C0478,Ashley Garcia,Individual,F,USA,Ohio,1940-08-02,85,Investment,4,No,Website,0,1,0,3,774892.79,258297.59666666668,404581.32,174077.05,127168.9154059538,997.4133333333333,2992.24,269.7359731946328,3,2024-02-01,2024-10-01,2,2,1,0.6666666666666666,0.3333333333333333,243,1.0,1.5,1,1,65+,Q1 lowest,9,35,2
C0479,Virginia Wright,Individual,F,USA,California,1978-04-06,47,Home,2,Yes,Agency,1,0,0,4,1172782.93,293195.7325,494567.75,181449.2,137909.67781783635,956.6725,3826.69,306.60761210683484,4,2024-04-01,2025-07-01,4,3,1,0.75,0.25,456,1.0,1.0,1,1,45-54,Q2,9,8,0
C0480,Scott Bryant,Individual,M,USA,California,1974-09-16,51,Home,4,Yes,Website,1,0,0,4,1033261.03,258315.2575,347137.85,155923.76,84821.76135916199,827.2,3308.8,310.4080044304496,4,2024-02-01,2025-07-01,4,4,0,1.0,0.0,516,1.0,1.0,1,1,45-54,Q2,9,8,2
C0481,Sean Williams,Individual,M,USA,Arizona,1976-12-12,49,Home,3,No,Agency,0,0,0,4,1365460.24,341365.06,539294.72,169367.25,195107.98927422301,1040.8899999999999,4163.5599999999995,319.7953565311169,4,2024-04-01,2025-09-01,4,3,1,0.75,0.25,518,1.0,1.0,1,1,45-54,Q3,9,1,0
C0482,Deborah Brown,Individual,F,USA,New York,1980-10-08,45,Investment,3,Yes,Agency,1,1,0,3,1006132.77,335377.59,421206.38,272816.91,76882.4583955879,1155.4633333333334,3466.39,288.31251028207953,3,2024-09-01,2025-10-01,3,2,1,0.6666666666666666,0.3333333333333333,395,1.0,1.0,1,1,45-54,Q1 lowest,9,27,0
C0483,Kevin Jackson,Individual,M,USA,Arizona,1985-11-08,40,Investment,1,No,Website,0,1,0,3,881113.79,293704.5966666667,415468.55,160886.49,127650.50743298492,934.8733333333333,2804.62,312.8909163237087,3,2024-03-01,2025-01-01,3,3,0,1.0,0.0,306,1.0,1.0,1,1,35-44,Q1 lowest,9,1,2
C0484,Janet Wright,Individual,F,USA,Texas,1989-04-19,36,Investment,3,No,Website,0,1,0,4,1313240.67,328310.1675,412809.69,162649.73,113819.15149188512,1114.105,4456.42,294.4071600592643,4,2024-04-01,2025-07-01,4,3,1,0.75,0.25,456,1.0,1.0,1,1,35-44,Q3,9,47,2
C0485,Julia Morales,Individual,F,USA,Arizona,1991-10-07,34,Home,2,No,Website,0,0,0,3,1000841.1799999999,333613.7266666666,603778.82,185592.46,234327.3217469421,1144.8033333333333,3434.41,282.8760171625835,3,2024-02-01,2024-10-01,3,3,0,1.0,0.0,243,1.0,1.0,1,1,<35,Q1 lowest,9,1,2
C0486,Billy Carter,Individual,M,USA,California,1999-09-16,26,Investment,2,Yes,Website,1,1,0,3,1090587.66,363529.22,599081.0,222912.15,205268.60524607435,1175.45,3526.3500000000004,306.2980452606605,3,2024-04-01,2025-05-01,3,3,0,1.0,0.0,395,1.0,1.0,1,1,<35,Q2,9,8,2
C0487,Jessica Williams,Individual,F,USA,Washington,1991-10-23,34,Home,5,No,Website,0,0,0,4,1576272.71,394068.1775,542265.03,181240.83,170296.00698688257,1295.0975,5180.39,300.72336015493204,4,2024-08-01,2025-07-01,4,3,1,0.75,0.25,334,1.0,1.0,1,1,<35,Q4 highest,9,53,2
C0488,Megan Jackson,Individual,F,USA,California,1979-05-11,46,Investment,4,No,Agency,0,1,0,4,1218265.3599999999,304566.33999999997,559367.69,161368.51,180675.77589670804,990.9875000000001,3963.9500000000003,300.25830784913865,4,2024-03-01,2024-12-01,4,3,1,0.75,0.25,275,1.0,1.0,1,1,45-54,Q2,9,8,0
C0489,Austin Jordan,Individual,M,Germany,Berlin,1950-06-08,75,Investment,2,No,Website,0,1,0,3,1025274.77,341758.25666666665,439792.36,233513.02,103518.07552631681,1102.8633333333335,3308.59,309.1097918928489,3,2024-07-01,2024-08-01,2,3,0,1.0,0.0,31,1.0,1.5,0,1,65+,Q2,5,4,2
C0490,Emily Wright,Individual,F,USA,Nevada,1954-01-23,71,Investment,5,Yes,Website,1,1,0,3,1292367.93,430789.31,517225.72,373889.7,76096.12718818283,1240.6066666666666,3721.8199999999997,348.3129554083068,3,2024-01-01,2025-11-01,3,3,0,1.0,0.0,670,1.0,1.0,1,1,65+,Q3,9,25,2
C0491,Noah White,Individual,M,USA,Washington,1941-08-05,84,Home,2,No,Website,0,0,0,3,1106379.8,368793.26666666666,527792.52,195087.94,166839.10163060742,1168.3833333333334,3505.15,316.2532060301885,3,2024-04-01,2024-12-01,3,3,0,1.0,0.0,244,1.0,1.0,1,1,65+,Q2,9,53,2
C0492,Raymond Price,Individual,M,USA,Utah,2000-05-07,25,Home,3,Yes,Website,1,0,0,4,1300917.1,325229.275,551610.52,212683.17,153383.5946850998,1008.6625,4034.65,313.8182642173241,4,2025-04-01,2025-08-01,3,4,0,1.0,0.0,122,1.0,1.3333333333333333,1,1,<35,Q3,9,48,2
C0493,Tyler Hughes,Individual,M,USA,Colorado,1954-07-06,71,Home,3,No,Website,0,0,0,4,1312198.98,328049.745,432134.46,251376.49,81210.4632482648,1141.225,4564.9,292.41602997198896,4,2024-01-01,2025-04-01,4,3,1,0.75,0.25,456,1.0,1.0,1,1,65+,Q3,9,11,2
C0494,Grace Carter,Individual,F,USA,California,1990-08-03,35,Home,3,Yes,Website,1,0,0,4,1052676.65,263169.1625,379142.42,142969.08,101373.14557126866,911.0425,3644.17,286.36534222271075,4,2024-04-01,2025-12-01,4,4,0,1.0,0.0,609,1.0,1.0,1,1,35-44,Q2,9,8,2
C0495,Jerry Hall,Individual,M,USA,California,1954-02-18,71,Investment,5,No,Client,0,1,0,4,1246742.44,311685.61,420300.71,170336.43,114573.48489871965,984.9525,3939.81,316.57335953411865,4,2024-01-01,2025-12-01,4,4,0,1.0,0.0,700,1.0,1.0,1,1,65+,Q3,9,8,1
C0496,Billy Reyes,Individual,M,USA,California,1990-01-04,35,Home,4,No,Agency,0,0,0,4,1120376.44,280094.11,352076.14,173179.78,81997.74882042191,947.7475000000001,3790.9900000000002,296.43747164743013,4,2024-06-01,2025-05-01,4,4,0,1.0,0.0,334,1.0,1.0,1,1,35-44,Q2,9,8,0
C0497,Emma Stewart,Individual,F,USA,Arizona,1985-02-02,40,Investment,4,Yes,Website,1,1,0,3,1330684.99,443561.66333333333,526810.49,390199.46,73044.85656168153,1438.2933333333333,4314.88,307.850364923873,3,2024-03-01,2025-04-01,2,2,1,0.6666666666666666,0.3333333333333333,396,1.0,1.5,1,1,35-44,Q3,9,1,2
C0498,Nancy Collins,Individual,F,Canada,Alberta,1948-11-21,77,Home,2,Yes,Website,1,0,0,3,1007455.29,335818.43,419982.23,231668.75,95734.36288479909,1258.3999999999999,3775.2,271.5597603730395,3,2024-03-01,2024-12-01,3,2,1,0.6666666666666666,0.3333333333333333,275,1.0,1.0,0,1,65+,Q1 lowest,2,0,2
C0499,Lisa Patterson,Individual,F,USA,Colorado,1946-02-10,79,Home,3,Yes,Agency,1,0,0,3,897769.81,299256.60333333333,383627.2,242708.74,74465.30373130992,863.7633333333333,2591.29,343.7293882516419,3,2024-02-01,2025-02-01,3,2,1,0.6666666666666666,0.3333333333333333,366,1.0,1.0,1,1,65+,Q1 lowest,9,11,0
C0500,Dennis Howard,Individual,M,USA,California,1977-03-15,48,Home,4,Yes,Website,1,0,0,3,1294944.52,431648.17333333334,476123.08,403011.66,39044.34608416607,1438.2933333333333,4314.88,301.6105027947336,3,2024-08-01,2024-12-01,3,2,1,0.6666666666666666,0.3333333333333333,122,1.0,1.0,1,1,45-54,Q3,9,8,2
C0501,Kenneth Jackson,Individual,M,USA,Nevada,1995-11-12,30,Investment,5,Yes,Agency,1,1,0,4,1741166.27,435291.5675,545614.44,264876.66,124975.60600774144,1454.35,5817.4,298.61165147213114,4,2024-01-01,2025-05-01,4,3,1,0.75,0.25,486,1.0,1.0,1,1,<35,Q4 highest,9,25,0
C0502,Madison Gray,Individual,F,USA,Arizona,1966-11-28,59,Home,4,No,Website,0,0,0,4,1537989.75,384497.4375,483760.31,201911.89,128397.44775779913,1324.385,5297.54,290.45670616800567,4,2024-01-01,2025-08-01,4,2,2,0.5,0.5,578,1.0,1.0,1,1,55-64,Q4 highest,9,1,2
C0503,Keith Peterson,Individual,M,USA,Utah,1943-09-26,82,Investment,2,Yes,Client,1,1,0,4,1432167.34,358041.835,609798.92,131159.48,195952.81649358838,1135.53,4542.12,309.6175696888815,4,2024-03-01,2025-09-01,4,3,1,0.75,0.25,549,1.0,1.0,1,1,65+,Q3,9,48,1
C0504,Jeffrey Green,Individual,M,USA,Utah,1992-01-14,33,Home,2,No,Website,0,0,0,4,1367188.58,341797.145,463948.75,190741.67,125725.40913237771,1108.6075,4434.43,307.66700450808355,4,2024-04-01,2025-12-01,4,4,0,1.0,0.0,609,1.0,1.0,1,1,<35,Q3,9,48,2
C0505,Katherine Wilson,Individual,F,USA,Arizona,1995-07-18,30,Home,3,No,Agency,0,0,0,3,1043535.21,347845.07,462127.71,179866.96,148594.0287209796,1125.17,3375.51,307.0346243577051,3,2024-02-01,2024-09-01,2,3,0,1.0,0.0,213,1.0,1.5,1,1,<35,Q2,9,1,0
C0506,Albert Stone,Individual,M,USA,California,1967-07-04,58,Home,5,No,Agency,0,0,0,3,1122203.03,374067.6766666667,461159.55,247655.06,112051.91856793186,1267.4066666666668,3802.2200000000003,298.86090954521507,3,2024-09-01,2025-11-01,2,2,1,0.6666666666666666,0.3333333333333333,426,1.0,1.5,1,1,55-64,Q2,9,8,0
C0507,Mark Morales,Individual,M,USA,New York,1951-02-26,74,Home,3,No,Website,0,0,0,3,1062656.6099999999,354218.86999999994,474018.4,287687.55,103961.16131942593,1221.3833333333334,3664.15,295.17952216092317,3,2024-04-01,2025-06-01,2,3,0,1.0,0.0,426,1.0,1.5,1,1,65+,Q2,9,27,2
C0508,Grace Weaver,Individual,F,USA,Nevada,1970-01-06,55,Home,5,No,Agency,0,0,0,3,833710.06,277903.35333333333,463860.46,143613.32,166257.84949790774,900.6166666666667,2701.85,295.227784033305,3,2024-06-01,2025-01-01,3,2,1,0.6666666666666666,0.3333333333333333,214,1.0,1.0,1,1,55-64,Q1 lowest,9,25,0
C0509,Aaron Cook,Individual,M,Belgium,Wallonia,1956-04-02,69,Home,3,No,Website,0,0,0,4,1687930.25,421982.5625,636508.92,159338.05,197794.45268382164,1333.2775000000001,5333.110000000001,313.49759921744516,4,2024-10-01,2025-01-01,3,3,1,0.75,0.25,92,1.0,1.3333333333333333,0,1,65+,Q4 highest,1,52,2
C0510,Samantha Evans,Individual,F,France,Brittany,1947-08-28,78,Investment,1,Yes,Website,1,1,0,3,1094232.67,364744.2233333333,504493.45,158528.72,182308.04439585388,1243.8233333333333,3731.47,293.37469787974555,3,2024-05-01,2025-07-01,3,3,0,1.0,0.0,426,1.0,1.0,0,1,65+,Q2,4,6,2
C0511,Christine Parker,Individual,F,UK,England,1954-07-20,71,Home,2,No,Website,0,0,0,3,1090537.6,363512.5333333334,505829.95,270783.51,125123.79391708212,1179.5233333333333,3538.5699999999997,314.26367369464674,3,2024-10-01,2025-05-01,3,1,2,0.3333333333333333,0.6666666666666666,212,1.0,1.0,0,1,65+,Q2,8,12,2
C0512,Hannah Flores,Individual,F,USA,Arizona,1945-06-27,80,Home,1,No,Client,0,0,0,3,1448158.1400000001,482719.38000000006,558618.92,438067.15,66071.76476536934,1654.4733333333334,4963.42,293.6759220515758,3,2024-04-01,2025-11-01,3,3,0,1.0,0.0,579,1.0,1.0,1,1,65+,Q4 highest,9,1,1
C0513,Christian Morales,Individual,M,USA,Florida,1999-03-07,26,Home,2,Yes,Agency,1,0,0,3,974596.63,324865.54333333333,491938.8,227598.3,145339.72137094053,1049.5133333333333,3148.54,305.4693348530066,3,2024-05-01,2024-12-01,3,3,0,1.0,0.0,214,1.0,1.0,1,1,<35,Q1 lowest,9,14,0
C0514,Rebecca Evans,Individual,F,USA,Oregon,1977-08-17,48,Home,1,Yes,Website,1,0,0,4,1528027.54,382006.885,598032.14,225808.71,174924.22355720215,1316.0375,5264.15,286.46656147751514,4,2024-07-01,2025-07-01,4,2,2,0.5,0.5,365,1.0,1.0,1,1,45-54,Q4 highest,9,37,2
C0515,Melissa Patterson,Individual,F,USA,California,1963-09-12,62,Home,1,Yes,Website,1,0,0,4,1561824.93,390456.2325,486501.61,283492.47,93035.86801171413,1342.7925,5371.17,291.06402877415996,4,2024-06-01,2025-08-01,4,4,0,1.0,0.0,426,1.0,1.0,1,1,55-64,Q4 highest,9,8,2
C0516,Lawrence Nelson,Individual,M,USA,Utah,1946-04-21,79,Home,3,No,Website,0,0,0,4,1437837.49,359459.3725,501892.72,239960.5,115839.26303949664,1196.8899999999999,4787.5599999999995,307.8719376284213,4,2024-04-01,2024-11-01,4,3,1,0.75,0.25,214,1.0,1.0,1,1,65+,Q3,9,48,2
C0517,Harold Thompson,Individual,M,USA,California,1959-03-20,66,Home,5,No,Client,0,0,0,4,1115807.0,278951.75,413330.24,128695.37,139565.47071046216,939.4875,3757.95,293.8346641485807,4,2024-03-01,2025-08-01,3,4,0,1.0,0.0,518,1.0,1.3333333333333333,1,1,65+,Q2,9,8,1
C0518,Lumina Co,Company,F,USA,New York,1962-05-22,63,Home,3,No,Website,0,0,1,4,1633111.65,408277.9125,657039.24,156509.03,237799.52380862055,1196.9724999999999,4787.889999999999,331.1825451605455,4,2024-07-01,2025-07-01,4,4,0,1.0,0.0,365,1.0,1.0,1,1,55-64,Q4 highest,9,27,2
C0519,Madison Freeman,Individual,F,USA,Arizona,1975-10-04,50,Investment,3,No,Agency,0,1,0,3,981719.26,327239.75333333336,436603.35,248699.46,97670.49191320287,1108.9966666666667,3326.9900000000002,296.6203837905688,3,2024-12-01,2025-07-01,3,3,0,1.0,0.0,212,1.0,1.0,1,1,45-54,Q1 lowest,9,1,0
C0520,Helen White,Individual,F,USA,Oregon,1970-02-11,55,Home,3,Yes,Agency,1,0,0,3,1033523.16,344507.72000000003,454823.84,212497.0,122611.44358487261,1108.9966666666667,3326.9900000000002,306.64664633721344,3,2024-01-01,2025-10-01,3,3,0,1.0,0.0,639,1.0,1.0,1,1,55-64,Q2,9,37,0
C0521,Stephanie Allen,Individual,F,Canada,British Columbia,1967-04-02,58,Home,3,No,Website,0,0,0,4,1074306.5,268576.625,428385.38,173524.87,111770.6007234289,872.6800000000001,3490.7200000000003,308.80590188229496,4,2024-07-01,2025-08-01,4,4,0,1.0,0.0,396,1.0,1.0,0,1,55-64,Q2,2,5,2
C0522,Nicole Campbell,Individual,F,USA,Virginia,1942-07-13,83,Home,5,No,Agency,0,0,0,3,993023.13,331007.71,365717.82,281622.19,43926.58068044108,1240.6066666666666,3721.8199999999997,270.6832271290653,3,2024-08-01,2025-12-01,3,2,1,0.6666666666666666,0.3333333333333333,487,1.0,1.0,1,1,65+,Q1 lowest,9,50,0
C0523,Cynthia Hansen,Individual,F,USA,Colorado,1960-08-22,65,Home,2,No,Agency,0,0,0,3,928962.95,309654.31666666665,458362.92,203374.52,132683.54743527184,1058.6633333333332,3175.99,292.50010474679505,3,2024-11-01,2025-12-01,3,1,2,0.3333333333333333,0.6666666666666666,395,1.0,1.0,1,1,65+,Q1 lowest,9,11,0
C0524,Harold Thompson,Individual,M,USA,Washington,1953-05-24,72,Home,3,No,Website,0,0,0,3,801104.6900000001,267034.89666666667,372739.71,167605.4,102711.0314632476,897.3100000000001,2691.9300000000003,293.96194183625585,3,2024-02-01,2024-12-01,3,3,0,1.0,0.0,304,1.0,1.0,1,1,65+,Q1 lowest,9,53,2
C0525,Frank Gray,Individual,M,USA,Arizona,1950-06-12,75,Home,4,Yes,Agency,1,0,0,4,1629457.52,407364.38,528447.33,361543.25,80822.04726049362,1299.3274999999999,5197.3099999999995,321.32541542910053,4,2024-04-01,2025-12-01,4,3,1,0.75,0.25,609,1.0,1.0,1,1,65+,Q4 highest,9,1,0
C0526,Harold Green,Individual,M,Germany,Bavaria,1968-02-28,57,Home,5,No,Website,0,0,0,3,1301139.77,433713.25666666665,578194.07,344289.15,126298.49014056394,1592.1233333333332,4776.37,270.53388005506037,3,2024-04-01,2025-09-01,3,2,1,0.6666666666666666,0.3333333333333333,518,1.0,1.0,0,1,55-64,Q3,5,3,2
C0527,Andrew Baker,Individual,M,USA,California,1979-07-19,46,Home,2,No,Website,0,0,0,3,1138099.7,379366.56666666665,544170.95,223449.69,160545.23501200348,1299.5366666666666,3898.61,292.3744277107866,3,2024-04-01,2024-10-01,3,3,0,1.0,0.0,183,1.0,1.0,1,1,45-54,Q2,9,8,2
C0528,Benjamin Davis,Individual,M,USA,Washington,2000-08-09,25,Investment,2,No,Client,0,1,0,3,1118472.87,372824.29000000004,518036.13,280069.05,127361.11633305356,1206.2733333333333,3618.8199999999997,312.0408596032824,3,2024-03-01,2024-07-01,3,2,1,0.6666666666666666,0.3333333333333333,122,1.0,1.0,1,1,<35,Q2,9,53,1
C0529,Paul Jordan,Individual,M,USA,Nevada,1973-11-14,52,Home,4,Yes,Website,1,0,0,4,1268138.95,317034.7375,420874.11,194477.8,93082.20320376872,1098.1675,4392.67,290.8803360961828,4,2024-01-01,2025-06-01,4,4,0,1.0,0.0,517,1.0,1.0,1,1,45-54,Q3,9,25,2
C0530,Patricia Reed,Individual,F,USA,Utah,1952-09-07,73,Home,2,Yes,Agency,1,0,0,4,1559124.69,389781.1725,579567.49,218529.92,171600.75066505553,1246.7075,4986.83,313.049937138993,4,2024-02-01,2025-07-01,4,4,0,1.0,0.0,516,1.0,1.0,1,1,65+,Q4 highest,9,48,0
C0531,Emily White,Individual,F,USA,California,1976-09-19,49,Home,1,No,Website,0,0,0,4,1911300.7799999998,477825.19499999995,580528.21,322492.37,109830.10563601874,1510.65,6042.6,320.4530942019581,4,2024-06-01,2025-09-01,4,4,0,1.0,0.0,457,1.0,1.0,1,1,45-54,Q4 highest,9,8,2
C0532,Lauren Moore,Individual,F,Belgium,Flanders,1979-08-12,46,Home,2,No,Website,0,0,0,4,1075202.77,268800.6925,411253.4,152258.24,109285.16803591157,990.9875000000001,3963.9500000000003,279.497424019468,4,2024-01-01,2024-12-01,3,3,1,0.75,0.25,335,1.0,1.3333333333333333,0,1,45-54,Q2,1,13,2
C0533,Jeffrey Williams,Individual,M,USA,Nevada,1963-09-06,62,Investment,1,No,Agency,0,1,0,4,990028.19,247507.0475,438895.96,133385.68,132596.69892050943,787.46,3149.84,314.62162940324595,4,2024-01-01,2025-08-01,4,3,1,0.75,0.25,578,1.0,1.0,1,1,55-64,Q1 lowest,9,25,0
C0534,Bryan Miller,Individual,M,USA,California,1958-02-21,67,Investment,1,No,Agency,0,1,0,3,1133195.2,377731.73333333334,406001.38,349404.33,28298.569204997486,1371.6133333333335,4114.84,275.1749213071327,3,2024-01-01,2024-09-01,3,2,1,0.6666666666666666,0.3333333333333333,244,1.0,1.0,1,1,65+,Q2,9,8,0
C0535,Judith Allen,Individual,F,UK,Wales,1987-12-22,38,Home,3,No,Agency,0,0,0,3,1299053.94,433017.98,494969.3,339165.46,82655.75636800136,1386.32,4158.96,313.15133701647676,3,2024-01-01,2025-04-01,3,3,0,1.0,0.0,456,1.0,1.0,0,1,35-44,Q3,8,51,0
C0536,Brittany Weaver,Individual,F,USA,Arizona,1956-03-14,69,Investment,5,Yes,Website,1,1,0,3,983106.8400000001,327702.28,512156.34,172200.35,171817.31041391814,1104.51,3313.53,304.33941478707567,3,2024-05-01,2025-05-01,3,2,1,0.6666666666666666,0.3333333333333333,365,1.0,1.0,1,1,65+,Q1 lowest,9,1,2
C0537,Carl Baker,Individual,M,USA,Florida,1962-04-25,63,Home,2,No,Client,0,0,0,4,1490327.5,372581.875,595842.66,188014.56,177724.57571973524,1239.145,4956.58,297.00241974438995,4,2024-06-01,2025-11-01,4,2,2,0.5,0.5,518,1.0,1.0,1,1,55-64,Q4 highest,9,14,1
C0538,Richard Pierce,Individual,M,USA,California,1969-04-23,56,Home,1,Yes,Agency,1,0,0,4,1206897.7000000002,301724.42500000005,464389.02,216366.01,110993.70889696482,1103.3225,4413.29,290.2408775414216,4,2024-07-01,2025-09-01,4,3,1,0.75,0.25,427,1.0,1.0,1,1,55-64,Q2,9,8,0
C0539,Lawrence Bryant,Individual,M,USA,California,1991-02-25,34,Investment,1,Yes,Agency,1,1,0,4,1645321.2,411330.3,493737.03,211248.28,133876.5945990085,1338.8999999999999,5355.599999999999,308.015068779066,4,2024-07-01,2025-12-01,4,3,1,0.75,0.25,518,1.0,1.0,1,1,<35,Q4 highest,9,8,0
C0540,Anna Long,Individual,F,USA,New York,1997-02-27,28,Home,3,No,Agency,0,0,0,3,494173.31,164724.43666666668,193265.77,139343.87,27099.55090667248,577.2433333333333,1731.73,285.0803001564541,3,2024-05-01,2025-11-01,3,2,1,0.6666666666666666,0.3333333333333333,549,1.0,1.0,1,1,<35,Q1 lowest,9,27,0
C0541,Anthony Garcia,Individual,M,UK,Northern Ireland,2000-03-22,25,Home,3,No,Agency,0,0,0,4,1721673.54,430418.385,566466.92,304008.75,108649.01948872328,1296.5625,5186.25,329.75781791142776,4,2024-12-01,2025-12-01,3,4,0,1.0,0.0,365,1.0,1.3333333333333333,0,1,<35,Q4 highest,8,31,0
C0542,Lumina Co,Company,M,Mexico,Mexico City,1985-09-26,40,Home,3,No,Website,0,0,1,4,1195819.4,298954.85,385011.74,208828.68,83766.8704211914,1024.3375,4097.35,298.5169097152346,4,2024-04-01,2025-12-01,4,2,2,0.5,0.5,609,1.0,1.0,0,1,35-44,Q2,6,23,2
C0543,Joan Parker,Individual,F,USA,Texas,1947-07-23,78,Home,2,Yes,Website,1,0,0,3,753145.67,251048.55666666667,350655.95,155769.09,97515.48729350092,862.8699999999999,2588.6099999999997,288.0878179185861,3,2024-10-01,2025-06-01,3,2,1,0.6666666666666666,0.3333333333333333,243,1.0,1.0,1,1,65+,Q1 lowest,9,47,2
C0544,Kevin White,Individual,M,USA,Utah,1974-10-16,51,Home,2,No,Website,0,0,0,4,1636756.28,409189.07,504689.77,278311.59,96070.94173055208,1326.2525,5305.01,310.1883739530156,4,2024-07-01,2025-07-01,4,4,0,1.0,0.0,365,1.0,1.0,1,1,45-54,Q4 highest,9,48,2
C0545,Paul Griffin,Individual,M,USA,Colorado,1942-08-04,83,Home,1,Yes,Agency,1,0,0,3,1260126.39,420042.12999999995,532459.61,226783.93,168109.55309991873,1452.2633333333333,4356.79,287.6393396341448,3,2024-10-01,2025-09-01,3,3,0,1.0,0.0,335,1.0,1.0,1,1,65+,Q3,9,11,0
C0546,Samuel Flores,Individual,M,Canada,Manitoba,1967-12-23,58,Home,4,No,Client,0,0,0,3,795528.06,265176.02,306339.37,217297.0,44899.45524687242,932.37,2797.11,283.44710389546293,3,2024-02-01,2025-06-01,3,3,0,1.0,0.0,486,1.0,1.0,0,1,55-64,Q1 lowest,2,22,1
C0547,Diane Allen,Individual,F,USA,California,1947-09-20,78,Investment,2,No,Agency,0,1,0,4,1178457.95,294614.4875,388928.18,236340.44,70079.65662404241,1028.3225,4113.29,286.6352879840458,4,2024-05-01,2025-10-01,4,4,0,1.0,0.0,518,1.0,1.0,1,1,65+,Q2,9,8,0
C0548,Christopher Foster,Individual,M,USA,California,1980-04-11,45,Home,2,No,Agency,0,0,0,3,1047476.9299999999,349158.9766666666,515231.68,225181.51,149536.89174171782,1186.4366666666667,3559.31,294.6156094896653,3,2024-01-01,2024-07-01,3,2,1,0.6666666666666666,0.3333333333333333,182,1.0,1.0,1,1,45-54,Q2,9,8,0
C0549,Daniel Sanders,Individual,M,USA,Florida,1972-10-15,53,Home,4,No,Website,0,0,0,3,941219.76,313739.92,386941.83,170571.14,123998.35098083642,1082.75,3248.25,297.0408657301116,3,2024-09-01,2025-11-01,3,3,0,1.0,0.0,426,1.0,1.0,1,1,45-54,Q1 lowest,9,14,2
C0550,Vertex Co,Company,F,USA,Nevada,1967-04-09,58,Home,1,No,Agency,0,0,1,4,1414568.09,353642.0225,445954.78,186656.42,121824.46806163374,1123.6174999999998,4494.469999999999,317.85659155456136,4,2024-05-01,2024-08-01,3,4,0,1.0,0.0,92,1.0,1.3333333333333333,1,1,55-64,Q3,9,25,0
C0551,Billy Freeman,Individual,M,USA,California,1960-05-17,65,Investment,4,No,Website,0,1,0,3,1007397.56,335799.1866666667,543106.45,198798.52,182604.08214593184,1110.6233333333332,3331.87,294.83606034994125,3,2024-04-01,2025-03-01,3,3,0,1.0,0.0,334,1.0,1.0,1,1,65+,Q1 lowest,9,8,2
C0552,Kyle Cook,Individual,M,USA,Virginia,1965-10-20,60,Investment,3,No,Agency,0,1,0,3,1141476.56,380492.1866666667,546573.79,217380.34,164616.81709874005,1196.1733333333334,3588.52,310.43987686480256,3,2024-01-01,2025-09-01,3,2,1,0.6666666666666666,0.3333333333333333,609,1.0,1.0,1,1,55-64,Q2,9,50,0
C0553,James Bell,Individual,M,USA,Arizona,1978-11-26,47,Home,3,No,Website,0,0,0,3,821534.9400000001,273844.98000000004,375810.64,208569.64,89454.02565858509,897.3100000000001,2691.9300000000003,307.10716396951597,3,2024-11-01,2025-08-01,3,2,1,0.6666666666666666,0.3333333333333333,273,1.0,1.0,1,1,45-54,Q1 lowest,9,1,2
C0554,Carl Moore,Individual,M,Australia,Victoria,1948-12-24,77,Home,1,Yes,Agency,1,0,0,4,1643592.85,410898.2125,533306.66,225864.51,148139.1552036252,1295.2649999999999,5181.0599999999995,320.54266465748947,4,2024-03-01,2025-03-01,3,3,1,0.75,0.25,365,1.0,1.3333333333333333,0,1,65+,Q4 highest,0,49,0
C0555,Aaron Nelson,Individual,M,USA,California,1971-04-23,54,Investment,4,Yes,Agency,1,1,0,3,1064533.27,354844.42333333334,507714.49,162856.39,175725.46420767633,1162.6166666666666,3487.85,299.5251132309169,3,2024-11-01,2025-08-01,3,2,1,0.6666666666666666,0.3333333333333333,273,1.0,1.0,1,1,45-54,Q2,9,8,0
C0556,Zachary Sanders,Individual,M,USA,Colorado,1958-10-17,67,Home,5,No,Website,0,0,0,3,1335478.18,445159.3933333333,508776.17,410763.17,55154.48844001394,1526.9566666666667,4580.87,292.3126707049851,3,2024-04-01,2025-11-01,3,2,1,0.6666666666666666,0.3333333333333333,579,1.0,1.0,1,1,65+,Q3,9,11,2
C0557,Judy Griffin,Individual,F,USA,Utah,1941-09-25,84,Investment,2,No,Website,0,1,0,3,733161.98,244387.32666666666,384719.5,124905.01,131156.1271758031,791.0400000000001,2373.1200000000003,305.02132507076266,3,2024-02-01,2025-12-01,3,3,0,1.0,0.0,669,1.0,1.0,1,1,65+,Q1 lowest,9,48,2
C0558,Cheryl Wood,Individual,F,Denmark,North Denmark,1974-10-23,51,Home,3,No,Website,0,0,0,3,1033995.96,344665.32,492997.29,223827.64,136674.89567303023,1092.54,3277.62,312.3815995188432,3,2024-12-01,2025-11-01,3,3,0,1.0,0.0,335,1.0,1.0,0,1,45-54,Q2,3,29,2
C0559,Corvus Co,Company,M,USA,California,1969-08-18,56,Home,5,No,Client,0,0,1,4,1004028.87,251007.2175,438095.92,151676.84,128439.09901113974,786.87,3147.48,319.1707874259946,4,2024-03-01,2025-09-01,4,3,1,0.75,0.25,549,1.0,1.0,1,1,55-64,Q1 lowest,9,8,1
C0560,Janice Nelson,Individual,F,Australia,South Australia,1988-04-20,37,Home,3,No,Website,0,0,0,3,1433718.12,477906.04000000004,575175.8,381525.18,96828.37014017945,1500.72,4502.16,318.89161537749095,3,2024-01-01,2025-11-01,3,2,1,0.6666666666666666,0.3333333333333333,670,1.0,1.0,0,1,35-44,Q3,0,44,2
C0561,Bravada Co,Company,F,USA,Arizona,1962-11-20,63,Investment,3,No,Website,0,1,1,4,1589252.43,397313.1075,503687.91,302307.79,87569.63839748809,1298.145,5192.58,305.046128755979,4,2024-06-01,2025-01-01,4,4,0,1.0,0.0,214,1.0,1.0,1,1,55-64,Q4 highest,9,1,2
C0562,Judy Peterson,Individual,F,USA,Utah,1940-11-23,85,Investment,5,Yes,Website,1,1,0,4,1423675.7200000002,355918.93000000005,604532.8,229357.3,175765.26590221064,1154.105,4616.42,305.0337149239334,4,2024-01-01,2025-07-01,4,4,0,1.0,0.0,547,1.0,1.0,1,1,65+,Q3,9,48,2
C0563,William Howard,Individual,M,USA,California,1991-01-22,34,Home,2,Yes,Agency,1,0,0,4,1012807.9299999999,253201.98249999998,301398.29,207951.17,38195.15189413734,842.75,3371.0,300.6421876454113,4,2024-11-01,2025-07-01,4,3,1,0.75,0.25,242,1.0,1.0,1,1,<35,Q1 lowest,9,8,0
C0564,Scott Adams,Individual,M,USA,Texas,1952-09-02,73,Home,1,No,Agency,0,0,0,3,1135017.6,378339.2,600992.42,152268.3,224381.5820647506,1250.3066666666666,3750.92,300.2118289907222,3,2024-11-01,2025-10-01,3,3,0,1.0,0.0,334,1.0,1.0,1,1,65+,Q2,9,47,0
C0565,Austin Wood,Individual,M,France,Brittany,1985-09-26,40,Home,1,No,Website,0,0,0,3,1043494.3200000001,347831.44,545741.02,163205.77,191613.28521740527,1167.2766666666666,3501.83,302.33892785778363,3,2024-07-01,2025-07-01,3,3,0,1.0,0.0,365,1.0,1.0,0,1,35-44,Q2,4,6,2
C0566,Janice Miller,Individual,F,USA,Oregon,2000-12-09,25,Investment,4,Yes,Agency,1,1,0,4,1167701.9,291925.475,575087.19,128009.61,196536.16710835308,965.295,3861.18,300.56301659016333,4,2024-04-01,2025-09-01,4,4,0,1.0,0.0,518,1.0,1.0,1,1,<35,Q2,9,37,0
C0567,Megan Chavez,Individual,F,Russia,Saint Petersburg,1953-10-07,72,Investment,2,Yes,Agency,1,1,0,4,1869286.1,467321.525,650710.38,333843.01,149111.11205543388,1546.3875,6185.55,301.7793814787401,4,2024-04-01,2025-10-01,3,3,1,0.75,0.25,548,1.0,1.3333333333333333,0,1,65+,Q4 highest,7,42,0
C0568,Timothy Wright,Individual,M,USA,California,1953-09-04,72,Home,3,No,Website,0,0,0,3,944335.88,314778.62666666665,449151.55,232301.46,117370.6417859953,1015.9399999999999,3047.8199999999997,312.8200089239528,3,2024-01-01,2024-09-01,3,1,2,0.3333333333333333,0.6666666666666666,244,1.0,1.0,1,1,65+,Q1 lowest,9,8,2
C0569,Mary Cook,Individual,F,USA,California,1971-12-05,54,Home,5,Yes,Client,1,0,0,3,1384749.3,461583.10000000003,522654.07,420964.33,53841.62115823498,1460.493333333333,4381.48,316.8524348086141,3,2024-02-01,2025-11-01,3,3,0,1.0,0.0,639,1.0,1.0,1,1,45-54,Q3,9,8,1
C0570,Hannah Peterson,Individual,F,France,Occitanie,1965-06-03,60,Home,5,Yes,Website,1,0,0,4,1527210.47,381802.6175,526682.25,203633.01,157421.2632122288,1310.8225,5243.29,292.02493091610836,4,2024-01-01,2024-06-01,3,4,0,1.0,0.0,152,1.0,1.3333333333333333,0,1,55-64,Q4 highest,4,34,2
C0571,Adam Chavez,Individual,M,USA,California,1966-07-03,59,Home,3,No,Website,0,0,0,4,1549969.49,387492.3725,419927.79,340602.26,36300.20949154551,1458.93,5835.72,274.8050126391672,4,2024-02-01,2024-06-01,4,3,1,0.75,0.25,121,1.0,1.0,1,1,55-64,Q4 highest,9,8,2
C0572,Ann Johnson,Individual,F,USA,California,1993-11-12,32,Investment,5,No,Website,0,1,0,4,1519677.44,379919.36,450012.44,257009.74,87791.7929917746,1228.8325,4915.33,320.72684656087205,4,2024-03-01,2025-04-01,4,4,0,1.0,0.0,396,1.0,1.0,1,1,<35,Q4 highest,9,8,2
C0573,Altira Co,Company,M,USA,Georgia,1977-04-24,48,Home,4,Yes,Agency,1,0,1,3,785842.76,261947.58666666667,427006.84,169300.68,143303.09552768405,849.7466666666668,2549.2400000000002,299.36766765108706,3,2024-03-01,2024-11-01,3,3,0,1.0,0.0,245,1.0,1.0,1,1,45-54,Q1 lowest,9,15,0
C0574,Gerald Cox,Individual,M,USA,California,1968-09-15,57,Home,2,No,Agency,0,0,0,4,1261906.32,315476.58,523216.37,183932.23,147802.82800375484,1052.2475,4208.99,295.34382931043945,4,2024-05-01,2025-06-01,4,3,1,0.75,0.25,396,1.0,1.0,1,1,55-64,Q3,9,8,0
C0575,Brian Hansen,Individual,M,USA,California,1966-01-21,59,Investment,2,No,Website,0,1,0,3,1018391.27,339463.75666666665,506852.64,164878.55,171100.58404333526,1107.81,3323.43,297.8604596152001,3,2024-01-01,2024-12-01,3,2,1,0.6666666666666666,0.3333333333333333,335,1.0,1.0,1,1,55-64,Q1 lowest,9,8,2
C0576,Terry Reyes,Individual,M,Germany,Hamburg,1959-02-24,66,Home,1,No,Client,0,0,0,3,1047406.79,349135.5966666667,516482.69,245591.43,146282.70155599716,1082.8966666666668,3248.69,317.8840006267897,3,2024-06-01,2024-12-01,3,3,0,1.0,0.0,183,1.0,1.0,0,1,65+,Q2,5,16,1
C0577,Christopher Miller,Individual,M,USA,Arizona,1989-05-18,36,Home,3,No,Website,0,0,0,3,693899.0099999999,231299.66999999995,279379.41,165950.58,58653.19859870473,879.3433333333332,2638.0299999999997,263.11305285965733,3,2024-02-01,2025-05-01,3,3,0,1.0,0.0,455,1.0,1.0,1,1,35-44,Q1 lowest,9,1,2
C0578,Lauren Rogers,Individual,F,USA,Arizona,1999-07-22,26,Home,5,Yes,Client,1,0,0,3,707276.53,235758.84333333335,266964.5,216531.18,27266.906402737237,899.7566666666667,2699.27,262.77498376490684,3,2024-07-01,2025-02-01,3,3,0,1.0,0.0,215,1.0,1.0,1,1,<35,Q1 lowest,9,1,1
C0579,Christopher Ward,Individual,M,USA,Texas,1941-09-04,84,Investment,3,No,Website,0,1,0,3,1198428.6400000001,399476.2133333334,592851.63,202307.22,195299.8398962642,1299.5366666666666,3898.61,300.04968830840284,3,2024-06-01,2025-11-01,3,3,0,1.0,0.0,518,1.0,1.0,1,1,65+,Q2,9,47,2
C0580,Heather Watson,Individual,F,USA,California,1948-11-01,77,Home,2,Yes,Client,1,0,0,4,2158954.7800000003,539738.6950000001,620192.42,444157.13,81174.7761904762,1726.0575,6904.23,312.68442078628436,4,2024-01-01,2025-10-01,4,4,0,1.0,0.0,639,1.0,1.0,1,1,65+,Q4 highest,9,8,1
C0581,Kimberly Stewart,Individual,F,USA,California,1957-12-21,68,Investment,5,Yes,Website,1,1,0,4,1029755.56,257438.89,371216.71,147025.21,91670.16021656447,801.065,3204.26,318.8186499683478,4,2024-03-01,2024-09-01,3,3,1,0.75,0.25,184,1.0,1.3333333333333333,1,1,65+,Q2,9,8,2
C0582,Teresa Pierce,Individual,F,USA,Washington,1940-02-10,85,Investment,3,Yes,Website,1,1,0,3,708559.1499999999,236186.3833333333,387349.97,129935.43,134456.0144640385,791.0400000000001,2373.1200000000003,293.6243581297054,3,2024-06-01,2025-12-01,3,2,1,0.6666666666666666,0.3333333333333333,548,1.0,1.0,1,1,65+,Q1 lowest,9,53,2
C0583,Kevin Scott,Individual,M,USA,California,1986-10-27,39,Home,2,No,Agency,0,0,0,4,1237228.18,309307.045,390024.91,196134.77,85667.09573181157,996.7025,3986.81,310.8438240992058,4,2024-02-01,2025-12-01,4,4,0,1.0,0.0,669,1.0,1.0,1,1,35-44,Q3,9,8,0
C0584,Janice Taylor,Individual,F,USA,California,1982-11-03,43,Home,5,No,Website,0,0,0,3,1135691.62,378563.87333333335,501136.87,187291.27,167822.7997828544,1350.9733333333334,4052.92,282.8320435714983,3,2024-11-01,2025-06-01,3,3,0,1.0,0.0,212,1.0,1.0,1,1,35-44,Q2,9,8,2
C0585,Anthony Edwards,Individual,M,USA,Colorado,1961-02-07,64,Home,3,No,Agency,0,0,0,4,1003690.1799999999,250922.54499999998,298657.8,170341.14,56406.0374122992,886.4275,3545.71,282.62534764037093,4,2024-01-01,2025-10-01,4,3,1,0.75,0.25,639,1.0,1.0,1,1,55-64,Q1 lowest,9,11,0
C0586,Noah Morales,Individual,M,USA,California,1977-06-14,48,Home,2,Yes,Client,1,0,0,3,1226524.31,408841.4366666667,553899.49,243379.65,156262.20595159833,1286.4266666666667,3859.28,315.0602641455691,3,2024-06-01,2025-07-01,3,3,0,1.0,0.0,395,1.0,1.0,1,1,45-54,Q3,9,8,1
C0587,Pamela Richardson,Individual,F,USA,New York,1992-11-24,33,Home,4,No,Website,0,0,0,4,1093439.8399999999,273359.95999999996,386382.22,154757.84,111805.42248447015,911.785,3647.14,302.6221480306888,4,2025-01-01,2025-10-01,4,4,0,1.0,0.0,273,1.0,1.0,1,1,<35,Q2,9,27,2
C0588,Janice White,Individual,F,USA,Florida,1989-11-20,36,Home,2,No,Website,0,0,0,4,1495976.1400000001,373994.03500000003,529783.19,272247.83,109683.17518322804,1271.345,5085.38,298.6021241850181,4,2024-01-01,2025-07-01,3,4,0,1.0,0.0,547,1.0,1.3333333333333333,1,1,35-44,Q4 highest,9,14,2
C0589,Christopher Williams,Individual,M,USA,Texas,1946-09-21,79,Investment,5,No,Client,0,1,0,4,1982246.22,495561.555,539246.07,389720.64,71316.480507049,1699.3675,6797.47,290.57192511322916,4,2024-02-01,2025-09-01,4,3,1,0.75,0.25,578,1.0,1.0,1,1,65+,Q4 highest,9,47,1
C0590,Arthur Campbell,Individual,M,UK,Scotland,1966-09-16,59,Investment,2,No,Website,0,1,0,4,1105388.8900000001,276347.22250000003,364484.54,151439.51,95957.58391849611,935.765,3743.06,298.5010955563988,4,2024-02-01,2025-07-01,4,4,0,1.0,0.0,516,1.0,1.0,0,1,55-64,Q2,8,43,2
C0591,Dorothy Long,Individual,F,USA,Nevada,1968-09-03,57,Home,1,No,Website,0,0,0,3,1336217.65,445405.8833333333,473238.41,407447.04,34044.5709114454,1460.493333333333,4381.48,305.7142070666491,3,2024-03-01,2025-02-01,3,3,0,1.0,0.0,337,1.0,1.0,1,1,55-64,Q3,9,25,2
C0592,Roger Moore,Individual,M,USA,Arizona,1972-03-06,53,Investment,2,No,Client,0,1,0,3,787516.58,262505.5266666667,353140.87,207013.27,79149.20262255099,851.4266666666667,2554.28,304.6017791521842,3,2024-06-01,2025-04-01,3,3,0,1.0,0.0,304,1.0,1.0,1,1,45-54,Q1 lowest,9,1,1
C0593,Elizabeth Carter,Individual,F,USA,California,1952-08-08,73,Home,2,Yes,Agency,1,0,0,4,2012063.38,503015.845,578707.72,351694.47,104857.22250924906,1575.1075,6300.43,319.55794554992394,4,2024-04-01,2024-08-01,3,4,0,1.0,0.0,122,1.0,1.3333333333333333,1,1,65+,Q4 highest,9,8,0
C0594,Diane Patterson,Individual,F,USA,Utah,1942-08-02,83,Home,1,No,Agency,0,0,0,3,1137572.87,379190.9566666667,501939.76,313882.7,106376.3449032962,1221.6766666666665,3665.0299999999997,317.4840213600542,3,2024-01-01,2025-08-01,3,3,0,1.0,0.0,578,1.0,1.0,1,1,65+,Q2,9,48,0
C0595,Anna Murray,Individual,F,USA,Utah,1966-10-06,59,Home,3,No,Agency,0,0,0,3,914304.97,304768.3233333333,491381.22,158604.2,170035.91887642044,934.4333333333334,2803.3,321.59200023053324,3,2024-06-01,2025-04-01,3,2,1,0.6666666666666666,0.3333333333333333,304,1.0,1.0,1,1,55-64,Q1 lowest,9,48,0
C0596,Gerald Phillips,Individual,M,USA,Nevada,1976-04-17,49,Home,4,No,Agency,0,0,0,4,1094771.49,273692.8725,349555.66,160146.36,80622.03298362193,1023.9675,4095.87,268.71346436583286,4,2025-03-01,2025-12-01,4,3,1,0.75,0.25,275,1.0,1.0,1,1,45-54,Q2,9,25,0
C0597,Peter King,Individual,M,UK,Northern Ireland,1986-02-17,39,Home,2,Yes,Website,1,0,0,3,976844.1699999999,325614.7233333333,336562.17,317758.61,9775.516533755826,1033.6200000000001,3100.86,316.36629492109006,3,2024-06-01,2025-08-01,3,3,0,1.0,0.0,426,1.0,1.0,0,1,35-44,Q1 lowest,8,31,2
C0598,Jacob Gray,Individual,M,USA,Colorado,1949-06-24,76,Investment,4,No,Website,0,1,0,4,1398930.7000000002,349732.67500000005,578866.18,140335.17,179427.21711006772,1135.53,4542.12,307.99946387611016,4,2025-02-01,2025-12-01,4,4,0,1.0,0.0,303,1.0,1.0,1,1,65+,Q3,9,11,2
C0599,Jennifer Turner,Individual,F,Canada,Alberta,1998-03-19,27,Home,2,No,Agency,0,0,0,3,1162815.78,387605.26,519841.25,222979.69,151057.96940526078,1354.0866666666668,4062.26,280.8622967539782,3,2024-04-01,2025-06-01,3,3,0,1.0,0.0,426,1.0,1.0,0,1,<35,Q2,2,0,0
C0600,Thomas King,Individual,M,USA,Oregon,1984-03-17,41,Investment,1,No,Client,0,1,0,3,917709.61,305903.2033333333,331613.25,261905.49,38283.44309408095,1042.71,3128.13,299.5586767720553,3,2024-06-01,2024-12-01,3,3,0,1.0,0.0,183,1.0,1.0,1,1,35-44,Q1 lowest,9,37,1
C0601,Lisa Nelson,Individual,F,USA,California,1972-10-16,53,Home,4,No,Website,0,0,0,4,1700411.72,425102.93,608461.19,260615.44,145875.23126846607,1307.3,5229.2,324.4429542692236,4,2024-03-01,2025-07-01,4,4,0,1.0,0.0,487,1.0,1.0,1,1,45-54,Q4 highest,9,8,2
C0602,Albert Hayes,Individual,M,Germany,Bavaria,1984-03-24,41,Home,4,No,Agency,0,0,0,4,905508.82,226377.205,319887.69,174206.99,64205.454169467834,748.33,2993.32,298.6892851449089,4,2024-04-01,2025-11-01,4,3,1,0.75,0.25,579,1.0,1.0,0,1,35-44,Q1 lowest,5,3,0
C0603,Diane Thompson,Individual,F,USA,New York,1994-01-07,31,Home,4,Yes,Agency,1,0,0,4,1218095.3,304523.825,402393.19,192057.65,86283.88545207947,1027.81,4111.24,296.2417955774921,4,2024-04-01,2024-09-01,4,4,0,1.0,0.0,153,1.0,1.0,1,1,<35,Q2,9,27,0
C0604,Danielle Montgomery,Individual,F,Belgium,Wallonia,1998-09-17,27,Home,1,No,Agency,0,0,0,3,791133.03,263711.01,427718.82,178243.97,142077.14316446296,919.0466666666666,2757.14,288.5124058632202,3,2024-01-01,2025-07-01,3,2,1,0.6666666666666666,0.3333333333333333,547,1.0,1.0,0,1,<35,Q1 lowest,1,52,0
C0605,Nathan Flores,Individual,M,USA,Utah,1974-06-28,51,Home,4,Yes,Agency,1,0,0,4,1407314.33,351828.5825,470883.03,272856.66,84965.08585355768,1267.07,5068.28,285.7231522180315,4,2024-01-01,2024-12-01,3,3,1,0.75,0.25,335,1.0,1.3333333333333333,1,1,45-54,Q3,9,48,0
C0606,Carolyn Stone,Individual,F,France,Ile-de-France,1949-12-25,76,Investment,1,No,Website,0,1,0,3,1070969.53,356989.8433333333,442981.99,294198.85,77057.28923380664,1146.2633333333333,3438.79,313.61713376150334,3,2024-03-01,2025-12-01,3,3,0,1.0,0.0,640,1.0,1.0,0,1,65+,Q2,4,18,2
C0607,Daniel Edwards,Individual,M,USA,California,1962-09-14,63,Home,1,No,Agency,0,0,0,3,1125230.1199999999,375076.7066666666,381636.61,363367.6,10164.885775110006,1371.6133333333335,4114.84,274.0389663617243,3,2024-02-01,2024-12-01,3,3,0,1.0,0.0,304,1.0,1.0,1,1,55-64,Q2,9,8,0
C0608,Jerry Adams,Individual,M,USA,California,1956-06-14,69,Home,4,No,Agency,0,0,0,4,1201411.56,300352.89,564420.33,202760.5,176259.1256498278,1018.5225,4074.09,295.4937894654722,4,2024-04-01,2024-06-01,3,3,1,0.75,0.25,61,1.0,1.3333333333333333,1,1,65+,Q2,9,8,0
C0609,Julia Richardson,Individual,F,USA,Washington,1961-05-22,64,Home,4,No,Agency,0,0,0,4,1307567.64,326891.91,539078.45,186418.6,170223.9711319474,1255.1325000000002,5020.530000000001,264.1895296634044,4,2024-08-01,2025-08-01,4,4,0,1.0,0.0,365,1.0,1.0,1,1,55-64,Q3,9,53,0
C0610,Ann Owens,Individual,F,USA,California,1970-05-10,55,Investment,4,No,Website,0,1,0,3,1178597.68,392865.8933333333,477431.41,250887.27,123704.32674293745,1339.73,4019.19,295.9214079433128,3,2024-02-01,2025-09-01,3,3,0,1.0,0.0,578,1.0,1.0,1,1,55-64,Q2,9,8,2
C0611,Jacob Price,Individual,M,USA,California,1950-12-06,75,Home,4,No,Agency,0,0,0,4,1142671.94,285667.985,433951.65,109548.52,164614.25010773895,997.415,3989.66,279.33976691581074,4,2024-03-01,2025-07-01,4,4,0,1.0,0.0,487,1.0,1.0,1,1,65+,Q2,9,8,0
C0612,Kevin Wood,Individual,M,USA,Florida,1960-01-26,65,Home,4,No,Agency,0,0,0,4,1671846.3,417961.575,633040.56,180342.16,205635.78006368535,1389.15,5556.6,300.02147789360413,4,2024-01-01,2024-11-01,3,4,0,1.0,0.0,305,1.0,1.3333333333333333,1,1,65+,Q4 highest,9,14,0
C0613,Cynthia Cox,Individual,F,Australia,Victoria,1995-10-02,30,Home,4,No,Agency,0,0,0,3,1186019.52,395339.84,447068.49,355893.16,46812.074195263966,1366.5633333333335,4099.6900000000005,295.46634451021083,3,2024-01-01,2025-10-01,3,3,0,1.0,0.0,639,1.0,1.0,0,1,<35,Q2,0,49,0
C0614,George Bryant,Individual,M,UK,Wales,1972-01-07,53,Home,3,Yes,Website,1,0,0,4,1025958.38,256489.595,323890.25,210334.7,47954.586825836566,858.9825,3435.93,300.8272508329308,4,2024-03-01,2025-06-01,3,3,1,0.75,0.25,457,1.0,1.3333333333333333,0,1,45-54,Q2,8,51,2
C0615,Jordan King,Individual,M,USA,Utah,1957-01-12,68,Home,2,Yes,Website,1,0,0,4,919002.01,229750.5025,284149.74,165789.68,49493.52805462709,748.33,2993.32,307.12716692512765,4,2024-01-01,2025-10-01,3,4,0,1.0,0.0,639,1.0,1.3333333333333333,1,1,65+,Q1 lowest,9,48,2
C0616,Julie Brooks,Individual,F,USA,Virginia,1963-04-17,62,Investment,1,Yes,Agency,1,1,0,3,1013364.3,337788.10000000003,519571.55,130514.41,195777.11510206727,1074.6233333333332,3223.87,309.8821293324002,3,2024-11-01,2025-02-01,3,2,1,0.6666666666666666,0.3333333333333333,92,1.0,1.0,1,1,55-64,Q1 lowest,9,50,0
C0617,Carolyn Evans,Individual,F,USA,Ohio,1986-10-07,39,Home,5,Yes,Website,1,0,0,3,766861.21,255620.40333333332,408314.89,175491.09,132291.37820463788,849.6366666666667,2548.91,295.92339334372826,3,2024-02-01,2024-10-01,3,3,0,1.0,0.0,243,1.0,1.0,1,1,35-44,Q1 lowest,9,35,2
C0618,Austin Taylor,Individual,M,USA,Texas,1968-05-11,57,Home,3,No,Agency,0,0,0,3,982803.0,327601.0,498882.11,195094.85,155561.23545674255,1113.29,3339.87,291.3172831425711,3,2024-04-01,2024-09-01,3,2,1,0.6666666666666666,0.3333333333333333,153,1.0,1.0,1,1,55-64,Q1 lowest,9,47,0
C0619,Heather Morales,Individual,F,USA,Washington,1970-04-25,55,Home,4,No,Website,0,0,0,3,1411977.41,470659.13666666666,545321.51,381854.67,82645.93787829464,1471.8999999999999,4415.7,318.27085849486457,3,2024-04-01,2024-07-01,3,1,2,0.3333333333333333,0.6666666666666666,91,1.0,1.0,1,1,55-64,Q3,9,53,2
C0620,Sarah Howard,Individual,F,France,Brittany,1960-04-22,65,Home,3,No,Website,0,0,0,3,1532429.29,510809.76333333337,619177.19,428558.17,97956.26707598106,1504.28,4512.84,338.3096253727112,3,2024-09-01,2025-08-01,3,2,1,0.6666666666666666,0.3333333333333333,334,1.0,1.0,0,1,65+,Q4 highest,4,6,2
C0621,Jonathan Turner,Individual,M,Germany,Bavaria,1982-02-13,43,Investment,3,Yes,Agency,1,1,0,3,791609.11,263869.7033333333,372530.49,148566.34,112129.73731301182,869.7866666666667,2609.36,305.3268357815998,3,2024-10-01,2025-04-01,3,3,0,1.0,0.0,182,1.0,1.0,0,1,35-44,Q1 lowest,5,3,0
C0622,Katherine Ward,Individual,F,USA,Washington,1987-10-09,38,Investment,2,No,Client,0,1,0,3,869334.73,289778.24333333335,353174.47,181705.84,94060.31756103438,980.8699999999999,2942.6099999999997,291.58061033183304,3,2024-02-01,2025-12-01,3,3,0,1.0,0.0,669,1.0,1.0,1,1,35-44,Q1 lowest,9,53,1
C0623,Jonathan Adams,Individual,M,USA,Florida,1986-04-27,39,Investment,3,Yes,Client,1,1,0,4,1410333.45,352583.3625,490155.8,175980.46,157850.5802964775,1146.02,4584.08,317.2382716730889,4,2024-03-01,2025-11-01,4,3,1,0.75,0.25,610,1.0,1.0,1,1,35-44,Q3,9,14,1
C0624,Carl Jordan,Individual,M,USA,Nevada,2000-09-02,25,Investment,3,No,Agency,0,1,0,3,1215611.54,405203.8466666667,497030.07,234941.79,147603.18963816614,1413.8666666666668,4241.6,287.28624779022016,3,2024-09-01,2025-11-01,3,3,0,1.0,0.0,426,1.0,1.0,1,1,<35,Q2,9,25,0
C0625,Deborah Hayes,Individual,F,Belgium,Flanders,1983-07-08,42,Investment,2,Yes,Agency,1,1,0,4,1000166.88,250041.72,308545.24,170552.15,66741.7959163966,851.0225,3404.09,292.8195869575726,4,2024-06-01,2025-11-01,4,3,1,0.75,0.25,518,1.0,1.0,0,1,35-44,Q1 lowest,1,13,0
C0626,Sara Jones,Individual,F,Germany,Hamburg,1968-06-13,57,Investment,2,No,Website,0,1,0,3,1061694.1300000001,353898.0433333334,448491.59,212626.79,124668.18838221935,1244.5566666666666,3733.67,285.1940313192774,3,2024-04-01,2025-09-01,3,3,0,1.0,0.0,518,1.0,1.0,0,1,55-64,Q2,5,16,2
C0627,Katherine Johnson,Individual,F,USA,Arizona,2000-11-07,25,Home,3,No,Agency,0,0,0,4,1870806.42,467701.605,562008.09,373065.95,77306.83100390265,1726.0575,6904.23,270.75016633382285,4,2024-03-01,2024-11-01,4,2,2,0.5,0.5,245,1.0,1.0,1,1,<35,Q4 highest,9,1,0
C0628,Arthur Campbell,Individual,M,Canada,British Columbia,1985-05-16,40,Home,3,Yes,Agency,1,0,0,4,1623109.63,405777.4075,601135.7,211336.04,193728.83587112327,1250.39,5001.56,321.38257980747676,4,2024-01-01,2025-07-01,4,3,1,0.75,0.25,547,1.0,1.0,0,1,35-44,Q4 highest,2,5,0
C0629,Maria Richardson,Individual,F,USA,California,1946-07-09,79,Investment,2,No,Agency,0,1,0,3,961721.77,320573.92333333334,404054.56,259068.93,74949.34890684263,1129.1766666666665,3387.5299999999997,288.9653200365696,3,2024-02-01,2025-10-01,3,3,0,1.0,0.0,608,1.0,1.0,1,1,65+,Q1 lowest,9,8,0
C0630,Stephen Roberts,Individual,M,USA,California,1965-07-28,60,Home,2,No,Website,0,0,0,4,1308077.6099999999,327019.40249999997,521382.1,217542.01,142187.07992166738,1075.5049999999999,4302.0199999999995,299.3394123212475,4,2024-07-01,2025-12-01,4,3,1,0.75,0.25,518,1.0,1.0,1,1,55-64,Q3,9,8,2
C0631,Dorothy Flores,Individual,F,USA,California,1966-12-11,59,Home,5,No,Website,0,0,0,4,1534891.22,383722.805,458349.81,293846.83,76152.38763575988,1227.645,4910.58,322.72671846476993,4,2024-06-01,2025-05-01,3,3,1,0.75,0.25,334,1.0,1.3333333333333333,1,1,55-64,Q4 highest,9,8,2
C0632,Thomas Nelson,Individual,M,UK,Northern Ireland,1948-05-16,77,Home,4,No,Website,0,0,0,4,1146845.98,286711.495,386036.16,171733.24,105088.4085469095,947.7475,3790.99,297.7150223108018,4,2024-10-01,2025-05-01,4,4,0,1.0,0.0,212,1.0,1.0,0,1,65+,Q2,8,31,2
C0633,Ann Owens,Individual,F,USA,Nevada,1941-05-12,84,Home,3,No,Agency,0,0,0,4,1207516.26,301879.065,526337.84,187366.27,152533.21888597915,928.745,3714.98,326.25710067918743,4,2024-02-01,2025-10-01,4,4,0,1.0,0.0,608,1.0,1.0,1,1,65+,Q2,9,25,0
C0634,Justin Ward,Individual,M,USA,Washington,1980-11-17,45,Investment,4,Yes,Website,1,1,0,3,1181693.63,393897.87666666665,498320.91,222121.91,149912.59160491935,1393.1066666666666,4179.32,281.64223622416745,3,2024-03-01,2025-01-01,3,2,1,0.6666666666666666,0.3333333333333333,306,1.0,1.0,1,1,45-54,Q2,9,53,2
C0635,Kimberly King,Individual,F,UK,Scotland,1960-06-14,65,Investment,5,No,Website,0,1,0,3,1375700.03,458566.6766666667,503560.15,385520.65,63824.29162514952,1460.493333333333,4381.48,313.2355479652279,3,2024-09-01,2025-03-01,3,1,2,0.3333333333333333,0.6666666666666666,181,1.0,1.0,0,1,65+,Q3,8,43,2
C0636,Kathleen Rogers,Individual,F,France,Brittany,1980-11-10,45,Home,5,No,Website,0,0,0,4,981810.0800000001,245452.52000000002,368940.08,148669.83,91244.35012117993,827.3575000000001,3309.4300000000003,299.06553892659133,4,2024-04-01,2025-12-01,4,4,0,1.0,0.0,609,1.0,1.0,0,1,45-54,Q1 lowest,4,6,2
C0637,Catherine Stone,Individual,F,USA,California,1967-08-14,58,Home,2,No,Website,0,0,0,4,1602478.07,400619.5175,487674.6,297389.79,78316.38644926377,1296.5625,5186.25,309.58837207302247,4,2024-02-01,2025-05-01,4,4,0,1.0,0.0,455,1.0,1.0,1,1,55-64,Q4 highest,9,8,2
C0638,Jason King,Individual,M,USA,Ohio,1975-02-04,50,Home,5,Yes,Website,1,0,0,4,1347045.42,336761.355,527612.39,206964.98,157132.8144258859,1204.4975,4817.99,287.15174224417376,4,2024-03-01,2025-02-01,4,3,1,0.75,0.25,337,1.0,1.0,1,1,45-54,Q3,9,35,2
C0639,Mark Campbell,Individual,M,UK,Scotland,1961-03-03,64,Home,3,Yes,Website,1,0,0,3,861670.72,287223.5733333333,446713.63,198594.76,138407.84033998448,1008.1300000000001,3024.3900000000003,290.6802798000895,3,2025-08-01,2025-11-01,3,3,0,1.0,0.0,92,1.0,1.0,0,1,55-64,Q1 lowest,8,43,2
C0640,Emily Thompson,Individual,F,USA,Utah,1967-03-01,58,Home,3,No,Agency,0,0,0,3,772950.1699999999,257650.05666666664,339275.85,158974.32,91351.98878972275,915.6366666666667,2746.91,282.3080842959894,3,2024-04-01,2025-07-01,3,3,0,1.0,0.0,456,1.0,1.0,1,1,55-64,Q1 lowest,9,48,0
C0641,Zynex Co,Company,M,USA,Arizona,1994-02-26,31,Home,2,No,Agency,0,0,1,3,1217213.26,405737.75333333336,463667.58,334381.13,65680.71018150335,1240.6066666666666,3721.8199999999997,328.4254236516344,3,2024-10-01,2025-03-01,3,3,0,1.0,0.0,151,1.0,1.0,1,1,<35,Q2,9,1,0
C0642,Julia Reyes,Individual,F,USA,California,1967-11-21,58,Home,4,No,Website,0,0,0,3,1027140.61,342380.2033333333,512135.16,245867.49,147471.81994598708,1161.5433333333333,3484.63,297.80058191299514,3,2024-01-01,2024-06-01,2,3,0,1.0,0.0,152,1.0,1.5,1,1,55-64,Q2,9,8,2
C0643,Samantha Richardson,Individual,F,USA,California,1974-05-05,51,Home,5,No,Website,0,0,0,3,928645.01,309548.33666666667,376815.49,183881.37,108921.0600070975,1016.5033333333334,3049.51,315.9044427822436,3,2024-10-01,2025-11-01,3,3,0,1.0,0.0,396,1.0,1.0,1,1,45-54,Q1 lowest,9,8,2
C0644,Teresa Johnson,Individual,F,USA,California,1956-08-25,69,Home,4,Yes,Agency,1,0,0,3,1549624.23,516541.41,599850.78,412697.67,95251.33547169145,1630.1366666666665,4890.41,315.51472286719064,3,2024-01-01,2024-12-01,3,2,1,0.6666666666666666,0.3333333333333333,335,1.0,1.0,1,1,65+,Q4 highest,9,8,0
C0645,Arthur Cox,Individual,M,USA,Nevada,1988-07-18,37,Home,2,No,Client,0,0,0,3,731453.53,243817.84333333335,268604.55,219862.84,24381.4964933868,862.11,2586.33,282.906576050256,3,2025-01-01,2025-08-01,3,3,0,1.0,0.0,212,1.0,1.0,1,1,35-44,Q1 lowest,9,25,1
C0646,Cynthia Campbell,Individual,F,USA,Arizona,1995-07-21,30,Investment,5,No,Agency,0,1,0,3,1325311.83,441770.61000000004,479212.8,388946.75,47057.80248420341,1464.0166666666667,4392.05,302.48359642072694,3,2024-06-01,2025-12-01,3,3,0,1.0,0.0,548,1.0,1.0,1,1,<35,Q3,9,1,0
C0647,Victoria Green,Individual,F,USA,California,1946-02-06,79,Home,4,No,Agency,0,0,0,4,2115520.42,528880.105,647138.13,421336.89,96678.53844232907,1676.3825,6705.53,314.2885727793599,4,2025-09-01,2025-12-01,3,3,1,0.75,0.25,91,1.0,1.3333333333333333,1,1,65+,Q4 highest,9,8,0
C0648,Stephanie Reed,Individual,F,USA,California,1999-03-02,26,Home,1,Yes,Website,1,0,0,4,1142985.38,285746.345,404330.66,173779.21,106379.23925320846,984.6475,3938.59,288.2363886872438,4,2024-04-01,2025-04-01,4,4,0,1.0,0.0,365,1.0,1.0,1,1,<35,Q2,9,8,2
C0649,Patricia Mitchell,Individual,F,USA,California,1995-03-01,30,Home,4,No,Agency,0,0,0,4,1401448.51,350362.1275,511233.23,238812.89,127629.10399542113,1136.6925,4546.77,318.85950533977984,4,2024-04-01,2025-04-01,3,0,4,0.0,1.0,365,1.0,1.3333333333333333,1,1,<35,Q3,9,8,0
C0650,Polaris Co,Company,M,France,Occitanie,1976-02-19,49,Home,3,Yes,Client,1,0,1,3,799742.26,266580.75333333336,290736.09,252741.45,20993.17924906168,932.37,2797.11,288.066031861014,3,2024-02-01,2025-12-01,3,3,0,1.0,0.0,669,1.0,1.0,0,1,45-54,Q1 lowest,4,34,1
C0651,Horizon Co,Company,M,USA,Washington,1993-01-14,32,Home,1,No,Agency,0,0,1,4,1077094.73,269273.6825,398037.98,187120.57,98436.12513777665,948.7574999999999,3795.0299999999997,291.0687670513722,4,2024-03-01,2025-10-01,4,4,0,1.0,0.0,579,1.0,1.0,1,1,<35,Q2,9,53,0
C0652,Heather Johnson,Individual,F,USA,Washington,1993-12-08,32,Home,2,No,Website,0,0,0,3,904157.22,301385.74,439896.91,203347.49,123359.02871528658,985.5433333333334,2956.63,311.8558727516952,3,2024-08-01,2025-09-01,3,3,0,1.0,0.0,396,1.0,1.0,1,1,<35,Q1 lowest,9,53,2
C0653,Gerald Adams,Individual,M,USA,Ohio,1970-07-22,55,Home,2,No,Client,0,0,0,4,1215543.15,303885.7875,421423.2,178170.39,127344.43280327844,1053.27,4213.08,294.7851332735887,4,2024-08-01,2025-09-01,3,3,1,0.75,0.25,396,1.0,1.3333333333333333,1,1,55-64,Q2,9,35,1
C0654,Eric Griffin,Individual,M,USA,New York,1960-05-07,65,Home,2,Yes,Website,1,0,0,3,865293.89,288431.2966666667,388799.01,232742.76,87095.11990762764,1015.9399999999999,3047.8199999999997,291.6213068687354,3,2024-06-01,2025-09-01,3,2,1,0.6666666666666666,0.3333333333333333,457,1.0,1.0,1,1,65+,Q1 lowest,9,27,2
C0655,Patricia King,Individual,F,USA,Nevada,1950-05-19,75,Home,1,Yes,Agency,1,0,0,3,1071763.22,357254.4066666667,438371.45,292783.1,74207.83197084145,1138.4233333333334,3415.27,320.80174643789627,3,2024-06-01,2025-05-01,3,3,0,1.0,0.0,334,1.0,1.0,1,1,65+,Q2,9,25,0
C0656,Amber Allen,Individual,F,USA,Colorado,1977-02-08,48,Home,5,No,Client,0,0,0,4,1288383.38,322095.845,505553.38,164194.34,146809.99980942818,1190.4075,4761.63,272.56720920906037,4,2024-02-01,2025-09-01,4,3,1,0.75,0.25,578,1.0,1.0,1,1,45-54,Q3,9,11,1
C0657,Alexander Allen,Individual,M,USA,California,1956-09-26,69,Home,2,No,Agency,0,0,0,3,1258111.3199999998,419370.43999999994,593053.61,260940.86,166580.98236010227,1338.1466666666668,4014.44,306.7882620263122,3,2024-02-01,2025-11-01,2,3,0,1.0,0.0,639,1.0,1.5,1,1,65+,Q3,9,8,0
C0658,Kelly Green,Individual,F,USA,Virginia,1999-12-13,26,Home,3,Yes,Agency,1,0,0,3,1122021.28,374007.0933333333,491470.69,276330.88,108926.3047481839,1271.67,3815.01,301.4756979175042,3,2024-03-01,2025-11-01,3,2,1,0.6666666666666666,0.3333333333333333,610,1.0,1.0,1,1,<35,Q2,9,50,0
C0659,Sara Foster,Individual,F,USA,California,1988-10-06,37,Home,4,Yes,Agency,1,0,0,4,1000550.86,250137.715,315923.54,173467.51,67321.32232945047,832.615,3330.46,305.31942802807214,4,2025-02-01,2025-11-01,4,3,1,0.75,0.25,273,1.0,1.0,1,1,35-44,Q1 lowest,9,8,0
C0660,Charles Kim,Individual,M,USA,Arizona,1991-08-10,34,Home,4,Yes,Client,1,0,0,3,1148308.35,382769.45,425964.32,348352.52,39543.48300027071,1337.0533333333333,4011.16,286.4432933590263,3,2024-03-01,2025-06-01,3,3,0,1.0,0.0,457,1.0,1.0,1,1,<35,Q2,9,1,1
C0661,Deborah Williams,Individual,F,Canada,Manitoba,1961-06-25,64,Home,3,No,Website,0,0,0,4,1627713.0499999998,406928.26249999995,621646.32,299605.04,146758.96786440964,1299.3274999999999,5197.3099999999995,310.47679115794534,4,2024-01-01,2025-12-01,4,4,0,1.0,0.0,700,1.0,1.0,0,1,55-64,Q4 highest,2,22,2
C0662,Stephanie Kim,Individual,F,USA,California,1957-08-25,68,Investment,3,No,Website,0,1,0,4,1520239.97,380059.9925,524135.1,232325.48,124375.99284352463,1175.235,4700.94,323.65670495877663,4,2024-03-01,2025-03-01,4,4,0,1.0,0.0,365,1.0,1.0,1,1,65+,Q4 highest,9,8,2
C0663,Anthony Flores,Individual,M,USA,California,1958-02-02,67,Home,2,Yes,Agency,1,0,0,4,1544313.34,386078.335,601666.05,231176.25,155468.66647737386,1234.8075,4939.23,307.74678265635316,4,2024-05-01,2025-10-01,3,4,0,1.0,0.0,518,1.0,1.3333333333333333,1,1,65+,Q4 highest,9,8,0
C0664,Lawrence Wood,Individual,M,Canada,Alberta,1958-08-17,67,Investment,5,Yes,Website,1,1,0,4,1063024.57,265756.1425,369441.6,139782.57,108779.52052131329,897.47,3589.88,297.56075291368495,4,2024-04-01,2025-04-01,4,3,1,0.75,0.25,365,1.0,1.0,0,1,65+,Q2,2,0,2
C0665,Robert Adams,Individual,M,USA,Colorado,1959-08-27,66,Investment,1,No,Agency,0,1,0,3,704886.02,234962.00666666668,259327.23,212548.64,23450.2969902821,765.68,2297.04,307.8983581638773,3,2024-05-01,2025-02-01,3,3,0,1.0,0.0,276,1.0,1.0,1,1,65+,Q1 lowest,9,11,0
C0666,Maria Davis,Individual,F,USA,California,1948-10-09,77,Investment,1,No,Website,0,1,0,4,1532074.27,383018.5675,533934.58,312185.78,101984.66362304523,1271.345,5085.38,306.4454018186857,4,2024-03-01,2025-12-01,4,2,2,0.5,0.5,640,1.0,1.0,1,1,65+,Q4 highest,9,8,2
C0667,Anthony Mitchell,Individual,M,USA,Arizona,1966-07-07,59,Investment,2,No,Agency,0,1,0,4,1486560.06,371640.015,528551.13,223901.16,135184.29950490317,1295.2649999999999,5181.0599999999995,292.5604496662045,4,2024-04-01,2024-12-01,3,4,0,1.0,0.0,244,1.0,1.3333333333333333,1,1,55-64,Q4 highest,9,1,0
C0668,Margaret Peterson,Individual,F,France,Ile-de-France,1978-11-15,47,Investment,4,Yes,Website,1,1,0,4,987175.01,246793.7525,407789.69,118024.61,119768.14431515372,824.2025,3296.81,302.2540028172113,4,2024-11-01,2025-09-01,4,4,0,1.0,0.0,304,1.0,1.0,0,1,45-54,Q1 lowest,4,18,2
C0669,Cheryl Bell,Individual,F,Canada,British Columbia,1958-03-18,67,Home,3,No,Agency,0,0,0,3,1366533.49,455511.16333333333,540922.9,337688.76,105422.32875780266,1599.3433333333332,4798.03,285.82087164617263,3,2024-08-01,2025-07-01,3,2,1,0.6666666666666666,0.3333333333333333,334,1.0,1.0,0,1,65+,Q3,2,5,0
C0670,Altira Co,Company,M,USA,Nevada,1976-06-18,49,Investment,4,No,Website,0,1,1,3,1631973.5499999998,543991.1833333332,625384.45,450541.6,88042.72614876163,1800.45,5401.35,302.0008828167261,3,2024-02-01,2025-01-01,3,3,0,1.0,0.0,335,1.0,1.0,1,1,45-54,Q4 highest,9,25,2
C0671,Jerry Pierce,Individual,M,USA,Colorado,1941-12-09,84,Home,4,Yes,Client,1,0,0,3,759678.12,253226.04,361032.68,181792.91,94994.72595730406,849.6366666666667,2548.91,304.75267792694325,3,2025-02-01,2025-09-01,3,3,0,1.0,0.0,212,1.0,1.0,1,1,65+,Q1 lowest,9,11,1
C0672,Amber Williams,Individual,F,USA,California,1967-03-10,58,Home,2,No,Website,0,0,0,3,1301968.05,433989.35000000003,535756.29,246241.4,162785.95898723303,1452.2633333333333,4356.79,299.95897142075273,3,2024-09-01,2025-08-01,3,2,1,0.6666666666666666,0.3333333333333333,334,1.0,1.0,1,1,55-64,Q3,9,8,2
C0673,Janice Hayes,Individual,F,USA,California,1965-10-19,60,Home,4,No,Website,0,0,0,3,870503.9000000001,290167.96666666673,319736.59,236471.53,46581.98242225243,1012.96,3038.88,288.30634444005767,3,2024-10-01,2025-11-01,3,3,0,1.0,0.0,396,1.0,1.0,1,1,55-64,Q1 lowest,9,8,2
C0674,Judy Turner,Individual,F,USA,California,1986-05-26,39,Investment,4,No,Website,0,1,0,4,1733438.52,433359.63,584942.34,264096.57,152399.41447129447,1365.9450000000002,5463.780000000001,316.8275338092095,4,2024-01-01,2025-10-01,4,4,0,1.0,0.0,639,1.0,1.0,1,1,35-44,Q4 highest,9,8,2
C0675,Andrea Wright,Individual,F,USA,Texas,1969-12-23,56,Home,5,No,Website,0,0,0,3,1117159.17,372386.38999999996,528517.95,275203.33,136558.6629094749,1113.29,3339.87,342.7720336053362,3,2024-08-01,2024-09-01,2,2,1,0.6666666666666666,0.3333333333333333,31,1.0,1.5,1,1,55-64,Q2,9,47,2
C0676,Lisa Davis,Individual,F,USA,Nevada,1942-06-12,83,Home,2,No,Agency,0,0,0,3,1022396.03,340798.6766666667,478630.37,124485.23,189668.74874662547,989.0566666666667,2967.17,330.15138108079117,3,2024-03-01,2024-03-01,1,2,1,0.6666666666666666,0.3333333333333333,0,1.0,3.0,1,1,65+,Q1 lowest,9,25,0
C0677,Jerry Miller,Individual,M,USA,Arizona,1981-09-02,44,Investment,2,No,Agency,0,1,0,4,1217015.1099999999,304253.77749999997,362582.49,188272.1,79254.43096129384,1024.3375,4097.35,300.00249931528646,4,2024-03-01,2025-08-01,3,3,1,0.75,0.25,518,1.0,1.3333333333333333,1,1,35-44,Q2,9,1,0
C0678,Joseph Watson,Individual,M,USA,California,1972-10-19,53,Home,4,Yes,Website,1,0,0,3,904050.87,301350.29,449002.59,212891.5,128705.1491776343,897.3100000000001,2691.9300000000003,331.30723233262876,3,2024-02-01,2025-08-01,3,1,2,0.3333333333333333,0.6666666666666666,547,1.0,1.0,1,1,45-54,Q1 lowest,9,8,2
C0679,Lisa Patterson,Individual,F,USA,Nevada,1964-12-02,61,Home,1,No,Agency,0,0,0,4,1945371.6800000002,486342.92000000004,542183.91,409624.51,58418.45444160147,1726.0575,6904.23,283.6692192666235,4,2024-04-01,2025-10-01,4,3,1,0.75,0.25,548,1.0,1.0,1,1,55-64,Q4 highest,9,25,0
C0680,Andrew Griffin,Individual,M,USA,Utah,1965-04-16,60,Investment,2,No,Agency,0,1,0,4,1533727.71,383431.9275,527252.15,162825.0,158634.53624236904,1333.2775,5333.11,292.95481586924626,4,2024-04-01,2025-11-01,4,4,0,1.0,0.0,579,1.0,1.0,1,1,55-64,Q4 highest,9,48,0
C0681,Helios Co,Company,F,USA,California,1977-04-25,48,Home,3,No,Agency,0,0,1,4,736696.97,184174.2425,258314.7,114846.15,66100.58089587987,658.8625,2635.45,274.9177092938877,4,2024-02-01,2025-11-01,4,4,0,1.0,0.0,639,1.0,1.0,1,1,45-54,Q1 lowest,9,8,0
C0682,Donald Bennett,Individual,M,USA,California,1973-06-12,52,Home,5,No,Website,0,0,0,4,1436006.22,359001.555,454375.43,157671.38,135703.98552541054,1214.5625,4858.25,297.37073543990766,4,2024-06-01,2025-02-01,4,4,0,1.0,0.0,245,1.0,1.0,1,1,45-54,Q3,9,8,2
C0683,Patrick Jordan,Individual,M,USA,Colorado,1948-08-20,77,Home,2,Yes,Agency,1,0,0,3,1216565.53,405521.8433333333,484751.08,286554.21,104904.02731390839,1463.22,4389.66,277.04186140861026,3,2024-04-01,2025-04-01,3,3,0,1.0,0.0,365,1.0,1.0,1,1,65+,Q2,9,11,0
C0684,Donald Miller,Individual,M,USA,California,1985-10-05,40,Home,1,No,Agency,0,0,0,4,1402625.45,350656.3625,472614.44,132138.97,155086.77253448736,1120.62,4482.48,303.8373174363276,4,2024-04-01,2025-12-01,4,3,1,0.75,0.25,609,1.0,1.0,1,1,35-44,Q3,9,8,0
C0685,Sharon Hansen,Individual,F,USA,Washington,1987-04-18,38,Home,5,No,Agency,0,0,0,3,1129835.06,376611.6866666667,632201.17,131819.04,250365.7280207082,1228.5033333333333,3685.51,289.31464355745044,3,2025-01-01,2025-10-01,3,2,1,0.6666666666666666,0.3333333333333333,273,1.0,1.0,1,1,35-44,Q2,9,53,0
C0686,Michael Howard,Individual,M,USA,California,1963-11-17,62,Home,1,Yes,Website,1,0,0,3,1250166.33,416722.11000000004,528510.9,345446.82,98026.12972187111,1369.7300000000002,4109.1900000000005,303.1945308245193,3,2024-01-01,2025-09-01,3,3,0,1.0,0.0,609,1.0,1.0,1,1,55-64,Q3,9,8,2
C0687,Susan Long,Individual,F,USA,Utah,1959-01-03,66,Home,3,Yes,Website,1,0,0,4,1532604.0,383151.0,720425.67,220051.06,232557.88885578592,1210.7375000000002,4842.950000000001,301.80354172653267,4,2024-06-01,2025-07-01,4,3,1,0.75,0.25,395,1.0,1.0,1,1,65+,Q4 highest,9,48,2
C0688,Kathleen Howard,Individual,F,USA,Colorado,1968-12-04,57,Investment,5,Yes,Website,1,1,0,4,1093762.42,273440.605,415205.7,164217.44,121728.64539333226,868.5725,3474.29,306.5183230055185,4,2024-02-01,2025-10-01,4,3,1,0.75,0.25,608,1.0,1.0,1,1,55-64,Q2,9,11,2
C0689,Ann Williams,Individual,F,USA,California,1998-04-17,27,Home,4,No,Website,0,0,0,3,1051259.37,350419.79000000004,433353.3,264146.36,84652.89974505124,1186.05,3558.1499999999996,294.6877753003221,3,2025-05-01,2025-11-01,3,2,1,0.6666666666666666,0.3333333333333333,184,1.0,1.0,1,1,<35,Q2,9,8,2
C0690,Janet Stewart,Individual,F,USA,Oregon,1985-09-09,40,Home,4,Yes,Agency,1,0,0,4,1402023.24,350505.81,527730.49,172726.4,178003.76847604304,1150.3275,4601.31,300.5961844038745,4,2024-01-01,2025-12-01,4,3,1,0.75,0.25,700,1.0,1.0,1,1,35-44,Q3,9,37,0
C0691,Kenneth Bell,Individual,M,USA,California,1943-07-22,82,Investment,4,No,Agency,0,1,0,4,948552.89,237138.2225,307826.14,184248.76,59336.58996697085,816.16,3264.64,290.56720726693106,4,2024-03-01,2025-08-01,4,4,0,1.0,0.0,518,1.0,1.0,1,1,65+,Q1 lowest,9,8,0
C0692,Adam Roberts,Individual,M,USA,Georgia,1964-03-14,61,Investment,3,No,Agency,0,1,0,4,1206585.87,301646.4675,395284.05,178721.82,105486.5097487849,1011.5875,4046.35,299.5495073947391,4,2024-05-01,2025-05-01,4,4,0,1.0,0.0,365,1.0,1.0,1,1,55-64,Q2,9,15,0
C0693,Jesse Chavez,Individual,M,USA,California,1957-04-28,68,Investment,5,Yes,Agency,1,1,0,4,1831502.92,457875.73,572810.16,278284.91,135918.894475261,1498.6825,5994.73,302.8076865038587,4,2024-01-01,2024-12-01,4,3,1,0.75,0.25,335,1.0,1.0,1,1,65+,Q4 highest,9,8,0
C0694,Sterling Co,Company,M,UK,Scotland,1989-07-13,36,Investment,2,No,Website,0,1,1,4,1287767.07,321941.7675,382289.82,182434.9,93825.27232389414,1063.04,4252.16,303.055509354016,4,2024-01-01,2025-10-01,4,3,1,0.75,0.25,639,1.0,1.0,0,1,35-44,Q3,8,43,2
C0695,Timothy Rogers,Individual,M,USA,Washington,1947-03-24,78,Home,4,No,Website,0,0,0,3,870451.65,290150.55,381213.39,203127.74,89111.53722039195,934.8733333333333,2804.62,323.0922596930234,3,2024-07-01,2025-01-01,3,2,1,0.6666666666666666,0.3333333333333333,184,1.0,1.0,1,1,65+,Q1 lowest,9,53,2
C0696,Carol Green,Individual,F,USA,Washington,1994-03-06,31,Investment,5,Yes,Agency,1,1,0,4,1417025.49,354256.3725,610973.17,254439.1,171443.91988504413,1246.6175,4986.47,277.7675083347151,4,2024-01-01,2025-10-01,4,3,1,0.75,0.25,639,1.0,1.0,1,1,<35,Q3,9,53,0
C0697,Bryan Mitchell,Individual,M,USA,California,1986-11-01,39,Investment,4,Yes,Agency,1,1,0,4,1203571.2,300892.8,529206.1,169315.54,168030.04152426473,1036.6525,4146.61,290.4335245028834,4,2024-10-01,2025-10-01,4,4,0,1.0,0.0,365,1.0,1.0,1,1,35-44,Q2,9,8,0
C0698,Maria Scott,Individual,F,USA,California,1946-07-16,79,Home,2,Yes,Website,1,0,0,4,1560635.51,390158.8775,575207.87,260227.69,152803.33530352954,1286.9575,5147.83,307.9603135534052,4,2024-03-01,2025-06-01,4,3,1,0.75,0.25,457,1.0,1.0,1,1,65+,Q4 highest,9,8,2
C0699,Stephen Bennett,Individual,M,USA,Washington,1986-12-22,39,Home,1,Yes,Agency,1,0,0,3,1292445.15,430815.05,497579.57,299400.1,113813.59390142684,1357.1933333333334,4071.58,318.6152453856261,3,2024-01-01,2025-11-01,3,3,0,1.0,0.0,670,1.0,1.0,1,1,35-44,Q3,9,53,0
C0700,Christine Sanders,Individual,F,USA,Washington,1944-04-14,81,Home,5,No,Website,0,0,0,3,724453.7,241484.56666666665,302845.83,192322.86,56262.36407717538,851.4266666666667,2554.28,282.93780353298,3,2024-11-01,2025-12-01,3,3,0,1.0,0.0,395,1.0,1.0,1,1,65+,Q1 lowest,9,53,2
C0701,Danielle Peterson,Individual,F,UK,England,1962-09-17,63,Investment,1,No,Website,0,1,0,4,1318537.76,329634.44,610952.85,212665.55,188726.42477438395,1050.5725,4202.29,304.20595887478254,4,2024-10-01,2025-12-01,4,4,0,1.0,0.0,426,1.0,1.0,0,1,55-64,Q3,8,12,2
C0702,Nicholas Flores,Individual,M,USA,Arizona,1966-07-24,59,Home,5,No,Agency,0,0,0,3,1215022.0,405007.3333333333,437978.56,342941.15,53785.822504201176,1303.7766666666666,3911.33,311.0624599044384,3,2024-06-01,2025-01-01,3,3,0,1.0,0.0,214,1.0,1.0,1,1,55-64,Q2,9,1,0
C0703,Elara Co,Company,M,USA,Colorado,1984-05-15,41,Home,3,No,Website,0,0,1,3,938073.5700000001,312691.19,394037.08,219537.26,87847.13513535488,1023.8800000000001,3071.6400000000003,308.2167615628062,3,2024-07-01,2025-08-01,3,3,0,1.0,0.0,396,1.0,1.0,1,1,35-44,Q1 lowest,9,11,2
C0704,Nicole Jordan,Individual,F,USA,Georgia,1942-01-23,83,Home,4,No,Agency,0,0,0,3,1130778.86,376926.2866666667,431012.78,334482.01,49307.23370747374,1194.9266666666665,3584.7799999999997,317.21408986323775,3,2024-04-01,2024-11-01,2,2,1,0.6666666666666666,0.3333333333333333,214,1.0,1.5,1,1,65+,Q2,9,15,0
C0705,Timothy Murray,Individual,M,USA,Nevada,1940-12-18,85,Home,3,No,Website,0,0,0,3,1643383.67,547794.5566666666,670575.87,469223.8,107710.69591226133,1680.5266666666666,5041.58,324.0979609858608,3,2024-02-01,2024-07-01,3,3,0,1.0,0.0,151,1.0,1.0,1,1,65+,Q4 highest,9,25,2
C0706,Kyle Thomas,Individual,M,UK,England,1984-06-23,41,Investment,2,No,Client,0,1,0,3,1034954.84,344984.94666666666,437082.22,185735.17,138477.17831424653,1162.6166666666666,3487.85,298.731268274053,3,2024-06-01,2025-01-01,3,3,0,1.0,0.0,214,1.0,1.0,0,1,35-44,Q2,8,12,1
C0707,Zachary Richardson,Individual,M,USA,Virginia,1995-09-23,30,Home,5,Yes,Website,1,0,0,4,1171255.22,292813.805,399196.41,104509.38,134652.2099150218,956.935,3827.74,298.39548981596226,4,2024-04-01,2025-09-01,4,3,1,0.75,0.25,518,1.0,1.0,1,1,<35,Q2,9,50,2
C0708,Brian Cook,Individual,M,USA,California,1964-11-28,61,Home,2,No,Client,0,0,0,3,1539340.8699999999,513113.6233333333,658501.84,230696.3,244616.28537174588,1523.6933333333334,4571.08,325.468567530367,3,2024-07-01,2024-12-01,3,1,2,0.3333333333333333,0.6666666666666666,153,1.0,1.0,1,1,55-64,Q4 highest,9,8,1
C0709,Samantha Price,Individual,F,USA,Georgia,1982-11-06,43,Home,2,Yes,Agency,1,0,0,4,1233960.52,308490.13,558878.17,157957.15,173711.8333783386,1009.23,4036.92,313.75996043349187,4,2024-07-01,2025-09-01,4,4,0,1.0,0.0,427,1.0,1.0,1,1,35-44,Q3,9,15,0
C0710,Kyle Bryant,Individual,M,USA,Oregon,1946-08-18,79,Home,2,Yes,Agency,1,0,0,4,1158001.3599999999,289500.33999999997,510596.18,151955.73,172849.23455707036,939.3575,3757.43,303.9456641085883,4,2024-02-01,2025-12-01,4,4,0,1.0,0.0,669,1.0,1.0,1,1,65+,Q2,9,37,0
C0711,Victoria Hughes,Individual,F,USA,California,1995-10-20,30,Investment,3,No,Agency,0,1,0,4,1045658.54,261414.635,383676.59,194186.18,83866.6156005366,905.7525,3623.01,285.7926869742843,4,2024-06-01,2024-12-01,3,3,1,0.75,0.25,183,1.0,1.3333333333333333,1,1,<35,Q2,9,8,0
C0712,Joseph Scott,Individual,M,USA,California,1991-01-21,34,Home,1,No,Agency,0,0,0,3,701688.31,233896.10333333336,311645.47,140986.81,86333.4355313915,842.68,2528.04,280.63309631189395,3,2024-03-01,2024-06-01,3,2,1,0.6666666666666666,0.3333333333333333,92,1.0,1.0,1,1,<35,Q1 lowest,9,8,0
C0713,Debra Thomas,Individual,F,USA,California,1997-02-14,28,Investment,3,No,Agency,0,1,0,3,946537.74,315512.58,467446.4,178814.53,144917.85814917326,1125.17,3375.51,279.13497268536076,3,2024-05-01,2025-03-01,3,3,0,1.0,0.0,304,1.0,1.0,1,1,<35,Q1 lowest,9,8,0
C0714,Kyle Murray,Individual,M,Russia,Saint Petersburg,1977-01-03,48,Home,3,No,Website,0,0,0,3,1520218.18,506739.3933333333,606614.22,446411.88,87115.95680059152,1680.5266666666666,5041.58,300.49110441401837,3,2024-03-01,2025-10-01,3,1,2,0.3333333333333333,0.6666666666666666,579,1.0,1.0,0,1,45-54,Q4 highest,7,42,2
C0715,Janice Wilson,Individual,F,USA,Utah,1982-08-05,43,Home,3,No,Website,0,0,0,3,1151372.75,383790.9166666667,523101.86,221164.52,152312.99056440665,1340.7666666666667,4022.3,294.07391084605104,3,2024-01-01,2025-01-01,3,2,1,0.6666666666666666,0.3333333333333333,366,1.0,1.0,1,1,35-44,Q2,9,48,2
C0716,Jordan Davis,Individual,M,UK,Northern Ireland,1994-10-24,31,Home,1,No,Client,0,0,0,3,1173245.74,391081.91333333333,512554.33,279331.2,116915.10051539635,1334.1000000000001,4002.3,297.53773398366985,3,2024-03-01,2025-11-01,3,2,1,0.6666666666666666,0.3333333333333333,610,1.0,1.0,0,1,<35,Q2,8,31,1
C0717,Virginia Weaver,Individual,F,USA,Arizona,1946-06-09,79,Investment,3,Yes,Agency,1,1,0,3,1000529.6699999999,333509.88999999996,419346.92,263898.13,78984.34096734427,1156.5633333333333,3469.69,286.5515487238422,3,2024-03-01,2025-06-01,3,2,1,0.6666666666666666,0.3333333333333333,457,1.0,1.0,1,1,65+,Q1 lowest,9,1,0
C0718,Martha Scott,Individual,F,France,Ile-de-France,1944-10-08,81,Home,2,Yes,Website,1,0,0,3,900157.9099999999,300052.63666666666,406298.92,190909.23,107724.06709867778,1123.8033333333333,3371.41,279.3999356441512,3,2024-08-01,2025-02-01,3,2,1,0.6666666666666666,0.3333333333333333,184,1.0,1.0,0,1,65+,Q1 lowest,4,18,2
C0719,Jason Jordan,Individual,M,USA,California,1974-07-02,51,Investment,2,Yes,Agency,1,1,0,3,912916.77,304305.59,359309.3,205598.72,85669.1907658366,1023.8800000000001,3071.6400000000003,300.5135989331466,3,2024-04-01,2025-12-01,3,3,0,1.0,0.0,609,1.0,1.0,1,1,45-54,Q1 lowest,9,8,0
C0720,Shirley Wilson,Individual,F,USA,California,1981-05-17,44,Investment,1,Yes,Agency,1,1,0,4,844316.69,211079.1725,257796.8,163987.28,39175.67692662491,678.3725,2713.49,313.99370359722434,4,2024-12-01,2025-12-01,3,2,2,0.5,0.5,365,1.0,1.3333333333333333,1,1,35-44,Q1 lowest,9,8,0
C0721,Julia Jordan,Individual,F,USA,Florida,1999-03-07,26,Home,4,No,Website,0,0,0,4,1167212.02,291803.005,468906.08,131473.18,147125.80236789797,939.4875,3757.95,308.3858719928015,4,2024-04-01,2025-10-01,4,3,1,0.75,0.25,548,1.0,1.0,1,1,<35,Q2,9,14,2
C0722,Carol Sanders,Individual,F,USA,Texas,1943-09-11,82,Home,1,No,Website,0,0,0,3,936104.05,312034.68333333335,428259.32,245566.63,100999.71749274468,1033.4833333333333,3100.45,299.2843696477643,3,2024-09-01,2025-09-01,3,3,0,1.0,0.0,365,1.0,1.0,1,1,65+,Q1 lowest,9,47,2
C0723,Ann Hansen,Individual,F,Germany,North Rhine-Westphalia,1999-04-19,26,Home,3,Yes,Website,1,0,0,3,1554043.79,518014.5966666667,641498.15,441706.47,107927.38072515308,1671.7666666666667,5015.3,308.29363445057703,3,2024-09-01,2025-03-01,3,3,0,1.0,0.0,181,1.0,1.0,0,1,<35,Q4 highest,5,30,2
C0724,Samuel Howard,Individual,M,USA,Arizona,1960-09-27,65,Investment,4,Yes,Agency,1,1,0,4,1564795.28,391198.82,595879.26,166487.84,200053.38499383925,1255.1325000000002,5020.530000000001,309.21208173968006,4,2024-05-01,2025-11-01,4,3,1,0.75,0.25,549,1.0,1.0,1,1,65+,Q4 highest,9,1,0
C0725,Katherine Jones,Individual,F,USA,New York,1983-07-03,42,Home,3,No,Website,0,0,0,3,1557779.53,519259.8433333333,566513.0,480390.25,43669.15521868535,1733.68,5201.04,300.00206956397875,3,2024-09-01,2025-06-01,3,3,0,1.0,0.0,273,1.0,1.0,1,1,35-44,Q4 highest,9,27,2
C0726,Melissa Harris,Individual,F,USA,Georgia,1977-01-25,48,Home,4,No,Website,0,0,0,4,1055406.17,263851.5425,377502.89,163367.5,96798.05576928853,901.245,3604.98,293.6323652273104,4,2024-01-01,2025-08-01,4,3,1,0.75,0.25,578,1.0,1.0,1,1,45-54,Q2,9,15,2
C0727,Ronald Bell,Individual,M,USA,California,1941-08-24,84,Investment,3,Yes,Client,1,1,0,4,1924218.25,481054.5625,675285.62,235978.85,181805.236821359,1425.7675,5703.07,329.50800332765834,4,2024-02-01,2025-05-01,3,4,0,1.0,0.0,455,1.0,1.3333333333333333,1,1,65+,Q4 highest,9,8,1
C0728,Jason Jones,Individual,M,USA,California,1971-07-23,54,Home,3,Yes,Agency,1,0,0,3,896046.43,298682.14333333337,421724.13,205316.4,111214.14462523475,934.8733333333333,2804.62,327.9513725380009,3,2024-01-01,2024-10-01,3,2,1,0.6666666666666666,0.3333333333333333,274,1.0,1.0,1,1,45-54,Q1 lowest,9,8,0
C0729,Raymond Long,Individual,M,USA,Washington,1944-01-04,81,Investment,3,Yes,Agency,1,1,0,3,1100578.42,366859.4733333333,489878.14,212131.44,141562.42542081335,1280.28,3840.84,284.7991112426232,3,2024-12-01,2025-09-01,3,2,1,0.6666666666666666,0.3333333333333333,274,1.0,1.0,1,1,65+,Q2,9,53,0
C0730,Gregory Baker,Individual,M,USA,California,1988-05-09,37,Investment,4,No,Website,0,1,0,3,1395460.54,465153.51333333337,629261.99,256720.02,190185.19968637265,1435.6633333333332,4306.99,323.57984485050025,3,2024-02-01,2024-05-01,2,3,0,1.0,0.0,90,1.0,1.5,1,1,35-44,Q3,9,8,2
C0731,Larry Harris,Individual,M,USA,California,2000-10-18,25,Home,5,No,Agency,0,0,0,4,2163873.35,540968.3375,579753.4,493329.54,38318.461672793695,1699.3675,6797.47,319.08224457379634,4,2024-04-01,2025-08-01,3,4,0,1.0,0.0,487,1.0,1.3333333333333333,1,1,<35,Q4 highest,9,8,0
C0732,Justin Peterson,Individual,M,USA,Oregon,1985-03-03,40,Home,5,No,Website,0,0,0,4,1763602.47,440900.6175,561731.1,316603.14,106661.34967842861,1454.35,5817.4,306.8196266785186,4,2024-01-01,2024-10-01,4,4,0,1.0,0.0,274,1.0,1.0,1,1,35-44,Q4 highest,9,37,2
C0733,Susan White,Individual,F,USA,Nevada,1976-01-03,49,Home,5,No,Agency,0,0,0,3,1610480.1,536826.7000000001,622128.29,424125.21,101805.55393680204,1609.0333333333335,4827.1,332.77373070273126,3,2024-05-01,2025-11-01,3,2,1,0.6666666666666666,0.3333333333333333,549,1.0,1.0,1,1,45-54,Q4 highest,9,25,0
C0734,Danielle Ward,Individual,F,USA,Virginia,1981-06-27,44,Investment,5,Yes,Client,1,1,0,3,894573.22,298191.0733333333,455010.72,201555.86,137027.24556140552,1077.3333333333333,3232.0,279.9946002008845,3,2024-07-01,2025-06-01,3,1,2,0.3333333333333333,0.6666666666666666,335,1.0,1.0,1,1,35-44,Q1 lowest,9,50,1
C0735,Matthew Long,Individual,M,Germany,Hesse,1994-08-10,31,Investment,4,No,Website,0,1,0,3,1082670.51,360890.17,470123.96,210611.2,134537.16308748562,1129.1766666666665,3387.5299999999997,313.912537008794,3,2024-07-01,2025-12-01,3,1,2,0.3333333333333333,0.6666666666666666,518,1.0,1.0,0,1,<35,Q2,5,17,2
C0736,Jordan Campbell,Individual,M,USA,Utah,1942-06-13,83,Investment,3,No,Agency,0,1,0,3,961660.45,320553.48333333334,476537.31,215529.32,137764.13965994574,1049.5133333333333,3148.54,302.7660123278874,3,2024-07-01,2025-11-01,3,3,0,1.0,0.0,488,1.0,1.0,1,1,65+,Q1 lowest,9,48,0
C0737,Harold Harris,Individual,M,USA,California,1978-08-15,47,Investment,3,No,Agency,0,1,0,3,1271295.42,423765.13999999996,517724.81,262773.49,140071.44123437832,1435.6633333333332,4306.99,302.2276207568195,3,2024-02-01,2025-08-01,3,3,0,1.0,0.0,547,1.0,1.0,1,1,45-54,Q3,9,8,0
C0738,Jose White,Individual,M,USA,Texas,1980-09-21,45,Home,5,No,Website,0,0,0,4,1217179.49,304294.8725,464608.3,169224.66,127810.32291091236,955.7625,3823.05,315.6140508496973,4,2024-01-01,2024-10-01,4,4,0,1.0,0.0,274,1.0,1.0,1,1,45-54,Q2,9,47,2
C0739,Albert Turner,Individual,M,USA,California,1965-03-16,60,Home,2,No,Agency,0,0,0,4,1239915.48,309978.87,442471.98,194671.4,103583.42409697443,1096.12,4384.48,281.14767266299765,4,2024-08-01,2025-12-01,4,3,1,0.75,0.25,487,1.0,1.0,1,1,55-64,Q3,9,8,0
C0740,Julia Bell,Individual,F,USA,Utah,1966-12-08,59,Investment,1,No,Client,0,1,0,3,1150084.72,383361.5733333333,580909.55,258574.46,173047.92684711955,1176.2366666666667,3528.71,321.463526838591,3,2024-05-01,2025-02-01,3,2,1,0.6666666666666666,0.3333333333333333,276,1.0,1.0,1,1,55-64,Q2,9,48,1
C0741,Sandra Stone,Individual,F,USA,California,1962-08-11,63,Home,2,No,Website,0,0,0,3,808100.3,269366.76666666666,318066.48,241777.75,42299.39380850785,952.0733333333334,2856.2200000000003,286.88279274715285,3,2025-01-01,2025-09-01,3,2,1,0.6666666666666666,0.3333333333333333,243,1.0,1.0,1,1,55-64,Q1 lowest,9,8,2
C0742,Bryan Howard,Individual,M,UK,Wales,1980-08-21,45,Home,1,Yes,Website,1,0,0,3,943082.4199999999,314360.80666666664,424586.91,142151.84,151075.47352805227,1078.7866666666666,3236.3599999999997,291.4501152943838,3,2024-05-01,2025-09-01,3,2,1,0.6666666666666666,0.3333333333333333,488,1.0,1.0,0,1,45-54,Q1 lowest,8,51,2
C0743,Joshua Allen,Individual,M,USA,Oregon,1972-09-10,53,Investment,4,Yes,Website,1,1,0,3,973707.31,324569.10333333333,437490.2,197503.46,120616.99712006199,1145.4666666666665,3436.3999999999996,292.0776979749862,3,2024-04-01,2025-12-01,3,3,0,1.0,0.0,609,1.0,1.0,1,1,45-54,Q1 lowest,9,37,2
C0744,Helen Morales,Individual,F,USA,Virginia,1950-11-10,75,Home,1,No,Website,0,0,0,3,947393.7,315797.89999999997,425904.8,228194.83,100757.75321458842,939.3299999999999,2817.99,335.23731425730807,3,2024-03-01,2025-04-01,3,2,1,0.6666666666666666,0.3333333333333333,396,1.0,1.0,1,1,65+,Q1 lowest,9,50,2
C0745,Emily Collins,Individual,F,USA,California,1997-06-18,28,Investment,5,No,Website,0,1,0,4,1137226.12,284306.53,457379.31,145614.58,147521.142131551,940.485,3761.94,295.1249931050721,4,2024-05-01,2025-07-01,4,4,0,1.0,0.0,426,1.0,1.0,1,1,<35,Q2,9,8,2
C0746,Gary Reyes,Individual,M,UK,Scotland,1956-10-13,69,Home,4,No,Website,0,0,0,4,1485041.45,371260.3625,474858.86,185140.26,128504.95261783294,1120.62,4482.48,335.2338187013054,4,2024-02-01,2025-01-01,4,3,1,0.75,0.25,335,1.0,1.0,0,1,65+,Q4 highest,8,43,2
C0747,George Patterson,Individual,M,USA,Florida,1992-04-18,33,Home,4,Yes,Website,1,0,0,3,1321142.35,440380.7833333334,565444.67,239629.75,175599.6829483406,1435.6633333333332,4306.99,306.12850428188943,3,2024-06-01,2025-02-01,3,2,1,0.6666666666666666,0.3333333333333333,245,1.0,1.0,1,1,<35,Q3,9,14,2
C0748,Vantage Co,Company,F,USA,California,1974-03-05,51,Home,1,Yes,Client,1,0,1,3,1188736.23,396245.41,484844.4,259885.32,119843.60192984481,1332.34,3997.02,297.65683317437384,3,2025-05-01,2025-11-01,3,2,1,0.6666666666666666,0.3333333333333333,184,1.0,1.0,1,1,45-54,Q2,9,8,1
C0749,Dorothy Anderson,Individual,F,USA,New York,1992-11-26,33,Home,5,No,Agency,0,0,0,3,1170883.93,390294.6433333333,526465.62,243877.45,141572.4449636031,1258.6899999999998,3776.0699999999997,309.49289457910066,3,2024-12-01,2025-05-01,3,3,0,1.0,0.0,151,1.0,1.0,1,1,<35,Q2,9,27,0
C0750,Janice Price,Individual,F,USA,Nevada,1976-06-08,49,Investment,1,No,Agency,0,1,0,3,887696.78,295898.9266666667,533052.17,149645.32,207237.2097774182,964.2666666666665,2892.7999999999997,304.42393937761733,3,2024-04-01,2024-11-01,2,2,1,0.6666666666666666,0.3333333333333333,214,1.0,1.5,1,1,45-54,Q1 lowest,9,25,0
C0751,Keith Parker,Individual,M,USA,California,1974-09-19,51,Home,5,No,Client,0,0,0,4,1055948.97,263987.2425,335648.24,177452.66,68997.75819789237,967.0,3868.0,276.69833760806756,4,2024-01-01,2024-09-01,3,4,0,1.0,0.0,244,1.0,1.3333333333333333,1,1,45-54,Q2,9,8,1
C0752,Lisa Young,Individual,F,Belgium,Brussels,1954-12-17,71,Investment,3,No,Agency,0,1,0,4,836214.24,209053.56,237539.69,177998.09,31625.376614309807,725.4225,2901.69,287.40661619517806,4,2024-06-01,2025-02-01,4,3,1,0.75,0.25,245,1.0,1.0,0,1,65+,Q1 lowest,1,7,0
C0753,Nicholas Patterson,Individual,M,Germany,Hamburg,1960-12-22,65,Home,5,No,Website,0,0,0,4,1053102.32,263275.58,360664.73,190314.12,85157.54126242844,868.5725,3474.29,304.4982458800239,4,2024-02-01,2025-05-01,4,4,0,1.0,0.0,455,1.0,1.0,0,1,65+,Q2,5,16,2
C0754,Teresa Johnson,Individual,F,USA,Arizona,1970-08-17,55,Investment,3,No,Website,0,1,0,4,1300009.56,325002.39,370723.42,269296.29,44147.099117819766,1037.4175,4149.67,316.5416206780071,4,2024-09-01,2025-07-01,4,3,1,0.75,0.25,303,1.0,1.0,1,1,55-64,Q3,9,1,2
C0755,Celera Co,Company,F,USA,California,1967-12-23,58,Home,5,No,Website,0,0,1,3,1040997.25,346999.0833333333,348797.92,345419.11,1700.004447945163,1286.4833333333333,3859.45,271.78757236163364,3,2025-04-01,2025-08-01,3,2,1,0.6666666666666666,0.3333333333333333,122,1.0,1.0,1,1,55-64,Q2,9,8,2
C0756,Jessica Patterson,Individual,F,USA,Utah,1963-03-19,62,Home,5,Yes,Website,1,0,0,3,785768.09,261922.69666666666,349788.42,145680.6,104971.01728073627,934.8733333333333,2804.62,282.2056558532571,3,2025-05-01,2025-10-01,3,3,0,1.0,0.0,153,1.0,1.0,1,1,55-64,Q1 lowest,9,48,2
C0757,Keith Taylor,Individual,M,USA,Oregon,1946-05-09,79,Home,3,Yes,Website,1,0,0,4,1392690.1199999999,348172.52999999997,566678.96,222102.75,157124.2895288022,1053.27,4213.08,332.7923361105536,4,2024-06-01,2025-11-01,4,3,1,0.75,0.25,518,1.0,1.0,1,1,65+,Q3,9,37,2
C0758,Joe Allen,Individual,M,USA,California,1958-08-12,67,Investment,2,No,Website,0,1,0,4,1135189.16,283797.29,453645.31,170058.93,126611.12135171882,928.1775,3712.71,303.5984407446299,4,2024-06-01,2025-03-01,3,3,1,0.75,0.25,273,1.0,1.3333333333333333,1,1,65+,Q2,9,8,2
C0759,Samuel Anderson,Individual,M,USA,Florida,1991-10-27,34,Home,4,No,Website,0,0,0,3,1327801.32,442600.44,605700.56,218992.09,200329.21558208854,1451.5366666666666,4354.61,297.1099898291573,3,2024-09-01,2025-05-01,2,3,0,1.0,0.0,242,1.0,1.5,1,1,<35,Q3,9,14,2
C0760,Amanda Adams,Individual,F,USA,California,1964-12-27,61,Investment,3,No,Website,0,1,0,4,1288008.21,322002.0525,520039.4,199623.02,141408.61919434034,1133.69,4534.76,291.964625621392,4,2024-01-01,2025-01-01,4,4,0,1.0,0.0,366,1.0,1.0,1,1,55-64,Q3,9,8,2
C0761,Joyce Patterson,Individual,F,Belgium,Flanders,1981-08-24,44,Home,2,No,Agency,0,0,0,4,1387948.07,346987.0175,575218.75,193159.98,162328.02435247926,1134.4225000000001,4537.6900000000005,302.8354471660675,4,2024-04-01,2025-09-01,4,4,0,1.0,0.0,518,1.0,1.0,0,1,35-44,Q3,1,13,0
C0762,Anna Young,Individual,F,USA,Ohio,1967-07-01,58,Home,4,No,Website,0,0,0,4,1456185.33,364046.3325,485326.73,138735.2,163036.91509044392,1313.38,5253.52,282.2750534057651,4,2024-03-01,2025-01-01,3,4,0,1.0,0.0,306,1.0,1.3333333333333333,1,1,55-64,Q4 highest,9,35,2
C0763,Summit Co,Company,F,USA,Georgia,1971-07-18,54,Home,3,No,Agency,0,0,1,3,1036781.97,345593.99,394871.49,278334.73,60313.44690322052,1152.5966666666666,3457.79,298.85589436508616,3,2025-02-01,2025-09-01,3,3,0,1.0,0.0,212,1.0,1.0,1,1,45-54,Q2,9,15,0
C0764,Debra Parker,Individual,F,UK,Northern Ireland,1983-02-09,42,Investment,4,No,Client,0,1,0,4,1670624.74,417656.185,596267.69,249430.34,163181.831421913,1441.655,5766.62,294.22177981658905,4,2024-12-01,2025-11-01,4,4,0,1.0,0.0,335,1.0,1.0,0,1,35-44,Q4 highest,8,31,1
C0765,Joe Green,Individual,M,France,Brittany,1967-06-22,58,Home,3,No,Website,0,0,0,4,1516418.29,379104.5725,556439.7,195020.26,188920.87808989722,1260.0625,5040.25,294.4679305392661,4,2024-02-01,2025-08-01,4,3,1,0.75,0.25,547,1.0,1.0,0,1,55-64,Q4 highest,4,6,2
C0766,Robert Bennett,Individual,M,Germany,North Rhine-Westphalia,1994-09-04,31,Home,3,Yes,Client,1,0,0,4,1601876.1400000001,400469.03500000003,587630.43,197536.31,170279.35698267608,1286.2725,5145.09,310.06511645723833,4,2024-01-01,2025-08-01,3,3,1,0.75,0.25,578,1.0,1.3333333333333333,0,1,<35,Q4 highest,5,30,1
C0767,David Brown,Individual,M,Canada,British Columbia,1961-02-02,64,Investment,2,No,Agency,0,1,0,4,1403932.48,350983.12,485150.67,200706.98,116667.42780627531,1242.0825,4968.33,278.43709059084756,4,2024-01-01,2025-10-01,4,3,1,0.75,0.25,639,1.0,1.0,0,1,55-64,Q3,2,5,0
C0768,Matthew Weaver,Individual,M,Denmark,Southern Denmark,1992-07-22,33,Investment,5,Yes,Website,1,1,0,3,1048127.47,349375.8233333333,527746.08,240529.29,155719.4021118545,1163.8866666666665,3491.66,291.56041147346576,3,2024-05-01,2025-03-01,3,1,2,0.3333333333333333,0.6666666666666666,304,1.0,1.0,0,1,<35,Q2,3,45,2
C0769,Nicole Long,Individual,F,USA,Ohio,1958-02-21,67,Home,4,No,Agency,0,0,0,3,675607.7899999999,225202.59666666665,324271.22,155277.3,88185.80592216432,753.3133333333334,2259.94,299.57432421913035,3,2024-01-01,2025-09-01,3,2,1,0.6666666666666666,0.3333333333333333,609,1.0,1.0,1,1,65+,Q1 lowest,9,35,0
C0770,Shirley Hall,Individual,F,Russia,Krasnodar Krai,1951-02-09,74,Home,4,No,Website,0,0,0,3,984598.73,328199.57666666666,535533.08,140749.68,198141.36768844115,1104.51,3313.53,291.90188965907197,3,2024-10-01,2025-03-01,3,3,0,1.0,0.0,151,1.0,1.0,0,1,65+,Q1 lowest,7,21,2
C0771,Quasar Co,Company,M,USA,California,1984-06-09,41,Home,1,No,Website,0,0,1,4,1856997.08,464249.27,728976.07,337560.83,178693.27192626212,1408.3274999999999,5633.3099999999995,323.3900312040827,4,2024-02-01,2025-10-01,3,3,1,0.75,0.25,608,1.0,1.3333333333333333,1,1,35-44,Q4 highest,9,8,2
C0772,Ethan White,Individual,M,USA,California,1991-09-25,34,Investment,1,No,Client,0,1,0,3,911164.52,303721.50666666665,332253.48,250072.13,46493.08050250738,1038.2,3114.6,295.45455963913673,3,2024-01-01,2025-12-01,3,1,2,0.3333333333333333,0.6666666666666666,700,1.0,1.0,1,1,<35,Q1 lowest,9,8,1
C0773,Christopher Taylor,Individual,M,Russia,Saint Petersburg,1964-12-09,61,Home,1,No,Website,0,0,0,4,1451465.46,362866.365,514489.27,222919.3,119887.41192445032,1153.0825,4612.33,312.52027994764853,4,2025-05-01,2025-10-01,4,3,1,0.75,0.25,153,1.0,1.0,0,1,55-64,Q4 highest,7,42,2
C0774,David Wood,Individual,M,USA,Georgia,1983-03-23,42,Home,5,Yes,Agency,1,0,0,3,999792.6799999999,333264.2266666666,564194.97,194717.01,201319.4668455299,1144.8033333333333,3434.41,291.40765373674816,3,2024-10-01,2024-12-01,3,3,0,1.0,0.0,61,1.0,1.0,1,1,35-44,Q1 lowest,9,15,0
C0775,Andrea Reyes,Individual,F,USA,Arizona,1975-12-25,50,Home,1,No,Agency,0,0,0,4,1043608.37,260902.0925,368476.78,127025.78,111452.07907267452,900.39,3601.56,289.7113272946693,4,2025-03-01,2025-11-01,4,3,1,0.75,0.25,245,1.0,1.0,1,1,45-54,Q2,9,1,0
C0776,Ashley Morales,Individual,F,Germany,Bavaria,1966-06-11,59,Home,4,Yes,Agency,1,0,0,3,914465.3300000001,304821.7766666667,382528.88,235584.51,73837.42661106381,980.8699999999999,2942.6099999999997,309.4641934486999,3,2025-03-01,2025-08-01,3,2,1,0.6666666666666666,0.3333333333333333,153,1.0,1.0,0,1,55-64,Q1 lowest,5,3,0
C0777,Meridian Co,Company,M,USA,Arizona,1982-05-15,43,Home,1,No,Client,0,0,1,3,1130759.4100000001,376919.8033333334,459850.51,244250.08,116087.74133504121,1313.16,3939.48,295.5140003391789,3,2024-03-01,2024-11-01,3,3,0,1.0,0.0,245,1.0,1.0,1,1,35-44,Q2,9,1,1
C0778,George Pierce,Individual,M,USA,California,1998-07-22,27,Investment,4,Yes,Agency,1,1,0,4,1646921.92,411730.48,601818.29,321109.42,129789.0082689201,1334.8775,5339.51,306.98198974238255,4,2024-01-01,2025-09-01,4,3,1,0.75,0.25,609,1.0,1.0,1,1,<35,Q4 highest,9,8,0
C0779,Lisa Hughes,Individual,F,USA,California,1953-04-05,72,Home,5,Yes,Agency,1,0,0,3,1221957.12,407319.04000000004,499912.08,254226.38,133549.686675899,1325.0800000000002,3975.2400000000002,306.5356571105046,3,2024-07-01,2025-11-01,3,3,0,1.0,0.0,488,1.0,1.0,1,1,65+,Q3,9,8,0
C0780,Martha Hansen,Individual,F,USA,California,1947-08-01,78,Home,3,No,Website,0,0,0,3,708761.6900000001,236253.8966666667,337660.44,178108.71,88135.39227789614,849.6366666666667,2548.91,284.784821535402,3,2024-01-01,2025-10-01,3,3,0,1.0,0.0,639,1.0,1.0,1,1,65+,Q1 lowest,9,8,2
C0781,Gerald Sanders,Individual,M,USA,California,1940-11-28,85,Investment,5,Yes,Website,1,1,0,4,1181206.69,295301.6725,356949.82,159563.73,91457.6828498056,1030.635,4122.54,283.79927219273293,4,2024-04-01,2025-11-01,4,2,2,0.5,0.5,579,1.0,1.0,1,1,65+,Q2,9,8,2
C0782,Ethan Williams,Individual,M,USA,Utah,1970-10-02,55,Investment,2,Yes,Website,1,1,0,4,1166638.1600000001,291659.54000000004,500885.96,189501.07,141368.83601515932,905.0375,3620.15,322.14323161957884,4,2024-01-01,2025-02-01,3,3,1,0.75,0.25,397,1.0,1.3333333333333333,1,1,55-64,Q2,9,48,2
C0783,Betty Sanders,Individual,F,Canada,Alberta,1961-03-27,64,Home,1,Yes,Agency,1,0,0,3,1031472.36,343824.12,437818.55,256455.73,90862.78899609728,1156.5633333333333,3469.69,294.2967160908652,3,2024-04-01,2024-12-01,3,3,0,1.0,0.0,244,1.0,1.0,0,1,55-64,Q2,2,0,0
C0784,Charles Baker,Individual,M,Mexico,Baja California,1973-06-26,52,Investment,4,No,Website,0,1,0,3,1172514.65,390838.2166666666,509668.52,209904.27,159239.7509448286,1356.7466666666667,4070.24,299.6725501001209,3,2024-03-01,2025-09-01,3,3,0,1.0,0.0,549,1.0,1.0,0,1,45-54,Q2,6,2,2
C0785,Rexon Co,Company,F,USA,California,1971-03-27,54,Home,2,No,Website,0,0,1,4,1047112.48,261778.12,431877.48,167859.82,117323.42736665199,860.9325,3443.73,306.6167725571084,4,2024-03-01,2025-05-01,4,4,0,1.0,0.0,426,1.0,1.0,1,1,45-54,Q2,9,8,2
C0786,Sarah Martin,Individual,F,USA,California,1983-03-25,42,Investment,3,No,Website,0,1,0,3,663797.37,221265.79,316398.13,134678.51,91160.67469604862,724.0866666666667,2172.26,302.04140281052054,3,2024-04-01,2025-12-01,3,2,1,0.6666666666666666,0.3333333333333333,609,1.0,1.0,1,1,35-44,Q1 lowest,9,8,2
C0787,Andrew Jackson,Individual,M,USA,Washington,1950-11-20,75,Home,1,No,Website,0,0,0,3,1405947.6600000001,468649.22000000003,528186.67,353988.11,99323.95479120384,1527.8633333333335,4583.59,307.56853242895073,3,2024-04-01,2025-11-01,3,3,0,1.0,0.0,579,1.0,1.0,1,1,65+,Q3,9,53,2
C0788,Matthew Stone,Individual,M,France,Brittany,1944-05-14,81,Investment,4,No,Website,0,1,0,4,1799447.01,449861.7525,599896.96,240374.88,174958.01220172364,1482.5875,5930.35,309.49639406078114,4,2024-05-01,2025-03-01,4,3,1,0.75,0.25,304,1.0,1.0,0,1,65+,Q4 highest,4,6,2
C0789,Madison Price,Individual,F,Canada,Ontario,1974-04-06,51,Investment,1,No,Website,0,1,0,3,1125271.6,375090.5333333334,491362.13,184184.3,166635.23503044376,1228.9099999999999,3686.7299999999996,303.2073959835769,3,2024-03-01,2025-01-01,3,1,2,0.3333333333333333,0.6666666666666666,306,1.0,1.0,0,1,45-54,Q2,2,36,2
C0790,Brandon Cooper,Individual,M,USA,California,1974-01-18,51,Home,5,Yes,Agency,1,0,0,4,1521440.8599999999,380360.21499999997,629276.73,159063.45,220861.3151699338,1227.17,4908.68,299.49803514694605,4,2024-05-01,2024-12-01,3,3,1,0.75,0.25,214,1.0,1.3333333333333333,1,1,45-54,Q4 highest,9,8,0
C0791,Walter Adams,Individual,M,USA,Texas,1983-01-07,42,Home,4,No,Website,0,0,0,4,1424465.81,356116.4525,386702.48,325758.94,25523.51161427617,1159.9675,4639.87,307.8408243147681,4,2024-01-01,2025-08-01,4,3,1,0.75,0.25,578,1.0,1.0,1,1,35-44,Q3,9,47,2
C0792,Joseph Richardson,Individual,M,USA,California,1982-04-14,43,Investment,4,Yes,Website,1,1,0,4,1559979.82,389994.955,542607.18,215511.14,161096.43400583256,1219.85,4879.4,318.8117893891475,4,2024-07-01,2025-12-01,4,4,0,1.0,0.0,518,1.0,1.0,1,1,35-44,Q4 highest,9,8,2
C0793,Kevin Brown,Individual,M,USA,New York,1969-09-04,56,Home,4,No,Agency,0,0,0,4,1245234.35,311308.5875,545577.55,169982.66,164072.0001479077,1048.44,4193.76,294.2023761564657,4,2024-03-01,2025-07-01,4,4,0,1.0,0.0,487,1.0,1.0,1,1,55-64,Q3,9,27,0
C0794,Gregory Mitchell,Individual,M,USA,California,1951-02-11,74,Home,4,Yes,Website,1,0,0,3,1120488.77,373496.25666666665,453748.83,218027.25,134663.65397524656,1308.5133333333333,3925.54,286.4643685389213,3,2024-04-01,2025-04-01,3,3,0,1.0,0.0,365,1.0,1.0,1,1,65+,Q2,9,8,2
C0795,Harold Murray,Individual,M,USA,California,1969-01-14,56,Investment,4,Yes,Website,1,1,0,3,1170869.0899999999,390289.6966666666,601201.34,265630.46,183661.54229407315,1169.0466666666669,3507.1400000000003,336.31716892648285,3,2024-11-01,2025-10-01,3,3,0,1.0,0.0,334,1.0,1.0,1,1,55-64,Q2,9,8,2
C0796,Stephanie Ward,Individual,F,USA,California,1983-04-11,42,Investment,5,Yes,Website,1,1,0,3,559596.54,186532.18000000002,201976.86,164671.95,19462.36210943829,607.4466666666667,1822.3400000000001,308.84465686665186,3,2025-06-01,2025-11-01,3,3,0,1.0,0.0,153,1.0,1.0,1,1,35-44,Q1 lowest,9,8,2
C0797,Joan Gray,Individual,F,USA,Oregon,1990-06-08,35,Home,5,Yes,Agency,1,0,0,3,881179.3,293726.43333333335,475185.8,156338.43,163928.71968792786,851.8699999999999,2555.6099999999997,337.5376984044663,3,2024-01-01,2025-11-01,3,2,1,0.6666666666666666,0.3333333333333333,670,1.0,1.0,1,1,35-44,Q1 lowest,9,37,0
C0798,Novex Co,Company,M,USA,Nevada,1965-10-21,60,Home,4,Yes,Agency,1,0,1,4,987267.48,246816.87,353070.7,161786.97,84716.9675200653,840.8725,3363.49,304.81197894331945,4,2024-04-01,2025-05-01,4,4,0,1.0,0.0,395,1.0,1.0,1,1,55-64,Q1 lowest,9,25,0
C0799,Pamela Johnson,Individual,F,USA,California,1954-07-24,71,Home,4,No,Website,0,0,0,4,1108935.8599999999,277233.96499999997,350745.37,157057.02,85573.63136687006,972.245,3888.98,286.3094968391149,4,2024-05-01,2025-04-01,4,4,0,1.0,0.0,335,1.0,1.0,1,1,65+,Q2,9,8,2
C0800,Lawrence Smith,Individual,M,USA,Virginia,1974-01-02,51,Investment,5,Yes,Website,1,1,0,3,983573.1799999999,327857.7266666666,543292.36,200730.58,187578.78992633932,1151.5466666666666,3454.64,286.20672734492643,3,2024-06-01,2024-07-01,2,3,0,1.0,0.0,30,1.0,1.5,1,1,45-54,Q1 lowest,9,50,2
C0801,Betty Price,Individual,F,USA,Washington,1969-04-03,56,Home,4,Yes,Website,1,0,0,3,1361712.2999999998,453904.0999999999,571066.07,270084.21,161183.0597063776,1435.6633333333332,4306.99,320.8893256121283,3,2024-09-01,2025-04-01,2,3,0,1.0,0.0,212,1.0,1.5,1,1,55-64,Q3,9,53,2
C0802,Matthew Williams,Individual,M,USA,Virginia,1970-11-10,55,Home,5,No,Agency,0,0,0,3,1074480.81,358160.27,494631.27,259568.71,122023.52543453907,1217.58,3652.74,291.45859188697153,3,2024-10-01,2025-11-01,3,3,0,1.0,0.0,396,1.0,1.0,1,1,55-64,Q2,9,50,0
C0803,Evelyn Moore,Individual,F,USA,Texas,1945-12-13,80,Home,4,No,Agency,0,0,0,4,1542819.53,385704.8825,595397.77,203161.94,191340.25126442447,1329.5925,5318.37,283.6483693314935,4,2024-04-01,2025-05-01,4,4,0,1.0,0.0,395,1.0,1.0,1,1,65+,Q4 highest,9,47,0
C0804,Tyler Cook,Individual,M,USA,Washington,1967-01-10,58,Home,5,No,Agency,0,0,0,3,1223755.92,407918.63999999996,563216.05,296079.64,138769.37859887572,1464.8466666666666,4394.54,276.8930741790998,3,2024-04-01,2024-11-01,3,1,2,0.3333333333333333,0.6666666666666666,214,1.0,1.0,1,1,55-64,Q3,9,53,0
C0805,Albert Cook,Individual,M,Germany,Berlin,1953-01-17,72,Home,1,Yes,Website,1,0,0,3,940964.73,313654.91,378804.75,271393.18,57246.92591742636,995.5099999999999,2986.5299999999997,313.41064823609526,3,2024-05-01,2024-12-01,3,3,0,1.0,0.0,214,1.0,1.0,0,1,65+,Q1 lowest,5,4,2
C0806,Jack Richardson,Individual,M,France,Ile-de-France,1989-11-18,36,Home,5,No,Client,0,0,0,4,1485168.27,371292.0675,543193.6,214742.16,176654.23789159948,1220.42,4881.68,306.8939349761006,4,2024-01-01,2025-11-01,4,4,0,1.0,0.0,670,1.0,1.0,0,1,35-44,Q4 highest,4,18,1
C0807,Amy Chavez,Individual,F,Mexico,Mexico City,1993-11-16,32,Investment,5,No,Website,0,1,0,4,1635419.92,408854.98,548576.41,221107.63,140175.64572864387,1412.375,5649.5,293.84755010430564,4,2024-01-01,2025-12-01,4,2,2,0.5,0.5,700,1.0,1.0,0,1,<35,Q4 highest,6,23,2
C0808,Gregory Ward,Individual,M,Germany,Berlin,1943-05-17,82,Home,3,Yes,Website,1,0,0,3,885158.15,295052.7166666667,385179.19,204975.53,90101.84011012502,1003.3133333333334,3009.94,305.3961014512122,3,2025-02-01,2025-04-01,2,3,0,1.0,0.0,59,1.0,1.5,0,1,65+,Q1 lowest,5,4,2
C0809,Hannah Alexander,Individual,F,France,Occitanie,1967-02-16,58,Home,5,Yes,Agency,1,0,0,3,1386118.19,462039.39666666667,619032.93,338565.22,143206.82435439815,1464.8466666666666,4394.54,314.96733421611924,3,2024-04-01,2025-02-01,3,3,0,1.0,0.0,306,1.0,1.0,0,1,55-64,Q3,4,34,0
C0810,Ronald Sanders,Individual,M,USA,California,1995-02-13,30,Home,1,Yes,Website,1,0,0,3,922597.5800000001,307532.5266666667,415564.76,177362.74,120634.17440223867,915.6366666666667,2746.91,333.01958487528333,3,2024-04-01,2025-10-01,3,3,0,1.0,0.0,548,1.0,1.0,1,1,<35,Q1 lowest,9,8,2
C0811,Carl Allen,Individual,M,UK,Wales,1945-04-17,80,Home,3,No,Agency,0,0,0,3,1515201.05,505067.01666666666,531362.61,485182.7,23748.144628042686,1471.8999999999999,4415.7,345.91788927494,3,2024-06-01,2025-11-01,3,3,0,1.0,0.0,518,1.0,1.0,0,1,65+,Q4 highest,8,51,0
C0812,Harold Cooper,Individual,M,UK,Northern Ireland,1974-08-24,51,Home,3,Yes,Website,1,0,0,4,1443224.01,360806.0025,529272.37,118609.39,199037.2270887463,1248.58,4994.32,280.30434811212365,4,2024-03-01,2025-09-01,4,4,0,1.0,0.0,549,1.0,1.0,0,1,45-54,Q4 highest,8,31,2
C0813,Gerald Cook,Individual,M,UK,Scotland,1974-10-11,51,Investment,3,No,Agency,0,1,0,4,1314024.52,328506.13,453762.41,185709.66,130400.58667019587,1099.4925,4397.97,307.6645181267488,4,2024-01-01,2025-12-01,3,1,3,0.25,0.75,700,1.0,1.3333333333333333,0,1,45-54,Q3,8,43,0
C0814,Joan Stewart,Individual,F,USA,California,1964-03-26,61,Home,2,No,Website,0,0,0,3,674363.74,224787.91333333333,245279.18,203491.65,20905.392380920126,706.7266666666666,2120.18,318.0715726910921,3,2024-05-01,2025-06-01,3,3,0,1.0,0.0,396,1.0,1.0,1,1,55-64,Q1 lowest,9,8,2
C0815,Horizon Co,Company,F,USA,Nevada,1965-11-06,60,Home,4,Yes,Agency,1,0,1,3,962374.6499999999,320791.55,376063.41,282046.7,49139.00675086034,1205.9633333333334,3617.89,265.93231886986047,3,2024-11-01,2025-08-01,2,3,0,1.0,0.0,273,1.0,1.5,1,1,55-64,Q1 lowest,9,25,0
C0816,Deborah Wright,Individual,F,Germany,Hamburg,1947-12-23,78,Home,2,Yes,Website,1,0,0,3,1003090.8500000001,334363.6166666667,530119.92,210487.89,171511.7244590866,1151.5466666666666,3454.64,297.00118498780694,3,2024-11-01,2024-12-01,2,2,1,0.6666666666666666,0.3333333333333333,30,1.0,1.5,0,1,65+,Q1 lowest,5,16,2
C0817,Grace Thompson,Individual,F,USA,California,1972-05-12,53,Investment,1,No,Website,0,1,0,3,1338281.0,446093.6666666667,487710.82,423036.11,36111.61170202784,1448.82,4346.46,308.75530204471136,3,2024-02-01,2025-05-01,3,2,1,0.6666666666666666,0.3333333333333333,455,1.0,1.0,1,1,45-54,Q3,9,8,2
C0818,Sterling Co,Company,F,USA,Colorado,1991-09-08,34,Home,2,No,Website,0,0,1,4,760443.3500000001,190110.83750000002,285509.27,133227.57,66280.78762348428,677.79,2711.16,284.7450186787868,4,2024-02-01,2025-12-01,4,3,1,0.75,0.25,669,1.0,1.0,1,1,<35,Q1 lowest,9,11,2
C0819,Jose Bryant,Individual,M,USA,California,1951-03-15,74,Home,5,No,Website,0,0,0,3,1239378.27,413126.09,540445.52,222422.59,168219.50317596915,1313.16,3939.48,313.22158602229166,3,2025-04-01,2025-09-01,3,3,0,1.0,0.0,153,1.0,1.0,1,1,65+,Q3,9,8,2
C0820,Judith Collins,Individual,F,USA,Texas,1940-10-22,85,Investment,4,No,Agency,0,1,0,3,920197.78,306732.5933333333,497575.53,141290.15,179495.70133186656,976.2833333333333,2928.85,314.7580262145545,3,2024-06-01,2025-03-01,3,3,0,1.0,0.0,273,1.0,1.0,1,1,65+,Q1 lowest,9,47,0
C0821,Elizabeth Moore,Individual,F,USA,California,1957-09-04,68,Home,5,Yes,Agency,1,0,0,3,1371213.26,457071.08666666667,555202.09,351963.25,101798.88837142197,1467.89,4403.67,315.2939326387077,3,2024-04-01,2025-04-01,3,2,1,0.6666666666666666,0.3333333333333333,365,1.0,1.0,1,1,65+,Q3,9,8,0
C0822,Jessica Weaver,Individual,F,USA,California,1959-04-19,66,Investment,3,Yes,Website,1,1,0,3,1407630.29,469210.0966666667,508753.3,398599.37,61297.35172225333,1563.9733333333334,4691.92,300.8023411785495,3,2024-01-01,2024-07-01,3,2,1,0.6666666666666666,0.3333333333333333,182,1.0,1.0,1,1,65+,Q3,9,8,2
C0823,Nancy Hayes,Individual,F,USA,Oregon,1975-04-16,50,Investment,5,Yes,Agency,1,1,0,4,1722388.8900000001,430597.22250000003,589758.81,204725.07,161954.82660721324,1338.9,5355.6,317.82677737346125,4,2024-02-01,2024-10-01,4,4,0,1.0,0.0,243,1.0,1.0,1,1,45-54,Q4 highest,9,37,0
C0824,Douglas Cox,Individual,M,USA,California,1976-06-01,49,Home,3,No,Agency,0,0,0,3,1234378.85,411459.6166666667,519209.27,250354.33,142147.32637971683,1435.6633333333332,4306.99,292.08734182923376,3,2024-07-01,2025-08-01,3,2,1,0.6666666666666666,0.3333333333333333,396,1.0,1.0,1,1,45-54,Q3,9,8,0
C0825,Ruth Hughes,Individual,F,Mexico,Nuevo Leon,1982-03-26,43,Home,4,Yes,Agency,1,0,0,4,1246198.0,311549.5,507522.85,210587.3,133787.79600879768,1075.0475000000001,4300.1900000000005,282.4811186408689,4,2024-04-01,2025-04-01,4,4,0,1.0,0.0,365,1.0,1.0,0,1,35-44,Q3,6,33,0
C0826,Jason Stewart,Individual,M,USA,Ohio,1970-09-11,55,Investment,4,Yes,Website,1,1,0,4,1255265.82,313816.455,623819.92,198662.43,207105.29571815633,996.1925,3984.77,311.0215374297446,4,2024-07-01,2025-11-01,4,3,1,0.75,0.25,488,1.0,1.0,1,1,55-64,Q3,9,35,2
C0827,Ruth Wright,Individual,F,USA,Washington,1965-08-23,60,Home,2,Yes,Website,1,0,0,4,1176467.77,294116.9425,557463.33,198802.46,175666.37031513904,1025.3225,4101.29,286.916035041445,4,2024-03-01,2025-11-01,4,3,1,0.75,0.25,610,1.0,1.0,1,1,55-64,Q2,9,53,2
C0828,Elizabeth Stewart,Individual,F,USA,Arizona,1947-10-10,78,Investment,4,Yes,Website,1,1,0,4,1313574.2,328393.55,500403.51,189843.92,128835.29171913443,1122.0925,4488.37,298.2755690674255,4,2025-02-01,2025-10-01,3,3,1,0.75,0.25,242,1.0,1.3333333333333333,1,1,65+,Q3,9,1,2
C0829,Jonathan Stewart,Individual,M,USA,Utah,1960-11-16,65,Investment,3,No,Website,0,1,0,4,1296844.19,324211.0475,444270.56,167067.76,137166.76943505555,1102.08,4408.32,300.1892912626639,4,2024-05-01,2025-06-01,4,4,0,1.0,0.0,396,1.0,1.0,1,1,65+,Q3,9,48,2
C0830,William Martin,Individual,M,USA,Oregon,1952-05-16,73,Investment,3,No,Agency,0,1,0,4,1518798.69,379699.6725,480172.84,281233.4,100193.44250674667,1169.615,4678.46,323.4117006499843,4,2024-09-01,2025-12-01,4,4,0,1.0,0.0,456,1.0,1.0,1,1,65+,Q4 highest,9,37,0
C0831,Judith Martin,Individual,F,USA,California,1977-09-24,48,Home,2,No,Website,0,0,0,3,909532.47,303177.49,393983.06,239720.69,80685.72435622611,979.0866666666667,2937.26,311.663917045049,3,2024-02-01,2024-11-01,3,1,2,0.3333333333333333,0.6666666666666666,274,1.0,1.0,1,1,45-54,Q1 lowest,9,8,2
C0832,Dorothy Ward,Individual,F,USA,Nevada,1990-01-09,35,Investment,3,Yes,Website,1,1,0,3,1290741.99,430247.33,561351.99,272945.8,145976.84612953762,1336.61,4009.83,326.644087701286,3,2024-03-01,2025-01-01,3,2,1,0.6666666666666666,0.3333333333333333,306,1.0,1.0,1,1,35-44,Q3,9,25,2
C0833,Roger Green,Individual,M,Denmark,Southern Denmark,1951-11-06,74,Home,5,No,Website,0,0,0,3,1422486.6099999999,474162.2033333333,504262.01,415531.04,50782.13262768345,1623.3,4869.9,292.9953788666901,3,2024-04-01,2025-04-01,3,2,1,0.6666666666666666,0.3333333333333333,365,1.0,1.0,0,1,65+,Q3,3,45,2
C0834,Helen Parker,Individual,F,USA,California,1957-12-23,68,Home,5,No,Website,0,0,0,4,1384660.54,346165.135,428653.51,240523.77,78956.32061919362,1073.905,4295.62,328.1957278374988,4,2024-06-01,2025-07-01,4,4,0,1.0,0.0,395,1.0,1.0,1,1,65+,Q3,9,8,2
C0835,Maria Foster,Individual,F,USA,California,1974-06-06,51,Home,5,Yes,Website,1,0,0,4,1159317.69,289829.4225,498858.03,182644.63,142372.41279488418,941.61,3766.44,301.6093932009608,4,2024-02-01,2025-12-01,4,3,1,0.75,0.25,669,1.0,1.0,1,1,45-54,Q2,9,8,2
C0836,Adam Sanders,Individual,M,USA,Ohio,1942-02-04,83,Home,4,No,Website,0,0,0,3,1280715.29,426905.0966666667,499955.33,339531.13,81165.6207323232,1493.243333333333,4479.73,289.36281850033316,3,2024-03-01,2025-03-01,3,2,1,0.6666666666666666,0.3333333333333333,365,1.0,1.0,1,1,65+,Q3,9,35,2
C0837,Peter Montgomery,Individual,M,France,Brittany,1967-06-06,58,Home,1,No,Website,0,0,0,4,1415445.71,353861.4275,484359.77,205786.97,132747.03503532233,1253.3075,5013.23,288.46015272758075,4,2024-04-01,2025-05-01,4,4,0,1.0,0.0,395,1.0,1.0,0,1,55-64,Q3,4,6,2
C0838,Jacob Morris,Individual,M,USA,Nevada,1992-04-05,33,Investment,1,Yes,Website,1,1,0,3,837604.3,279201.43333333335,345031.43,238462.47,57544.81535439342,853.8133333333334,2561.44,326.0913930157176,3,2024-02-01,2025-12-01,3,3,0,1.0,0.0,669,1.0,1.0,1,1,<35,Q1 lowest,9,25,2
C0839,Elizabeth Baker,Individual,F,UK,England,1994-01-26,31,Home,5,Yes,Agency,1,0,0,3,1123967.69,374655.89666666667,531903.04,196645.59,168590.39462208588,1308.5133333333333,3925.54,281.66976490988117,3,2024-02-01,2025-10-01,3,2,1,0.6666666666666666,0.3333333333333333,608,1.0,1.0,0,1,<35,Q2,8,12,0
C0840,Elizabeth Wilson,Individual,F,Belgium,Brussels,1981-11-01,44,Home,1,No,Website,0,0,0,4,1508352.25,377088.0625,565118.87,208475.27,164218.474584906,1329.5925,5318.37,284.1936237390182,4,2024-04-01,2025-10-01,3,4,0,1.0,0.0,548,1.0,1.3333333333333333,0,1,35-44,Q4 highest,1,7,2
C0841,Timothy Cooper,Individual,M,Belgium,Wallonia,1999-02-05,26,Home,5,No,Website,0,0,0,4,1344816.1,336204.025,443394.23,275527.07,78193.2124910598,1167.105,4668.42,287.2720038635614,4,2024-03-01,2025-05-01,4,4,0,1.0,0.0,426,1.0,1.0,0,1,<35,Q3,1,52,2
C0842,Keith Morales,Individual,M,USA,Washington,1996-02-27,29,Home,5,Yes,Client,1,0,0,4,1082477.8199999998,270619.45499999996,507216.3,155758.36,160040.10074613706,928.745,3714.98,285.31847494849086,4,2024-09-01,2025-11-01,3,2,2,0.5,0.5,426,1.0,1.3333333333333333,1,1,<35,Q2,9,53,1
C0843,Amanda Hansen,Individual,F,USA,Georgia,2000-12-04,25,Home,4,No,Agency,0,0,0,3,1377127.37,459042.4566666667,508725.94,391496.99,60621.32063866501,1500.72,4502.16,310.2983466429507,3,2024-04-01,2025-10-01,3,3,0,1.0,0.0,548,1.0,1.0,1,1,<35,Q3,9,15,0
C0844,Margaret Scott,Individual,F,USA,California,1947-06-13,78,Home,2,No,Website,0,0,0,4,1363201.96,340800.49,510261.37,161600.76,164461.4510658521,1187.8925000000002,4751.570000000001,286.6211440867866,4,2024-10-01,2025-11-01,4,3,1,0.75,0.25,396,1.0,1.0,1,1,65+,Q3,9,8,2
C0845,Ashley Long,Individual,F,USA,Washington,1993-09-05,32,Home,3,No,Client,0,0,0,3,1355270.16,451756.72,541412.0,387519.48,80033.02128539694,1471.4466666666667,4414.34,305.8787293583351,3,2024-05-01,2025-01-01,3,3,0,1.0,0.0,245,1.0,1.0,1,1,<35,Q3,9,53,1
C0846,Martha Harris,Individual,F,Canada,Quebec,1976-05-15,49,Investment,3,No,Agency,0,1,0,3,1069033.77,356344.59,579072.02,177591.32,204320.7849899312,1135.5233333333333,3406.5699999999997,304.2620936201817,3,2024-07-01,2024-12-01,3,3,0,1.0,0.0,153,1.0,1.0,0,1,45-54,Q2,2,40,0
C0847,Nicole James,Individual,F,USA,Utah,1988-02-27,37,Home,2,Yes,Agency,1,0,0,4,1258765.46,314691.365,480678.5,183562.93,124656.8914527709,1011.5875,4046.35,312.0693895088224,4,2024-05-01,2025-12-01,4,3,1,0.75,0.25,579,1.0,1.0,1,1,35-44,Q3,9,48,0
C0848,Aaron Hughes,Individual,M,USA,California,1967-11-22,58,Home,4,No,Agency,0,0,0,4,1366788.33,341697.0825,546910.59,204867.41,159293.47817895064,1184.9475000000002,4739.790000000001,294.8811577166271,4,2024-01-01,2025-01-01,4,4,0,1.0,0.0,366,1.0,1.0,1,1,55-64,Q3,9,8,0
C0849,Brian Wilson,Individual,M,USA,Oregon,1977-04-11,48,Home,1,Yes,Website,1,0,0,4,1262931.66,315732.915,539249.94,153351.4,179989.27994237683,995.0275,3980.11,307.7478715580654,4,2024-08-01,2025-11-01,4,4,0,1.0,0.0,457,1.0,1.0,1,1,45-54,Q3,9,37,2
C0850,Judy Stone,Individual,F,USA,Colorado,1983-11-13,42,Investment,5,No,Agency,0,1,0,3,528432.48,176144.16,229915.53,128315.89,51059.886802067034,610.62,1831.8600000000001,288.9416642920567,3,2024-09-01,2024-09-01,1,3,0,1.0,0.0,0,1.0,3.0,1,1,35-44,Q1 lowest,9,11,0
C0851,Kyle White,Individual,M,USA,California,1993-05-16,32,Investment,2,Yes,Website,1,1,0,4,1482957.8800000001,370739.47000000003,492001.45,221160.83,115155.53879761872,1259.95,5039.8,292.23636168618356,4,2024-01-01,2025-08-01,4,4,0,1.0,0.0,578,1.0,1.0,1,1,<35,Q4 highest,9,8,2
C0852,Carl Brown,Individual,M,Germany,North Rhine-Westphalia,1989-07-20,36,Home,2,No,Agency,0,0,0,4,1368458.37,342114.5925,430669.69,250208.08,92308.89940744839,1222.37,4889.48,283.3197424989349,4,2024-02-01,2024-10-01,4,4,0,1.0,0.0,243,1.0,1.0,0,1,35-44,Q3,5,30,0
C0853,Gerald Bryant,Individual,M,USA,Utah,1950-08-07,75,Home,4,No,Website,0,0,0,4,1293562.22,323390.555,431452.51,207709.77,91448.49798507811,1092.085,4368.34,298.5740248235053,4,2024-06-01,2025-08-01,4,2,2,0.5,0.5,426,1.0,1.0,1,1,65+,Q3,9,48,2
C0854,David Reyes,Individual,M,USA,California,1944-02-13,81,Home,4,No,Website,0,0,0,3,1419031.6099999999,473010.5366666666,622276.58,365713.38,133331.20221684655,1454.4099999999999,4363.23,322.881767706823,3,2024-05-01,2024-12-01,2,2,1,0.6666666666666666,0.3333333333333333,214,1.0,1.5,1,1,65+,Q3,9,8,2
C0855,Amanda Foster,Individual,F,Australia,Queensland,1973-03-10,52,Home,4,No,Website,0,0,0,4,1198702.15,299675.5375,439175.81,165789.26,140389.67156066158,1114.2125,4456.85,277.9824082637193,4,2024-03-01,2025-11-01,4,4,0,1.0,0.0,610,1.0,1.0,0,1,45-54,Q2,0,41,2
C0856,Janice Chavez,Individual,F,USA,Florida,1964-08-16,61,Home,5,Yes,Website,1,0,0,4,1565508.99,391377.2475,557814.29,214023.32,183972.47455054146,1226.185,4904.74,321.04644506396664,4,2024-04-01,2025-02-01,4,4,0,1.0,0.0,306,1.0,1.0,1,1,55-64,Q4 highest,9,14,2
C0857,Danielle Ward,Individual,F,USA,California,1951-05-11,74,Investment,1,Yes,Website,1,1,0,4,1431064.56,357766.14,532766.89,176063.64,146901.6223070222,1146.2825,4585.13,306.8611088854491,4,2024-05-01,2025-11-01,4,2,2,0.5,0.5,549,1.0,1.0,1,1,65+,Q3,9,8,2
C0858,Samuel Howard,Individual,M,USA,Nevada,1994-07-12,31,Home,1,No,Website,0,0,0,3,972150.6,324050.2,377504.51,288890.05,47054.6262109487,1156.5633333333333,3469.69,281.73064080751226,3,2024-01-01,2024-12-01,3,2,1,0.6666666666666666,0.3333333333333333,335,1.0,1.0,1,1,<35,Q1 lowest,9,25,2
C0859,Megan Anderson,Individual,F,USA,California,1942-12-03,83,Home,2,Yes,Agency,1,0,0,4,1440623.8900000001,360155.97250000003,641122.99,226404.55,192216.57394560514,1154.105,4616.42,307.1237768260935,4,2024-01-01,2025-10-01,3,4,0,1.0,0.0,639,1.0,1.3333333333333333,1,1,65+,Q3,9,8,0
C0860,Virginia Morales,Individual,F,USA,Utah,1968-07-09,57,Home,5,Yes,Website,1,0,0,4,1362579.84,340644.96,491343.75,144623.04,175947.88244670196,1148.025,4592.1,295.07295295436273,4,2024-04-01,2025-05-01,4,4,0,1.0,0.0,395,1.0,1.0,1,1,55-64,Q3,9,48,2
C0861,Christine Peterson,Individual,F,France,Brittany,1994-08-04,31,Investment,2,No,Agency,0,1,0,3,1527460.57,509153.5233333334,530773.97,495697.84,18909.818723648077,1635.6233333333332,4906.87,314.68100682771677,3,2024-01-01,2025-01-01,3,2,1,0.6666666666666666,0.3333333333333333,366,1.0,1.0,0,1,<35,Q4 highest,4,6,0
C0862,Amanda Jordan,Individual,F,USA,Colorado,1981-06-14,44,Investment,1,No,Website,0,1,0,3,1354421.9100000001,451473.97000000003,605272.25,304246.71,150620.3095898863,1527.8633333333335,4583.59,292.7765275368804,3,2024-11-01,2025-10-01,3,3,0,1.0,0.0,334,1.0,1.0,1,1,35-44,Q3,9,11,2
C0863,Brandon Peterson,Individual,M,Belgium,Wallonia,1975-04-20,50,Home,5,Yes,Agency,1,0,0,4,1107744.96,276936.24,331782.88,149722.3,86302.79769390098,984.6475,3938.59,283.2830434701238,4,2024-01-01,2024-11-01,3,4,0,1.0,0.0,305,1.0,1.3333333333333333,0,1,45-54,Q2,1,52,0
C0864,Noah Kim,Individual,M,USA,Texas,1970-07-07,55,Home,3,No,Website,0,0,0,3,1085548.02,361849.34,436782.69,304737.72,67802.50047542424,1156.5633333333333,3469.69,312.8404586706677,3,2024-02-01,2025-10-01,3,2,1,0.6666666666666666,0.3333333333333333,608,1.0,1.0,1,1,55-64,Q2,9,47,2
C0865,Rebecca Gray,Individual,F,USA,Colorado,1975-05-20,50,Investment,5,Yes,Website,1,1,0,4,1268059.13,317014.7825,590633.76,194986.69,183710.006336364,1008.395,4033.58,313.6153784118969,4,2024-01-01,2024-11-01,4,3,1,0.75,0.25,305,1.0,1.0,1,1,45-54,Q3,9,11,2
C0866,Lawrence Bryant,Individual,M,Belgium,Brussels,1987-11-27,38,Home,3,No,Agency,0,0,0,4,1331713.08,332928.27,467860.91,163915.34,155579.62297443044,1148.025,4592.1,296.4052478325079,4,2024-01-01,2025-10-01,3,4,0,1.0,0.0,639,1.0,1.3333333333333333,0,1,35-44,Q3,1,7,0
C0867,Julia Davis,Individual,F,USA,California,1967-04-12,58,Home,2,No,Agency,0,0,0,3,1028747.3,342915.76666666666,434559.42,280183.26,81147.33818969378,1146.2633333333333,3438.79,298.8466364564212,3,2024-01-01,2024-08-01,3,3,0,1.0,0.0,213,1.0,1.0,1,1,55-64,Q2,9,8,0
C0868,Victoria Rogers,Individual,F,USA,Florida,1945-02-21,80,Home,3,Yes,Agency,1,0,0,3,987211.1699999999,329070.38999999996,390539.15,269363.17,60607.192639313034,1049.3799999999999,3148.14,316.49402175782353,3,2024-03-01,2025-04-01,2,2,1,0.6666666666666666,0.3333333333333333,396,1.0,1.5,1,1,65+,Q1 lowest,9,14,0
C0869,Jose Roberts,Individual,M,USA,California,1993-03-07,32,Home,4,No,Agency,0,0,0,3,858807.13,286269.04333333333,338104.13,223045.28,58368.75198249517,1012.96,3038.88,283.4140659016659,3,2024-01-01,2025-09-01,3,3,0,1.0,0.0,609,1.0,1.0,1,1,<35,Q1 lowest,9,8,0
C0870,Harmon Co,Company,F,UK,Northern Ireland,1966-09-01,59,Home,2,Yes,Website,1,0,1,4,1097902.26,274475.565,384011.41,174861.74,86053.99407745368,909.9825,3639.93,307.87495262882703,4,2024-03-01,2025-09-01,3,3,1,0.75,0.25,549,1.0,1.3333333333333333,0,1,55-64,Q2,8,31,2
C0871,Pamela Pierce,Individual,F,USA,Virginia,1989-11-28,36,Home,1,Yes,Website,1,0,0,4,1939848.53,484962.1325,612113.6,223349.45,177526.2975812576,1524.2725,6097.09,315.86788660881155,4,2024-04-01,2024-09-01,4,3,1,0.75,0.25,153,1.0,1.0,1,1,35-44,Q4 highest,9,50,2
C0872,Sarah Bennett,Individual,F,UK,England,1943-06-22,82,Home,4,No,Website,0,0,0,4,1462320.39,365580.0975,455019.48,224186.65,99426.9674327173,1326.2525,5305.01,274.3560649132103,4,2024-02-01,2025-05-01,4,4,0,1.0,0.0,455,1.0,1.0,0,1,65+,Q4 highest,8,12,2
C0873,Gerald Murray,Individual,M,USA,New York,1940-09-09,85,Home,2,No,Website,0,0,0,3,1325777.78,441925.9266666667,554502.82,309997.56,123395.96906724681,1463.22,4389.66,300.5462542501073,3,2024-02-01,2025-11-01,3,3,0,1.0,0.0,639,1.0,1.0,1,1,65+,Q3,9,27,2
C0874,Debra Murray,Individual,F,Belgium,Flanders,1953-07-26,72,Investment,2,No,Website,0,1,0,4,1490289.1099999999,372572.27749999997,604547.34,221376.35,183638.65527090445,1186.5225,4746.09,309.15725845550025,4,2024-02-01,2025-03-01,4,4,0,1.0,0.0,394,1.0,1.0,0,1,65+,Q4 highest,1,13,2
C0875,Jeffrey Evans,Individual,M,Canada,Manitoba,1972-07-09,53,Home,4,No,Website,0,0,0,3,1308981.48,436327.16,551578.92,223047.2,184906.51356285316,1370.5533333333333,4111.66,316.43807024482015,3,2024-03-01,2024-08-01,3,3,0,1.0,0.0,153,1.0,1.0,0,1,45-54,Q3,2,22,2
C0876,Benjamin Chavez,Individual,M,USA,California,1973-08-22,52,Home,3,No,Client,0,0,0,3,873771.52,291257.17333333334,349877.5,247342.01,52825.78015401223,971.1899999999999,2913.5699999999997,303.1453983035049,3,2024-01-01,2025-05-01,3,3,0,1.0,0.0,486,1.0,1.0,1,1,45-54,Q1 lowest,9,8,1
C0877,Jennifer Weaver,Individual,F,USA,Utah,1998-12-22,27,Investment,2,Yes,Agency,1,1,0,3,1407650.4,469216.8,573266.03,359202.38,107156.42389344983,1493.243333333333,4479.73,315.98094172226456,3,2025-05-01,2025-09-01,3,2,1,0.6666666666666666,0.3333333333333333,123,1.0,1.0,1,1,<35,Q3,9,48,0
C0878,Ashley Hansen,Individual,F,USA,Nevada,1945-04-28,80,Home,4,Yes,Website,1,0,0,3,970670.1499999999,323556.7166666666,532017.08,193069.04,182431.48948159697,1008.13,3024.39,316.25317851031645,3,2024-01-01,2025-07-01,3,3,0,1.0,0.0,547,1.0,1.0,1,1,65+,Q1 lowest,9,25,2
C0879,Brandon Adams,Individual,M,UK,Northern Ireland,1945-03-15,80,Home,4,Yes,Website,1,0,0,3,1349121.32,449707.1066666667,610364.02,332809.37,143858.59408135488,1463.22,4389.66,305.1457789222248,3,2024-12-01,2025-10-01,3,3,0,1.0,0.0,304,1.0,1.0,0,1,65+,Q3,8,31,2
C0880,Judith Bennett,Individual,F,USA,New York,1941-06-23,84,Home,2,No,Website,0,0,0,4,1390002.6400000001,347500.66000000003,485278.06,229219.76,129322.77070596113,1151.37,4605.48,300.1519609034721,4,2024-06-01,2025-08-01,4,3,1,0.75,0.25,426,1.0,1.0,1,1,65+,Q3,9,27,2
C0881,Ruth Weaver,Individual,F,USA,Colorado,1954-09-24,71,Investment,1,No,Website,0,1,0,4,1247321.2,311830.3,542053.98,191764.78,162136.53385162703,1136.6925,4546.77,271.62788758556525,4,2024-02-01,2025-08-01,4,3,1,0.75,0.25,547,1.0,1.0,1,1,65+,Q3,9,11,2
C0882,Peter Moore,Individual,M,UK,Wales,2000-07-07,25,Home,3,No,Website,0,0,0,3,1142828.1400000001,380942.7133333334,466293.15,213545.23,144979.88193581632,1435.6633333333332,4306.99,266.6154276396846,3,2024-01-01,2025-08-01,3,2,1,0.6666666666666666,0.3333333333333333,578,1.0,1.0,0,1,<35,Q2,8,51,2
C0883,Gerald Thompson,Individual,M,USA,Texas,1946-10-22,79,Home,4,No,Client,0,0,0,4,1979258.27,494814.5675,555330.51,395086.1,75942.24226374473,1699.3675,6797.47,290.08114296056306,4,2024-06-01,2025-01-01,4,4,0,1.0,0.0,214,1.0,1.0,1,1,65+,Q4 highest,9,47,1
C0884,Joe Reed,Individual,M,USA,Nevada,1949-05-07,76,Home,2,No,Website,0,0,0,3,1021697.5,340565.8333333333,423868.45,261651.44,81197.48740787756,1209.64,3628.92,298.23058471031595,3,2024-07-01,2025-05-01,3,2,1,0.6666666666666666,0.3333333333333333,304,1.0,1.0,1,1,65+,Q1 lowest,9,25,2
C0885,Michael Williams,Individual,M,Canada,British Columbia,1941-09-21,84,Investment,2,Yes,Agency,1,1,0,3,1540844.02,513614.67333333334,661095.49,409549.01,131272.86297752187,1671.7666666666667,5015.3,304.09561097849235,3,2024-02-01,2024-07-01,2,3,0,1.0,0.0,151,1.0,1.5,0,1,65+,Q4 highest,2,5,0
C0886,Joseph Brooks,Individual,M,USA,California,1961-07-20,64,Home,3,Yes,Agency,1,0,0,3,807556.47,269185.49,441789.19,156613.99,151769.96557748175,941.2099999999999,2823.6299999999997,284.7893224711529,3,2024-10-01,2025-12-01,3,3,0,1.0,0.0,426,1.0,1.0,1,1,55-64,Q1 lowest,9,8,0
C0887,Joan Bryant,Individual,F,USA,California,1993-04-23,32,Home,3,No,Agency,0,0,0,4,1247287.09,311821.7725,460816.43,174346.4,123626.57890880757,1012.5575,4050.23,314.98566455193463,4,2024-03-01,2025-08-01,4,3,1,0.75,0.25,518,1.0,1.0,1,1,<35,Q3,9,8,0
C0888,Sharon Montgomery,Individual,F,Germany,Berlin,1987-05-24,38,Home,4,Yes,Website,1,0,0,4,1104713.19,276178.2975,506626.34,162276.59,156133.63386629234,933.355,3733.42,297.4721133150078,4,2024-06-01,2025-11-01,4,2,2,0.5,0.5,518,1.0,1.0,0,1,35-44,Q2,5,4,2
C0889,Scott Campbell,Individual,M,USA,Nevada,1985-10-15,40,Investment,4,Yes,Website,1,1,0,3,1339350.5899999999,446450.1966666666,525586.98,355007.88,85952.76000318913,1451.2533333333333,4353.76,313.4583729272578,3,2024-01-01,2025-12-01,3,3,0,1.0,0.0,700,1.0,1.0,1,1,35-44,Q3,9,25,2
C0890,Julie Nelson,Individual,F,USA,Virginia,1955-07-23,70,Investment,3,Yes,Website,1,1,0,4,1138394.29,284598.5725,480775.4,123583.21,151085.46430973464,922.66,3690.64,303.680705416924,4,2024-02-01,2025-04-01,4,4,0,1.0,0.0,425,1.0,1.0,1,1,65+,Q2,9,50,2
C0891,Raymond Roberts,Individual,M,Germany,North Rhine-Westphalia,1970-06-20,55,Investment,1,Yes,Website,1,1,0,4,1340373.08,335093.27,544032.25,199200.35,156282.77344383416,1154.105,4616.42,288.6593686869396,4,2024-12-01,2025-06-01,4,3,1,0.75,0.25,182,1.0,1.0,0,1,55-64,Q3,5,30,2
C0892,Helen Watson,Individual,F,USA,California,1958-06-05,67,Investment,2,Yes,Website,1,1,0,3,984121.3999999999,328040.4666666666,448877.05,183555.68,134232.207332444,1167.24,3501.7200000000003,286.36623340172076,3,2024-08-01,2025-10-01,2,2,1,0.6666666666666666,0.3333333333333333,426,1.0,1.5,1,1,65+,Q1 lowest,9,8,2
C0893,Evelyn Thompson,Individual,F,USA,Colorado,1995-06-23,30,Home,3,Yes,Website,1,0,0,4,1695839.47,423959.8675,603155.94,243883.4,192970.48722986135,1329.5925,5318.37,316.9860128802226,4,2024-03-01,2025-05-01,4,4,0,1.0,0.0,426,1.0,1.0,1,1,<35,Q4 highest,9,11,2
C0894,Carl Evans,Individual,M,USA,Georgia,1953-06-14,72,Home,5,No,Website,0,0,0,3,882067.47,294022.49,301693.78,280137.79,12046.577277015293,932.37,2797.11,317.68353154361245,3,2024-10-01,2025-07-01,3,3,0,1.0,0.0,273,1.0,1.0,1,1,65+,Q1 lowest,9,15,2
C0895,Amanda Rogers,Individual,F,USA,Arizona,1953-08-25,72,Investment,4,Yes,Website,1,1,0,3,1127680.6,375893.5333333334,502145.17,226963.84,138985.29341543527,1280.28,3840.84,293.3534620750145,3,2024-01-01,2025-12-01,3,3,0,1.0,0.0,700,1.0,1.0,1,1,65+,Q2,9,1,2
C0896,Timothy Jones,Individual,M,France,Brittany,1970-05-06,55,Home,4,Yes,Agency,1,0,0,4,1157933.44,289483.36,403361.09,175483.61,114125.38115130483,935.765,3743.06,310.5075374541726,4,2024-04-01,2025-11-01,4,3,1,0.75,0.25,579,1.0,1.0,0,1,55-64,Q2,4,6,0
C0897,Ann Foster,Individual,F,Australia,Victoria,1971-08-04,54,Home,1,No,Website,0,0,0,3,745691.65,248563.88333333333,364650.23,150397.94,108244.47599893044,801.46,2404.38,308.2402966100844,3,2024-01-01,2024-03-01,3,3,0,1.0,0.0,60,1.0,1.0,0,1,45-54,Q1 lowest,0,49,2
C0898,Deborah King,Individual,F,USA,Arizona,1953-09-27,72,Investment,5,Yes,Agency,1,1,0,4,836494.02,209123.505,318001.46,158787.99,74507.13347888354,706.0875,2824.35,294.90427703593605,4,2024-09-01,2025-10-01,4,3,1,0.75,0.25,395,1.0,1.0,1,1,65+,Q1 lowest,9,1,0
C0899,Apex Co,Company,F,USA,Washington,1988-06-26,37,Investment,2,No,Website,0,1,1,3,1050407.63,350135.87666666665,481540.5,127936.41,193498.68422840873,1076.6899999999998,3230.0699999999997,321.01194762368965,3,2024-11-01,2025-02-01,2,3,0,1.0,0.0,92,1.0,1.5,1,1,35-44,Q2,9,53,2
C0900,Betty Cook,Individual,F,Germany,North Rhine-Westphalia,1999-05-22,26,Home,4,No,Agency,0,0,0,3,606058.22,202019.40666666665,316820.96,122112.7,101936.57033162602,753.3133333333334,2259.94,261.1778130081744,3,2024-02-01,2024-12-01,3,3,0,1.0,0.0,304,1.0,1.0,0,1,<35,Q1 lowest,5,30,0
C0901,Gregory Allen,Individual,M,France,Brittany,1999-02-15,26,Investment,4,No,Agency,0,1,0,3,909138.8400000001,303046.28,535623.53,155133.85,203885.25683788396,909.0566666666667,2727.17,323.69449128055436,3,2024-04-01,2025-09-01,3,3,0,1.0,0.0,518,1.0,1.0,0,1,<35,Q1 lowest,4,6,0
C0902,Peerex Co,Company,F,UK,Northern Ireland,1964-02-11,61,Home,3,Yes,Agency,1,0,1,4,1281064.76,320266.19,457348.2,170914.8,120264.12781789672,1068.57,4274.28,300.9680189124511,4,2024-03-01,2025-12-01,4,4,0,1.0,0.0,640,1.0,1.0,0,1,55-64,Q3,8,31,0
C0903,Christine Morales,Individual,F,USA,Texas,1992-04-28,33,Investment,3,No,Website,0,1,0,3,1108147.6099999999,369382.5366666666,427664.89,339771.48,50476.185669759514,1240.6066666666666,3721.8199999999997,299.6010403853574,3,2024-01-01,2024-11-01,3,3,0,1.0,0.0,305,1.0,1.0,1,1,<35,Q2,9,47,2
C0904,Nancy Brooks,Individual,F,Russia,Saint Petersburg,1984-03-08,41,Home,1,Yes,Website,1,0,0,4,1050355.29,262588.8225,391528.7,129756.46,115104.5028941881,883.805,3535.22,290.04708482677603,4,2024-07-01,2025-11-01,4,3,1,0.75,0.25,488,1.0,1.0,0,1,35-44,Q2,7,42,2
C0905,Emma Allen,Individual,F,USA,Virginia,1993-05-16,32,Home,5,Yes,Website,1,0,0,3,877477.72,292492.5733333333,408310.1,208238.77,103703.11347780081,927.6066666666666,2782.8199999999997,309.22503185688345,3,2024-07-01,2024-12-01,3,3,0,1.0,0.0,153,1.0,1.0,1,1,<35,Q1 lowest,9,50,2
C0906,Jacqueline Baker,Individual,F,USA,California,1969-08-13,56,Investment,5,No,Website,0,1,0,4,1757967.56,439491.89,571612.79,299618.3,116542.17630957672,1458.93,5835.72,300.62495699385056,4,2024-02-01,2025-09-01,4,3,1,0.75,0.25,578,1.0,1.0,1,1,55-64,Q4 highest,9,8,2
C0907,Danielle Scott,Individual,F,USA,California,1973-11-14,52,Home,3,No,Agency,0,0,0,3,1375380.46,458460.1533333333,574177.29,294829.76,145706.96878522876,1459.1899999999998,4377.57,310.601097464294,3,2024-01-01,2025-12-01,3,3,0,1.0,0.0,700,1.0,1.0,1,1,45-54,Q3,9,8,0
C0908,Carl Kim,Individual,M,USA,California,1960-11-17,65,Home,4,Yes,Agency,1,0,0,4,1129941.35,282485.3375,467397.36,178580.68,130638.83697324425,825.1325,3300.53,347.65920286677624,4,2024-05-01,2025-12-01,3,3,1,0.75,0.25,579,1.0,1.3333333333333333,1,1,65+,Q2,9,8,0
C0909,Brandon Turner,Individual,M,USA,California,1967-07-10,58,Investment,1,Yes,Agency,1,1,0,4,1529455.73,382363.9325,595281.62,195057.54,166250.83735807193,1183.04,4732.16,325.2407114942365,4,2024-01-01,2025-06-01,3,2,2,0.5,0.5,517,1.0,1.3333333333333333,1,1,55-64,Q4 highest,9,8,0
C0910,Victoria Jackson,Individual,F,USA,Texas,1971-11-24,54,Home,3,Yes,Agency,1,0,0,3,1293598.48,431199.49333333335,705817.01,233058.54,245482.46636703657,1238.36,3715.08,342.79945374819334,3,2024-12-01,2025-07-01,3,2,1,0.6666666666666666,0.3333333333333333,212,1.0,1.0,1,1,45-54,Q3,9,47,0
C0911,Donald Long,Individual,M,USA,California,1989-03-27,36,Home,4,No,Website,0,0,0,4,1310405.32,327601.33,589085.76,166270.85,182671.86047317833,972.335,3889.34,337.0034363061051,4,2024-04-01,2025-07-01,4,4,0,1.0,0.0,456,1.0,1.0,1,1,35-44,Q3,9,8,2
C0912,Christina Freeman,Individual,F,USA,California,1949-05-11,76,Home,1,No,Agency,0,0,0,3,1322130.05,440710.01666666666,617512.0,256392.52,180677.00992202974,1351.4633333333334,4054.39,324.3756481756993,3,2024-01-01,2025-10-01,3,2,1,0.6666666666666666,0.3333333333333333,639,1.0,1.0,1,1,65+,Q3,9,8,0
C0913,Nathan Hansen,Individual,M,USA,California,1999-01-13,26,Home,4,No,Agency,0,0,0,4,1935637.92,483909.48,586679.08,390224.3,82263.27194118973,1552.15,6208.6,313.36913444851484,4,2024-05-01,2025-07-01,4,3,1,0.75,0.25,426,1.0,1.0,1,1,<35,Q4 highest,9,8,0
C0914,Helen Freeman,Individual,F,France,Provence,1948-10-12,77,Investment,4,No,Website,0,1,0,4,1124290.78,281072.695,362803.25,183552.54,77451.48719536657,984.6475,3938.59,289.3480172051452,4,2024-02-01,2024-12-01,4,3,1,0.75,0.25,304,1.0,1.0,0,1,65+,Q2,4,38,2
C0915,Ronald Harris,Individual,M,USA,Florida,1948-01-23,77,Home,2,No,Agency,0,0,0,3,1309768.71,436589.57,589191.73,143851.79,253594.97142961877,1283.46,3850.38,327.18114040361917,3,2024-08-01,2025-04-01,3,3,0,1.0,0.0,243,1.0,1.0,1,1,65+,Q3,9,14,0
C0916,Nathan Hansen,Individual,M,Russia,Moscow Oblast,1988-02-10,37,Home,2,No,Website,0,0,0,4,1377591.46,344397.865,478922.56,175373.36,125942.13087442488,1114.105,4456.42,306.23787991648885,4,2024-04-01,2024-11-01,4,4,0,1.0,0.0,214,1.0,1.0,0,1,35-44,Q3,7,24,2
C0917,Kenneth Hughes,Individual,M,USA,Arizona,1969-08-01,56,Home,2,Yes,Agency,1,0,0,3,756785.49,252261.83,300300.85,201415.36,49502.48847039814,851.4266666666667,2554.28,297.57195253176656,3,2024-10-01,2025-05-01,3,3,0,1.0,0.0,212,1.0,1.0,1,1,55-64,Q1 lowest,9,1,0
C0918,Susan Cook,Individual,F,Australia,Western Australia,2000-02-21,25,Home,4,No,Client,0,0,0,3,1461361.8699999999,487120.6233333333,591434.36,330602.94,138029.694089664,1583.2166666666665,4749.65,309.795387697743,3,2024-02-01,2024-12-01,3,2,1,0.6666666666666666,0.3333333333333333,304,1.0,1.0,0,1,<35,Q4 highest,0,54,1
C0919,Barbara Foster,Individual,F,Canada,Quebec,1975-08-17,50,Investment,5,No,Agency,0,1,0,3,1059524.55,353174.85000000003,486833.55,261814.63,118322.65060935883,1179.5233333333333,3538.5699999999997,305.89085083165935,3,2024-01-01,2025-05-01,3,3,0,1.0,0.0,486,1.0,1.0,0,1,45-54,Q2,2,40,0
C0920,Christian Williams,Individual,M,USA,California,1973-10-11,52,Home,4,No,Website,0,0,0,3,878368.79,292789.5966666667,447905.13,189016.63,136868.0321404649,934.4333333333334,2803.3,321.2931144571189,3,2024-06-01,2025-09-01,3,3,0,1.0,0.0,457,1.0,1.0,1,1,45-54,Q1 lowest,9,8,2
C0921,Christina Reyes,Individual,F,Australia,New South Wales,1999-03-10,26,Home,4,No,Agency,0,0,0,3,802736.76,267578.92,331896.95,174630.68,82449.60044421868,900.46,2701.38,294.3762503755404,3,2024-11-01,2025-10-01,3,3,0,1.0,0.0,334,1.0,1.0,0,1,<35,Q1 lowest,0,26,0
C0922,Joe Bell,Individual,M,Australia,Victoria,1942-10-28,83,Investment,4,Yes,Website,1,1,0,3,1105753.98,368584.66,442539.26,296837.59,72875.9154434639,1200.3500000000001,3601.05,308.73094161670343,3,2024-07-01,2025-10-01,3,3,0,1.0,0.0,457,1.0,1.0,0,1,65+,Q2,0,49,2
C0923,Ruth Richardson,Individual,F,USA,Oregon,1950-08-26,75,Home,3,No,Client,0,0,0,4,1183422.85,295855.7125,554198.64,149833.02,184563.24812958247,1035.1925,4140.77,285.2070155991702,4,2024-04-01,2025-12-01,3,4,0,1.0,0.0,609,1.0,1.3333333333333333,1,1,65+,Q2,9,37,1
C0924,Emily Wright,Individual,F,USA,California,1988-03-20,37,Home,4,No,Website,0,0,0,4,1558670.83,389667.7075,535687.32,141906.57,176343.27962365493,1313.38,5253.52,299.73730068249455,4,2024-03-01,2025-08-01,4,3,1,0.75,0.25,518,1.0,1.0,1,1,35-44,Q4 highest,9,8,2
C0925,Michael Ward,Individual,M,Germany,Hamburg,1944-05-12,81,Home,2,No,Website,0,0,0,3,1308035.02,436011.67333333334,523966.96,373202.64,78464.77291621851,1471.8999999999999,4415.7,295.3701328390946,3,2024-05-01,2025-07-01,3,2,1,0.6666666666666666,0.3333333333333333,426,1.0,1.0,0,1,65+,Q3,5,16,2
C0926,Lauren Harris,Individual,F,USA,California,1961-04-04,64,Home,3,No,Website,0,0,0,3,1078841.73,359613.91,416303.05,322088.43,49945.30061860476,1207.6466666666668,3622.94,297.61005005296533,3,2024-03-01,2025-06-01,3,1,2,0.3333333333333333,0.6666666666666666,457,1.0,1.0,1,1,55-64,Q2,9,8,2
C0927,Carol Hayes,Individual,F,France,Ile-de-France,1962-11-04,63,Home,4,No,Client,0,0,0,3,933499.38,311166.46,571089.66,157392.65,226356.07738420478,952.2633333333333,2856.79,320.8203680770841,3,2024-11-01,2025-12-01,3,2,1,0.6666666666666666,0.3333333333333333,395,1.0,1.0,0,1,55-64,Q1 lowest,4,18,1
C0928,Jordan Jordan,Individual,M,USA,California,1950-02-27,75,Home,1,Yes,Agency,1,0,0,3,758070.13,252690.04333333333,392319.37,137541.82,129140.98230737455,883.7466666666666,2651.24,298.25383289313083,3,2024-03-01,2024-11-01,3,2,1,0.6666666666666666,0.3333333333333333,245,1.0,1.0,1,1,65+,Q1 lowest,9,8,0
C0929,Jack Hall,Individual,M,USA,Washington,1954-05-23,71,Home,4,No,Website,0,0,0,3,1167841.72,389280.5733333333,407054.73,369105.44,19088.233799684884,1117.9399999999998,3353.8199999999997,349.45308429299877,3,2024-03-01,2025-10-01,3,3,0,1.0,0.0,579,1.0,1.0,1,1,65+,Q2,9,53,2
C0930,Debra Moore,Individual,F,USA,Washington,1993-04-15,32,Investment,1,Yes,Agency,1,1,0,3,924305.53,308101.8433333333,410092.17,242484.1,89528.43065773259,1110.6233333333332,3331.87,289.4556742458752,3,2024-02-01,2025-01-01,3,3,0,1.0,0.0,335,1.0,1.0,1,1,<35,Q1 lowest,9,53,0
C0931,Daniel Parker,Individual,M,USA,Nevada,1977-12-25,48,Investment,2,Yes,Client,1,1,0,3,997418.61,332472.87,380782.35,237033.66,82654.88525540214,1090.9466666666667,3272.84,304.2758060505078,3,2024-09-01,2025-08-01,3,3,0,1.0,0.0,334,1.0,1.0,1,1,45-54,Q1 lowest,9,25,1
C0932,Kathleen Moore,Individual,F,USA,New York,1949-07-14,76,Home,5,No,Website,0,0,0,4,1468310.6600000001,367077.66500000004,567793.82,155737.3,196467.24683105366,1196.9724999999999,4787.889999999999,305.08055221862105,4,2024-02-01,2025-01-01,4,4,0,1.0,0.0,335,1.0,1.0,1,1,65+,Q4 highest,9,27,2
C0933,Kimberly Johnson,Individual,F,USA,California,1955-09-03,70,Home,4,No,Website,0,0,0,3,1077170.94,359056.98,411210.31,314903.31,48649.31122160621,1155.4633333333334,3466.39,311.75039494413755,3,2024-07-01,2025-12-01,3,2,1,0.6666666666666666,0.3333333333333333,518,1.0,1.0,1,1,65+,Q2,9,8,2
C0934,Barbara Allen,Individual,F,UK,Northern Ireland,1943-10-02,82,Investment,5,Yes,Website,1,1,0,3,912489.5900000001,304163.1966666667,426691.03,142662.45,145969.94397638759,1086.9833333333333,3260.95,291.740054900947,3,2024-04-01,2024-08-01,2,3,0,1.0,0.0,122,1.0,1.5,0,1,65+,Q1 lowest,8,31,2
C0935,Katherine Cooper,Individual,F,Canada,Manitoba,2000-05-17,25,Home,4,No,Agency,0,0,0,3,1133032.49,377677.49666666664,459433.77,314026.2,74375.2847954321,1221.6766666666665,3665.0299999999997,320.71481879954456,3,2024-01-01,2024-08-01,3,2,1,0.6666666666666666,0.3333333333333333,213,1.0,1.0,0,1,<35,Q2,2,22,0
C0936,Carolyn Brooks,Individual,F,USA,California,1951-04-10,74,Home,3,No,Client,0,0,0,3,782945.97,260981.99,312643.26,187384.2,65447.430891546086,879.3433333333332,2638.0299999999997,296.84915859488143,3,2024-02-01,2025-06-01,3,2,1,0.6666666666666666,0.3333333333333333,486,1.0,1.0,1,1,65+,Q1 lowest,9,8,1
C0937,Gerald Chavez,Individual,M,USA,Arizona,1982-04-03,43,Home,5,No,Client,0,0,0,4,1370340.9100000001,342585.22750000004,462252.41,227449.53,105658.82478153423,1127.3175,4509.27,307.37339672768826,4,2024-03-01,2025-09-01,4,4,0,1.0,0.0,549,1.0,1.0,1,1,35-44,Q3,9,1,1
C0938,William Chavez,Individual,M,Russia,Krasnodar Krai,1963-05-08,62,Home,4,No,Website,0,0,0,3,854217.7,284739.23333333334,448751.61,159970.07,148336.4985623465,851.87,2555.61,331.4848799607234,3,2024-01-01,2025-04-01,3,3,0,1.0,0.0,456,1.0,1.0,0,1,55-64,Q1 lowest,7,21,2
C0939,Anna Alexander,Individual,F,Belgium,Brussels,1978-02-02,47,Investment,1,No,Website,0,1,0,4,1190833.68,297708.42,478857.61,142741.31,144548.088527632,996.3625,3985.45,299.3216776801628,4,2024-10-01,2025-11-01,4,4,0,1.0,0.0,396,1.0,1.0,0,1,45-54,Q2,1,7,2
C0940,Kyle Bell,Individual,M,USA,Virginia,1985-12-19,40,Investment,5,No,Website,0,1,0,4,1628937.85,407234.4625,627200.92,228644.73,196689.51990208705,1332.2825,5329.13,301.2069210723519,4,2024-04-01,2024-12-01,4,3,1,0.75,0.25,244,1.0,1.0,1,1,35-44,Q4 highest,9,50,2
C0941,Grace Moore,Individual,F,Mexico,Jalisco,1955-07-17,70,Home,1,No,Agency,0,0,0,3,1028314.09,342771.36333333334,410663.51,250655.47,82708.73982287805,1089.46,3268.38,314.26994691832437,3,2024-10-01,2025-10-01,3,2,1,0.6666666666666666,0.3333333333333333,365,1.0,1.0,0,1,65+,Q2,6,19,0
C0942,Joan Jackson,Individual,F,USA,California,1991-12-14,34,Home,1,No,Website,0,0,0,4,1402631.76,350657.94,500962.79,229657.95,122091.05438613208,1008.6625,4034.65,344.62482428868657,4,2024-01-01,2025-11-01,3,4,0,1.0,0.0,670,1.0,1.3333333333333333,1,1,<35,Q3,9,8,2
C0943,Karen Cox,Individual,F,Canada,Manitoba,1957-09-13,68,Investment,5,No,Website,0,1,0,3,975048.28,325016.0933333333,404116.95,228756.4,88930.59024256296,1129.1766666666665,3387.5299999999997,288.9682701005914,3,2024-09-01,2025-12-01,3,2,1,0.6666666666666666,0.3333333333333333,456,1.0,1.0,0,1,65+,Q1 lowest,2,22,2
C0944,Virginia Hughes,Individual,F,USA,Florida,1956-08-24,69,Home,2,No,Website,0,0,0,3,1256722.03,418907.3433333333,673008.78,145443.17,264315.2566388952,1283.46,3850.38,316.41455277495,3,2024-09-01,2025-12-01,3,2,1,0.6666666666666666,0.3333333333333333,456,1.0,1.0,1,1,65+,Q3,9,14,2
C0945,Emily Hayes,Individual,F,France,Provence,1945-09-04,80,Home,4,No,Website,0,0,0,3,973406.55,324468.85000000003,415439.74,213915.0,102179.61856352813,1102.8633333333335,3308.59,292.67881177084405,3,2024-03-01,2025-05-01,3,3,0,1.0,0.0,426,1.0,1.0,0,1,65+,Q1 lowest,4,38,2
C0946,Ashley Weaver,Individual,F,USA,Nevada,1946-07-04,79,Investment,3,Yes,Agency,1,1,0,3,827605.63,275868.54333333333,378567.66,200300.4,92178.47515818122,897.3100000000001,2691.9300000000003,308.0848539378181,3,2024-12-01,2025-10-01,3,3,0,1.0,0.0,304,1.0,1.0,1,1,65+,Q1 lowest,9,25,0
C0947,Samantha Cox,Individual,F,USA,Texas,1981-05-16,44,Home,2,No,Website,0,0,0,3,1096583.29,365527.76333333337,488382.72,230931.5,129126.59052864608,1190.3133333333333,3570.94,303.0773212797431,3,2024-10-01,2025-07-01,3,3,0,1.0,0.0,273,1.0,1.0,1,1,35-44,Q2,9,47,2
C0948,Emma Nelson,Individual,F,USA,California,1989-12-16,36,Investment,3,Yes,Website,1,1,0,4,1532000.51,383000.1275,465555.5,248550.43,93589.75629449567,1299.3675,5197.47,292.4294946291139,4,2024-02-01,2025-08-01,4,2,2,0.5,0.5,547,1.0,1.0,1,1,35-44,Q4 highest,9,8,2
C0949,Julia Price,Individual,F,USA,Colorado,1943-06-26,82,Investment,5,Yes,Client,1,1,0,4,1397057.95,349264.4875,679222.65,173375.36,225974.24775121867,1102.2725,4409.09,304.96042569271594,4,2024-03-01,2025-08-01,4,3,1,0.75,0.25,518,1.0,1.0,1,1,65+,Q3,9,11,1
C0950,Christina Price,Individual,F,USA,Texas,1991-12-11,34,Investment,5,No,Website,0,1,0,4,1418212.48,354553.12,518468.37,216506.59,157576.14575897416,1146.9925,4587.97,309.1729172561952,4,2024-01-01,2025-09-01,4,3,1,0.75,0.25,609,1.0,1.0,1,1,<35,Q3,9,47,2
C0951,Rachel Chavez,Individual,F,Mexico,Nuevo Leon,1998-11-15,27,Home,1,Yes,Client,1,0,0,4,1658301.92,414575.48,601046.95,175749.34,188433.04042138945,1290.8,5163.2,318.9352119657447,4,2024-04-01,2025-04-01,3,4,0,1.0,0.0,365,1.0,1.3333333333333333,0,1,<35,Q4 highest,6,33,1
C0952,Ann Martin,Individual,F,USA,Oregon,1959-09-03,66,Home,5,No,Website,0,0,0,4,1886501.9300000002,471625.48250000004,548316.4,274763.58,131755.23649134007,1510.65,6042.6,311.13443814146524,4,2024-06-01,2025-12-01,4,3,1,0.75,0.25,548,1.0,1.0,1,1,65+,Q4 highest,9,37,2
C0953,Helios Co,Company,M,USA,Washington,1995-10-22,30,Home,5,Yes,Website,1,0,1,3,639815.0,213271.66666666666,294124.85,170444.19,70062.05956245813,839.1433333333334,2517.4300000000003,260.1807906814217,3,2025-08-01,2025-09-01,2,3,0,1.0,0.0,31,1.0,1.5,1,1,<35,Q1 lowest,9,53,2
C0954,Michael Evans,Individual,M,France,Brittany,1950-04-08,75,Investment,4,Yes,Agency,1,1,0,4,1493788.0,373447.0,533253.25,219505.52,174608.82227820504,1204.4975,4817.99,316.54789585866547,4,2024-05-01,2025-10-01,3,3,1,0.75,0.25,518,1.0,1.3333333333333333,0,1,65+,Q4 highest,4,6,0
C0955,Megan Garcia,Individual,F,USA,California,1969-01-11,56,Home,1,No,Website,0,0,0,3,1098111.78,366037.26,398094.9,325597.94,36968.11764246593,1205.9633333333334,3617.89,303.7837294950627,3,2024-03-01,2025-09-01,3,3,0,1.0,0.0,549,1.0,1.0,1,1,55-64,Q2,9,8,2
C0956,Donald Jackson,Individual,M,USA,California,1966-03-10,59,Home,1,Yes,Website,1,0,0,4,1647197.45,411799.3625,512614.55,247036.12,117468.13055000588,1294.645,5178.58,318.118525167396,4,2024-07-01,2025-05-01,3,3,1,0.75,0.25,304,1.0,1.3333333333333333,1,1,55-64,Q4 highest,9,8,2
C0957,Crestwood Co,Company,M,USA,Oregon,1961-05-21,64,Home,2,Yes,Client,1,0,1,4,1295242.02,323810.505,438504.35,169117.16,115904.98013545708,1072.5575,4290.23,309.9639640800107,4,2024-03-01,2025-02-01,4,4,0,1.0,0.0,337,1.0,1.0,1,1,55-64,Q3,9,37,1
C0958,Betty Rogers,Individual,F,USA,Nevada,1991-07-11,34,Home,1,Yes,Website,1,0,0,4,936091.4500000001,234022.86250000002,319340.28,154650.62,89045.30689917892,834.6575,3338.63,281.68130459746465,4,2024-05-01,2025-09-01,4,4,0,1.0,0.0,488,1.0,1.0,1,1,<35,Q1 lowest,9,25,2
C0959,Carl Hayes,Individual,M,USA,California,1952-09-13,73,Home,3,No,Agency,0,0,0,4,1840159.66,460039.915,590672.73,319114.04,111113.2252061798,1572.79,6291.16,290.24815048754033,4,2024-04-01,2025-11-01,4,4,0,1.0,0.0,579,1.0,1.0,1,1,65+,Q4 highest,9,8,0
C0960,Linda Bennett,Individual,F,USA,Arizona,1960-04-01,65,Investment,1,Yes,Client,1,1,0,4,1380084.58,345021.145,499350.81,163504.49,161612.6892153702,1148.2475,4592.99,302.4929876697332,4,2024-03-01,2025-04-01,4,3,1,0.75,0.25,396,1.0,1.0,1,1,65+,Q3,9,1,1
C0961,Brandon Morales,Individual,M,UK,Wales,1974-08-03,51,Home,2,Yes,Website,1,0,0,4,1681311.67,420327.9175,693731.35,286118.52,188927.3606726374,1271.345,5085.38,322.9858897950755,4,2024-02-01,2025-03-01,3,4,0,1.0,0.0,394,1.0,1.3333333333333333,0,1,45-54,Q4 highest,8,51,2
C0962,Nicholas Hansen,Individual,M,USA,California,1940-07-18,85,Home,4,No,Website,0,0,0,4,1335726.82,333931.705,523288.27,168270.43,179644.3749095183,1114.2125,4456.85,300.90854803873805,4,2024-01-01,2025-10-01,3,4,0,1.0,0.0,639,1.0,1.3333333333333333,1,1,65+,Q3,9,8,2
C0963,James Davis,Individual,M,Canada,Alberta,1941-08-09,84,Home,4,No,Agency,0,0,0,3,598874.99,199624.99666666667,222973.92,164204.09,31189.306112150585,678.9699999999999,2036.9099999999999,294.37238795965703,3,2024-06-01,2025-10-01,3,2,1,0.6666666666666666,0.3333333333333333,487,1.0,1.0,0,1,65+,Q1 lowest,2,0,0
C0964,Elizabeth Hall,Individual,F,USA,California,1953-09-19,72,Home,4,No,Website,0,0,0,3,1015121.6900000001,338373.89666666667,485910.88,171267.91,158231.66263804547,1168.3833333333334,3505.15,287.7562530722898,3,2024-02-01,2025-02-01,3,3,0,1.0,0.0,366,1.0,1.0,1,1,65+,Q1 lowest,9,8,2
C0965,Lauren Adams,Individual,F,USA,New York,1961-09-26,64,Investment,3,No,Website,0,1,0,3,840199.6100000001,280066.5366666667,359492.59,225125.36,70450.47915738144,862.1066666666666,2586.3199999999997,327.9994305582956,3,2024-02-01,2025-04-01,3,2,1,0.6666666666666666,0.3333333333333333,425,1.0,1.0,1,1,55-64,Q1 lowest,9,27,2
C0966,Corvus Co,Company,M,USA,California,1995-10-11,30,Investment,3,No,Website,0,1,1,4,1606785.0499999998,401696.26249999995,470809.32,258208.58,97851.83848415331,1510.34,6041.36,275.3910258640924,4,2024-07-01,2025-06-01,4,3,1,0.75,0.25,335,1.0,1.0,1,1,<35,Q4 highest,9,8,2
C0967,Jennifer Moore,Individual,F,USA,California,1959-01-20,66,Home,2,No,Agency,0,0,0,3,705599.66,235199.8866666667,283671.4,185818.63,48932.728044404335,879.3433333333332,2638.0299999999997,270.92870403576376,3,2024-09-01,2025-11-01,3,2,1,0.6666666666666666,0.3333333333333333,426,1.0,1.0,1,1,65+,Q1 lowest,9,8,0
C0968,Julie Hansen,Individual,F,USA,Arizona,1995-11-21,30,Home,4,No,Website,0,0,0,3,1089074.71,363024.9033333333,514916.07,176684.39,171727.21232590292,1168.3833333333334,3505.15,306.8578888571016,3,2024-05-01,2025-09-01,3,2,1,0.6666666666666666,0.3333333333333333,488,1.0,1.0,1,1,<35,Q2,9,1,2
C0969,Amber Ward,Individual,F,Russia,Tatarstan,1976-03-27,49,Investment,1,Yes,Agency,1,1,0,3,1118760.19,372920.0633333333,635034.32,224494.14,227661.1247022456,1186.4366666666667,3559.31,304.3414643174505,3,2024-07-01,2025-12-01,3,2,1,0.6666666666666666,0.3333333333333333,518,1.0,1.0,0,1,45-54,Q2,7,46,0
C0970,Peter Johnson,Individual,M,Denmark,North Denmark,1986-12-01,39,Home,3,Yes,Website,1,0,0,4,1596404.25,399101.0625,594737.23,138008.71,203236.29259760134,1313.38,5253.52,301.00245069306345,4,2024-02-01,2025-12-01,3,3,1,0.75,0.25,669,1.0,1.3333333333333333,0,1,35-44,Q4 highest,3,29,2
C0971,Cynthia Mitchell,Individual,F,USA,Colorado,1969-06-02,56,Investment,5,Yes,Website,1,1,0,4,1278450.05,319612.5125,539007.54,198304.68,152102.88321637243,1011.23,4044.92,313.85065589563084,4,2024-02-01,2025-12-01,4,4,0,1.0,0.0,669,1.0,1.0,1,1,55-64,Q3,9,11,2
C0972,Sandra Evans,Individual,F,USA,Arizona,1964-09-16,61,Home,5,No,Agency,0,0,0,4,1298009.03,324502.2575,578906.36,184466.93,174954.32470692828,1072.985,4291.94,299.19843063898196,4,2024-04-01,2024-05-01,2,4,0,1.0,0.0,30,1.0,2.0,1,1,55-64,Q3,9,1,0
C0973,Charles Stone,Individual,M,USA,California,1992-12-03,33,Investment,2,No,Client,0,1,0,4,1595817.1600000001,398954.29000000004,617314.75,268795.74,152405.20650472824,1210.7375000000002,4842.950000000001,333.0310914890481,4,2024-06-01,2025-06-01,4,3,1,0.75,0.25,365,1.0,1.0,1,1,<35,Q4 highest,9,8,1
C0974,Michael Hansen,Individual,M,USA,New York,1961-05-22,64,Home,1,No,Agency,0,0,0,4,1210990.11,302747.5275,589033.68,189589.64,191677.36179675392,1008.395,4033.58,294.33650684938635,4,2024-01-01,2025-03-01,4,4,0,1.0,0.0,425,1.0,1.0,1,1,55-64,Q2,9,27,0
C0975,Gregory Reyes,Individual,M,USA,Utah,1946-07-09,79,Home,4,No,Website,0,0,0,3,941310.61,313770.2033333333,387772.79,210136.82,92450.6492285816,1050.08,3150.24,302.3541105653684,3,2024-04-01,2025-12-01,3,3,0,1.0,0.0,609,1.0,1.0,1,1,65+,Q1 lowest,9,48,2
C0976,Ryan Miller,Individual,M,USA,California,1983-07-18,42,Home,4,Yes,Website,1,0,0,4,1206149.98,301537.495,437270.83,195055.13,106397.73405373962,947.7475000000001,3790.9900000000002,315.51504086805863,4,2024-08-01,2025-08-01,4,3,1,0.75,0.25,365,1.0,1.0,1,1,35-44,Q2,9,8,2
C0977,Ryan James,Individual,M,USA,California,1996-04-07,29,Home,1,No,Agency,0,0,0,3,944672.95,314890.98333333334,465826.16,146420.07,160423.4681323279,1092.5066666666667,3277.52,284.63107516012536,3,2024-02-01,2025-12-01,3,3,0,1.0,0.0,669,1.0,1.0,1,1,<35,Q1 lowest,9,8,0
C0978,Lauren Brown,Individual,F,USA,California,1963-11-11,62,Home,4,Yes,Website,1,0,0,3,1449360.9100000001,483120.3033333334,511639.2,465908.64,24873.90547781415,1526.9566666666667,4580.87,316.650344003343,3,2024-05-01,2025-04-01,3,3,0,1.0,0.0,335,1.0,1.0,1,1,55-64,Q4 highest,9,8,2
C0979,Madison Roberts,Individual,F,Canada,Quebec,1940-02-25,85,Investment,4,No,Website,0,1,0,3,864661.4500000001,288220.48333333334,387129.95,236366.58,85691.70300502982,939.3299999999999,2817.99,307.1839583202157,3,2024-01-01,2024-02-01,2,3,0,1.0,0.0,31,1.0,1.5,0,1,65+,Q1 lowest,2,40,2
C0980,Daniel Davis,Individual,M,USA,New York,1942-01-13,83,Investment,1,Yes,Website,1,1,0,3,1156326.6400000001,385442.2133333334,459833.04,268744.96,102328.0942972072,1392.5566666666666,4177.67,288.11923914459976,3,2024-03-01,2025-08-01,3,2,1,0.6666666666666666,0.3333333333333333,518,1.0,1.0,1,1,65+,Q2,9,27,2
C0981,Jessica Stewart,Individual,F,USA,California,1961-11-14,64,Investment,1,No,Website,0,1,0,4,2048324.19,512081.0475,529558.26,477744.58,23913.3756204115,1555.2975000000001,6221.1900000000005,331.2073515732492,4,2024-02-01,2025-06-01,4,3,1,0.75,0.25,486,1.0,1.0,1,1,55-64,Q4 highest,9,8,2
C0982,Joyce Jackson,Individual,F,Canada,Manitoba,1961-07-08,64,Investment,5,Yes,Agency,1,1,0,3,1443503.73,481167.91,567471.58,343645.42,120382.98516289877,1456.36,4369.08,342.41607823212286,3,2024-10-01,2025-07-01,3,3,0,1.0,0.0,273,1.0,1.0,0,1,55-64,Q4 highest,2,22,0
C0983,Brittany Freeman,Individual,F,Germany,North Rhine-Westphalia,1994-06-21,31,Home,4,No,Website,0,0,0,3,803219.7,267739.89999999997,354787.43,156638.87,101240.5111810776,899.62,2698.86,297.90910935589744,3,2024-09-01,2025-06-01,3,3,0,1.0,0.0,273,1.0,1.0,0,1,<35,Q1 lowest,5,30,2
C0984,Mark Johnson,Individual,M,Canada,British Columbia,1962-12-03,63,Home,5,Yes,Agency,1,0,0,3,1206529.21,402176.4033333333,508281.75,251971.56,133724.72688006895,1337.1733333333334,4011.52,306.06036448231094,3,2024-02-01,2025-05-01,3,2,1,0.6666666666666666,0.3333333333333333,455,1.0,1.0,0,1,55-64,Q2,2,5,0
C0985,Ruth Griffin,Individual,F,USA,California,1954-10-15,71,Home,1,Yes,Website,1,0,0,3,886990.72,295663.5733333333,460231.54,170733.9,148763.62665375206,934.4333333333334,2803.3,318.71525327720883,3,2024-01-01,2025-08-01,3,2,1,0.6666666666666666,0.3333333333333333,578,1.0,1.0,1,1,65+,Q1 lowest,9,8,2
C0986,Jacqueline Ward,Individual,F,Russia,Saint Petersburg,1981-10-18,44,Home,2,No,Website,0,0,0,3,1445226.07,481742.0233333334,667262.77,378780.47,160989.20664507462,1510.3766666666668,4531.13,314.022197887687,3,2024-06-01,2024-12-01,3,2,1,0.6666666666666666,0.3333333333333333,183,1.0,1.0,0,1,35-44,Q4 highest,7,42,2
C0987,Maria Johnson,Individual,F,Germany,North Rhine-Westphalia,1967-10-22,58,Home,1,Yes,Agency,1,0,0,4,1086018.36,271504.59,443461.13,170872.82,118991.89226738854,984.12,3936.48,282.1152952097202,4,2024-07-01,2025-10-01,3,3,1,0.75,0.25,457,1.0,1.3333333333333333,0,1,55-64,Q2,5,30,0
C0988,Douglas Cooper,Individual,M,USA,Texas,1988-04-21,37,Home,3,Yes,Agency,1,0,0,3,695033.8,231677.93333333335,306320.78,155082.84,75637.86799048832,724.0866666666667,2172.26,323.15023711577953,3,2024-02-01,2024-12-01,3,3,0,1.0,0.0,304,1.0,1.0,1,1,35-44,Q1 lowest,9,47,0
C0989,Amber Cook,Individual,F,USA,Oregon,1946-10-19,79,Home,4,No,Website,0,0,0,4,1129907.31,282476.8275,498692.85,146361.74,162667.56144787572,1035.1925,4140.77,275.65055280155553,4,2024-03-01,2024-12-01,3,3,1,0.75,0.25,275,1.0,1.3333333333333333,1,1,65+,Q2,9,37,2
C0990,Carl Carter,Individual,M,USA,Utah,1942-01-21,83,Home,4,No,Website,0,0,0,4,1588383.3599999999,397095.83999999997,495705.73,299663.63,110992.53490428325,1321.76,5287.04,298.8450324700167,4,2024-02-01,2025-05-01,4,4,0,1.0,0.0,455,1.0,1.0,1,1,65+,Q4 highest,9,48,2
C0991,Heather Adams,Individual,F,USA,Nevada,1975-03-27,50,Home,1,No,Website,0,0,0,3,1223116.15,407705.3833333333,500394.39,306423.34,97270.61359368321,1464.8466666666666,4394.54,281.16282453781065,3,2024-12-01,2025-07-01,3,3,0,1.0,0.0,212,1.0,1.0,1,1,45-54,Q3,9,25,2
C0992,Scott Hughes,Individual,M,Denmark,Capital Region,1988-11-19,37,Home,1,Yes,Website,1,0,0,4,1478482.61,369620.6525,484664.3,251749.52,95165.3175707226,1205.465,4821.86,308.4945964231183,4,2024-05-01,2025-05-01,4,4,0,1.0,0.0,365,1.0,1.0,0,1,35-44,Q4 highest,3,9,2
C0993,Ryan Campbell,Individual,M,USA,California,1954-03-11,71,Home,2,Yes,Website,1,0,0,3,530494.44,176831.47999999998,217783.6,108921.54,59226.51493398207,610.62,1831.8600000000001,287.45408616535224,3,2024-01-01,2024-07-01,3,3,0,1.0,0.0,182,1.0,1.0,1,1,65+,Q1 lowest,9,8,2
C0994,Michael Moore,Individual,M,USA,California,1976-11-26,49,Home,3,No,Website,0,0,0,4,1379902.8699999999,344975.71749999997,578315.7,187806.73,168372.63564281602,1187.8925000000002,4751.570000000001,293.55926482131196,4,2025-03-01,2025-11-01,4,4,0,1.0,0.0,245,1.0,1.0,1,1,45-54,Q3,9,8,2
C0995,Amanda Kim,Individual,F,Australia,New South Wales,1949-10-14,76,Home,1,Yes,Website,1,0,0,3,1004120.77,334706.92333333334,570222.0,171741.96,208912.00247498957,1037.11,3111.33,320.3535747659157,3,2024-11-01,2025-12-01,3,2,1,0.6666666666666666,0.3333333333333333,395,1.0,1.0,0,1,65+,Q1 lowest,0,26,2
C0996,Terry Howard,Individual,M,Canada,Manitoba,1956-06-11,69,Home,2,Yes,Client,1,0,0,3,888968.0,296322.6666666667,463182.68,158061.44,154557.95263877086,941.2099999999999,2823.6299999999997,314.8072855839984,3,2024-05-01,2025-03-01,3,2,1,0.6666666666666666,0.3333333333333333,304,1.0,1.0,0,1,65+,Q1 lowest,2,22,1
C0997,Terry Collins,Individual,M,USA,California,1950-03-11,75,Investment,3,Yes,Agency,1,1,0,3,1607877.07,535959.0233333333,578538.26,489316.52,44749.43937258022,1654.4733333333334,4963.42,327.1364224522813,3,2024-02-01,2025-07-01,3,2,1,0.6666666666666666,0.3333333333333333,516,1.0,1.0,1,1,65+,Q4 highest,9,8,0
C0998,Grandis Co,Company,F,USA,Virginia,1969-05-06,56,Home,4,No,Agency,0,0,1,4,1230552.15,307638.0375,503618.69,175483.91,146684.862972702,1053.27,4213.08,290.3612311492981,4,2024-01-01,2025-08-01,4,3,1,0.75,0.25,578,1.0,1.0,1,1,55-64,Q3,9,50,0
C0999,Jacqueline Cox,Individual,F,USA,California,1969-09-15,56,Investment,3,No,Agency,0,1,0,3,661984.35,220661.44999999998,322054.98,168855.2,87816.38173689974,753.3133333333334,2259.94,294.4571639699334,3,2024-01-01,2025-09-01,3,3,0,1.0,0.0,609,1.0,1.0,1,1,55-64,Q1 lowest,9,8,0
C1000,Judith Parker,Individual,F,USA,Utah,1963-07-21,62,Home,2,Yes,Website,1,0,0,4,1629372.23,407343.0575,574257.04,101076.8,210770.21235457703,1316.6550000000002,5266.620000000001,295.5081146814199,4,2024-10-01,2025-06-01,4,4,0,1.0,0.0,243,1.0,1.0,1,1,55-64,Q4 highest,9,48,2
C1001,Aaron Nelson,Individual,M,USA,California,1981-07-13,44,Home,3,No,Website,0,0,0,4,1650296.94,412574.235,574884.08,312165.81,113142.40327887815,1326.3725,5305.49,310.16333452944724,4,2024-01-01,2025-07-01,4,4,0,1.0,0.0,547,1.0,1.0,1,1,35-44,Q4 highest,9,8,2
C1002,Scott Hughes,Individual,M,USA,California,1967-06-08,58,Home,5,No,Website,0,0,0,3,1064050.72,354683.5733333333,570302.17,182607.12,197481.14247484758,1052.0866666666668,3156.26,324.7466875375312,3,2024-04-01,2024-12-01,3,2,1,0.6666666666666666,0.3333333333333333,244,1.0,1.0,1,1,55-64,Q2,9,8,2
C1003,Lauren Bennett,Individual,F,USA,Nevada,1977-08-11,48,Home,2,No,Website,0,0,0,3,1164909.23,388303.07666666666,522271.82,291840.57,119706.63551287638,1303.7766666666666,3911.33,293.62565256578495,3,2024-07-01,2025-08-01,3,2,1,0.6666666666666666,0.3333333333333333,396,1.0,1.0,1,1,45-54,Q2,9,25,2
C1004,Alexander Anderson,Individual,M,USA,Oregon,1982-09-17,43,Home,3,Yes,Website,1,0,0,4,1553467.6600000001,388366.91500000004,554713.49,257018.21,125442.89469044747,1254.045,5016.18,307.39957363177257,4,2024-08-01,2025-10-01,4,4,0,1.0,0.0,426,1.0,1.0,1,1,35-44,Q4 highest,9,37,2
C1005,Barbara Chavez,Individual,F,Germany,Hamburg,1988-06-07,37,Home,3,No,Client,0,0,0,3,778101.6000000001,259367.20000000004,325562.57,181678.15,72627.54360186569,993.0033333333334,2979.01,271.00098242980476,3,2024-02-01,2025-08-01,3,2,1,0.6666666666666666,0.3333333333333333,547,1.0,1.0,0,1,35-44,Q1 lowest,5,16,1
C1006,Stephanie Weaver,Individual,F,USA,Georgia,1992-12-24,33,Home,1,No,Website,0,0,0,3,738938.8,246312.93333333335,317877.17,134382.93,98181.36466374478,828.39,2485.17,294.7771085435938,3,2024-09-01,2025-06-01,3,3,0,1.0,0.0,273,1.0,1.0,1,1,<35,Q1 lowest,9,15,2
C1007,Joyce Brooks,Individual,F,UK,England,1948-10-25,77,Home,4,No,Agency,0,0,0,3,813104.68,271034.89333333337,334696.9,190181.08,73775.83764293118,847.0366666666667,2541.11,317.6790312619853,3,2024-05-01,2025-03-01,3,2,1,0.6666666666666666,0.3333333333333333,304,1.0,1.0,0,1,65+,Q1 lowest,8,12,0
C1008,Sterling Co,Company,M,USA,California,1987-10-02,38,Home,2,No,Website,0,0,1,4,1018262.69,254565.6725,361077.2,200107.88,72441.56082740688,849.79,3399.16,303.07177350254955,4,2024-12-01,2025-08-01,4,4,0,1.0,0.0,243,1.0,1.0,1,1,35-44,Q1 lowest,9,8,2
C1009,Evelyn Bell,Individual,F,USA,Nevada,1950-02-11,75,Investment,4,Yes,Agency,1,1,0,3,741160.04,247053.34666666668,306507.89,199337.08,54541.14028273918,971.1899999999999,2913.5699999999997,257.5333442470797,3,2024-02-01,2024-10-01,3,3,0,1.0,0.0,243,1.0,1.0,1,1,65+,Q1 lowest,9,25,0
C1010,Dennis Moore,Individual,M,Mexico,Jalisco,1964-03-10,61,Home,4,No,Website,0,0,0,4,1331479.73,332869.9325,510151.14,174222.31,139222.51959864525,1077.195,4308.78,301.60505964963625,4,2024-04-01,2025-11-01,4,3,1,0.75,0.25,579,1.0,1.0,0,1,55-64,Q3,6,19,2
C1011,Virginia Brooks,Individual,F,USA,California,1952-12-18,73,Investment,1,No,Website,0,1,0,4,1281389.3900000001,320347.34750000003,476326.35,240031.71,106105.04766484088,1075.505,4302.02,305.9364376382235,4,2024-02-01,2025-02-01,4,4,0,1.0,0.0,366,1.0,1.0,1,1,65+,Q3,9,8,2
C1012,Raymond Morales,Individual,M,USA,New York,1960-10-20,65,Home,4,Yes,Website,1,0,0,3,1690270.5,563423.5,599421.75,532909.35,33593.62071952797,1736.0333333333335,5208.1,325.46681833593675,3,2024-01-01,2024-07-01,3,2,1,0.6666666666666666,0.3333333333333333,182,1.0,1.0,1,1,65+,Q4 highest,9,27,2
C1013,Stephanie Patterson,Individual,F,USA,Oregon,1994-06-19,31,Home,1,Yes,Website,1,0,0,4,1627907.97,406976.9925,488639.08,325789.31,86356.02674690721,1298.145,5192.58,312.654772421993,4,2024-03-01,2025-12-01,4,3,1,0.75,0.25,640,1.0,1.0,1,1,<35,Q4 highest,9,37,2
C1014,David Weaver,Individual,M,USA,California,1969-01-06,56,Home,3,Yes,Website,1,0,0,3,1278106.36,426035.45333333337,495367.08,296060.71,112645.23061332617,1523.6933333333334,4571.08,292.9843221669268,3,2024-02-01,2025-02-01,3,3,0,1.0,0.0,366,1.0,1.0,1,1,55-64,Q3,9,8,2
C1015,Kyle Davis,Individual,M,USA,California,1977-09-01,48,Home,4,Yes,Website,1,0,0,3,884426.51,294808.83666666667,471331.07,204741.22,152883.41174892336,973.09,2919.27,300.2249321831583,3,2024-02-01,2024-11-01,3,3,0,1.0,0.0,274,1.0,1.0,1,1,45-54,Q1 lowest,9,8,2
C1016,Andrea Wilson,Individual,F,USA,California,1976-04-05,49,Home,4,Yes,Agency,1,0,0,4,1542774.6099999999,385693.65249999997,536215.12,150051.67,170750.6871044314,1214.5625,4858.25,312.8043986665632,4,2024-03-01,2024-11-01,4,3,1,0.75,0.25,245,1.0,1.0,1,1,45-54,Q4 highest,9,8,0
C1017,Megan Baker,Individual,F,USA,California,1968-12-22,57,Home,1,Yes,Agency,1,0,0,4,1116371.43,279092.8575,457871.48,158297.69,126821.51033639137,928.745,3714.98,305.23937087997666,4,2024-04-01,2024-12-01,4,3,1,0.75,0.25,244,1.0,1.0,1,1,55-64,Q2,9,8,0
C1018,Tiffany Turner,Individual,F,USA,Colorado,1967-06-19,58,Home,5,Yes,Client,1,0,0,3,845680.5700000001,281893.5233333334,347722.15,218646.74,64576.42606180243,1033.4833333333333,3100.45,273.2305004945338,3,2024-02-01,2025-04-01,3,3,0,1.0,0.0,425,1.0,1.0,1,1,55-64,Q1 lowest,9,11,1
C1019,Carolyn Stewart,Individual,F,USA,Nevada,1975-10-27,50,Home,2,No,Client,0,0,0,3,1167255.18,389085.06,486688.21,285682.29,100628.38398220406,1325.0800000000002,3975.2400000000002,298.1001304860728,3,2024-04-01,2024-10-01,3,3,0,1.0,0.0,183,1.0,1.0,1,1,45-54,Q2,9,25,1
C1020,Deborah Morales,Individual,F,USA,California,1994-07-23,31,Home,3,No,Agency,0,0,0,4,1248826.8599999999,312206.71499999997,515392.69,188463.78,146593.24760073013,994.0725,3976.29,306.5220996767232,4,2024-02-01,2025-01-01,4,3,1,0.75,0.25,335,1.0,1.0,1,1,<35,Q3,9,8,0
C1021,Jeffrey Bryant,Individual,M,USA,California,1974-09-04,51,Investment,1,No,Client,0,1,0,4,1554739.9,388684.975,505490.44,204454.91,129584.02591040364,1340.7775000000001,5363.110000000001,295.54079628802083,4,2024-05-01,2024-12-01,4,3,1,0.75,0.25,214,1.0,1.0,1,1,45-54,Q4 highest,9,8,1
C1022,Christina King,Individual,F,USA,Colorado,1984-04-17,41,Home,1,No,Agency,0,0,0,4,1389709.13,347427.2825,623455.64,224133.54,186575.4087429381,1122.0925,4488.37,306.8867427595196,4,2024-05-01,2025-12-01,4,3,1,0.75,0.25,579,1.0,1.0,1,1,35-44,Q3,9,11,0
C1023,Heather Bell,Individual,F,USA,Nevada,1953-07-28,72,Home,1,Yes,Website,1,0,0,3,1336237.87,445412.62333333335,549773.4,304607.07,126581.19390782203,1599.3433333333332,4798.03,275.5785645289239,3,2024-05-01,2025-07-01,3,3,0,1.0,0.0,426,1.0,1.0,1,1,65+,Q3,9,25,2
C1024,Gregory Long,Individual,M,USA,Arizona,1969-08-03,56,Investment,2,No,Agency,0,1,0,3,1351032.92,450344.30666666664,598612.25,370132.95,128547.54713202671,1510.3766666666668,4531.13,295.4987557332975,3,2024-05-01,2025-11-01,3,3,0,1.0,0.0,549,1.0,1.0,1,1,55-64,Q3,9,1,0
C1025,Michelle King,Individual,F,USA,California,1947-01-20,78,Home,1,No,Client,0,0,0,3,738424.1799999999,246141.3933333333,276688.99,208249.96,34805.51909647712,735.3566666666667,2206.07,335.6071778462603,3,2024-08-01,2024-12-01,3,2,1,0.6666666666666666,0.3333333333333333,122,1.0,1.0,1,1,65+,Q1 lowest,9,8,1
C1026,Robert Parker,Individual,M,USA,California,1991-08-12,34,Investment,1,No,Agency,0,1,0,3,1440775.1,480258.3666666667,582011.89,281759.38,171923.40139437397,1452.2633333333333,4356.79,334.1423474482069,3,2024-12-01,2025-07-01,2,3,0,1.0,0.0,212,1.0,1.5,1,1,<35,Q3,9,8,0
C1027,Gerald White,Individual,M,USA,California,1976-12-10,49,Investment,1,Yes,Client,1,1,0,3,1554407.81,518135.9366666667,532123.09,503303.34,14428.46417114563,1649.26,4947.78,318.96681579874877,3,2024-03-01,2025-11-01,3,2,1,0.6666666666666666,0.3333333333333333,610,1.0,1.0,1,1,45-54,Q4 highest,9,8,1
C1028,Nicholas Cox,Individual,M,USA,California,1942-04-07,83,Home,1,Yes,Website,1,0,0,4,1143826.71,285956.6775,479050.0,158596.58,138870.41704102771,984.12,3936.48,290.9076854075112,4,2024-02-01,2025-09-01,4,4,0,1.0,0.0,578,1.0,1.0,1,1,65+,Q2,9,8,2
C1029,Ryan Jackson,Individual,M,Australia,Victoria,1949-11-06,76,Home,1,No,Agency,0,0,0,3,946560.97,315520.3233333333,409647.06,263713.04,81654.0669297264,1049.3799999999999,3148.14,299.1766034932709,3,2024-01-01,2025-05-01,3,3,0,1.0,0.0,486,1.0,1.0,0,1,65+,Q1 lowest,0,49,0
C1030,Christine Owens,Individual,F,USA,Ohio,1960-04-20,65,Home,4,No,Website,0,0,0,4,1353543.06,338385.765,406491.67,182618.24,104979.90248583791,1070.475,4281.9,313.4285139672919,4,2024-05-01,2024-12-01,4,4,0,1.0,0.0,214,1.0,1.0,1,1,65+,Q3,9,35,2
C1031,Alexander Reed,Individual,M,UK,England,1989-01-13,36,Home,1,No,Website,0,0,0,3,1011333.2,337111.06666666665,394120.88,241648.03,83192.42925484886,1088.5866666666668,3265.76,312.3940949609546,3,2024-05-01,2024-08-01,3,2,1,0.6666666666666666,0.3333333333333333,92,1.0,1.0,0,1,35-44,Q1 lowest,8,12,2
C1032,Larry Freeman,Individual,M,USA,Nevada,1977-01-03,48,Home,5,No,Website,0,0,0,4,1494289.73,373572.4325,566395.41,238726.2,142647.80798192436,1086.2275,4344.91,342.2080408780598,4,2024-03-01,2025-07-01,4,4,0,1.0,0.0,487,1.0,1.0,1,1,45-54,Q4 highest,9,25,2
C1033,Eric Jackson,Individual,M,France,Ile-de-France,1962-06-21,63,Home,2,No,Website,0,0,0,4,1496120.51,374030.1275,507541.5,139857.47,164778.0891235036,1313.38,5253.52,290.56103891604687,4,2024-08-01,2025-12-01,4,3,1,0.75,0.25,487,1.0,1.0,0,1,55-64,Q4 highest,4,18,2
C1034,Andrea Wilson,Individual,F,USA,Colorado,1979-01-20,46,Home,5,No,Client,0,0,0,4,1200049.6,300012.4,429156.03,220615.2,90141.83360235023,970.375,3881.5,310.75049022317035,4,2024-06-01,2025-09-01,3,3,1,0.75,0.25,457,1.0,1.3333333333333333,1,1,45-54,Q2,9,11,1
C1035,Jacob Williams,Individual,M,USA,Virginia,1961-02-10,64,Home,2,No,Website,0,0,0,4,1528550.1300000001,382137.53250000003,550601.55,190875.59,190140.71851252034,1227.17,4908.68,311.63793649156986,4,2024-02-01,2025-06-01,4,2,2,0.5,0.5,486,1.0,1.0,1,1,55-64,Q4 highest,9,50,2
C1036,Martha Collins,Individual,F,USA,Oregon,1988-03-13,37,Home,2,No,Agency,0,0,0,3,1176436.08,392145.36000000004,443662.17,358023.39,45392.0202672375,1350.4933333333333,4051.48,289.98572327398165,3,2024-06-01,2025-01-01,3,3,0,1.0,0.0,214,1.0,1.0,1,1,35-44,Q2,9,37,0
C1037,Corvus Co,Company,M,Mexico,Baja California,1970-01-02,55,Home,2,Yes,Website,1,0,1,3,1115637.13,371879.0433333333,499833.64,230776.08,135009.82300480673,1190.3133333333333,3570.94,307.6473681977245,3,2024-08-01,2024-11-01,3,2,1,0.6666666666666666,0.3333333333333333,92,1.0,1.0,0,1,55-64,Q2,6,2,2
C1038,Gerald Gray,Individual,M,USA,California,1959-05-25,66,Investment,3,No,Website,0,1,0,3,907128.2000000001,302376.0666666667,419687.28,228891.79,102670.97951355601,939.3299999999999,2817.99,320.6355734378572,3,2024-02-01,2024-09-01,3,3,0,1.0,0.0,213,1.0,1.0,1,1,65+,Q1 lowest,9,8,2
C1039,Nicholas Carter,Individual,M,USA,California,1962-07-17,63,Home,1,Yes,Agency,1,0,0,4,1428452.94,357113.235,585383.34,200514.16,164887.95822478354,1210.7375000000002,4842.950000000001,290.18791818982925,4,2024-01-01,2025-11-01,4,4,0,1.0,0.0,670,1.0,1.0,1,1,55-64,Q3,9,8,0
C1040,Joseph Young,Individual,M,USA,California,1940-04-05,85,Investment,5,Yes,Website,1,1,0,3,901095.79,300365.26333333337,332452.89,257546.1,38589.26283886532,992.2199999999999,2976.66,302.49273184974817,3,2024-09-01,2025-10-01,3,3,0,1.0,0.0,395,1.0,1.0,1,1,65+,Q1 lowest,9,8,2
C1041,Evelyn Morris,Individual,F,USA,Nevada,1990-12-07,35,Home,5,Yes,Website,1,0,0,3,1150040.79,383346.93,402848.9,372873.56,16904.643311791577,1303.7766666666666,3911.33,296.6726115199364,3,2025-01-01,2025-12-01,3,3,0,1.0,0.0,334,1.0,1.0,1,1,35-44,Q2,9,25,2
C1042,Rebecca Parker,Individual,F,USA,Nevada,1945-08-03,80,Home,2,No,Agency,0,0,0,4,1325783.46,331445.865,530985.4,212072.03,138653.25897915862,1122.0925,4488.37,300.32888890851893,4,2024-04-01,2025-02-01,4,4,0,1.0,0.0,306,1.0,1.0,1,1,65+,Q3,9,25,0
C1043,Carol Griffin,Individual,F,USA,Washington,1999-07-14,26,Home,5,No,Website,0,0,0,3,1067911.8599999999,355970.61999999994,426620.64,243788.12,98237.68504805272,1357.1933333333334,4071.58,262.4906999884452,3,2024-10-01,2025-08-01,3,3,0,1.0,0.0,304,1.0,1.0,1,1,<35,Q2,9,53,2
C1044,Eric Howard,Individual,M,USA,Nevada,1971-05-15,54,Investment,5,No,Website,0,1,0,4,1368036.3900000001,342009.09750000003,443365.72,145055.82,133997.8860486802,1145.535,4582.14,297.38934570167584,4,2024-02-01,2025-11-01,4,4,0,1.0,0.0,639,1.0,1.0,1,1,45-54,Q3,9,25,2
C1045,Rebecca Allen,Individual,F,USA,New York,1942-04-01,83,Home,3,No,Website,0,0,0,3,974840.03,324946.6766666667,425602.22,255006.99,89349.20823803438,1060.1133333333335,3180.34,304.33718511175783,3,2024-03-01,2024-06-01,2,1,2,0.3333333333333333,0.6666666666666666,92,1.0,1.5,1,1,65+,Q1 lowest,9,27,2
C1046,Maria Wood,Individual,F,Canada,Quebec,1969-05-21,56,Home,4,Yes,Website,1,0,0,4,1301128.39,325282.0975,517811.18,196835.54,144233.11442610406,1049.6999999999998,4198.799999999999,306.37197607525377,4,2024-01-01,2025-11-01,4,4,0,1.0,0.0,670,1.0,1.0,0,1,55-64,Q3,2,40,2
C1047,Ronald Reyes,Individual,M,USA,Virginia,1984-12-12,41,Home,3,No,Website,0,0,0,3,1333737.83,444579.2766666667,547111.08,318695.18,115984.71039816854,1454.5733333333335,4363.72,305.3774365823991,3,2024-05-01,2024-11-01,3,3,0,1.0,0.0,184,1.0,1.0,1,1,35-44,Q3,9,50,2
C1048,Angela Turner,Individual,F,USA,Oregon,1970-01-27,55,Investment,1,No,Agency,0,1,0,3,1349339.41,449779.8033333333,583294.59,228875.86,192693.5587166489,1439.256666666667,4317.77,317.946504185774,3,2024-06-01,2025-01-01,3,2,1,0.6666666666666666,0.3333333333333333,214,1.0,1.0,1,1,55-64,Q3,9,37,0
C1049,Tiffany Sanders,Individual,F,USA,California,1940-11-05,85,Investment,5,No,Website,0,1,0,3,1214294.1600000001,404764.72000000003,500013.28,226861.2,154197.58918845913,1451.5366666666669,4354.610000000001,278.866775395034,3,2024-09-01,2025-11-01,3,3,0,1.0,0.0,426,1.0,1.0,1,1,65+,Q2,9,8,2
C1050,Tyler Watson,Individual,M,USA,Georgia,1955-10-03,70,Home,4,Yes,Website,1,0,0,4,1274655.09,318663.7725,446439.12,175163.42,111825.4588374357,1192.72,4770.88,268.38827216190396,4,2024-09-01,2025-08-01,4,4,0,1.0,0.0,334,1.0,1.0,1,1,65+,Q3,9,15,2
C1051,Cheryl Hansen,Individual,F,USA,Virginia,1958-07-19,67,Home,1,Yes,Agency,1,0,0,3,894972.26,298324.08666666667,543773.78,142238.05,215167.68569254686,1016.7433333333333,3050.23,285.4355278770435,3,2024-03-01,2024-10-01,3,2,1,0.6666666666666666,0.3333333333333333,214,1.0,1.0,1,1,65+,Q1 lowest,9,50,0
C1052,Kimberly Parker,Individual,F,USA,Utah,1953-04-24,72,Home,1,Yes,Agency,1,0,0,4,1008000.54,252000.135,296702.8,197392.19,44959.723110041865,836.9425,3347.77,306.12137055351894,4,2024-05-01,2025-03-01,4,4,0,1.0,0.0,304,1.0,1.0,1,1,65+,Q1 lowest,9,48,0
C1053,Adam Kim,Individual,M,Mexico,Nuevo Leon,1974-11-10,51,Home,2,Yes,Website,1,0,0,3,1280976.9,426992.3,630342.5,234238.08,198264.68162535757,1336.61,4009.83,313.1594809077357,3,2024-02-01,2025-06-01,3,3,0,1.0,0.0,486,1.0,1.0,0,1,45-54,Q3,6,33,2
C1054,Edward Foster,Individual,M,USA,Arizona,1989-09-04,36,Home,2,Yes,Website,1,0,0,3,837920.5800000001,279306.86000000004,317911.69,205003.87,64364.68693955795,879.3433333333332,2638.0299999999997,318.5971653034283,3,2024-07-01,2025-11-01,3,2,1,0.6666666666666666,0.3333333333333333,488,1.0,1.0,1,1,35-44,Q1 lowest,9,1,2
C1055,Jonathan Bennett,Individual,M,USA,New York,1972-11-20,53,Investment,2,Yes,Website,1,1,0,3,811498.78,270499.5933333333,373299.4,208063.37,89708.69828043674,926.3966666666666,2779.19,287.2751317727363,3,2025-01-01,2025-08-01,3,2,1,0.6666666666666666,0.3333333333333333,212,1.0,1.0,1,1,45-54,Q1 lowest,9,27,2
C1056,Larry Wilson,Individual,M,USA,Colorado,1979-01-19,46,Home,1,Yes,Website,1,0,0,3,1436352.77,478784.25666666665,499350.78,460780.85,19412.291218102877,1754.9366666666667,5264.81,273.1451540331124,3,2024-04-01,2025-02-01,3,2,1,0.6666666666666666,0.3333333333333333,306,1.0,1.0,1,1,45-54,Q3,9,11,2
C1057,Jesse Garcia,Individual,M,USA,Nevada,1994-04-17,31,Investment,5,No,Website,0,1,0,4,1430593.53,357648.3825,521044.57,234998.1,123498.06373917457,1301.4,5205.6,284.0846420812627,4,2024-03-01,2025-02-01,3,4,0,1.0,0.0,337,1.0,1.3333333333333333,1,1,<35,Q3,9,25,2
C1058,Rachel Weaver,Individual,F,Germany,Bavaria,1973-06-12,52,Home,3,Yes,Website,1,0,0,4,1526007.8199999998,381501.95499999996,532913.83,180205.66,175257.09776659744,1190.4075,4761.63,320.5533224872499,4,2024-06-01,2025-12-01,4,3,1,0.75,0.25,548,1.0,1.0,0,1,45-54,Q4 highest,5,3,2
C1059,Danielle Davis,Individual,F,USA,California,1978-06-26,47,Home,4,No,Website,0,0,0,3,1266979.76,422326.58666666667,580992.98,228542.89,178830.0456587372,1422.97,4268.91,298.61536509265187,3,2024-12-01,2025-11-01,3,1,2,0.3333333333333333,0.6666666666666666,335,1.0,1.0,1,1,45-54,Q3,9,8,2
C1060,Christian Evans,Individual,M,USA,Nevada,1940-12-25,85,Home,5,No,Agency,0,0,0,3,1167625.18,389208.3933333333,557611.23,242722.37,158584.38942103044,1321.5033333333333,3964.51,292.84046366410996,3,2024-06-01,2025-11-01,3,3,0,1.0,0.0,518,1.0,1.0,1,1,65+,Q2,9,25,0
C1061,Stephanie Smith,Individual,F,UK,Scotland,1960-06-01,65,Home,1,No,Website,0,0,0,4,1689767.29,422441.8225,575615.86,202450.21,165954.17656828315,1422.9925,5691.97,295.5438986749776,4,2024-03-01,2025-07-01,4,4,0,1.0,0.0,487,1.0,1.0,0,1,65+,Q4 highest,8,43,2
C1062,Billy Foster,Individual,M,USA,California,1975-12-20,50,Home,4,No,Agency,0,0,0,4,1766882.53,441720.6325,704808.48,168433.25,227072.3757960208,1406.6075,5626.43,310.5227475029277,4,2024-02-01,2024-08-01,4,4,0,1.0,0.0,182,1.0,1.0,1,1,45-54,Q4 highest,9,8,0
C1063,Nicole Weaver,Individual,F,USA,New York,1988-12-05,37,Investment,5,Yes,Website,1,1,0,3,1315820.94,438606.98,496232.48,379665.9,58294.42474436471,1354.2933333333333,4062.88,331.43911501254087,3,2024-03-01,2024-11-01,3,2,1,0.6666666666666666,0.3333333333333333,245,1.0,1.0,1,1,35-44,Q3,9,27,2
C1064,Brandon Pierce,Individual,M,USA,California,1945-08-06,80,Home,5,Yes,Website,1,0,0,3,695434.77,231811.59,348131.23,140270.18,106122.6862561691,883.7466666666668,2651.2400000000002,280.86082373635776,3,2024-01-01,2025-12-01,3,2,1,0.6666666666666666,0.3333333333333333,700,1.0,1.0,1,1,65+,Q1 lowest,9,8,2
C1065,Mark Reyes,Individual,M,USA,Georgia,1955-01-06,70,Home,3,Yes,Client,1,0,0,3,1107631.34,369210.4466666667,450186.35,212764.22,135514.36909591037,1263.5766666666666,3790.73,291.9173313852005,3,2024-06-01,2025-04-01,3,3,0,1.0,0.0,304,1.0,1.0,1,1,65+,Q2,9,15,1
C1066,Ashley Moore,Individual,F,Australia,Victoria,1941-09-21,84,Home,1,No,Website,0,0,0,4,1208868.77,302217.1925,538035.23,151228.65,165597.77724180324,990.9875000000001,3963.9500000000003,301.5513813972149,4,2024-04-01,2025-12-01,4,3,1,0.75,0.25,609,1.0,1.0,0,1,65+,Q2,0,49,2
C1067,Samuel Howard,Individual,M,Mexico,Jalisco,1942-12-24,83,Investment,4,No,Agency,0,1,0,3,849001.36,283000.4533333333,324856.86,258168.24,36458.33756994596,904.0466666666667,2712.1400000000003,315.0468330999723,3,2024-08-01,2025-04-01,3,2,1,0.6666666666666666,0.3333333333333333,243,1.0,1.0,0,1,65+,Q1 lowest,6,19,0
C1068,Kathleen Carter,Individual,F,USA,California,1984-02-10,41,Home,3,No,Agency,0,0,0,3,1403831.31,467943.77,524955.14,357740.08,95458.29588326883,1609.0333333333335,4827.1,289.7214368698945,3,2024-01-01,2025-11-01,3,2,1,0.6666666666666666,0.3333333333333333,670,1.0,1.0,1,1,35-44,Q3,9,8,0
C1069,Lawrence Cox,Individual,M,USA,Virginia,1992-06-13,33,Home,3,Yes,Agency,1,0,0,3,1323760.8399999999,441253.6133333333,580190.12,201059.89,208865.26942091982,1413.0600000000002,4239.18,303.44639679224434,3,2024-05-01,2025-06-01,3,3,0,1.0,0.0,396,1.0,1.0,1,1,<35,Q3,9,50,0
C1070,Virginia Rogers,Individual,F,Germany,Bavaria,1951-06-26,74,Home,5,No,Agency,0,0,0,3,1286265.1400000001,428755.0466666667,453127.52,380519.67,41773.838547919375,1471.8999999999999,4415.7,291.8865314648721,3,2024-01-01,2025-11-01,3,3,0,1.0,0.0,670,1.0,1.0,0,1,65+,Q3,5,3,0
C1071,Aaron Johnson,Individual,M,USA,Texas,1966-08-11,59,Home,2,No,Agency,0,0,0,4,1047375.62,261843.905,393101.99,148065.52,100596.00770643086,874.6275,3498.51,294.39774298838563,4,2024-02-01,2025-02-01,3,3,1,0.75,0.25,366,1.0,1.3333333333333333,1,1,55-64,Q2,9,47,0
C1072,Kimberly Jones,Individual,F,USA,Utah,1962-06-10,63,Home,3,No,Agency,0,0,0,3,829884.93,276628.31,335251.84,246505.73,50775.94039710047,979.0866666666667,2937.26,288.56963894241676,3,2024-02-01,2025-11-01,3,3,0,1.0,0.0,639,1.0,1.0,1,1,55-64,Q1 lowest,9,48,0
C1073,Carl Collins,Individual,M,USA,California,1955-07-02,70,Investment,2,No,Website,0,1,0,4,1197808.83,299452.2075,333845.6,246896.31,41967.432747170635,952.0525,3808.21,315.7428127942344,4,2024-06-01,2025-08-01,3,4,0,1.0,0.0,426,1.0,1.3333333333333333,1,1,65+,Q2,9,8,2
C1074,George Foster,Individual,M,UK,Northern Ireland,1954-07-10,71,Home,1,No,Website,0,0,0,3,1004700.45,334900.14999999997,467335.84,232180.63,120361.04547210326,1092.5400000000002,3277.6200000000003,306.02898987266514,3,2024-05-01,2025-06-01,3,2,1,0.6666666666666666,0.3333333333333333,396,1.0,1.0,0,1,65+,Q1 lowest,8,31,2
C1075,Carolyn Watson,Individual,F,Mexico,Baja California,1975-02-17,50,Home,3,No,Website,0,0,0,4,1178400.08,294600.02,445987.2,162668.39,139658.29396001107,984.9525,3939.81,291.1346820030751,4,2024-10-01,2025-08-01,3,2,2,0.5,0.5,304,1.0,1.3333333333333333,0,1,45-54,Q2,6,2,2
C1076,Betty Thompson,Individual,F,USA,Florida,1980-10-28,45,Investment,3,No,Agency,0,1,0,3,884169.44,294723.14666666667,445754.21,150110.49,147926.33048907702,976.8166666666666,2930.45,303.95564128129627,3,2024-01-01,2025-05-01,3,3,0,1.0,0.0,486,1.0,1.0,1,1,45-54,Q1 lowest,9,14,0
C1077,Peter Griffin,Individual,M,USA,Texas,1982-03-07,43,Investment,2,No,Agency,0,1,0,4,1467449.24,366862.31,537661.98,237286.38,147213.24559634502,1245.935,4983.74,300.2193199381815,4,2024-11-01,2025-07-01,3,3,1,0.75,0.25,242,1.0,1.3333333333333333,1,1,35-44,Q4 highest,9,47,0
C1078,Joshua Howard,Individual,M,USA,Ohio,1940-07-22,85,Home,1,No,Agency,0,0,0,3,1247337.58,415779.19333333336,491669.54,351114.27,70946.8362786716,1303.7766666666666,3911.33,317.94679041186913,3,2024-03-01,2025-08-01,3,3,0,1.0,0.0,518,1.0,1.0,1,1,65+,Q3,9,35,0
C1079,Steven Hayes,Individual,M,USA,California,1959-06-19,66,Investment,4,Yes,Website,1,1,0,3,1151228.31,383742.77,557229.76,231625.87,163850.49238784454,1336.61,4009.83,285.64249887077904,3,2024-08-01,2025-08-01,3,3,0,1.0,0.0,365,1.0,1.0,1,1,65+,Q2,9,8,2
C1080,Hannah Stewart,Individual,F,UK,England,1956-10-06,69,Investment,4,No,Agency,0,1,0,4,1594795.52,398698.88,482594.96,205329.68,130319.44732543746,1425.28,5701.12,282.1009486357786,4,2024-03-01,2025-04-01,4,4,0,1.0,0.0,396,1.0,1.0,0,1,65+,Q4 highest,8,12,0
C1081,Meridian Co,Company,M,Russia,Novosibirsk,1974-09-08,51,Home,4,Yes,Agency,1,0,1,3,1006584.7,335528.23333333334,455284.06,137406.32,172822.15440001473,1203.39,3610.17,279.70752797696326,3,2024-04-01,2024-12-01,3,3,0,1.0,0.0,244,1.0,1.0,0,1,45-54,Q1 lowest,7,32,0
C1082,Patricia Martin,Individual,F,USA,Oregon,1993-02-04,32,Investment,5,Yes,Website,1,1,0,3,829499.85,276499.95,388642.3,159539.68,114627.27375088749,953.1133333333333,2859.34,292.43153921750064,3,2024-03-01,2024-12-01,3,3,0,1.0,0.0,275,1.0,1.0,1,1,<35,Q1 lowest,9,37,2
C1083,Pamela Jackson,Individual,F,USA,Colorado,1950-10-06,75,Investment,4,No,Agency,0,1,0,4,1145122.1,286280.525,413563.21,125080.47,143876.80967795066,939.4875,3757.95,299.9984868272559,4,2024-02-01,2025-03-01,3,3,1,0.75,0.25,394,1.0,1.3333333333333333,1,1,65+,Q2,9,11,0
C1084,Sarah Hansen,Individual,F,France,Ile-de-France,1989-07-27,36,Home,4,No,Agency,0,0,0,4,1357921.15,339480.2875,498074.48,216079.0,139746.4822887077,1136.6925,4546.77,303.3563463175702,4,2024-06-01,2025-10-01,4,3,1,0.75,0.25,487,1.0,1.0,0,1,35-44,Q3,4,18,0
C1085,Sarah Flores,Individual,F,Australia,Queensland,1947-10-18,78,Investment,1,No,Client,0,1,0,3,797675.03,265891.6766666667,291083.4,246750.84,22777.26698109397,994.8266666666667,2984.48,273.38861448511835,3,2024-10-01,2025-08-01,3,3,0,1.0,0.0,304,1.0,1.0,0,1,65+,Q1 lowest,0,41,1
C1086,Timothy Montgomery,Individual,M,USA,Colorado,1956-03-01,69,Home,1,Yes,Website,1,0,0,4,1339827.27,334956.8175,464470.15,274806.6,87737.20960306538,1030.21,4120.84,332.96019753387134,4,2024-10-01,2025-11-01,3,3,1,0.75,0.25,396,1.0,1.3333333333333333,1,1,65+,Q3,9,11,2
C1087,Matthew Owens,Individual,M,USA,Colorado,1984-01-03,41,Home,3,No,Website,0,0,0,4,1878433.21,469608.3025,602057.55,313855.45,120767.77098382541,1575.1075,6300.43,297.17530966468473,4,2024-09-01,2025-12-01,4,4,0,1.0,0.0,456,1.0,1.0,1,1,35-44,Q4 highest,9,11,2
C1088,Nicholas Stewart,Individual,M,USA,Utah,1998-09-26,27,Home,4,Yes,Agency,1,0,0,3,802271.19,267423.73,460665.54,124270.9,173700.94384678136,883.7466666666666,2651.24,298.33613271119646,3,2024-04-01,2025-04-01,3,3,0,1.0,0.0,365,1.0,1.0,1,1,<35,Q1 lowest,9,48,0
C1089,Madison Ward,Individual,F,USA,Utah,1962-09-17,63,Home,1,Yes,Website,1,0,0,4,959344.08,239836.02,273895.07,199928.99,35849.15252099832,828.375,3313.5,293.88221582972517,4,2025-01-01,2025-12-01,4,3,1,0.75,0.25,334,1.0,1.0,1,1,55-64,Q1 lowest,9,48,2
C1090,Laura Moore,Individual,F,Canada,Alberta,1962-09-07,63,Home,3,Yes,Client,1,0,0,3,1217272.58,405757.5266666667,495437.61,250769.15,134775.90182698623,1396.0966666666666,4188.29,287.55351459580817,3,2024-03-01,2025-04-01,3,2,1,0.6666666666666666,0.3333333333333333,396,1.0,1.0,0,1,55-64,Q2,2,0,1
C1091,Arthur Phillips,Individual,M,USA,Nevada,1984-07-21,41,Home,1,Yes,Agency,1,0,0,3,741797.49,247265.83,356627.2,128340.87,114443.25583660795,853.6566666666668,2560.9700000000003,289.5807889521602,3,2024-03-01,2025-06-01,3,3,0,1.0,0.0,457,1.0,1.0,1,1,35-44,Q1 lowest,9,25,0
C1092,Terry Adams,Individual,M,USA,Oregon,1996-11-24,29,Investment,2,No,Website,0,1,0,3,1213248.05,404416.01666666666,492551.34,278521.93,111899.2414745696,1452.2633333333333,4356.79,290.88400827499936,3,2025-02-01,2025-04-01,2,3,0,1.0,0.0,59,1.0,1.5,1,1,<35,Q2,9,37,2
C1093,Adam Allen,Individual,M,USA,Oregon,1980-07-13,45,Home,1,Yes,Website,1,0,0,3,805402.8300000001,268467.61000000004,334313.56,202422.0,65946.0066864939,900.46,2701.38,297.64989318099333,3,2024-01-01,2025-06-01,3,2,1,0.6666666666666666,0.3333333333333333,517,1.0,1.0,1,1,45-54,Q1 lowest,9,37,2
C1094,Sarah Cook,Individual,F,USA,Washington,1960-02-12,65,Home,2,Yes,Website,1,0,0,4,1631407.56,407851.89,606086.6,327860.05,132722.6337059159,1273.5475000000001,5094.1900000000005,321.910050441513,4,2024-05-01,2025-06-01,4,3,1,0.75,0.25,396,1.0,1.0,1,1,65+,Q4 highest,9,53,2
C1095,Cynthia Howard,Individual,F,USA,California,1940-02-26,85,Home,3,No,Agency,0,0,0,4,1454366.24,363591.56,566261.62,199816.53,161634.66331548584,1264.0125,5056.05,287.07973244706454,4,2024-01-01,2024-11-01,3,4,0,1.0,0.0,305,1.0,1.3333333333333333,1,1,65+,Q4 highest,9,8,0
C1096,Grace Edwards,Individual,F,USA,New York,1965-05-20,60,Home,2,No,Client,0,0,0,4,1756661.91,439165.4775,561232.25,334718.74,119210.44990536425,1339.695,5358.78,324.96820599709486,4,2024-04-01,2025-09-01,4,4,0,1.0,0.0,518,1.0,1.0,1,1,55-64,Q4 highest,9,27,1
C1097,Teresa Pierce,Individual,F,Canada,Alberta,1962-07-16,63,Home,3,Yes,Agency,1,0,0,3,1064342.81,354780.9366666667,453949.46,223340.65,118643.18709427032,1162.6166666666666,3487.85,318.3470635810819,3,2024-10-01,2025-12-01,3,3,0,1.0,0.0,426,1.0,1.0,0,1,55-64,Q2,2,0,0
C1098,Paul Young,Individual,M,USA,California,1976-10-24,49,Investment,3,No,Client,0,1,0,3,1187774.23,395924.74333333335,443496.6,329829.37,59054.21488973868,1290.0866666666668,3870.26,309.5473952289038,3,2024-02-01,2025-08-01,3,2,1,0.6666666666666666,0.3333333333333333,547,1.0,1.0,1,1,45-54,Q2,9,8,1
C1099,Joan Scott,Individual,F,USA,Colorado,1972-06-26,53,Home,3,No,Agency,0,0,0,4,1426501.12,356625.28,444521.07,223416.12,97514.10543731507,1153.0825,4612.33,309.2715698339898,4,2024-03-01,2025-12-01,4,3,1,0.75,0.25,640,1.0,1.0,1,1,45-54,Q3,9,11,0
C1100,Frank Thomas,Individual,M,Russia,Novosibirsk,1940-05-14,85,Home,1,No,Website,0,0,0,4,1314225.5899999999,328556.39749999996,548635.7,149860.49,168175.86223850914,1042.1725000000001,4168.6900000000005,310.0783216572116,4,2024-01-01,2025-07-01,4,4,0,1.0,0.0,547,1.0,1.0,0,1,65+,Q3,7,32,2
C1101,Matthew King,Individual,M,Belgium,Flanders,1964-01-03,61,Home,5,No,Website,0,0,0,4,1037914.4299999999,259478.60749999998,325612.79,165907.49,78668.64321638721,868.5725,3474.29,301.7278462138911,4,2024-01-01,2025-02-01,4,4,0,1.0,0.0,397,1.0,1.0,0,1,55-64,Q2,1,13,2
C1102,Harmon Co,Company,M,Germany,Berlin,1960-05-06,65,Home,2,No,Agency,0,0,1,4,1248456.03,312114.0075,516162.59,186326.2,145714.55537838544,993.0625,3972.25,317.67184899825617,4,2024-02-01,2025-12-01,4,4,0,1.0,0.0,669,1.0,1.0,0,1,65+,Q3,5,4,0
C1103,Jose Johnson,Individual,M,Belgium,Wallonia,1961-04-27,64,Home,4,No,Agency,0,0,0,4,1206840.81,301710.2025,496697.45,145782.57,165007.32517345189,997.415,3989.66,305.2775463875523,4,2024-03-01,2025-08-01,4,3,1,0.75,0.25,518,1.0,1.0,0,1,55-64,Q2,1,52,0
C1104,Christian Weaver,Individual,M,USA,Utah,1998-10-15,27,Investment,5,Yes,Website,1,1,0,3,893996.19,297998.73,381470.55,223449.53,79387.47099642611,1025.0133333333333,3075.04,291.7482554350695,3,2024-06-01,2025-05-01,3,3,0,1.0,0.0,334,1.0,1.0,1,1,<35,Q1 lowest,9,48,2
C1105,Roger Ward,Individual,M,USA,Nevada,1940-01-14,85,Home,3,Yes,Website,1,0,0,4,1623510.31,405877.5775,550595.85,210426.14,149019.51980220494,1365.9450000000002,5463.780000000001,293.87506553912937,4,2024-05-01,2024-09-01,3,4,0,1.0,0.0,123,1.0,1.3333333333333333,1,1,65+,Q4 highest,9,25,2
C1106,Sean Martin,Individual,M,USA,California,1982-05-16,43,Home,1,No,Agency,0,0,0,3,773499.85,257833.28333333333,329442.1,149499.39,95427.42353571866,842.68,2528.04,307.9397570403658,3,2024-06-01,2025-08-01,3,3,0,1.0,0.0,426,1.0,1.0,1,1,35-44,Q1 lowest,9,8,0
C1107,Frank Hayes,Individual,M,Canada,British Columbia,1948-01-15,77,Home,1,No,Website,0,0,0,3,1156527.59,385509.1966666667,540584.92,235196.88,152749.73412763912,1268.0466666666669,3804.1400000000003,301.14564940979614,3,2024-05-01,2024-09-01,3,3,0,1.0,0.0,123,1.0,1.0,0,1,65+,Q2,2,5,2
C1108,Helen Ward,Individual,F,Australia,South Australia,1994-01-12,31,Home,4,No,Website,0,0,0,3,1069904.1,356634.7,516476.18,203666.47,156518.08151693817,1238.36,3715.08,294.7851453769064,3,2025-04-01,2025-09-01,3,3,0,1.0,0.0,153,1.0,1.0,0,1,<35,Q2,0,44,2
C1109,Rebecca Anderson,Individual,F,USA,California,1967-09-05,58,Home,1,Yes,Client,1,0,0,4,1756965.37,439241.3425,531593.91,330077.14,103112.07648876194,1458.93,5835.72,301.4131185315214,4,2024-01-01,2024-10-01,4,3,1,0.75,0.25,274,1.0,1.0,1,1,55-64,Q4 highest,9,8,1
C1110,Harold Watson,Individual,M,USA,New York,1977-05-12,48,Home,5,Yes,Website,1,0,0,4,1445458.33,361364.5825,441268.43,229427.6,98612.591464268,1152.9099999999999,4611.639999999999,318.9166393822343,4,2024-04-01,2025-11-01,3,2,2,0.5,0.5,579,1.0,1.3333333333333333,1,1,45-54,Q4 highest,9,27,2
C1111,Corvus Co,Company,M,USA,California,1967-01-23,58,Home,4,Yes,Website,1,0,1,3,885146.14,295048.7133333333,435943.19,201409.8,124202.63264394212,897.3100000000001,2691.9300000000003,323.9129182993204,3,2024-03-01,2024-10-01,2,3,0,1.0,0.0,214,1.0,1.5,1,1,55-64,Q1 lowest,9,8,2
C1112,Donald Green,Individual,M,USA,Nevada,1982-01-05,43,Investment,3,Yes,Website,1,1,0,3,961599.4199999999,320533.13999999996,388182.22,196161.06,107847.8350208589,975.9433333333333,2927.83,326.2803977244216,3,2024-02-01,2025-07-01,2,2,1,0.6666666666666666,0.3333333333333333,516,1.0,1.5,1,1,35-44,Q1 lowest,9,25,2
C1113,Brenda Martin,Individual,F,USA,Texas,1974-08-18,51,Investment,2,No,Client,0,1,0,4,1162770.88,290692.72,523652.47,146766.78,166370.21625616105,942.0350000000001,3768.1400000000003,304.61097821969054,4,2024-01-01,2025-11-01,4,3,1,0.75,0.25,670,1.0,1.0,1,1,45-54,Q2,9,47,1
C1114,Cheryl Wood,Individual,F,USA,California,1992-02-04,33,Home,3,No,Website,0,0,0,3,872825.73,290941.91,367529.08,149191.06,122892.64273233326,1072.7266666666667,3218.1800000000003,268.4954114712071,3,2024-02-01,2024-10-01,3,3,0,1.0,0.0,243,1.0,1.0,1,1,<35,Q1 lowest,9,8,2
C1115,Joseph Bell,Individual,M,USA,Colorado,1973-10-24,52,Home,3,Yes,Agency,1,0,0,3,1054599.19,351533.0633333333,472546.53,250548.46,112346.1271951563,1108.9966666666667,3326.9900000000002,316.35871256065496,3,2025-01-01,2025-06-01,3,3,0,1.0,0.0,151,1.0,1.0,1,1,45-54,Q2,9,11,0
C1116,Angela Freeman,Individual,F,USA,California,1991-12-17,34,Home,1,Yes,Agency,1,0,0,3,766951.9500000001,255650.65000000002,294707.51,185697.91,60718.11734376157,879.3433333333332,2638.0299999999997,291.23958841858274,3,2024-03-01,2025-02-01,3,2,1,0.6666666666666666,0.3333333333333333,337,1.0,1.0,1,1,<35,Q1 lowest,9,8,0
C1117,Rebecca Patterson,Individual,F,Mexico,Mexico City,1955-02-23,70,Home,5,Yes,Website,1,0,0,4,1149629.49,287407.3725,410756.82,202165.96,91835.41291278922,1047.99,4191.96,280.3384349684571,4,2024-02-01,2025-09-01,4,3,1,0.75,0.25,578,1.0,1.0,0,1,65+,Q2,6,23,2
C1118,Caldera Co,Company,M,UK,Scotland,1969-04-26,56,Investment,2,Yes,Website,1,1,1,3,859368.99,286456.33,401356.84,228567.85,99507.72552845183,983.3166666666666,2949.95,290.7041020975858,3,2024-02-01,2024-09-01,3,3,0,1.0,0.0,213,1.0,1.0,0,1,55-64,Q1 lowest,8,43,2
C1119,Larry Green,Individual,M,USA,Oregon,1941-03-14,84,Home,1,Yes,Website,1,0,0,3,938703.6599999999,312901.22,394144.56,255651.88,72296.88534366887,949.9033333333333,2849.71,327.5590450489572,3,2024-06-01,2025-01-01,3,3,0,1.0,0.0,214,1.0,1.0,1,1,65+,Q1 lowest,9,37,2
C1120,Kathleen Carter,Individual,F,USA,Arizona,1979-07-16,46,Home,1,No,Website,0,0,0,4,1371211.29,342802.8225,436572.8,210701.37,105347.05694828923,1123.6174999999998,4494.469999999999,312.88671385451624,4,2024-06-01,2025-02-01,4,4,0,1.0,0.0,245,1.0,1.0,1,1,45-54,Q3,9,1,2
C1121,Carolyn Gray,Individual,F,USA,California,1985-06-02,40,Home,1,No,Client,0,0,0,3,1014661.78,338220.5933333333,568008.79,206258.47,199733.01923540246,1124.5,3373.5,291.2511892427533,3,2024-05-01,2024-12-01,2,2,1,0.6666666666666666,0.3333333333333333,214,1.0,1.5,1,1,35-44,Q1 lowest,9,8,1
C1122,Judith Evans,Individual,F,USA,California,1942-10-04,83,Home,4,No,Website,0,0,0,4,1558949.2,389737.3,625903.82,198448.41,207974.4453460548,1208.8775,4835.51,318.8516883734127,4,2024-01-01,2025-11-01,4,4,0,1.0,0.0,670,1.0,1.0,1,1,65+,Q4 highest,9,8,2
C1123,Robert Pierce,Individual,M,USA,Virginia,1951-03-11,74,Home,5,No,Agency,0,0,0,3,1241771.44,413923.8133333333,581087.19,254595.83,163386.6490267134,1283.7066666666667,3851.12,323.27364041661014,3,2024-02-01,2025-12-01,2,3,0,1.0,0.0,669,1.0,1.5,1,1,65+,Q3,9,50,0
C1124,Sharon Murray,Individual,F,USA,Oregon,1976-02-04,49,Investment,5,Yes,Website,1,1,0,4,1272190.01,318047.5025,531100.09,174905.89,172824.07592241757,1040.8899999999999,4163.5599999999995,306.10616888588527,4,2024-05-01,2025-03-01,4,4,0,1.0,0.0,304,1.0,1.0,1,1,45-54,Q3,9,37,2
C1125,Ronald Price,Individual,M,USA,Oregon,1941-02-03,84,Home,3,No,Agency,0,0,0,3,1186907.08,395635.69333333336,440465.95,320938.27,65121.05884478869,1332.34,3997.02,307.51701187478665,3,2024-10-01,2025-09-01,3,1,2,0.3333333333333333,0.6666666666666666,335,1.0,1.0,1,1,65+,Q2,9,37,0
C1126,Elara Co,Company,M,USA,Virginia,1983-02-16,42,Home,1,Yes,Website,1,0,1,3,893488.2,297829.39999999997,440625.12,194083.34,127825.54236528318,1015.9399999999999,3047.8199999999997,292.2085361059286,3,2024-03-01,2024-07-01,3,2,1,0.6666666666666666,0.3333333333333333,122,1.0,1.0,1,1,35-44,Q1 lowest,9,50,2
C1127,Ann Cooper,Individual,F,UK,England,1943-06-15,82,Investment,1,No,Website,0,1,0,3,838728.4,279576.13333333336,309658.36,248776.66,30447.186747023647,932.37,2797.11,300.49428607077675,3,2024-01-01,2025-10-01,3,2,1,0.6666666666666666,0.3333333333333333,639,1.0,1.0,0,1,65+,Q1 lowest,8,12,2
C1128,Brian Montgomery,Individual,M,USA,California,1983-12-05,42,Investment,1,No,Website,0,1,0,3,1186634.53,395544.8433333333,467492.04,334406.06,67198.10910455912,1330.8533333333332,3992.56,296.58207301336256,3,2024-06-01,2025-07-01,3,3,0,1.0,0.0,395,1.0,1.0,1,1,35-44,Q2,9,8,2
C1129,Martha Hansen,Individual,F,USA,Colorado,1945-09-03,80,Investment,5,No,Agency,0,1,0,4,1463125.26,365781.315,507394.76,182390.99,161215.2985636633,1219.4375,4877.75,289.99242072016574,4,2024-01-01,2025-04-01,4,4,0,1.0,0.0,456,1.0,1.0,1,1,65+,Q4 highest,9,11,0
C1130,Tiffany Parker,Individual,F,USA,Arizona,1987-03-01,38,Home,5,No,Website,0,0,0,4,1326217.01,331554.2525,678504.41,158892.76,235633.50981518827,1009.23,4036.92,321.0255612779805,4,2024-05-01,2025-10-01,3,2,2,0.5,0.5,518,1.0,1.3333333333333333,1,1,35-44,Q3,9,1,2
C1131,Cheryl Kim,Individual,F,USA,California,1984-05-28,41,Investment,3,No,Website,0,1,0,3,1210500.79,403500.26333333337,581631.78,188574.81,199094.92898606995,1317.7333333333333,3953.2,304.22771450311956,3,2024-03-01,2024-10-01,3,3,0,1.0,0.0,214,1.0,1.0,1,1,35-44,Q2,9,8,2
C1132,Terry Roberts,Individual,M,USA,New York,1982-01-21,43,Home,2,Yes,Website,1,0,0,3,1383901.27,461300.42333333334,574927.34,393046.65,99066.58342084594,1448.82,4346.46,316.1775561422482,3,2025-04-01,2025-08-01,3,3,0,1.0,0.0,122,1.0,1.0,1,1,35-44,Q3,9,27,2
C1133,Jason Hansen,Individual,M,USA,Oregon,1993-01-21,32,Investment,3,No,Website,0,1,0,4,1427019.92,356754.98,502325.67,218479.78,117160.3908904743,1210.7375000000002,4842.950000000001,300.5105741068888,4,2024-08-01,2025-11-01,4,4,0,1.0,0.0,457,1.0,1.0,1,1,<35,Q3,9,37,2
C1134,Dorothy Bennett,Individual,F,USA,California,1943-10-10,82,Investment,1,No,Website,0,1,0,4,1088583.78,272145.945,453416.1,205334.04,120947.08755190496,905.0375,3620.15,305.8142695003933,4,2024-06-01,2025-12-01,4,2,2,0.5,0.5,548,1.0,1.0,1,1,65+,Q2,9,8,2
C1135,Melissa Phillips,Individual,F,Russia,Moscow Oblast,1999-09-22,26,Investment,5,Yes,Client,1,1,0,3,1186082.75,395360.9166666667,484226.87,311395.34,86519.9093223151,1303.4733333333334,3910.42,310.18037672015083,3,2024-04-01,2024-10-01,3,3,0,1.0,0.0,183,1.0,1.0,0,1,<35,Q2,7,24,1
C1136,Shirley Weaver,Individual,F,USA,California,1965-04-27,60,Home,3,Yes,Agency,1,0,0,3,1016844.64,338948.2133333333,430426.11,236838.98,97230.46443836021,1023.8800000000001,3071.6400000000003,333.70262237392313,3,2024-03-01,2025-10-01,3,2,1,0.6666666666666666,0.3333333333333333,579,1.0,1.0,1,1,55-64,Q1 lowest,9,8,0
C1137,Carol Price,Individual,F,USA,Nevada,1986-12-24,39,Home,4,Yes,Agency,1,0,0,3,1114902.43,371634.1433333333,554352.77,272122.22,158448.8480489102,1140.1733333333334,3420.52,324.2515926101251,3,2024-02-01,2025-10-01,3,3,0,1.0,0.0,608,1.0,1.0,1,1,35-44,Q2,9,25,0
C1138,George Green,Individual,M,USA,Oregon,1964-08-24,61,Home,1,No,Website,0,0,0,3,840602.9199999999,280200.9733333333,348889.77,224958.55,63050.30166094874,952.0733333333334,2856.2200000000003,295.5658414604464,3,2024-02-01,2024-03-01,2,3,0,1.0,0.0,29,1.0,1.5,1,1,55-64,Q1 lowest,9,37,2
C1139,Tiffany Green,Individual,F,USA,California,1996-03-03,29,Home,4,Yes,Client,1,0,0,3,1297382.59,432460.86333333334,568773.25,237824.52,173011.64242066088,1439.256666666667,4317.77,309.4276922307376,3,2024-08-01,2025-08-01,3,2,1,0.6666666666666666,0.3333333333333333,365,1.0,1.0,1,1,<35,Q3,9,8,1
C1140,Billy Jackson,Individual,M,USA,Florida,1976-07-01,49,Home,1,Yes,Website,1,0,0,3,1275809.71,425269.9033333333,551828.54,247736.87,158324.75415264425,1277.2733333333333,3831.8199999999997,330.9722053529248,3,2025-01-01,2025-12-01,3,2,1,0.6666666666666666,0.3333333333333333,334,1.0,1.0,1,1,45-54,Q3,9,14,2
C1141,Kimberly Montgomery,Individual,F,USA,Arizona,2000-01-26,25,Investment,3,No,Website,0,1,0,3,990242.33,330080.7766666667,436787.87,187373.72,128545.1382785698,1101.55,3304.65,303.3971991818051,3,2024-02-01,2025-12-01,3,3,0,1.0,0.0,669,1.0,1.0,1,1,<35,Q1 lowest,9,1,2
C1142,Julia Hughes,Individual,F,USA,Colorado,1948-03-10,77,Home,2,Yes,Agency,1,0,0,4,1492680.13,373170.0325,492869.13,260547.09,114798.65892912875,1222.37,4889.48,305.6875216980184,4,2024-05-01,2024-12-01,4,4,0,1.0,0.0,214,1.0,1.0,1,1,65+,Q4 highest,9,11,0
C1143,Michael Garcia,Individual,M,USA,Arizona,1994-09-10,31,Home,2,Yes,Website,1,0,0,3,1108329.67,369443.2233333333,404667.67,338497.95,33291.7625627141,1343.8166666666666,4031.45,279.2478375354422,3,2024-06-01,2025-10-01,3,2,1,0.6666666666666666,0.3333333333333333,487,1.0,1.0,1,1,<35,Q2,9,1,2
C1144,Diane Young,Individual,F,USA,Georgia,1978-11-10,47,Investment,4,No,Client,0,1,0,4,1244666.12,311166.53,494178.87,164198.69,164603.98773100082,1027.0725,4108.29,302.4560159525921,4,2024-04-01,2024-09-01,3,4,0,1.0,0.0,153,1.0,1.3333333333333333,1,1,45-54,Q3,9,15,1
C1145,Ethan King,Individual,M,USA,Nevada,1993-04-04,32,Home,5,No,Website,0,0,0,3,1118850.31,372950.10333333333,568314.74,231915.89,174656.49929222508,1267.4066666666668,3802.2200000000003,290.8141502077893,3,2024-05-01,2025-09-01,3,3,0,1.0,0.0,488,1.0,1.0,1,1,<35,Q2,9,25,2
C1146,Richard Weaver,Individual,M,USA,California,1991-03-14,34,Investment,2,No,Website,0,1,0,3,1037824.43,345941.4766666667,565819.26,131562.21,217180.73494862716,1136.0866666666668,3408.26,301.5674926151485,3,2024-10-01,2025-10-01,3,2,1,0.6666666666666666,0.3333333333333333,365,1.0,1.0,1,1,<35,Q2,9,8,2
C1147,Brittany Edwards,Individual,F,USA,Utah,1978-02-09,47,Home,3,No,Website,0,0,0,3,905314.84,301771.61333333334,555067.12,120305.09,226106.29760680138,1010.5300000000001,3031.59,283.68967137156125,3,2024-09-01,2025-09-01,3,3,0,1.0,0.0,365,1.0,1.0,1,1,45-54,Q1 lowest,9,48,2
C1148,Joshua Rogers,Individual,M,Australia,New South Wales,1991-07-15,34,Home,1,Yes,Agency,1,0,0,3,1083677.57,361225.8566666667,523867.62,264303.57,141713.30644334722,1221.3833333333334,3664.15,294.26408327270445,3,2024-09-01,2025-01-01,2,3,0,1.0,0.0,122,1.0,1.5,0,1,<35,Q2,0,26,0
C1149,Kimberly Thomas,Individual,F,Russia,Tatarstan,1980-03-06,45,Home,3,No,Agency,0,0,0,4,1277449.99,319362.4975,484921.76,195801.49,138548.80089167316,1053.27,4213.08,304.88114561528886,4,2024-06-01,2025-03-01,3,4,0,1.0,0.0,273,1.0,1.3333333333333333,0,1,45-54,Q3,7,46,0
C1150,Tiffany Cook,Individual,F,USA,Nevada,1992-11-08,33,Investment,4,No,Agency,0,1,0,3,1476970.3,492323.43333333335,523968.19,436593.99,48410.91617893255,1550.1266666666668,4650.38,318.31597010486763,3,2024-02-01,2025-11-01,3,3,0,1.0,0.0,639,1.0,1.0,1,1,<35,Q4 highest,9,25,0
C1151,Tyler Anderson,Individual,M,USA,Arizona,1963-12-14,62,Investment,2,No,Website,0,1,0,4,1760000.3399999999,440000.08499999996,545707.37,259266.94,133345.17875858443,1350.2175,5400.87,323.3665425556313,4,2024-06-01,2024-12-01,4,4,0,1.0,0.0,183,1.0,1.0,1,1,55-64,Q4 highest,9,1,2
C1152,Jason Williams,Individual,M,USA,Georgia,1977-09-16,48,Home,1,No,Website,0,0,0,4,1654928.32,413732.08,585559.25,232688.53,174457.1557571692,1374.585,5498.34,305.277426135718,4,2024-03-01,2025-05-01,4,4,0,1.0,0.0,426,1.0,1.0,1,1,45-54,Q4 highest,9,15,2
C1153,Scott Sanders,Individual,M,USA,California,1991-09-14,34,Home,1,No,Website,0,0,0,3,1007630.0,335876.6666666667,492913.41,213928.44,142763.9883614752,1170.3533333333332,3511.06,284.8708308993425,3,2024-02-01,2025-09-01,3,2,1,0.6666666666666666,0.3333333333333333,578,1.0,1.0,1,1,<35,Q1 lowest,9,8,2
C1154,Jerry Brown,Individual,M,USA,Utah,1956-07-12,69,Home,5,Yes,Agency,1,0,0,4,1373889.96,343472.49,518104.03,193328.23,139282.65442220436,1135.325,4541.3,296.23350884925514,4,2024-04-01,2025-10-01,4,4,0,1.0,0.0,548,1.0,1.0,1,1,65+,Q3,9,48,0
C1155,William Young,Individual,M,USA,California,1977-03-03,48,Home,5,No,Website,0,0,0,3,1577625.0,525875.0,589821.06,477187.81,57846.23658154699,1679.1066666666666,5037.32,314.40356525425926,3,2024-06-01,2025-11-01,2,2,1,0.6666666666666666,0.3333333333333333,518,1.0,1.5,1,1,45-54,Q4 highest,9,8,2
C1156,Dorothy Kim,Individual,F,USA,Virginia,1956-05-16,69,Home,4,No,Agency,0,0,0,3,859956.66,286652.22000000003,441602.33,182821.64,136754.40080591448,1008.13,3024.39,287.8408123810682,3,2024-05-01,2025-11-01,3,3,0,1.0,0.0,549,1.0,1.0,1,1,65+,Q1 lowest,9,50,0
C1157,Kenneth Davis,Individual,M,Canada,Alberta,1944-11-02,81,Investment,2,No,Website,0,1,0,4,894080.38,223520.095,329573.31,140627.96,91388.59039153211,716.4525,2865.81,310.20801691089594,4,2024-02-01,2025-09-01,4,4,0,1.0,0.0,578,1.0,1.0,0,1,65+,Q1 lowest,2,0,2
C1158,Joan Pierce,Individual,F,USA,California,1955-05-19,70,Investment,2,No,Website,0,1,0,3,941360.29,313786.76333333337,596516.36,157263.39,245319.79337082166,972.0533333333333,2916.16,311.26917145987926,3,2024-04-01,2025-05-01,3,2,1,0.6666666666666666,0.3333333333333333,395,1.0,1.0,1,1,65+,Q1 lowest,9,8,2
C1159,Gerald Howard,Individual,M,USA,Nevada,1940-03-24,85,Investment,1,Yes,Website,1,1,0,3,1170550.92,390183.63999999996,558548.42,252948.01,155160.14511733968,1175.6833333333334,3527.05,334.37478955160805,3,2024-06-01,2025-09-01,3,2,1,0.6666666666666666,0.3333333333333333,457,1.0,1.0,1,1,65+,Q2,9,25,2
C1160,Walter Griffin,Individual,M,USA,Florida,1980-11-21,45,Home,2,Yes,Website,1,0,0,4,1359425.8599999999,339856.46499999997,510079.55,194575.52,135764.45566486503,1101.9875,4407.95,319.87916910180417,4,2024-06-01,2025-01-01,4,3,1,0.75,0.25,214,1.0,1.0,1,1,45-54,Q3,9,14,2
C1161,Stephen White,Individual,M,Canada,Alberta,1994-02-12,31,Investment,3,Yes,Website,1,1,0,4,2022416.31,505604.0775,724345.49,200432.99,221664.54347892498,1486.3274999999999,5945.3099999999995,337.438142645512,4,2024-01-01,2024-11-01,4,3,1,0.75,0.25,305,1.0,1.0,0,1,<35,Q4 highest,2,0,2
C1162,Charles Nelson,Individual,M,USA,California,1962-01-25,63,Investment,2,No,Website,0,1,0,4,1116223.63,279055.9075,446838.6,204268.81,113007.35002153896,872.6800000000001,3490.7200000000003,322.6787424380419,4,2024-02-01,2025-04-01,4,4,0,1.0,0.0,425,1.0,1.0,1,1,55-64,Q2,9,8,2
C1163,Noah Morales,Individual,M,USA,California,1998-10-26,27,Home,3,Yes,Website,1,0,0,4,1202709.18,300677.295,498755.52,136987.43,175775.16109630896,1059.8375,4239.35,274.5996436629596,4,2024-03-01,2025-07-01,4,2,2,0.5,0.5,487,1.0,1.0,1,1,<35,Q2,9,8,2
C1164,Emma Watson,Individual,F,Belgium,Wallonia,1968-04-11,57,Home,3,Yes,Agency,1,0,0,4,1315287.03,328821.7575,411818.69,207543.49,96267.96924289802,1169.615,4678.46,279.92191536959746,4,2024-07-01,2025-12-01,3,2,2,0.5,0.5,518,1.0,1.3333333333333333,0,1,55-64,Q3,1,52,0
C1165,Victoria Alexander,Individual,F,Russia,Moscow Oblast,1994-09-26,31,Home,1,No,Website,0,0,0,3,970705.3999999999,323568.4666666666,509155.44,188928.74,166081.30931988743,1079.9266666666665,3239.7799999999997,302.49355231312893,3,2025-03-01,2025-12-01,3,3,0,1.0,0.0,275,1.0,1.0,0,1,<35,Q1 lowest,7,24,2
C1166,Scott Hall,Individual,M,USA,New York,1991-11-15,34,Investment,1,No,Website,0,1,0,4,1163601.79,290900.4475,408434.17,143176.47,136058.56439003276,939.4875,3757.95,311.1239477513616,4,2024-02-01,2024-11-01,3,4,0,1.0,0.0,274,1.0,1.3333333333333333,1,1,<35,Q2,9,27,2
C1167,Kevin Alexander,Individual,M,UK,Scotland,1967-12-20,58,Home,3,No,Website,0,0,0,3,1163104.83,387701.61000000004,662126.19,144762.45,260114.9911503164,1193.7733333333333,3581.32,322.91920266086953,3,2024-01-01,2025-08-01,3,2,1,0.6666666666666666,0.3333333333333333,578,1.0,1.0,0,1,55-64,Q2,8,43,2
C1168,Brittany Reyes,Individual,F,Germany,Hamburg,1998-12-25,27,Home,2,Yes,Agency,1,0,0,4,1081069.19,270267.2975,382048.18,177039.39,89629.74271778401,901.245,3604.98,303.7050205160196,4,2024-01-01,2024-12-01,3,4,0,1.0,0.0,335,1.0,1.3333333333333333,0,1,<35,Q2,5,16,0
C1169,Noah Bryant,Individual,M,Russia,Saint Petersburg,1994-01-05,31,Home,5,Yes,Agency,1,0,0,4,900300.22,225075.055,269707.97,134300.91,62346.72638832475,832.615,3330.46,272.46330534254247,4,2024-02-01,2025-02-01,4,3,1,0.75,0.25,366,1.0,1.0,0,1,<35,Q1 lowest,7,42,0
C1170,Amanda Collins,Individual,F,USA,Nevada,1990-02-09,35,Home,1,Yes,Website,1,0,0,4,1165955.62,291488.905,366328.69,163386.52,90092.66568388445,1009.9325,4039.73,298.4031524399469,4,2024-03-01,2024-12-01,4,3,1,0.75,0.25,275,1.0,1.0,1,1,35-44,Q2,9,25,2
C1171,Anna Patterson,Individual,F,USA,California,1984-08-21,41,Investment,4,Yes,Website,1,1,0,4,1561809.25,390452.3125,527403.68,150873.32,175937.6993838223,1276.9875,5107.95,296.6143175015088,4,2024-04-01,2025-11-01,3,4,0,1.0,0.0,579,1.0,1.3333333333333333,1,1,35-44,Q4 highest,9,8,2
C1172,Victoria Freeman,Individual,F,USA,Nevada,1942-11-05,83,Home,5,No,Website,0,0,0,4,1240274.79,310068.6975,454693.74,155210.56,134449.23119922215,990.4475,3961.79,308.84872209858736,4,2024-01-01,2025-05-01,4,3,1,0.75,0.25,486,1.0,1.0,1,1,65+,Q3,9,25,2
C1173,Cheryl Price,Individual,F,Canada,Manitoba,1984-11-02,41,Investment,1,No,Website,0,1,0,4,1261072.17,315268.0425,468922.65,146612.19,173255.2468829254,1014.9825,4059.93,308.0241842217684,4,2024-07-01,2025-08-01,4,4,0,1.0,0.0,396,1.0,1.0,0,1,35-44,Q3,2,22,2
C1174,Kenneth White,Individual,M,USA,Nevada,1982-07-06,43,Home,2,No,Agency,0,0,0,4,1414798.99,353699.7475,446099.24,187417.14,119798.46556293096,1244.8049999999998,4979.219999999999,284.4852213227559,4,2025-02-01,2025-10-01,4,3,1,0.75,0.25,242,1.0,1.0,1,1,35-44,Q3,9,25,0
C1175,Evelyn Long,Individual,F,USA,California,1959-09-27,66,Home,2,No,Website,0,0,0,4,1766232.62,441558.155,675388.05,227380.78,206590.10773253508,1449.3775,5797.51,298.57039201485236,4,2024-02-01,2025-10-01,4,4,0,1.0,0.0,608,1.0,1.0,1,1,65+,Q4 highest,9,8,2
C1176,Lauren Baker,Individual,F,USA,California,1975-06-03,50,Investment,4,Yes,Agency,1,1,0,3,1003328.89,334442.9633333333,441387.41,245418.89,99205.69561800438,1170.3533333333332,3511.06,293.1328929065208,3,2024-01-01,2024-10-01,3,1,2,0.3333333333333333,0.6666666666666666,274,1.0,1.0,1,1,45-54,Q1 lowest,9,8,0
C1177,Larry Sanders,Individual,M,USA,California,1998-09-05,27,Investment,2,No,Agency,0,1,0,4,1047224.2699999999,261806.06749999998,321100.73,214955.52,44373.04487090886,816.1600000000001,3264.6400000000003,326.498763844369,4,2024-02-01,2024-08-01,3,2,2,0.5,0.5,182,1.0,1.3333333333333333,1,1,<35,Q2,9,8,0
C1178,Jessica Richardson,Individual,F,USA,California,1950-07-16,75,Home,1,No,Agency,0,0,0,3,744651.07,248217.02333333332,390678.42,166635.32,123808.64452724224,801.46,2404.38,303.42108571012227,3,2024-05-01,2025-01-01,3,3,0,1.0,0.0,245,1.0,1.0,1,1,65+,Q1 lowest,9,8,0
C1179,Melissa Anderson,Individual,F,USA,California,1991-02-09,34,Home,4,No,Agency,0,0,0,3,848152.02,282717.34,361461.89,216206.13,73396.52518315223,1045.8666666666668,3137.6000000000004,279.8786312107401,3,2024-08-01,2024-11-01,3,3,0,1.0,0.0,92,1.0,1.0,1,1,<35,Q1 lowest,9,8,0
C1180,Deborah Miller,Individual,F,Belgium,Brussels,1995-07-11,30,Home,2,Yes,Website,1,0,0,4,1111089.24,277772.31,413510.38,197514.96,94881.54264245392,1050.5725,4202.29,272.55931153295217,4,2024-11-01,2025-12-01,4,3,1,0.75,0.25,395,1.0,1.0,0,1,<35,Q2,1,7,2
C1181,Judith Hansen,Individual,F,USA,Nevada,1956-03-23,69,Investment,5,No,Website,0,1,0,3,743723.3099999999,247907.77,352725.16,191419.3,90866.15706003911,939.3299999999999,2817.99,260.87602996615857,3,2025-02-01,2025-06-01,3,3,0,1.0,0.0,120,1.0,1.0,1,1,65+,Q1 lowest,9,25,2
C1182,Christopher Murray,Individual,M,Germany,Bavaria,1961-03-11,64,Investment,3,Yes,Website,1,1,0,4,1522183.38,380545.845,539392.07,238204.01,141851.51642917754,1269.065,5076.26,298.7934167813669,4,2024-02-01,2025-07-01,4,4,0,1.0,0.0,516,1.0,1.0,0,1,55-64,Q4 highest,5,3,2
C1183,Carl Rogers,Individual,M,USA,Arizona,1993-11-14,32,Investment,1,No,Website,0,1,0,4,1364593.88,341148.47,546764.12,207676.96,144999.32209737418,1088.3825,4353.53,309.3699818243346,4,2024-06-01,2025-11-01,4,4,0,1.0,0.0,518,1.0,1.0,1,1,<35,Q3,9,1,2
C1184,David Nelson,Individual,M,France,Ile-de-France,1953-04-14,72,Home,2,No,Website,0,0,0,3,500255.63,166751.87666666668,202634.18,128430.27,37162.04670609562,624.2366666666667,1872.71,271.22767547077206,3,2024-03-01,2025-08-01,3,2,1,0.6666666666666666,0.3333333333333333,518,1.0,1.0,0,1,65+,Q1 lowest,4,18,2
C1185,Ronald Peterson,Individual,M,USA,California,2000-06-27,25,Home,3,No,Website,0,0,0,4,1218570.99,304642.7475,388613.55,185323.76,85620.24651819622,1029.9125,4119.65,299.6790493624279,4,2024-07-01,2025-06-01,4,4,0,1.0,0.0,335,1.0,1.0,1,1,<35,Q2,9,8,2
C1186,Victoria Bennett,Individual,F,USA,Nevada,1978-06-27,47,Home,3,Yes,Website,1,0,0,3,1141153.96,380384.6533333333,585004.16,271991.93,177310.0657193591,1221.6766666666665,3665.0299999999997,305.3714238326145,3,2024-03-01,2025-01-01,3,2,1,0.6666666666666666,0.3333333333333333,306,1.0,1.0,1,1,45-54,Q2,9,25,2
C1187,Melissa Pierce,Individual,F,USA,Nevada,1962-03-18,63,Home,4,No,Website,0,0,0,3,1097539.23,365846.41,564972.81,206179.46,182622.4333064876,1092.5066666666667,3277.52,337.616288257039,3,2024-03-01,2025-03-01,3,3,0,1.0,0.0,365,1.0,1.0,1,1,55-64,Q2,9,25,2
C1188,Matthew White,Individual,M,Canada,Alberta,1995-11-01,30,Home,1,No,Client,0,0,0,4,1437535.25,359383.8125,581530.71,186304.06,178657.08286554762,1190.4075,4761.63,300.65439754483594,4,2024-02-01,2025-11-01,4,2,2,0.5,0.5,639,1.0,1.0,0,1,<35,Q3,2,0,1
C1189,Peter Alexander,Individual,M,USA,Florida,1963-01-22,62,Home,2,Yes,Client,1,0,0,4,1180295.09,295073.7725,382331.32,210320.24,88683.72336538328,989.2175,3956.87,300.4820655775108,4,2024-01-01,2025-04-01,4,2,2,0.5,0.5,456,1.0,1.0,1,1,55-64,Q2,9,14,1
C1190,Sandra Baker,Individual,F,USA,Texas,1946-08-04,79,Home,4,No,Client,0,0,0,4,1358669.02,339667.255,495056.58,153688.18,176526.89934019264,1115.61,4462.44,305.30990759703985,4,2024-04-01,2025-09-01,4,4,0,1.0,0.0,518,1.0,1.0,1,1,65+,Q3,9,47,1
C1191,Mary Cox,Individual,F,USA,California,1950-04-17,75,Investment,3,No,Website,0,1,0,3,1095538.81,365179.60333333333,409260.76,278376.64,75176.64391745372,1357.1933333333334,4071.58,273.7011135282778,3,2024-04-01,2025-09-01,2,2,1,0.6666666666666666,0.3333333333333333,518,1.0,1.5,1,1,65+,Q2,9,8,2
C1192,Adam Jones,Individual,M,USA,Florida,2000-01-05,25,Home,5,No,Website,0,0,0,4,1111237.94,277809.485,462493.65,184734.0,127787.87342432629,941.135,3764.54,296.25843363984995,4,2024-06-01,2025-11-01,3,2,2,0.5,0.5,518,1.0,1.3333333333333333,1,1,<35,Q2,9,14,2
C1193,Amy Owens,Individual,F,UK,England,1975-04-20,50,Home,1,No,Website,0,0,0,4,946796.24,236699.06,360341.5,119668.45,107162.1463581959,716.4525,2865.81,323.97836460390846,4,2024-02-01,2025-02-01,4,2,2,0.5,0.5,366,1.0,1.0,0,1,45-54,Q1 lowest,8,12,2
C1194,Melissa Brooks,Individual,F,USA,Colorado,1943-06-17,82,Home,1,No,Website,0,0,0,3,1084957.53,361652.51,431485.71,263976.08,87156.77327843716,1263.8633333333335,3791.59,291.0273787399834,3,2024-11-01,2025-12-01,3,2,1,0.6666666666666666,0.3333333333333333,395,1.0,1.0,1,1,65+,Q2,9,11,2
C1195,Anna Pierce,Individual,F,USA,California,1990-06-07,35,Home,4,Yes,Agency,1,0,0,4,1118238.91,279559.7275,475030.73,166515.01,135008.74556377015,910.925,3643.7,314.13221148158135,4,2024-07-01,2025-07-01,4,3,1,0.75,0.25,365,1.0,1.0,1,1,35-44,Q2,9,8,0
C1196,William Freeman,Individual,M,USA,Nevada,1955-09-03,70,Home,2,No,Agency,0,0,0,4,1731153.76,432788.44,588124.15,374729.63,103675.68262360177,1356.32,5425.28,318.69792285710173,4,2024-03-01,2025-11-01,4,4,0,1.0,0.0,610,1.0,1.0,1,1,65+,Q4 highest,9,25,0
C1197,Deborah Roberts,Individual,F,USA,Arizona,1959-04-10,66,Home,4,No,Website,0,0,0,3,1439595.57,479865.19,584272.04,353301.13,117068.76945964326,1471.4466666666667,4414.34,324.20515294107616,3,2024-08-01,2024-09-01,2,3,0,1.0,0.0,31,1.0,1.5,1,1,65+,Q3,9,1,2
C1198,Lisa Young,Individual,F,USA,New York,1960-01-21,65,Home,1,No,Agency,0,0,0,3,1415391.5899999999,471797.1966666666,674268.09,271652.39,201317.9288613116,1493.243333333333,4479.73,306.25621223553867,3,2024-04-01,2025-04-01,3,2,1,0.6666666666666666,0.3333333333333333,365,1.0,1.0,1,1,65+,Q3,9,27,0
C1199,Justin Campbell,Individual,M,USA,Colorado,1943-03-03,82,Home,2,No,Website,0,0,0,4,1013002.89,253250.7225,367400.47,137339.47,99445.95266501208,910.2925,3641.17,278.0399550907613,4,2024-06-01,2025-04-01,3,3,1,0.75,0.25,304,1.0,1.3333333333333333,1,1,65+,Q1 lowest,9,11,2
C1200,Henry Taylor,Individual,M,USA,Utah,1969-11-03,56,Home,4,No,Agency,0,0,0,4,1789601.3299999998,447400.33249999996,635580.39,229701.65,183855.0265590035,1422.9925,5691.97,312.64281043058384,4,2024-02-01,2025-10-01,4,3,1,0.75,0.25,608,1.0,1.0,1,1,55-64,Q4 highest,9,48,0
C1201,Timothy Stewart,Individual,M,USA,Oregon,2000-03-22,25,Investment,1,Yes,Website,1,1,0,4,1063833.91,265958.4775,353358.62,198532.55,75596.94504090509,896.2525,3585.01,302.40453661508013,4,2024-02-01,2025-09-01,3,4,0,1.0,0.0,578,1.0,1.3333333333333333,1,1,<35,Q2,9,37,2
C1202,Telnox Co,Company,M,Canada,Quebec,1985-05-09,40,Investment,5,Yes,Website,1,1,1,4,1527115.1600000001,381778.79000000004,581236.54,195064.03,185635.01610247334,1263.775,5055.1,300.663913665422,4,2024-07-01,2025-08-01,4,4,0,1.0,0.0,396,1.0,1.0,0,1,35-44,Q4 highest,2,40,2
C1203,Ashley Green,Individual,F,USA,Arizona,1962-01-18,63,Home,2,Yes,Website,1,0,0,3,1083378.55,361126.18333333335,437211.33,242015.72,104468.72712213085,1329.57,3988.71,272.44314560657284,3,2024-04-01,2024-10-01,3,2,1,0.6666666666666666,0.3333333333333333,183,1.0,1.0,1,1,55-64,Q2,9,1,2
C1204,William Reed,Individual,M,Mexico,Puebla,1992-04-03,33,Investment,2,Yes,Website,1,1,0,3,1231356.24,410452.08,603910.96,273177.97,172376.40196253572,1280.28,3840.84,320.69687146949735,3,2024-08-01,2025-03-01,3,3,0,1.0,0.0,212,1.0,1.0,0,1,<35,Q3,6,39,2
C1205,Patrick Pierce,Individual,M,Belgium,Flanders,1959-05-15,66,Home,4,No,Website,0,0,0,3,968123.38,322707.79333333333,498260.56,131261.13,184015.23678358604,1076.69,3230.07,298.88923322687873,3,2024-03-01,2025-12-01,3,3,0,1.0,0.0,640,1.0,1.0,0,1,65+,Q1 lowest,1,13,2
C1206,Melissa Baker,Individual,F,USA,California,1957-12-09,68,Investment,5,No,Website,0,1,0,3,941726.19,313908.73,396440.12,217768.24,90110.02096210553,1140.3999999999999,3421.2,286.47864012438447,3,2024-05-01,2025-10-01,3,3,0,1.0,0.0,518,1.0,1.0,1,1,65+,Q1 lowest,9,8,2
C1207,Lauren Price,Individual,F,USA,Texas,1973-10-24,52,Home,5,Yes,Agency,1,0,0,4,1084392.98,271098.245,328706.37,220771.71,48453.785854412185,1010.095,4040.38,271.7832969908455,4,2024-02-01,2025-09-01,3,3,1,0.75,0.25,578,1.0,1.3333333333333333,1,1,45-54,Q2,9,47,0
C1208,Noah Ward,Individual,M,USA,Colorado,1977-11-27,48,Home,1,No,Website,0,0,0,3,1277019.82,425673.2733333334,561711.27,314114.79,125600.31511455389,1477.03,4431.09,287.0008175123508,3,2024-10-01,2025-07-01,3,2,1,0.6666666666666666,0.3333333333333333,273,1.0,1.0,1,1,45-54,Q3,9,11,2
C1209,Tiffany Kim,Individual,F,USA,California,1978-07-01,47,Home,4,Yes,Website,1,0,0,4,1201633.01,300408.2525,401888.63,141101.65,121357.7250978721,1123.3175,4493.27,280.06599653702597,4,2024-10-01,2025-09-01,4,4,0,1.0,0.0,335,1.0,1.0,1,1,45-54,Q2,9,8,2
C1210,Dennis Cox,Individual,M,USA,California,1991-06-04,34,Investment,1,No,Website,0,1,0,4,1146800.83,286700.2075,409323.23,183064.12,108532.84997059504,897.47,3589.88,324.2114273058785,4,2024-06-01,2025-03-01,4,3,1,0.75,0.25,273,1.0,1.0,1,1,<35,Q2,9,8,2
C1211,Kathleen Owens,Individual,F,Canada,British Columbia,1996-07-10,29,Home,5,Yes,Website,1,0,0,4,1447927.02,361981.755,457810.49,298606.04,67696.02260602833,1167.105,4668.42,312.40734862089477,4,2024-03-01,2025-10-01,4,4,0,1.0,0.0,579,1.0,1.0,0,1,<35,Q4 highest,2,5,2
C1212,Lawrence Gray,Individual,M,USA,California,1957-07-11,68,Home,1,No,Agency,0,0,0,4,1052290.76,263072.69,396779.8,139398.8,119130.61987500553,904.0100000000001,3616.0400000000004,290.03223699889367,4,2024-06-01,2024-12-01,4,4,0,1.0,0.0,183,1.0,1.0,1,1,65+,Q2,9,8,0
C1213,Ruth Martin,Individual,F,Canada,Manitoba,1993-08-06,32,Home,5,No,Website,0,0,0,3,829461.56,276487.1866666667,351625.35,184707.19,84694.33863586889,899.9899999999999,2699.97,307.65103559137043,3,2024-03-01,2025-08-01,3,3,0,1.0,0.0,518,1.0,1.0,0,1,<35,Q1 lowest,2,22,2
C1214,Jennifer Peterson,Individual,F,USA,Florida,2000-08-10,25,Home,1,No,Agency,0,0,0,4,1725018.4100000001,431254.60250000004,563581.06,325875.47,115448.66548875693,1446.1125,5784.45,295.9589018647372,4,2024-07-01,2025-11-01,4,4,0,1.0,0.0,488,1.0,1.0,1,1,<35,Q4 highest,9,14,0
C1215,Charles Patterson,Individual,M,USA,California,1994-07-24,31,Home,3,No,Website,0,0,0,3,1140423.3800000001,380141.1266666667,664530.42,171907.93,254988.31876789383,1104.51,3313.53,334.31623160665356,3,2024-08-01,2024-12-01,3,1,2,0.3333333333333333,0.6666666666666666,122,1.0,1.0,1,1,<35,Q2,9,8,2
C1216,Martha Jordan,Individual,F,France,Normandy,1997-07-10,28,Home,4,No,Website,0,0,0,3,1191384.37,397128.12333333335,551096.05,282845.5,138458.59261641957,1464.8466666666666,4394.54,268.94886008799637,3,2024-02-01,2025-12-01,3,3,0,1.0,0.0,669,1.0,1.0,0,1,<35,Q2,4,28,2
C1217,William Carter,Individual,M,USA,California,1997-01-05,28,Investment,4,Yes,Website,1,1,0,3,1007204.78,335734.9266666667,461132.81,204844.07,128232.63675729136,1186.4366666666667,3559.31,284.3015209635757,3,2024-11-01,2025-09-01,3,3,0,1.0,0.0,304,1.0,1.0,1,1,<35,Q1 lowest,9,8,2
C1218,Teresa Smith,Individual,F,USA,California,1941-12-28,84,Home,1,Yes,Website,1,0,0,4,1308613.5699999998,327153.39249999996,449085.55,270218.56,82625.03997699663,1121.525,4486.1,294.14095893216097,4,2024-04-01,2025-09-01,4,4,0,1.0,0.0,518,1.0,1.0,1,1,65+,Q3,9,8,2
C1219,Danielle Howard,Individual,F,USA,Arizona,1983-12-06,42,Home,1,Yes,Website,1,0,0,3,867409.27,289136.42333333334,430666.39,125388.18,153847.11644593292,1074.6233333333332,3223.87,272.8212370768839,3,2024-05-01,2025-05-01,3,3,0,1.0,0.0,365,1.0,1.0,1,1,35-44,Q1 lowest,9,1,2
C1220,Christina Martin,Individual,F,USA,Colorado,1967-09-08,58,Investment,4,Yes,Website,1,1,0,4,1471199.75,367799.9375,508492.43,239287.16,110290.33697271772,1254.045,5016.18,291.9967395985485,4,2024-01-01,2025-09-01,4,3,1,0.75,0.25,609,1.0,1.0,1,1,55-64,Q4 highest,9,11,2
C1221,Cynthia Thomas,Individual,F,USA,Nevada,1984-05-23,41,Investment,2,No,Agency,0,1,0,3,1354868.93,451622.9766666666,506860.65,363412.93,77199.06181893751,1565.3233333333335,4695.97,289.2757491815252,3,2024-05-01,2025-07-01,3,3,0,1.0,0.0,426,1.0,1.0,1,1,35-44,Q3,9,25,0
C1222,Christopher Taylor,Individual,M,USA,Utah,1969-01-07,56,Home,4,No,Website,0,0,0,3,1319349.8599999999,439783.2866666666,626423.06,167129.85,241425.61152048685,1362.3833333333334,4087.15,309.677366079583,3,2024-01-01,2024-10-01,3,3,0,1.0,0.0,274,1.0,1.0,1,1,55-64,Q3,9,48,2
C1223,Sharon Stone,Individual,F,USA,Washington,1952-09-17,73,Home,4,No,Website,0,0,0,3,1072582.78,357527.5933333333,403699.08,319044.27,42847.871657925265,1369.7300000000002,4109.1900000000005,262.54150288793767,3,2024-10-01,2025-05-01,3,3,0,1.0,0.0,212,1.0,1.0,1,1,65+,Q2,9,53,2
C1224,Paul Carter,Individual,M,USA,New York,1942-06-13,83,Investment,5,Yes,Client,1,1,0,3,827238.27,275746.09,432388.36,134841.47,149396.42953501234,964.2666666666665,2892.7999999999997,295.6907716496717,3,2024-01-01,2024-04-01,3,3,0,1.0,0.0,91,1.0,1.0,1,1,65+,Q1 lowest,9,27,1
C1225,Larry James,Individual,M,USA,Oregon,1990-11-10,35,Home,2,No,Website,0,0,0,3,1122587.7,374195.89999999997,606790.94,223765.97,204304.57872220897,1168.3366666666668,3505.01,310.7464336420492,3,2025-02-01,2025-09-01,2,2,1,0.6666666666666666,0.3333333333333333,212,1.0,1.5,1,1,35-44,Q2,9,37,2
C1226,Michael Sanders,Individual,M,USA,Utah,1989-05-01,36,Home,4,No,Website,0,0,0,3,972596.1300000001,324198.71,413286.53,240746.66,86407.8880225868,1082.8966666666668,3248.69,305.26025301274785,3,2024-07-01,2024-10-01,3,3,0,1.0,0.0,92,1.0,1.0,1,1,35-44,Q1 lowest,9,48,2
C1227,Alexander Reyes,Individual,M,USA,Colorado,1987-03-13,38,Home,3,Yes,Agency,1,0,0,4,2151534.73,537883.6825,627385.67,487600.08,66084.2652692038,1676.3825,6705.53,321.7925599318375,4,2024-07-01,2024-12-01,3,4,0,1.0,0.0,153,1.0,1.3333333333333333,1,1,35-44,Q4 highest,9,11,0
C1228,Joseph Howard,Individual,M,USA,California,1954-07-07,71,Home,2,No,Website,0,0,0,3,1058718.77,352906.25666666665,508674.8,251554.82,136925.48028865422,1124.5,3373.5,322.2225104865599,3,2024-06-01,2025-02-01,3,3,0,1.0,0.0,245,1.0,1.0,1,1,65+,Q2,9,8,2
C1229,Madison Reyes,Individual,F,UK,Scotland,1994-11-02,31,Home,1,Yes,Website,1,0,0,3,1185126.78,395042.26,556269.12,254096.51,152103.79392269312,1303.4733333333334,3910.42,298.8370474176625,3,2024-04-01,2024-07-01,3,3,0,1.0,0.0,91,1.0,1.0,0,1,<35,Q2,8,43,2
C1230,Lawrence Parker,Individual,M,USA,California,1985-02-18,40,Home,5,No,Client,0,0,0,3,759973.15,253324.38333333333,341233.68,172358.52,84651.42270568896,801.46,2404.38,322.55301374799575,3,2024-03-01,2025-10-01,3,1,2,0.3333333333333333,0.6666666666666666,579,1.0,1.0,1,1,35-44,Q1 lowest,9,8,1
C1231,Betty Carter,Individual,F,USA,California,1954-12-09,71,Home,2,No,Agency,0,0,0,3,859705.1699999999,286568.38999999996,372010.36,130666.74,135222.4486095149,922.6666666666666,2768.0,305.7026506482377,3,2024-07-01,2025-08-01,3,1,2,0.3333333333333333,0.6666666666666666,396,1.0,1.0,1,1,65+,Q1 lowest,9,8,0
C1232,Mary Jackson,Individual,F,Canada,British Columbia,1989-09-23,36,Home,3,No,Website,0,0,0,4,1527373.03,381843.2575,516863.32,140340.38,176041.09099184512,1173.8125,4695.25,326.2271674324686,4,2024-10-01,2025-09-01,3,4,0,1.0,0.0,335,1.0,1.3333333333333333,0,1,35-44,Q4 highest,2,5,2
C1233,Brian Scott,Individual,M,USA,Utah,1979-08-05,46,Home,4,No,Website,0,0,0,3,936287.8,312095.93333333335,421407.86,140776.38,150240.52787238246,1078.7866666666666,3236.3599999999997,289.2080400743226,3,2024-02-01,2025-09-01,3,3,0,1.0,0.0,578,1.0,1.0,1,1,45-54,Q1 lowest,9,48,2
C1234,Karen King,Individual,F,USA,Colorado,1957-01-20,68,Investment,1,No,Website,0,1,0,4,1463190.28,365797.57,539693.29,203362.09,165400.67368834527,1278.045,5112.18,290.0384746664327,4,2024-01-01,2025-12-01,4,4,0,1.0,0.0,700,1.0,1.0,1,1,65+,Q4 highest,9,11,2
C1235,Michael Morales,Individual,M,USA,Arizona,1957-05-27,68,Home,2,No,Website,0,0,0,4,1271344.1099999999,317836.02749999997,611112.1,212527.02,195652.5801575959,1025.3225,4101.29,307.73330345087203,4,2024-01-01,2025-02-01,4,3,1,0.75,0.25,397,1.0,1.0,1,1,65+,Q3,9,1,2
C1236,Brandon Cook,Individual,M,USA,Arizona,1972-08-24,53,Home,4,Yes,Website,1,0,0,4,1747766.02,436941.505,560683.85,200969.37,160591.55032122572,1415.4825,5661.93,312.92944946642984,4,2024-04-01,2024-09-01,4,4,0,1.0,0.0,153,1.0,1.0,1,1,45-54,Q4 highest,9,1,2
C1237,Helen Cook,Individual,F,UK,Wales,1943-09-25,82,Investment,4,Yes,Website,1,1,0,3,688233.74,229411.24666666667,340807.81,130733.1,105613.27822426606,775.5666666666666,2326.7,288.7713371436331,3,2024-09-01,2025-05-01,2,2,1,0.6666666666666666,0.3333333333333333,242,1.0,1.5,0,1,65+,Q1 lowest,8,51,2
C1238,Joshua Bennett,Individual,M,USA,Nevada,1946-04-22,79,Home,1,Yes,Agency,1,0,0,4,1648873.57,412218.3925,524988.7,362075.38,76343.64374254145,1343.6575,5374.63,311.8664599780692,4,2024-07-01,2025-06-01,3,4,0,1.0,0.0,335,1.0,1.3333333333333333,1,1,65+,Q4 highest,9,25,0
C1239,Catherine Adams,Individual,F,USA,Oregon,1953-02-07,72,Home,3,No,Agency,0,0,0,4,1457041.08,364260.27,555539.4,179792.45,203446.92796287994,1114.2125,4456.85,323.4770957834436,4,2024-01-01,2025-09-01,4,4,0,1.0,0.0,609,1.0,1.0,1,1,65+,Q4 highest,9,37,0
C1240,Gloria Wright,Individual,F,USA,Nevada,1984-11-12,41,Investment,4,Yes,Website,1,1,0,3,1018594.4400000001,339531.48000000004,534650.14,140446.79,197131.5990227754,1104.51,3313.53,303.2518202383132,3,2024-04-01,2025-02-01,3,2,1,0.6666666666666666,0.3333333333333333,306,1.0,1.0,1,1,35-44,Q1 lowest,9,25,2
C1241,Danielle Martin,Individual,F,USA,California,1973-08-19,52,Home,1,No,Agency,0,0,0,4,1157084.5899999999,289271.14749999996,410171.8,187628.25,95206.95214591958,948.835,3795.34,307.65926372693644,4,2024-04-01,2024-11-01,4,4,0,1.0,0.0,214,1.0,1.0,1,1,45-54,Q2,9,8,0
C1242,Gerald Collins,Individual,M,USA,California,1961-09-22,64,Home,3,Yes,Website,1,0,0,3,1055842.78,351947.5933333333,424910.39,245885.21,93990.37581920948,1138.4233333333334,3415.27,310.2434888894541,3,2024-03-01,2024-12-01,3,3,0,1.0,0.0,275,1.0,1.0,1,1,55-64,Q2,9,8,2
C1243,Jeffrey Edwards,Individual,M,USA,Colorado,1948-10-04,77,Home,1,No,Website,0,0,0,4,1419502.04,354875.51,541890.18,253089.26,132374.7444596144,1246.6175,4986.47,283.8858539511572,4,2024-06-01,2025-06-01,4,4,0,1.0,0.0,365,1.0,1.0,1,1,65+,Q3,9,11,2
C1244,Joseph Phillips,Individual,M,USA,Utah,1992-06-10,33,Investment,5,Yes,Website,1,1,0,3,1438309.93,479436.6433333333,598240.7,378675.72,110888.95844926775,1513.17,4539.51,319.29948078252545,3,2024-03-01,2025-03-01,3,1,2,0.3333333333333333,0.6666666666666666,365,1.0,1.0,1,1,<35,Q3,9,48,2
C1245,Edward Reyes,Individual,M,USA,California,1963-02-10,62,Home,3,Yes,Agency,1,0,0,3,1422519.51,474173.17,500160.52,446463.88,26889.702394134085,1529.4633333333334,4588.39,312.9667282878813,3,2024-01-01,2025-10-01,3,3,0,1.0,0.0,639,1.0,1.0,1,1,55-64,Q3,9,8,0
C1246,Joyce Jackson,Individual,F,Canada,Alberta,1943-05-10,82,Home,2,No,Agency,0,0,0,3,859984.47,286661.49,360318.53,240057.11,64533.612132832015,980.8699999999999,2942.6099999999997,292.4466463907468,3,2024-04-01,2025-03-01,3,2,1,0.6666666666666666,0.3333333333333333,334,1.0,1.0,0,1,65+,Q1 lowest,2,0,0
C1247,Judy Moore,Individual,F,USA,Nevada,1957-04-09,68,Investment,2,No,Website,0,1,0,4,1774416.3199999998,443604.07999999996,544990.2,365818.56,75998.04362753377,1489.73,5958.92,300.7467525478454,4,2024-01-01,2025-04-01,4,4,0,1.0,0.0,456,1.0,1.0,1,1,65+,Q4 highest,9,25,2
C1248,Sara Scott,Individual,F,USA,Arizona,1976-07-04,49,Home,3,No,Agency,0,0,0,3,786895.89,262298.63,371938.81,164387.68,104271.51585339067,899.62,2698.86,292.3046935159251,3,2024-08-01,2025-02-01,3,3,0,1.0,0.0,184,1.0,1.0,1,1,45-54,Q1 lowest,9,1,0
C1249,Janet James,Individual,F,USA,California,1971-07-14,54,Investment,1,No,Website,0,1,0,4,1289938.6400000001,322484.66000000003,465116.85,207675.26,112381.38796444927,1146.0149999999999,4584.0599999999995,292.20520145045657,4,2024-08-01,2025-10-01,4,2,2,0.5,0.5,426,1.0,1.0,1,1,45-54,Q3,9,8,2
C1250,Jordan Stewart,Individual,M,USA,Nevada,1950-04-19,75,Home,5,No,Agency,0,0,0,3,1582661.61,527553.87,554882.17,513299.69,23674.355768814476,1674.54,5023.62,318.0400190315169,3,2024-05-01,2025-01-01,3,2,1,0.6666666666666666,0.3333333333333333,245,1.0,1.0,1,1,65+,Q4 highest,9,25,0
C1251,Aaron Thompson,Individual,M,USA,Texas,1975-11-01,50,Investment,5,No,Website,0,1,0,4,1246714.37,311678.5925,448815.67,220469.2,99852.49752175767,967.0,3868.0,325.50986668573245,4,2024-07-01,2025-07-01,3,2,2,0.5,0.5,365,1.0,1.3333333333333333,1,1,45-54,Q3,9,47,2
C1252,Margaret Cook,Individual,F,USA,Arizona,1962-02-27,63,Home,3,Yes,Website,1,0,0,3,1137673.55,379224.51666666666,513716.25,295574.91,117622.71225082736,1221.6766666666665,3665.0299999999997,314.4196861801559,3,2024-10-01,2025-10-01,3,3,0,1.0,0.0,365,1.0,1.0,1,1,55-64,Q2,9,1,2
C1253,Jason Flores,Individual,M,USA,California,1991-09-24,34,Home,2,No,Agency,0,0,0,3,767162.2200000001,255720.74000000002,378213.4,116092.04,131898.19840401007,814.3533333333334,2443.06,305.13823588122506,3,2024-05-01,2025-01-01,2,2,1,0.6666666666666666,0.3333333333333333,245,1.0,1.5,1,1,<35,Q1 lowest,9,8,0
C1254,Ethan Freeman,Individual,M,USA,California,1956-04-04,69,Home,5,Yes,Agency,1,0,0,4,1604050.8800000001,401012.72000000003,471923.26,267340.32,92906.13656225585,1279.9,5119.6,312.472453631792,4,2024-07-01,2025-04-01,4,4,0,1.0,0.0,274,1.0,1.0,1,1,65+,Q4 highest,9,8,0
C1255,Mark Patterson,Individual,M,USA,California,1999-09-15,26,Home,3,No,Agency,0,0,0,4,1105130.19,276282.5475,469476.95,173539.43,131735.30181499122,942.035,3768.14,298.30365394936996,4,2024-03-01,2025-05-01,4,3,1,0.75,0.25,426,1.0,1.0,1,1,<35,Q2,9,8,0
C1256,Triton Co,Company,F,USA,California,1972-02-18,53,Investment,4,No,Agency,0,1,1,3,1227293.02,409097.67333333334,483098.81,307624.42,90905.73844416112,1357.1933333333334,4071.58,305.6422156779153,3,2025-04-01,2025-10-01,3,2,1,0.6666666666666666,0.3333333333333333,183,1.0,1.0,1,1,45-54,Q3,9,8,0
C1257,Michael Scott,Individual,M,USA,California,1991-12-22,34,Home,5,Yes,Agency,1,0,0,3,850550.13,283516.71,426820.06,165624.19,132439.05518098088,893.3766666666667,2680.13,324.03085908911993,3,2024-03-01,2025-09-01,3,3,0,1.0,0.0,549,1.0,1.0,1,1,<35,Q1 lowest,9,8,0
C1258,Betty Stone,Individual,F,USA,Nevada,1969-06-22,56,Home,1,No,Website,0,0,0,4,1015636.19,253909.0475,364302.2,134549.97,99220.86969224314,821.355,3285.42,308.3410129428896,4,2024-08-01,2025-04-01,3,3,1,0.75,0.25,243,1.0,1.3333333333333333,1,1,55-64,Q1 lowest,9,25,2
C1259,William Edwards,Individual,M,USA,California,1971-02-19,54,Investment,3,Yes,Agency,1,1,0,4,1256766.51,314191.6275,464754.23,135427.72,162040.12618744394,1004.1575,4016.63,313.1328719668483,4,2024-05-01,2025-12-01,4,3,1,0.75,0.25,579,1.0,1.0,1,1,45-54,Q3,9,8,0
C1260,Elizabeth Ward,Individual,F,USA,California,1992-08-24,33,Home,2,No,Agency,0,0,0,4,1633449.34,408362.335,541416.84,261007.06,130138.54381307372,1423.1725,5692.69,292.1552017186309,4,2024-08-01,2025-12-01,3,3,1,0.75,0.25,487,1.0,1.3333333333333333,1,1,<35,Q4 highest,9,8,0
C1261,Patrick Kim,Individual,M,USA,Utah,1976-09-03,49,Home,3,No,Client,0,0,0,3,1491163.72,497054.5733333333,596435.43,418846.63,90667.8811135765,1504.28,4512.84,329.50647394430507,3,2025-02-01,2025-08-01,3,3,0,1.0,0.0,181,1.0,1.0,1,1,45-54,Q4 highest,9,48,1
C1262,Dorothy Evans,Individual,F,USA,California,1950-11-10,75,Investment,4,No,Agency,0,1,0,3,961425.37,320475.12333333335,443089.55,160112.49,145216.0440566845,1077.3233333333335,3231.9700000000003,291.4970216024968,3,2024-01-01,2025-02-01,3,3,0,1.0,0.0,397,1.0,1.0,1,1,65+,Q1 lowest,9,8,0
C1263,Lawrence Alexander,Individual,M,USA,California,1951-11-17,74,Investment,3,No,Agency,0,1,0,4,1975384.2000000002,493846.05000000005,599817.91,345685.38,106813.4254605556,1602.67,6410.68,306.38051030033876,4,2024-01-01,2025-10-01,4,4,0,1.0,0.0,639,1.0,1.0,1,1,65+,Q4 highest,9,8,0
C1264,Sarah Garcia,Individual,F,USA,California,1999-12-06,26,Investment,1,No,Agency,0,1,0,3,1287173.46,429057.82,564663.44,279490.72,143098.08611890094,1452.2633333333333,4356.79,305.40494135681024,3,2024-01-01,2024-10-01,3,2,1,0.6666666666666666,0.3333333333333333,274,1.0,1.0,1,1,<35,Q3,9,8,0
C1265,Gary White,Individual,M,USA,Washington,1943-03-24,82,Home,1,Yes,Agency,1,0,0,3,1070432.96,356810.98666666663,421254.04,302296.14,60097.1917714508,1325.71,3977.13,269.3053599047053,3,2024-04-01,2025-08-01,3,3,0,1.0,0.0,487,1.0,1.0,1,1,65+,Q2,9,53,0
C1266,Christopher Hughes,Individual,M,UK,England,1952-06-20,73,Home,2,No,Website,0,0,0,4,1204291.73,301072.9325,444502.63,138490.04,139310.85134557044,1101.9875,4407.95,273.05266723833233,4,2024-04-01,2025-10-01,3,4,0,1.0,0.0,548,1.0,1.3333333333333333,0,1,65+,Q2,8,12,2
C1267,Dorothy Peterson,Individual,F,USA,Colorado,1965-04-07,60,Home,3,Yes,Website,1,0,0,3,1399933.8800000001,466644.6266666667,555003.81,374108.25,90520.09508963433,1529.4633333333334,4588.39,303.8631917164992,3,2024-01-01,2024-12-01,2,3,0,1.0,0.0,335,1.0,1.5,1,1,55-64,Q3,9,11,2
C1268,Gloria Green,Individual,F,UK,Northern Ireland,1995-10-01,30,Investment,1,Yes,Website,1,1,0,3,968928.25,322976.0833333333,396573.07,189284.34,115977.10649249978,1003.3133333333334,3009.94,324.3330013936697,3,2024-01-01,2025-01-01,3,3,0,1.0,0.0,366,1.0,1.0,0,1,<35,Q1 lowest,8,31,2
C1269,Jack Bennett,Individual,M,USA,California,1964-09-28,61,Home,5,No,Website,0,0,0,3,1046535.0,348845.0,535553.54,240771.42,162362.91839140735,1169.0466666666669,3507.1400000000003,300.8931992785535,3,2024-04-01,2025-11-01,3,3,0,1.0,0.0,579,1.0,1.0,1,1,55-64,Q2,9,8,2
C1270,Cheryl Ward,Individual,F,USA,Texas,1978-10-18,47,Home,4,No,Agency,0,0,0,3,1310435.53,436811.8433333333,556733.5,359774.82,105249.69947195303,1465.92,4397.76,297.1370165750943,3,2024-05-01,2025-01-01,2,3,0,1.0,0.0,245,1.0,1.5,1,1,45-54,Q3,9,47,0
C1271,Noah Anderson,Individual,M,USA,California,1992-09-10,33,Home,2,Yes,Agency,1,0,0,4,1296911.85,324227.9625,477444.0,138775.59,156730.9917780446,1040.5175,4162.07,301.85823978883417,4,2024-09-01,2025-06-01,4,3,1,0.75,0.25,273,1.0,1.0,1,1,<35,Q3,9,8,0
C1272,Ryan Collins,Individual,M,France,Occitanie,1941-05-13,84,Home,1,Yes,Website,1,0,0,3,778830.7999999999,259610.26666666663,361880.91,159899.33,101015.11638605695,899.62,2698.86,289.1932404531524,3,2024-06-01,2025-04-01,3,3,0,1.0,0.0,304,1.0,1.0,0,1,65+,Q1 lowest,4,34,2
C1273,Gerald Jordan,Individual,M,Canada,Alberta,1968-05-13,57,Home,5,No,Website,0,0,0,3,1462080.32,487360.1066666667,584971.87,358930.28,116129.30238809252,1592.1233333333332,4776.37,303.63608223036954,3,2024-02-01,2025-12-01,3,3,0,1.0,0.0,669,1.0,1.0,0,1,55-64,Q4 highest,2,0,2
C1274,Linda Jones,Individual,F,USA,California,1979-07-09,46,Investment,1,Yes,Website,1,1,0,3,1038831.8500000001,346277.2833333334,514067.14,135401.82,192974.43682791677,1193.7733333333333,3581.32,299.1460353623706,3,2024-01-01,2025-11-01,3,3,0,1.0,0.0,670,1.0,1.0,1,1,45-54,Q2,9,8,2
C1275,Jessica Roberts,Individual,F,USA,Georgia,1969-02-26,56,Investment,1,No,Website,0,1,0,4,1737593.0,434398.25,567459.84,267056.16,156167.16443768132,1312.8225,5251.29,329.1616939102863,4,2024-01-01,2025-10-01,4,3,1,0.75,0.25,639,1.0,1.0,1,1,55-64,Q4 highest,9,15,2
C1276,Arthur Griffin,Individual,M,Australia,Victoria,1940-03-09,85,Home,1,Yes,Agency,1,0,0,3,1635917.97,545305.99,569679.58,523881.71,23040.942824487414,1754.9366666666667,5264.81,310.85377441242235,3,2024-07-01,2025-03-01,3,1,2,0.3333333333333333,0.6666666666666666,243,1.0,1.0,0,1,65+,Q4 highest,0,49,0
C1277,Lauren Griffin,Individual,F,USA,California,1981-04-01,44,Investment,2,No,Agency,0,1,0,3,1270250.68,423416.8933333333,534790.76,300501.51,117570.2688676684,1267.4066666666668,3802.2200000000003,341.3806389579295,3,2024-12-01,2025-12-01,3,2,1,0.6666666666666666,0.3333333333333333,365,1.0,1.0,1,1,35-44,Q3,9,8,0
C1278,Arthur Griffin,Individual,M,USA,Utah,1997-07-25,28,Home,4,No,Website,0,0,0,3,685587.81,228529.27000000002,366304.94,137774.09,121304.5020199609,791.0400000000001,2373.1200000000003,288.96790493337113,3,2024-05-01,2025-05-01,2,3,0,1.0,0.0,365,1.0,1.5,1,1,<35,Q1 lowest,9,48,2
C1279,Peter Martin,Individual,M,USA,California,1943-10-12,82,Home,4,Yes,Website,1,0,0,3,1278123.59,426041.1966666667,498957.88,332480.57,85136.96602223637,1366.5633333333335,4099.6900000000005,313.1094319023571,3,2024-05-01,2025-07-01,2,3,0,1.0,0.0,426,1.0,1.5,1,1,65+,Q3,9,8,2
C1280,Jacob Bennett,Individual,M,USA,Texas,1953-09-19,72,Home,2,Yes,Website,1,0,0,3,1295836.68,431945.56,522661.73,325187.7,99709.57824929508,1445.2933333333333,4335.88,305.86676104336146,3,2024-07-01,2025-06-01,3,3,0,1.0,0.0,335,1.0,1.0,1,1,65+,Q3,9,47,2
C1281,Deborah Edwards,Individual,F,Canada,Manitoba,1998-06-12,27,Investment,2,Yes,Website,1,1,0,3,889312.14,296437.38,372974.76,150326.78,126583.3932844131,899.9899999999999,2699.97,318.30616978040996,3,2024-02-01,2025-10-01,3,3,0,1.0,0.0,608,1.0,1.0,0,1,<35,Q1 lowest,2,22,2
C1282,Ashley Taylor,Individual,F,USA,Colorado,1996-05-18,29,Investment,3,Yes,Agency,1,1,0,4,1302998.6,325749.65,387508.03,231932.27,66316.61775868853,1155.47,4621.88,289.6247087677826,4,2024-03-01,2025-09-01,3,4,0,1.0,0.0,549,1.0,1.3333333333333333,1,1,<35,Q3,9,11,0
C1283,Janice Collins,Individual,F,USA,New York,1945-11-08,80,Home,3,No,Agency,0,0,0,4,1479050.94,369762.735,705490.95,163296.22,248139.16025951545,1185.59,4742.36,301.009826635721,4,2024-01-01,2025-05-01,4,2,2,0.5,0.5,486,1.0,1.0,1,1,65+,Q4 highest,9,27,0
C1284,Patrick Bennett,Individual,M,USA,California,1955-10-16,70,Home,2,No,Website,0,0,0,4,1443865.51,360966.3775,575967.88,212299.67,161756.15962492154,1111.6475,4446.59,317.99538178504724,4,2024-08-01,2025-12-01,3,3,1,0.75,0.25,487,1.0,1.3333333333333333,1,1,65+,Q4 highest,9,8,2
C1285,Steven Cox,Individual,M,USA,Utah,1954-03-02,71,Home,4,Yes,Website,1,0,0,3,1609592.58,536530.86,634786.2,411162.25,114250.88538374788,1680.5266666666666,5041.58,317.97700810134893,3,2024-06-01,2025-11-01,3,2,1,0.6666666666666666,0.3333333333333333,518,1.0,1.0,1,1,65+,Q4 highest,9,48,2
C1286,Stephen Evans,Individual,M,USA,California,1963-07-10,62,Home,5,No,Agency,0,0,0,3,1203306.91,401102.3033333333,558250.19,245818.42,156224.2254186374,1192.5933333333332,3577.7799999999997,332.2095544408267,3,2024-05-01,2025-03-01,3,3,0,1.0,0.0,304,1.0,1.0,1,1,55-64,Q2,9,8,0
C1287,Diane Hughes,Individual,F,USA,California,1998-04-07,27,Investment,4,No,Website,0,1,0,3,843581.37,281193.79,473066.31,155535.1,168803.79377688078,901.6266666666667,2704.88,308.4147183841683,3,2025-05-01,2025-10-01,3,1,2,0.3333333333333333,0.6666666666666666,153,1.0,1.0,1,1,<35,Q1 lowest,9,8,2
C1288,Sean Cooper,Individual,M,Belgium,Wallonia,1941-01-20,84,Home,3,No,Agency,0,0,0,3,971136.6900000001,323712.23000000004,408970.7,255065.59,78285.76111266788,1155.4633333333334,3466.39,277.8947408503251,3,2024-06-01,2025-12-01,3,3,0,1.0,0.0,548,1.0,1.0,0,1,65+,Q1 lowest,1,52,0
C1289,Samuel Freeman,Individual,M,Mexico,Jalisco,1973-07-26,52,Investment,1,Yes,Agency,1,1,0,4,1076161.8599999999,269040.46499999997,501437.39,157806.81,158894.19104723548,854.58,3418.32,305.854787325517,4,2024-05-01,2025-07-01,4,4,0,1.0,0.0,426,1.0,1.0,0,1,45-54,Q2,6,19,0
C1290,Teresa Long,Individual,F,USA,Washington,1973-10-24,52,Home,3,Yes,Website,1,0,0,4,1332432.9100000001,333108.22750000004,498675.17,214449.4,135595.60813947805,1195.1875,4780.75,270.47420585362784,4,2024-08-01,2025-12-01,4,4,0,1.0,0.0,487,1.0,1.0,1,1,45-54,Q3,9,53,2
C1291,Paul Johnson,Individual,M,USA,California,1983-11-09,42,Investment,5,Yes,Website,1,1,0,3,1123403.46,374467.82,493844.01,292085.01,105844.49037677069,1240.6066666666666,3721.8199999999997,299.60436198853193,3,2024-03-01,2025-04-01,3,3,0,1.0,0.0,396,1.0,1.0,1,1,35-44,Q2,9,8,2
C1292,Jordan Evans,Individual,M,USA,Texas,1977-05-22,48,Investment,5,Yes,Website,1,1,0,4,1099365.94,274841.485,398499.79,175097.75,92273.00047739407,1000.415,4001.66,274.33317746180415,4,2024-09-01,2025-08-01,4,3,1,0.75,0.25,334,1.0,1.0,1,1,45-54,Q2,9,47,2
C1293,Anna Wright,Individual,F,USA,California,1972-08-01,53,Home,1,No,Agency,0,0,0,4,1853570.08,463392.52,545279.84,359308.65,84098.20953459076,1552.15,6208.6,298.7271183873049,4,2024-06-01,2025-04-01,4,3,1,0.75,0.25,304,1.0,1.0,1,1,45-54,Q4 highest,9,8,0
C1294,Henry Davis,Individual,M,Canada,Ontario,1963-02-09,62,Investment,3,Yes,Agency,1,1,0,3,1220533.28,406844.4266666667,466941.91,345739.94,60607.25967039948,1371.6133333333335,4114.84,297.3926954853702,3,2024-03-01,2024-08-01,2,3,0,1.0,0.0,153,1.0,1.5,0,1,55-64,Q2,2,36,0
C1295,Anna Bryant,Individual,F,USA,California,1992-04-21,33,Investment,1,Yes,Website,1,1,0,4,1478836.57,369709.1425,555296.53,253232.44,132758.83806258888,1202.2649999999999,4809.0599999999995,304.8354152752629,4,2024-02-01,2024-06-01,4,4,0,1.0,0.0,121,1.0,1.0,1,1,<35,Q4 highest,9,8,2
C1296,Keith Hughes,Individual,M,USA,Virginia,1963-06-02,62,Home,1,No,Website,0,0,0,3,1025127.71,341709.23666666663,398516.06,234587.05,92827.2962033207,1089.46,3268.38,311.53304235834355,3,2024-03-01,2024-08-01,3,2,1,0.6666666666666666,0.3333333333333333,153,1.0,1.0,1,1,55-64,Q1 lowest,9,50,2
C1297,Vertex Co,Company,M,Germany,Berlin,1983-09-06,42,Home,5,No,Website,0,0,1,3,1169866.19,389955.39666666667,475302.44,242719.06,128048.70415209453,1267.4066666666668,3802.2200000000003,309.0064273458236,3,2024-01-01,2025-11-01,3,2,1,0.6666666666666666,0.3333333333333333,670,1.0,1.0,0,1,35-44,Q2,5,4,2
C1298,Margaret Taylor,Individual,F,USA,California,1968-08-04,57,Home,2,No,Agency,0,0,0,4,1571360.11,392840.0275,531754.05,162549.19,166909.0291972591,1276.8225,5107.29,307.0306964319474,4,2024-03-01,2025-10-01,4,4,0,1.0,0.0,579,1.0,1.0,1,1,55-64,Q4 highest,9,8,0
C1299,Karen James,Individual,F,USA,California,1944-05-05,81,Investment,3,No,Website,0,1,0,3,1296600.42,432200.13999999996,592203.73,241453.85,177384.34198787418,1440.1933333333334,4320.58,300.4144260558383,3,2024-05-01,2024-07-01,2,3,0,1.0,0.0,61,1.0,1.5,1,1,65+,Q3,9,8,2
C1300,Judith Collins,Individual,F,USA,California,1961-01-06,64,Home,2,No,Website,0,0,0,3,1428770.88,476256.95999999996,608055.99,263088.1,186323.63835121595,1451.5366666666669,4354.610000000001,327.8824297941291,3,2024-05-01,2025-05-01,3,1,2,0.3333333333333333,0.6666666666666666,365,1.0,1.0,1,1,55-64,Q3,9,8,2
C1301,Benjamin Hayes,Individual,M,USA,Virginia,1955-12-17,70,Home,2,No,Agency,0,0,0,3,742139.88,247379.96,361857.17,143209.81,109687.48161538353,851.8699999999999,2555.6099999999997,293.7312978586513,3,2024-01-01,2024-08-01,3,2,1,0.6666666666666666,0.3333333333333333,213,1.0,1.0,1,1,65+,Q1 lowest,9,50,0
C1302,Jerry Anderson,Individual,M,USA,Arizona,1996-04-19,29,Investment,5,No,Website,0,1,0,4,1709532.6,427383.15,562560.39,162561.81,180098.21854920295,1486.3274999999999,5945.3099999999995,284.1023184671226,4,2024-06-01,2024-09-01,3,3,1,0.75,0.25,92,1.0,1.3333333333333333,1,1,<35,Q4 highest,9,1,2
C1303,Christian Miller,Individual,M,USA,Arizona,1962-08-22,63,Home,3,Yes,Website,1,0,0,3,979418.98,326472.99333333335,461029.16,167625.61,148202.4230352218,1106.3533333333332,3319.06,299.57634677232915,3,2024-08-01,2025-07-01,2,3,0,1.0,0.0,334,1.0,1.5,1,1,55-64,Q1 lowest,9,1,2
C1304,Angela Cook,Individual,F,USA,California,1985-06-08,40,Investment,1,No,Website,0,1,0,3,965747.81,321915.9366666667,399943.02,264804.47,69955.01547019942,1049.3799999999999,3148.14,306.67764956984564,3,2024-01-01,2025-04-01,2,3,0,1.0,0.0,456,1.0,1.5,1,1,35-44,Q1 lowest,9,8,2
C1305,Catherine Anderson,Individual,F,USA,Georgia,1978-09-17,47,Home,4,No,Website,0,0,0,4,1034190.9,258547.725,354247.08,161146.12,83262.88346057426,853.07,3412.28,299.27468051423875,4,2024-11-01,2025-10-01,4,4,0,1.0,0.0,334,1.0,1.0,1,1,45-54,Q2,9,15,2
C1306,Kathleen Morales,Individual,F,USA,Washington,1948-03-18,77,Home,5,No,Website,0,0,0,3,967094.76,322364.92,448817.69,142513.06,159981.9636692846,1090.7733333333333,3272.3199999999997,290.93227144910253,3,2024-05-01,2025-05-01,2,2,1,0.6666666666666666,0.3333333333333333,365,1.0,1.5,1,1,65+,Q1 lowest,9,53,2
C1307,Rachel Rogers,Individual,F,USA,Colorado,1993-02-14,32,Home,5,No,Agency,0,0,0,3,920439.02,306813.00666666665,357710.2,245895.64,56576.734283810816,1012.96,3038.88,304.6236470594258,3,2024-08-01,2025-11-01,3,3,0,1.0,0.0,457,1.0,1.0,1,1,<35,Q1 lowest,9,11,0
C1308,Timothy Sanders,Individual,M,USA,California,2000-03-04,25,Investment,5,No,Agency,0,1,0,4,1363559.13,340889.7825,599958.23,207424.44,176166.27488526408,1042.1975,4168.79,319.931721150569,4,2024-10-01,2025-12-01,4,3,1,0.75,0.25,426,1.0,1.0,1,1,<35,Q3,9,8,0
C1309,David Reyes,Individual,M,USA,California,1999-12-06,26,Home,5,No,Website,0,0,0,3,1460171.4100000001,486723.8033333334,541188.53,447127.24,48761.44255245157,1674.54,5023.62,290.92731892630866,3,2024-05-01,2025-07-01,3,3,0,1.0,0.0,426,1.0,1.0,1,1,<35,Q4 highest,9,8,2
C1310,Ann Roberts,Individual,F,USA,New York,1955-05-04,70,Home,5,No,Agency,0,0,0,4,1244334.1400000001,311083.53500000003,411257.15,200311.05,86419.302261873,1077.195,4308.78,291.1520688348928,4,2024-01-01,2024-12-01,4,4,0,1.0,0.0,335,1.0,1.0,1,1,65+,Q3,9,27,0
C1311,Christopher Ward,Individual,M,UK,England,1940-08-14,85,Home,4,Yes,Client,1,0,0,3,1352275.6400000001,450758.5466666667,660723.3,200210.26,232923.44747979697,1330.2166666666667,3990.65,326.23548483949776,3,2024-01-01,2025-08-01,3,3,0,1.0,0.0,578,1.0,1.0,0,1,65+,Q3,8,12,1
C1312,Timothy Stone,Individual,M,USA,New York,1942-09-03,83,Home,5,No,Website,0,0,0,3,786877.06,262292.35333333333,375142.73,187358.7,99468.43173596651,801.46,2404.38,329.94846757785575,3,2024-01-01,2025-05-01,3,3,0,1.0,0.0,486,1.0,1.0,1,1,65+,Q1 lowest,9,27,2
C1313,Heather Reed,Individual,F,Australia,Western Australia,1972-03-17,53,Investment,3,No,Website,0,1,0,3,997579.61,332526.5366666667,408030.78,216600.53,101915.77094344934,1138.4233333333334,3415.27,289.73778648242074,3,2024-07-01,2025-09-01,3,3,0,1.0,0.0,427,1.0,1.0,0,1,45-54,Q1 lowest,0,54,2
C1314,Rachel Miller,Individual,F,USA,Arizona,1964-09-17,61,Home,3,No,Website,0,0,0,3,803329.23,267776.41,446138.39,154701.24,156303.1630198593,1037.11,3111.33,261.0676098183861,3,2024-01-01,2024-12-01,3,3,0,1.0,0.0,335,1.0,1.0,1,1,55-64,Q1 lowest,9,1,2
C1315,Joshua Garcia,Individual,M,USA,Colorado,1948-12-24,77,Home,3,No,Agency,0,0,0,3,1066308.48,355436.16,500985.77,211606.59,144697.25760210282,1136.21,3408.63,307.1590436536374,3,2024-04-01,2025-09-01,3,3,0,1.0,0.0,518,1.0,1.0,1,1,65+,Q2,9,11,0
C1316,Emma King,Individual,F,USA,Colorado,1993-05-09,32,Home,2,Yes,Website,1,0,0,4,1238162.97,309540.7425,476167.41,205486.74,117864.71832934268,1052.8325,4211.33,300.45395318273955,4,2024-03-01,2025-12-01,4,4,0,1.0,0.0,640,1.0,1.0,1,1,<35,Q3,9,11,2
C1317,Atlas Co,Company,M,USA,Utah,1973-11-27,52,Home,2,Yes,Website,1,0,1,3,1315200.12,438400.04000000004,510290.62,296670.36,122745.7892851091,1460.493333333333,4381.48,296.24345786098615,3,2024-08-01,2025-03-01,2,3,0,1.0,0.0,212,1.0,1.5,1,1,45-54,Q3,9,48,2
C1318,William Montgomery,Individual,M,USA,Texas,1943-01-18,82,Home,1,No,Website,0,0,0,4,1423923.98,355980.995,453584.44,231332.06,113112.97815729355,1169.615,4678.46,300.3757528149411,4,2024-02-01,2025-04-01,4,3,1,0.75,0.25,425,1.0,1.0,1,1,65+,Q3,9,47,2
C1319,Grace James,Individual,F,USA,Florida,1954-08-17,71,Home,3,Yes,Client,1,0,0,4,1424704.13,356176.0325,477046.12,218343.57,106421.47620972605,1227.645,4910.58,290.8809401794673,4,2024-05-01,2025-03-01,4,4,0,1.0,0.0,304,1.0,1.0,1,1,65+,Q3,9,14,1
C1320,Peter Reyes,Individual,M,USA,California,1969-05-03,56,Investment,1,No,Website,0,1,0,3,1077693.04,359231.01333333337,429318.55,278539.81,75946.59583602304,1129.1766666666665,3387.5299999999997,323.8048741477655,3,2024-03-01,2024-11-01,3,3,0,1.0,0.0,245,1.0,1.0,1,1,55-64,Q2,9,8,2
C1321,Christopher Reed,Individual,M,USA,Colorado,1990-09-11,35,Investment,5,No,Client,0,1,0,3,787847.37,262615.79,334266.66,200227.78,67497.82047924436,853.8133333333334,2561.44,304.56986247039276,3,2024-02-01,2024-07-01,3,3,0,1.0,0.0,151,1.0,1.0,1,1,35-44,Q1 lowest,9,11,1
C1322,Barbara Reyes,Individual,F,USA,California,1994-12-26,31,Home,5,No,Agency,0,0,0,3,1094026.3399999999,364675.4466666666,461651.6,244393.48,110488.20470000284,1255.1200000000001,3765.36,292.15441842982426,3,2024-06-01,2025-04-01,3,3,0,1.0,0.0,304,1.0,1.0,1,1,<35,Q2,9,8,0
C1323,Nicholas Moore,Individual,M,USA,Utah,1963-07-28,62,Home,3,No,Website,0,0,0,4,1180654.6,295163.65,496038.87,155811.47,149317.71070988907,975.4225,3901.69,298.6410425683013,4,2024-10-01,2025-10-01,4,4,0,1.0,0.0,365,1.0,1.0,1,1,55-64,Q2,9,48,2
C1324,Carl Edwards,Individual,M,USA,Arizona,1992-04-21,33,Investment,2,Yes,Agency,1,1,0,3,1323306.51,441102.17,487388.83,409681.61,40931.08484928783,1471.6200000000001,4414.860000000001,300.30225741864166,3,2024-06-01,2025-09-01,3,3,0,1.0,0.0,457,1.0,1.0,1,1,<35,Q3,9,1,0
C1325,George Jones,Individual,M,Canada,Alberta,1974-12-09,51,Home,5,Yes,Agency,1,0,0,4,1380292.56,345073.14,448348.86,234934.93,87788.61595972565,1098.1675,4392.67,320.3033579820976,4,2024-05-01,2025-06-01,4,4,0,1.0,0.0,396,1.0,1.0,0,1,45-54,Q3,2,0,0
C1326,Brandon Mitchell,Individual,M,USA,Colorado,1944-05-22,81,Investment,4,No,Website,0,1,0,4,1489578.01,372394.5025,578726.68,231059.65,171200.898825744,1239.145,4956.58,300.06743547413544,4,2024-08-01,2025-02-01,3,3,1,0.75,0.25,184,1.0,1.3333333333333333,1,1,65+,Q4 highest,9,11,2
C1327,Betty Carter,Individual,F,USA,California,1993-05-14,32,Home,4,Yes,Website,1,0,0,3,664017.81,221339.27000000002,294967.99,177455.16,64155.06738903249,775.5666666666666,2326.7,292.82933553308914,3,2024-03-01,2025-06-01,3,3,0,1.0,0.0,457,1.0,1.0,1,1,<35,Q1 lowest,9,8,2
C1328,Sandra Cooper,Individual,F,USA,Washington,1956-07-23,69,Home,4,No,Website,0,0,0,4,1337283.29,334320.8225,477048.94,121543.19,152815.44969742128,1173.8125,4695.25,284.79646614467947,4,2024-12-01,2025-12-01,4,4,0,1.0,0.0,365,1.0,1.0,1,1,65+,Q3,9,53,2
C1329,Scott Parker,Individual,M,USA,California,1968-04-28,57,Investment,3,Yes,Agency,1,1,0,3,1041797.56,347265.85333333333,457406.52,202671.27,130815.96301061977,1127.1499999999999,3381.45,301.08908711795453,3,2024-03-01,2024-12-01,3,3,0,1.0,0.0,275,1.0,1.0,1,1,55-64,Q2,9,8,0
C1330,Kelly James,Individual,F,USA,Colorado,1975-05-02,50,Investment,2,No,Agency,0,1,0,4,835096.87,208774.2175,237035.97,192486.8,21192.663181249587,699.545,2798.18,299.70040435410067,4,2024-04-01,2025-01-01,4,3,1,0.75,0.25,275,1.0,1.0,1,1,45-54,Q1 lowest,9,11,0
C1331,Christina Bennett,Individual,F,USA,California,1986-10-06,39,Investment,1,No,Agency,0,1,0,3,1047958.11,349319.37,512206.73,219128.51,149249.81270936187,1113.29,3339.87,314.860411129258,3,2024-10-01,2025-11-01,3,0,3,0.0,1.0,396,1.0,1.0,1,1,35-44,Q2,9,8,0
C1332,Michael Howard,Individual,M,USA,Washington,1995-12-11,30,Investment,5,Yes,Agency,1,1,0,3,1227353.63,409117.87666666665,463019.11,377248.32,46938.29126485574,1350.4933333333333,4051.48,305.320634007784,3,2024-02-01,2024-08-01,3,3,0,1.0,0.0,182,1.0,1.0,1,1,<35,Q3,9,53,0
C1333,Jack Hansen,Individual,M,USA,Nevada,1988-03-27,37,Investment,2,Yes,Website,1,1,0,4,1364310.45,341077.6125,521531.29,155369.51,163816.29132584875,1146.9925,4587.97,293.01872950107156,4,2024-04-01,2024-12-01,3,3,1,0.75,0.25,244,1.0,1.3333333333333333,1,1,35-44,Q3,9,25,2
C1334,Victoria Nelson,Individual,F,USA,California,1965-12-08,60,Home,5,Yes,Agency,1,0,0,4,1906641.78,476660.445,586460.03,350292.46,97876.12371900327,1552.15,6208.6,306.4526823583849,4,2024-04-01,2025-12-01,4,3,1,0.75,0.25,609,1.0,1.0,1,1,55-64,Q4 highest,9,8,0
C1335,Elizabeth Hall,Individual,F,USA,Oregon,1982-05-01,43,Investment,2,Yes,Website,1,1,0,3,1001510.5800000001,333836.86000000004,565457.28,195270.55,201875.83884145797,1070.1933333333334,3210.58,306.6020443465909,3,2024-04-01,2025-05-01,3,3,0,1.0,0.0,395,1.0,1.0,1,1,35-44,Q1 lowest,9,37,2
C1336,Joyce Thompson,Individual,F,USA,California,1948-12-09,77,Home,5,No,Client,0,0,0,4,1371591.4,342897.85,469331.42,175837.18,128371.88347248085,1182.3725,4729.49,294.8303500368349,4,2024-06-01,2025-07-01,4,3,1,0.75,0.25,395,1.0,1.0,1,1,65+,Q3,9,8,1
C1337,Jennifer Johnson,Individual,F,USA,California,1953-09-20,72,Investment,5,No,Website,0,1,0,4,1310989.71,327747.4275,472750.27,213999.9,114335.39037579234,1073.905,4295.62,303.425307452761,4,2024-07-01,2025-02-01,4,3,1,0.75,0.25,215,1.0,1.0,1,1,65+,Q3,9,8,2
C1338,Christine James,Individual,F,USA,California,1968-12-01,57,Home,2,Yes,Website,1,0,0,3,1096818.64,365606.2133333333,596755.57,238111.34,200535.80693830823,1169.0466666666669,3507.1400000000003,307.751875840346,3,2024-03-01,2025-04-01,2,3,0,1.0,0.0,396,1.0,1.5,1,1,55-64,Q2,9,8,2
C1339,Rexon Co,Company,M,USA,Nevada,1961-02-24,64,Home,4,Yes,Website,1,0,1,4,1532340.63,383085.1575,480760.06,222588.56,118500.35042441924,1338.9,5355.6,290.9089417657924,4,2024-03-01,2025-08-01,4,3,1,0.75,0.25,518,1.0,1.0,1,1,55-64,Q4 highest,9,25,2
C1340,Forsyte Co,Company,M,USA,Colorado,1988-12-05,37,Home,5,No,Website,0,0,1,4,1746049.93,436512.4825,528732.35,292852.5,101164.39591975408,1421.4650000000001,5685.860000000001,306.7401245691841,4,2024-06-01,2025-12-01,4,3,1,0.75,0.25,548,1.0,1.0,1,1,35-44,Q4 highest,9,11,2
C1341,Julie Cox,Individual,F,USA,Colorado,1952-09-23,73,Home,5,Yes,Website,1,0,0,3,756694.8300000001,252231.61000000002,432814.05,137803.15,158240.7014079589,952.2633333333333,2856.79,270.53927769192296,3,2024-02-01,2024-11-01,3,3,0,1.0,0.0,274,1.0,1.0,1,1,65+,Q1 lowest,9,11,2
C1342,Maria Griffin,Individual,F,USA,California,1964-02-21,61,Home,1,Yes,Agency,1,0,0,3,922722.19,307574.0633333333,392025.92,176372.47,115177.06383229098,1003.3133333333334,3009.94,307.87871084804675,3,2024-03-01,2025-01-01,3,3,0,1.0,0.0,306,1.0,1.0,1,1,55-64,Q1 lowest,9,8,0
C1343,Megan Turner,Individual,F,Canada,Ontario,1995-03-13,30,Home,5,No,Agency,0,0,0,3,1005148.6399999999,335049.54666666663,503297.17,229781.3,147232.9249843785,1161.5433333333333,3484.63,289.85841278382395,3,2024-06-01,2025-10-01,3,3,0,1.0,0.0,487,1.0,1.0,0,1,<35,Q1 lowest,2,36,0
C1344,Carl Phillips,Individual,M,USA,Florida,1974-05-24,51,Home,1,No,Agency,0,0,0,4,1319490.92,329872.73,531318.81,151275.21,159039.5542224437,1139.4675,4557.87,289.83749201743683,4,2024-06-01,2025-10-01,3,4,0,1.0,0.0,487,1.0,1.3333333333333333,1,1,45-54,Q3,9,14,0
C1345,Mary Parker,Individual,F,USA,Texas,1956-04-25,69,Home,5,No,Website,0,0,0,3,942467.41,314155.80333333334,476279.51,229822.2,140441.36337121992,1049.3066666666666,3147.92,295.62836927054275,3,2024-01-01,2025-09-01,3,2,1,0.6666666666666666,0.3333333333333333,609,1.0,1.0,1,1,65+,Q1 lowest,9,47,2
C1346,Triton Co,Company,F,USA,Colorado,1987-03-18,38,Investment,4,No,Agency,0,1,1,3,1037623.3900000001,345874.4633333334,402065.13,251330.42,82361.84994278256,1088.5866666666668,3265.76,320.6485349916175,3,2024-01-01,2024-04-01,2,1,2,0.3333333333333333,0.6666666666666666,91,1.0,1.5,1,1,35-44,Q2,9,11,0
C1347,Mark James,Individual,M,USA,Washington,1956-02-13,69,Home,2,No,Client,0,0,0,3,1001705.48,333901.82666666666,375916.09,264187.44,60797.16631732959,1090.9466666666667,3272.84,309.31487016254704,3,2024-04-01,2025-02-01,3,3,0,1.0,0.0,306,1.0,1.0,1,1,65+,Q1 lowest,9,53,1
C1348,Peter Harris,Individual,M,USA,Oregon,1998-07-16,27,Home,4,Yes,Client,1,0,0,3,1021309.9299999999,340436.6433333333,398340.41,298413.06,51821.8485441308,1186.05,3558.1499999999996,287.7346955860514,3,2025-04-01,2025-09-01,3,3,0,1.0,0.0,153,1.0,1.0,1,1,<35,Q1 lowest,9,37,1
C1349,Joyce Johnson,Individual,F,USA,Virginia,1982-02-14,43,Investment,3,No,Website,0,1,0,3,773186.34,257728.78,313612.06,214050.49,50890.54814885866,952.0733333333334,2856.2200000000003,273.63708542091894,3,2024-07-01,2025-01-01,2,2,1,0.6666666666666666,0.3333333333333333,184,1.0,1.5,1,1,35-44,Q1 lowest,9,50,2
C1350,Julia King,Individual,F,Germany,Hamburg,1991-05-17,34,Home,5,No,Website,0,0,0,4,743296.88,185824.22,213732.45,160847.73,21767.53054341565,632.215,2528.86,294.8533286176711,4,2024-09-01,2025-09-01,4,4,0,1.0,0.0,365,1.0,1.0,0,1,<35,Q1 lowest,5,16,2
C1351,Judith Long,Individual,F,Australia,South Australia,1987-06-24,38,Home,2,No,Client,0,0,0,4,1400457.41,350114.3525,482951.02,260656.65,94418.12979066341,1234.8075000000001,4939.2300000000005,288.6164119503805,4,2024-01-01,2025-11-01,4,4,0,1.0,0.0,670,1.0,1.0,0,1,35-44,Q3,0,44,1
C1352,Benjamin Gray,Individual,M,USA,California,1989-03-16,36,Home,2,Yes,Agency,1,0,0,3,1535963.18,511987.7266666666,629513.2,415621.37,108504.42340647883,1635.6233333333332,4906.87,311.06421416171185,3,2024-03-01,2025-07-01,3,2,1,0.6666666666666666,0.3333333333333333,487,1.0,1.0,1,1,35-44,Q4 highest,9,8,0
C1353,Debra Jackson,Individual,F,Canada,Alberta,1997-10-15,28,Home,1,No,Agency,0,0,0,3,532598.24,177532.74666666667,256968.41,133442.26,68932.13016187759,564.01,1692.03,308.89892717930564,3,2024-06-01,2025-02-01,3,3,0,1.0,0.0,245,1.0,1.0,0,1,<35,Q1 lowest,2,0,0
C1354,Patrick Johnson,Individual,M,USA,Florida,1941-04-09,84,Home,5,No,Website,0,0,0,3,1545799.94,515266.64666666667,693830.82,389622.67,158858.61652121556,1685.2766666666666,5055.83,301.367849241984,3,2025-01-01,2025-12-01,2,2,1,0.6666666666666666,0.3333333333333333,334,1.0,1.5,1,1,65+,Q4 highest,9,14,2
C1355,Shirley Owens,Individual,F,USA,California,1966-11-22,59,Investment,2,Yes,Client,1,1,0,3,1245446.7799999998,415148.9266666666,565996.94,252295.18,157195.1073711511,1523.6933333333334,4571.08,277.206870923407,3,2025-05-01,2025-11-01,2,2,1,0.6666666666666666,0.3333333333333333,184,1.0,1.5,1,1,55-64,Q3,9,8,1
C1356,Jonathan Morales,Individual,M,USA,Oregon,1994-03-26,31,Investment,4,No,Agency,0,1,0,3,1490237.62,496745.87333333335,615554.68,353628.52,132644.28899832265,1648.5966666666666,4945.79,300.76576021619985,3,2024-05-01,2025-06-01,3,3,0,1.0,0.0,396,1.0,1.0,1,1,<35,Q4 highest,9,37,0
C1357,Danielle Patterson,Individual,F,USA,California,1987-03-01,38,Home,5,Yes,Website,1,0,0,3,1077383.54,359127.8466666667,617600.77,174422.08,230614.4680403691,1104.51,3313.53,320.9627754281345,3,2024-07-01,2025-04-01,3,3,0,1.0,0.0,274,1.0,1.0,1,1,35-44,Q2,9,8,2
C1358,Gregory Taylor,Individual,M,USA,Texas,1943-01-05,82,Home,4,No,Agency,0,0,0,3,965180.83,321726.9433333333,442609.68,139220.68,160808.3194656857,1078.7866666666666,3236.3599999999997,295.3570386561734,3,2024-12-01,2025-12-01,3,2,1,0.6666666666666666,0.3333333333333333,365,1.0,1.0,1,1,65+,Q1 lowest,9,47,0
C1359,Gary Owens,Individual,M,USA,Virginia,1975-07-25,50,Home,3,No,Agency,0,0,0,4,1381335.3,345333.825,558406.39,240718.43,146869.55959917823,1093.05,4372.2,310.61690685222595,4,2024-03-01,2024-07-01,4,4,0,1.0,0.0,122,1.0,1.0,1,1,45-54,Q3,9,50,0
C1360,Billy Nelson,Individual,M,USA,Virginia,1990-11-27,35,Home,4,No,Agency,0,0,0,3,1001006.54,333668.8466666667,490050.27,198493.91,146930.47359778718,1111.2966666666666,3333.89,299.83423564259164,3,2024-06-01,2025-11-01,3,3,0,1.0,0.0,518,1.0,1.0,1,1,35-44,Q1 lowest,9,50,0
C1361,Ashley Owens,Individual,F,USA,California,1943-07-21,82,Home,3,No,Client,0,0,0,4,1529260.3,382315.075,425691.8,314592.39,49436.06512926805,1296.5625,5186.25,298.72811827632455,4,2024-01-01,2024-07-01,3,3,1,0.75,0.25,182,1.0,1.3333333333333333,1,1,65+,Q4 highest,9,8,1
C1362,Laura Jordan,Individual,F,USA,California,1965-04-13,60,Investment,1,Yes,Agency,1,1,0,4,993131.84,248282.96,443196.31,153410.17,131830.0150749942,894.905,3579.62,288.1338062523594,4,2024-02-01,2025-07-01,4,4,0,1.0,0.0,516,1.0,1.0,1,1,55-64,Q1 lowest,9,8,0
C1363,James Stone,Individual,M,USA,Georgia,1981-06-04,44,Home,5,Yes,Agency,1,0,0,4,1109919.3599999999,277479.83999999997,468875.36,162372.88,132662.1180726598,942.035,3768.14,298.65794388005617,4,2024-01-01,2025-04-01,4,3,1,0.75,0.25,456,1.0,1.0,1,1,35-44,Q2,9,15,0
C1364,Andrea Watson,Individual,F,USA,California,1998-12-23,27,Investment,1,No,Website,0,1,0,4,1201578.93,300394.7325,375792.14,136913.45,110876.98390280084,1120.62,4482.48,267.8716477111817,4,2024-01-01,2024-09-01,4,4,0,1.0,0.0,244,1.0,1.0,1,1,<35,Q2,9,8,2
C1365,Tiffany Sanders,Individual,F,Belgium,Brussels,1969-03-16,56,Investment,5,Yes,Website,1,1,0,4,1443894.02,360973.505,549656.89,191700.01,159166.0729274428,1260.0625,5040.25,288.78153177318814,4,2025-04-01,2025-06-01,2,4,0,1.0,0.0,61,1.0,2.0,0,1,55-64,Q4 highest,1,7,2
C1366,George Thompson,Individual,M,USA,California,1995-07-27,30,Home,1,No,Website,0,0,0,3,1488525.13,496175.0433333333,568157.47,407646.04,81524.97586445908,1678.6133333333335,5035.84,295.09422620894026,3,2024-03-01,2024-11-01,3,3,0,1.0,0.0,245,1.0,1.0,1,1,<35,Q4 highest,9,8,2
C1367,Stephanie Jordan,Individual,F,Germany,Berlin,1953-01-11,72,Home,2,No,Client,0,0,0,3,1035889.5,345296.5,511596.53,247507.53,144762.12898058907,1124.5,3373.5,313.19543331816163,3,2024-02-01,2025-04-01,3,2,1,0.6666666666666666,0.3333333333333333,425,1.0,1.0,0,1,65+,Q2,5,4,1
C1368,Jose Gray,Individual,M,USA,California,1947-11-22,78,Home,5,Yes,Client,1,0,0,4,1378979.49,344744.8725,508149.11,148440.79,183939.86346279198,1042.6625,4170.65,324.28681644399717,4,2024-01-01,2025-05-01,4,2,2,0.5,0.5,486,1.0,1.0,1,1,65+,Q3,9,8,1
C1369,Peter Garcia,Individual,M,France,Brittany,1983-10-07,42,Home,4,Yes,Agency,1,0,0,4,1615394.12,403848.53,581627.97,218880.85,154498.82060958433,1338.9,5355.6,303.1426698017808,4,2024-03-01,2025-12-01,4,4,0,1.0,0.0,640,1.0,1.0,0,1,35-44,Q4 highest,4,6,0
C1370,Frank Evans,Individual,M,USA,Colorado,1965-06-04,60,Investment,1,No,Agency,0,1,0,4,834659.23,208664.8075,234080.49,164608.18,31689.459116673035,700.7825,2803.13,296.83280519668,4,2024-06-01,2025-08-01,4,4,0,1.0,0.0,426,1.0,1.0,1,1,55-64,Q1 lowest,9,11,0
C1371,Timothy Thomas,Individual,M,UK,England,1989-06-19,36,Home,2,Yes,Website,1,0,0,4,1036681.19,259170.2975,312372.65,189778.78,55317.51535030557,948.835,3795.34,283.828197605474,4,2024-11-01,2025-12-01,3,4,0,1.0,0.0,395,1.0,1.3333333333333333,0,1,35-44,Q2,8,12,2
C1372,Lisa Turner,Individual,F,USA,Washington,1981-11-21,44,Investment,2,No,Website,0,1,0,3,874872.8,291624.26666666666,394401.98,231660.78,89420.17696335951,1049.3066666666666,3147.92,283.43809920276067,3,2024-07-01,2024-12-01,3,3,0,1.0,0.0,153,1.0,1.0,1,1,35-44,Q1 lowest,9,53,2
C1373,Melissa Evans,Individual,F,USA,California,1992-10-11,33,Home,3,Yes,Website,1,0,0,3,1275663.27,425221.09,609943.05,320824.87,160425.991913838,1221.6766666666665,3665.0299999999997,347.7696713686618,3,2024-04-01,2025-03-01,3,3,0,1.0,0.0,334,1.0,1.0,1,1,<35,Q3,9,8,2
C1374,Quasar Co,Company,M,France,Ile-de-France,1990-01-25,35,Home,3,Yes,Agency,1,0,1,3,1230590.28,410196.76,525078.29,343500.43,99919.91760817711,1321.5233333333333,3964.5699999999997,311.0989886774999,3,2024-06-01,2025-11-01,3,2,1,0.6666666666666666,0.3333333333333333,518,1.0,1.0,0,1,35-44,Q3,4,18,0
C1375,Carolyn Flores,Individual,F,USA,California,1972-11-22,53,Investment,4,Yes,Agency,1,1,0,4,1097182.3900000001,274295.59750000003,385581.71,149623.91,100878.33934039735,987.505,3950.02,278.3924761574727,4,2024-06-01,2025-07-01,4,3,1,0.75,0.25,395,1.0,1.0,1,1,45-54,Q2,9,8,0
C1376,Carolyn Edwards,Individual,F,USA,Arizona,1987-06-23,38,Investment,3,Yes,Agency,1,1,0,3,1272387.2999999998,424129.0999999999,540188.44,307679.73,116254.84570122957,1493.243333333333,4479.73,283.3309734301966,3,2025-04-01,2025-08-01,3,2,1,0.6666666666666666,0.3333333333333333,122,1.0,1.0,1,1,35-44,Q3,9,1,0
C1377,Laura Long,Individual,F,USA,Utah,1984-01-04,41,Investment,2,No,Website,0,1,0,3,828441.4099999999,276147.13666666666,333823.75,206318.0,64615.72516261837,862.1066666666666,2586.3199999999997,323.406319351847,3,2024-09-01,2025-10-01,3,3,0,1.0,0.0,395,1.0,1.0,1,1,35-44,Q1 lowest,9,48,2
C1378,Maria Morales,Individual,F,USA,California,1976-11-19,49,Investment,1,No,Website,0,1,0,3,1399739.87,466579.9566666667,657622.51,320250.05,173073.56750979202,1464.8466666666666,4394.54,314.37888073539654,3,2025-02-01,2025-08-01,3,3,0,1.0,0.0,181,1.0,1.0,1,1,45-54,Q3,9,8,2
C1379,Kevin Gray,Individual,M,UK,Scotland,1970-06-11,55,Home,2,No,Website,0,0,0,3,827767.69,275922.5633333333,353529.48,146552.13,112780.77006533887,1077.3233333333335,3231.9700000000003,253.9385363632223,3,2024-01-01,2024-10-01,3,3,0,1.0,0.0,274,1.0,1.0,0,1,55-64,Q1 lowest,8,43,2
C1380,Michael Hughes,Individual,M,Canada,Alberta,1949-10-15,76,Investment,4,No,Website,0,1,0,3,1012542.1799999999,337514.06,349143.67,315292.46,19251.46211943652,1052.4533333333334,3157.36,321.70851505298106,3,2024-02-01,2025-08-01,3,2,1,0.6666666666666666,0.3333333333333333,547,1.0,1.0,0,1,65+,Q1 lowest,2,0,2
C1381,Eric Cox,Individual,M,Germany,Hesse,1962-06-16,63,Home,3,Yes,Website,1,0,0,3,1082639.9100000001,360879.97000000003,537510.16,268688.51,153015.33981987005,1131.0966666666666,3393.29,323.4200440739846,3,2024-01-01,2025-01-01,3,3,0,1.0,0.0,366,1.0,1.0,0,1,55-64,Q2,5,17,2
C1382,Adam James,Individual,M,USA,Oregon,1951-05-19,74,Home,2,No,Website,0,0,0,4,1176910.13,294227.5325,348186.07,179336.56,77772.3370636125,1024.3375,4097.35,289.6867868165497,4,2024-05-01,2025-04-01,3,4,0,1.0,0.0,335,1.0,1.3333333333333333,1,1,65+,Q2,9,37,2
C1383,Noah Moore,Individual,M,USA,California,1992-11-11,33,Home,2,No,Agency,0,0,0,3,864768.8300000001,288256.2766666667,340376.82,185581.94,88922.03457999391,899.9899999999999,2699.97,319.1447580090689,3,2024-09-01,2025-11-01,3,2,1,0.6666666666666666,0.3333333333333333,426,1.0,1.0,1,1,<35,Q1 lowest,9,8,0
C1384,Mary Young,Individual,F,USA,California,1988-03-10,37,Home,2,Yes,Agency,1,0,0,3,905480.04,301826.68,344081.34,264639.92,39962.451260046626,1016.7633333333333,3050.29,300.22268174276223,3,2024-04-01,2025-09-01,3,3,0,1.0,0.0,518,1.0,1.0,1,1,35-44,Q1 lowest,9,8,0
C1385,Kenneth Owens,Individual,M,USA,California,1946-06-01,79,Home,1,No,Agency,0,0,0,3,1182983.03,394327.6766666667,666248.73,198833.21,242899.32985983253,1186.4366666666667,3559.31,315.5606573875795,3,2024-01-01,2025-03-01,3,2,1,0.6666666666666666,0.3333333333333333,425,1.0,1.0,1,1,65+,Q2,9,8,0
C1386,Harold Howard,Individual,M,USA,Washington,1947-08-23,78,Home,4,Yes,Website,1,0,0,3,1284366.78,428122.26,551266.41,199163.2,198473.58516136877,1431.79,4295.37,297.0928843357579,3,2024-02-01,2025-09-01,3,2,1,0.6666666666666666,0.3333333333333333,578,1.0,1.0,1,1,65+,Q3,9,53,2
C1387,Jose Reed,Individual,M,Germany,Hamburg,1943-05-27,82,Investment,4,No,Website,0,1,0,3,804550.47,268183.49,463001.84,168550.58,168732.2942411799,901.6266666666667,2704.88,294.2920370958322,3,2024-06-01,2024-10-01,3,3,0,1.0,0.0,122,1.0,1.0,0,1,65+,Q1 lowest,5,16,2
C1388,Hannah Stone,Individual,F,USA,Washington,1999-04-20,26,Home,3,No,Website,0,0,0,3,1183031.06,394343.6866666667,567781.4,131544.5,231440.62503724478,1283.46,3850.38,295.9077826970037,3,2024-07-01,2025-12-01,3,3,0,1.0,0.0,518,1.0,1.0,1,1,<35,Q2,9,53,2
C1389,Jordan Montgomery,Individual,M,UK,Scotland,1952-07-03,73,Home,2,No,Website,0,0,0,4,1742522.83,435630.7075,705388.85,218049.7,217779.80522074862,1282.79,5131.16,332.82889280812594,4,2024-03-01,2025-07-01,4,3,1,0.75,0.25,487,1.0,1.0,0,1,65+,Q4 highest,8,43,2
C1390,Lauren Thomas,Individual,F,USA,Nevada,1979-07-21,46,Home,3,No,Website,0,0,0,3,906492.19,302164.0633333333,378139.97,243387.09,69003.16766589004,971.1899999999999,2913.5699999999997,312.16237881778284,3,2024-10-01,2025-09-01,3,2,1,0.6666666666666666,0.3333333333333333,335,1.0,1.0,1,1,45-54,Q1 lowest,9,25,2
C1391,Barbara Campbell,Individual,F,USA,Utah,1974-03-06,51,Home,1,No,Website,0,0,0,4,1579627.98,394906.995,578903.12,305375.05,124826.9396655611,1343.6575,5374.63,293.221415458873,4,2024-04-01,2025-08-01,3,4,0,1.0,0.0,487,1.0,1.3333333333333333,1,1,45-54,Q4 highest,9,48,2
C1392,Jose Johnson,Individual,M,USA,Colorado,1990-06-05,35,Home,4,Yes,Agency,1,0,0,4,1434978.2000000002,358744.55000000005,520703.06,218055.03,129324.40666789413,1125.5149999999999,4502.0599999999995,316.3477678989435,4,2024-02-01,2025-12-01,4,3,1,0.75,0.25,669,1.0,1.0,1,1,35-44,Q3,9,11,0
C1393,Virginia Miller,Individual,F,Mexico,Baja California,1981-07-09,44,Investment,1,No,Agency,0,1,0,4,1187799.99,296949.9975,459972.28,196546.06,119346.20613010382,1027.325,4109.3,300.9699791342987,4,2024-03-01,2025-02-01,4,4,0,1.0,0.0,337,1.0,1.0,0,1,35-44,Q2,6,2,0
C1394,Debra Hansen,Individual,F,USA,Nevada,1977-02-26,48,Home,4,No,Website,0,0,0,4,1325404.6,331351.15,439396.11,200206.9,118935.19305428845,967.0,3868.0,338.24849420095643,4,2024-04-01,2025-07-01,4,4,0,1.0,0.0,456,1.0,1.0,1,1,45-54,Q3,9,25,2
C1395,Megan Campbell,Individual,F,Canada,Alberta,1988-09-27,37,Investment,4,No,Website,0,1,0,4,1497964.92,374491.23,548965.53,228660.27,167466.84578376124,1278.045,5112.18,298.330563007414,4,2024-07-01,2025-07-01,4,3,1,0.75,0.25,365,1.0,1.0,0,1,35-44,Q4 highest,2,0,2
C1396,Steven Foster,Individual,M,Canada,Manitoba,1971-06-02,54,Investment,3,Yes,Website,1,1,0,3,977070.1199999999,325690.04,451060.97,219069.86,117126.69101844337,1075.8333333333333,3227.5,299.10393131276413,3,2024-02-01,2024-09-01,3,3,0,1.0,0.0,213,1.0,1.0,0,1,45-54,Q1 lowest,2,22,2
C1397,Linda Chavez,Individual,F,USA,Nevada,1983-03-10,42,Home,4,No,Website,0,0,0,4,1551369.83,387842.4575,583905.11,203257.42,159033.364496692,1175.235,4700.94,322.77712929203545,4,2024-12-01,2025-05-01,3,4,0,1.0,0.0,151,1.0,1.3333333333333333,1,1,35-44,Q4 highest,9,25,2
C1398,Alexander Jones,Individual,M,USA,California,1966-12-13,59,Home,5,Yes,Website,1,0,0,3,926545.71,308848.57,338606.44,285826.45,27027.01578322882,1182.08,3546.24,266.04769183145544,3,2024-03-01,2025-05-01,3,3,0,1.0,0.0,426,1.0,1.0,1,1,55-64,Q1 lowest,9,8,2
C1399,Lauren Evans,Individual,F,Canada,British Columbia,1978-08-23,47,Home,5,No,Agency,0,0,0,4,1259614.96,314903.74,619157.65,157775.85,216233.0267918249,1061.1325,4244.53,294.4519351741127,4,2024-06-01,2025-11-01,4,4,0,1.0,0.0,518,1.0,1.0,0,1,45-54,Q3,2,5,0
C1400,Maria Jones,Individual,F,UK,Northern Ireland,1991-10-24,34,Home,4,No,Client,0,0,0,4,1146194.54,286548.635,426811.39,131115.08,133756.60936741545,939.4875,3757.95,305.0892113884579,4,2024-09-01,2025-04-01,4,4,0,1.0,0.0,212,1.0,1.0,0,1,<35,Q2,8,31,1
C1401,Virginia Brooks,Individual,F,USA,Virginia,1999-03-24,26,Investment,1,No,Website,0,1,0,4,1223523.71,305880.9275,368829.15,225076.85,66434.67778135472,1005.5625,4022.25,304.87269128671323,4,2024-05-01,2025-12-01,4,2,2,0.5,0.5,579,1.0,1.0,1,1,<35,Q3,9,50,2
C1402,Helen Jordan,Individual,F,USA,Utah,1968-09-28,57,Home,3,No,Agency,0,0,0,4,1394159.93,348539.9825,491592.98,270501.66,98246.41291030777,1132.7375,4530.95,308.3155927686012,4,2024-02-01,2025-08-01,4,4,0,1.0,0.0,547,1.0,1.0,1,1,55-64,Q3,9,48,0
C1403,Pamela Scott,Individual,F,USA,Oregon,1983-09-22,42,Home,2,No,Website,0,0,0,4,1463350.69,365837.6725,607483.38,235505.29,170637.7045397934,1210.7375000000002,4842.950000000001,298.77504906617276,4,2024-03-01,2025-12-01,4,4,0,1.0,0.0,640,1.0,1.0,1,1,35-44,Q4 highest,9,37,2
C1404,Sharon Williams,Individual,F,USA,California,1950-07-22,75,Home,4,No,Agency,0,0,0,4,1193678.04,298419.51,368901.23,181148.12,81342.7438885178,1024.3375,4097.35,293.38581779206373,4,2024-04-01,2025-05-01,4,4,0,1.0,0.0,395,1.0,1.0,1,1,65+,Q2,9,8,0
C1405,Ryan Williams,Individual,M,USA,Oregon,1955-06-08,70,Home,5,No,Agency,0,0,0,3,1306722.3599999999,435574.11999999994,556748.94,364614.8,105451.78646458482,1438.2933333333333,4314.88,300.1765985835861,3,2024-08-01,2025-12-01,3,2,1,0.6666666666666666,0.3333333333333333,487,1.0,1.0,1,1,65+,Q3,9,37,0
C1406,Sara Wood,Individual,F,USA,California,1970-09-01,55,Home,3,No,Website,0,0,0,4,1364413.45,341103.3625,474806.32,220783.13,136106.2611418244,1151.6100000000001,4606.4400000000005,292.83609949320567,4,2024-03-01,2025-10-01,3,3,1,0.75,0.25,579,1.0,1.3333333333333333,1,1,55-64,Q3,9,8,2
C1407,Sharon Hansen,Individual,F,USA,California,1956-03-22,69,Home,1,No,Agency,0,0,0,4,1429717.0899999999,357429.27249999996,517271.54,159112.85,179026.37479793033,1123.3175,4493.27,321.81110918967147,4,2024-09-01,2025-09-01,4,2,2,0.5,0.5,365,1.0,1.0,1,1,65+,Q3,9,8,0
C1408,Grandis Co,Company,F,USA,California,1963-11-13,62,Home,2,No,Agency,0,0,1,4,1345035.74,336258.935,595268.86,149009.47,191621.5310530701,1103.3025,4413.21,300.25852632419776,4,2024-04-01,2025-08-01,3,4,0,1.0,0.0,487,1.0,1.3333333333333333,1,1,55-64,Q3,9,8,0
C1409,Katherine Price,Individual,F,USA,Oregon,1957-08-01,68,Investment,2,No,Website,0,1,0,3,1072801.12,357600.37333333335,395005.44,330647.39,33427.8953040097,1117.9399999999998,3353.8199999999997,319.59152349740117,3,2024-01-01,2025-02-01,3,2,1,0.6666666666666666,0.3333333333333333,397,1.0,1.0,1,1,65+,Q2,9,37,2
C1410,Jennifer Edwards,Individual,F,USA,Nevada,1965-12-16,60,Home,2,No,Agency,0,0,0,4,1439196.49,359799.1225,577676.3,213673.14,156199.49351692887,1164.0149999999999,4656.0599999999995,307.80838722111224,4,2024-02-01,2024-12-01,3,4,0,1.0,0.0,304,1.0,1.3333333333333333,1,1,55-64,Q3,9,25,0
C1411,Anthony Watson,Individual,M,USA,California,1987-04-04,38,Home,2,No,Client,0,0,0,4,1318823.1600000001,329705.79000000004,461367.86,165302.78,134879.42679674318,1099.4925,4397.97,305.1111929428628,4,2024-07-01,2025-11-01,4,3,1,0.75,0.25,488,1.0,1.0,1,1,35-44,Q3,9,8,1
C1412,Optima Co,Company,F,USA,Nevada,1985-06-28,40,Home,2,No,Agency,0,0,1,4,1498125.2,374531.3,573336.74,207942.28,168503.72245719578,1158.7275,4634.91,319.1782560511938,4,2024-01-01,2025-12-01,4,3,1,0.75,0.25,700,1.0,1.0,1,1,35-44,Q4 highest,9,25,0
C1413,Margaret Rogers,Individual,F,USA,California,1968-09-18,57,Home,4,No,Agency,0,0,0,4,1489065.1600000001,372266.29000000004,530069.18,280028.94,108898.89305467498,1425.7675,5703.07,263.8251331821692,4,2024-01-01,2025-10-01,4,4,0,1.0,0.0,639,1.0,1.0,1,1,55-64,Q4 highest,9,8,0
C1414,Michelle Wright,Individual,F,USA,Florida,1975-05-01,50,Home,4,No,Website,0,0,0,4,1188718.7,297179.675,479065.61,179270.66,127978.52945945229,972.335,3889.34,321.3830908549594,4,2024-02-01,2025-07-01,4,2,2,0.5,0.5,516,1.0,1.0,1,1,45-54,Q2,9,14,2
C1415,Tyler Murray,Individual,M,USA,California,1959-07-14,66,Investment,1,No,Website,0,1,0,3,748797.26,249599.08666666667,318935.71,161300.27,80510.28858479166,879.3433333333332,2638.0299999999997,280.4393855022754,3,2024-05-01,2025-07-01,3,2,1,0.6666666666666666,0.3333333333333333,426,1.0,1.0,1,1,65+,Q1 lowest,9,8,2
C1416,Bryan Peterson,Individual,M,USA,Oregon,1954-07-01,71,Home,2,No,Agency,0,0,0,3,1418066.3900000001,472688.7966666667,606381.67,250716.18,193570.32315539604,1452.2633333333333,4356.79,323.14009613968216,3,2024-03-01,2024-12-01,3,3,0,1.0,0.0,275,1.0,1.0,1,1,65+,Q3,9,37,0
C1417,Dennis Williams,Individual,M,UK,Scotland,1953-10-26,72,Home,5,No,Website,0,0,0,3,1023021.48,341007.16,575664.65,195152.94,205211.6125705383,1066.59,3199.77,304.16747497947966,3,2024-04-01,2025-11-01,3,3,0,1.0,0.0,579,1.0,1.0,0,1,65+,Q1 lowest,8,43,2
C1418,Kyle Cox,Individual,M,USA,Ohio,1954-04-06,71,Investment,2,No,Website,0,1,0,3,1443234.8900000001,481078.2966666667,542134.93,360894.66,104086.55417393369,1529.4633333333334,4588.39,312.2167070521368,3,2024-06-01,2025-08-01,2,3,0,1.0,0.0,426,1.0,1.5,1,1,65+,Q4 highest,9,35,2
C1419,Jason Peterson,Individual,M,Germany,Hamburg,1971-08-08,54,Investment,4,Yes,Website,1,1,0,4,1143605.72,285901.43,451642.29,180509.34,120439.17651066615,928.745,3714.98,316.9954617876365,4,2024-09-01,2025-02-01,4,2,2,0.5,0.5,153,1.0,1.0,0,1,45-54,Q2,5,16,2
C1420,Terova Co,Company,M,UK,Wales,1981-10-20,44,Home,5,No,Website,0,0,1,4,1196856.69,299214.1725,431727.12,172730.12,122562.11251853684,929.6975,3718.79,314.74054100358313,4,2024-08-01,2025-02-01,4,1,3,0.25,0.75,184,1.0,1.0,0,1,35-44,Q2,8,51,2
C1421,James Jones,Individual,M,USA,Colorado,1957-11-14,68,Home,1,No,Website,0,0,0,3,938557.1900000001,312852.39666666667,396446.03,267900.7,72462.9209887045,1098.0666666666666,3294.2,285.13158002401656,3,2024-03-01,2024-09-01,3,3,0,1.0,0.0,184,1.0,1.0,1,1,65+,Q1 lowest,9,11,2
C1422,Billy Hansen,Individual,M,USA,Florida,1955-01-15,70,Investment,1,Yes,Website,1,1,0,4,2032565.11,508141.2775,649524.31,427134.73,97321.84602187645,1555.2975000000001,6221.1900000000005,325.12661754679567,4,2024-03-01,2024-11-01,3,4,0,1.0,0.0,245,1.0,1.3333333333333333,1,1,65+,Q4 highest,9,14,2
C1423,Jack Brooks,Individual,M,UK,Northern Ireland,1955-09-21,70,Home,4,Yes,Website,1,0,0,4,1822778.3599999999,455694.58999999997,588224.19,232882.7,156321.46156660147,1504.0974999999999,6016.389999999999,304.29811013204437,4,2024-12-01,2025-10-01,4,3,1,0.75,0.25,304,1.0,1.0,0,1,65+,Q4 highest,8,31,2
C1424,Judy Harris,Individual,F,USA,Utah,1954-03-12,71,Home,2,Yes,Agency,1,0,0,3,1382756.57,460918.8566666667,602654.49,293155.68,156382.393851835,1465.1466666666665,4395.44,311.0601813697586,3,2024-10-01,2025-11-01,3,3,0,1.0,0.0,396,1.0,1.0,1,1,65+,Q3,9,48,0
C1425,Raymond Taylor,Individual,M,Belgium,Flanders,1971-12-16,54,Home,3,No,Website,0,0,0,3,1449563.3199999998,483187.77333333326,576814.21,329008.0,134543.70800873978,1521.64,4564.92,314.2388366836658,3,2024-05-01,2025-11-01,3,2,1,0.6666666666666666,0.3333333333333333,549,1.0,1.0,0,1,45-54,Q4 highest,1,13,2
C1426,Christina Campbell,Individual,F,USA,Washington,1964-05-20,61,Home,2,No,Website,0,0,0,4,1709098.18,427274.545,507717.69,241264.21,126148.47978034499,1510.65,6042.6,281.3329516342789,4,2024-02-01,2025-12-01,4,4,0,1.0,0.0,669,1.0,1.0,1,1,55-64,Q4 highest,9,53,2
C1427,Julia Richardson,Individual,F,Australia,Victoria,1955-05-10,70,Home,5,No,Website,0,0,0,4,1378636.21,344659.0525,487252.76,209740.71,138128.518533407,1184.9475,4739.79,304.2647367234449,4,2024-08-01,2025-08-01,4,3,1,0.75,0.25,365,1.0,1.0,0,1,65+,Q3,0,49,2
C1428,Nicole Allen,Individual,F,USA,Oregon,1953-12-05,72,Home,4,Yes,Agency,1,0,0,4,1136052.54,284013.135,474549.83,155195.53,136374.13810406293,946.6525,3786.61,303.1437065301845,4,2024-11-01,2025-11-01,3,3,1,0.75,0.25,365,1.0,1.3333333333333333,1,1,65+,Q2,9,37,0
C1429,Jesse Stewart,Individual,M,USA,Nevada,1991-10-01,34,Investment,5,No,Agency,0,1,0,4,1697550.01,424387.5025,499234.71,258281.48,112660.90917764492,1421.4650000000001,5685.860000000001,296.0390082148649,4,2024-05-01,2024-08-01,3,2,2,0.5,0.5,92,1.0,1.3333333333333333,1,1,<35,Q4 highest,9,25,0
C1430,Patrick Allen,Individual,M,USA,Nevada,1963-09-11,62,Home,4,No,Website,0,0,0,3,928463.2,309487.73333333334,438596.72,232653.03,112484.00502388875,1022.67,3068.0099999999998,302.30540532128686,3,2024-07-01,2025-09-01,3,3,0,1.0,0.0,427,1.0,1.0,1,1,55-64,Q1 lowest,9,25,2
C1431,Melissa Griffin,Individual,F,Germany,Hesse,1943-07-01,82,Home,3,Yes,Website,1,0,0,4,1620159.73,405039.9325,567788.73,219643.49,147813.0749145547,1365.9450000000002,5463.780000000001,294.31092622036033,4,2024-06-01,2025-10-01,4,3,1,0.75,0.25,487,1.0,1.0,0,1,65+,Q4 highest,5,17,2
C1432,Larry Weaver,Individual,M,USA,Utah,1951-12-26,74,Home,3,No,Agency,0,0,0,3,863383.74,287794.58,301035.57,272177.18,14575.224242326445,1033.6200000000001,3100.86,280.5723045676737,3,2024-07-01,2025-12-01,3,2,1,0.6666666666666666,0.3333333333333333,518,1.0,1.0,1,1,65+,Q1 lowest,9,48,0
C1433,Christian Mitchell,Individual,M,Germany,Hamburg,1953-04-12,72,Home,4,No,Website,0,0,0,3,1358111.0699999998,452703.68999999994,626692.98,339295.67,152976.70134670407,1493.243333333333,4479.73,301.8286471674962,3,2024-04-01,2025-03-01,3,3,0,1.0,0.0,334,1.0,1.0,0,1,65+,Q3,5,16,2
C1434,Terova Co,Company,F,USA,California,1985-06-25,40,Investment,5,No,Agency,0,1,1,4,1038640.05,259660.0125,531069.6,122725.68,184178.63251114686,894.905,3579.62,280.66256486581585,4,2024-08-01,2025-12-01,4,4,0,1.0,0.0,487,1.0,1.0,1,1,35-44,Q2,9,8,0
C1435,Zachary Morales,Individual,M,USA,Texas,1967-04-08,58,Investment,2,No,Agency,0,1,0,3,903765.87,301255.29,410695.68,140289.6,142376.2776248526,945.65,2836.95,306.85415306784034,3,2024-01-01,2025-07-01,3,2,1,0.6666666666666666,0.3333333333333333,547,1.0,1.0,1,1,55-64,Q1 lowest,9,47,0
C1436,Kyle Wright,Individual,M,USA,California,1998-10-09,27,Home,2,No,Website,0,0,0,3,969917.19,323305.73,363203.22,301401.46,34607.53327312853,992.2199999999999,2976.66,328.2224337089137,3,2024-06-01,2025-10-01,3,2,1,0.6666666666666666,0.3333333333333333,487,1.0,1.0,1,1,<35,Q1 lowest,9,8,2
C1437,Gerald Stewart,Individual,M,USA,Arizona,1997-04-08,28,Investment,5,No,Agency,0,1,0,4,1668948.58,417237.145,614304.54,269136.39,172006.98526984508,1332.2825,5329.13,316.56522818730286,4,2024-05-01,2025-07-01,3,3,1,0.75,0.25,426,1.0,1.3333333333333333,1,1,<35,Q4 highest,9,1,0
C1438,Benjamin Taylor,Individual,M,USA,California,1988-08-04,37,Home,2,Yes,Agency,1,0,0,3,1255115.0,418371.6666666667,574838.1,234943.46,171543.8558828061,1321.5033333333333,3964.51,311.81769669548936,3,2024-02-01,2025-06-01,3,2,1,0.6666666666666666,0.3333333333333333,486,1.0,1.0,1,1,35-44,Q3,9,8,0
C1439,Helen Morales,Individual,F,USA,Virginia,2000-10-14,25,Home,2,No,Agency,0,0,0,3,1040682.81,346894.27,420285.34,205406.56,122560.54343890329,1138.4233333333334,3415.27,299.2165849851361,3,2024-04-01,2025-07-01,3,3,0,1.0,0.0,456,1.0,1.0,1,1,<35,Q2,9,50,0
C1440,Mary Phillips,Individual,F,USA,Colorado,1952-07-20,73,Investment,2,No,Agency,0,1,0,3,901013.4199999999,300337.80666666664,472362.72,166438.51,156485.07133490793,1010.5300000000001,3031.59,312.59193529757385,3,2024-10-01,2025-04-01,3,2,1,0.6666666666666666,0.3333333333333333,182,1.0,1.0,1,1,65+,Q1 lowest,9,11,0
C1441,Helen Campbell,Individual,F,USA,California,1945-09-08,80,Investment,5,No,Website,0,1,0,3,1201777.78,400592.5933333333,424676.81,354747.82,39719.73414358957,1334.84,4004.52,299.77777473901716,3,2024-04-01,2025-10-01,3,3,0,1.0,0.0,548,1.0,1.0,1,1,65+,Q2,9,8,2
C1442,Timothy Foster,Individual,M,USA,Colorado,2000-06-17,25,Home,2,Yes,Client,1,0,0,3,1007348.75,335782.9166666667,534107.07,223944.32,172220.9235425476,1110.6233333333332,3331.87,297.3387751031688,3,2024-02-01,2025-12-01,3,3,0,1.0,0.0,669,1.0,1.0,1,1,<35,Q1 lowest,9,11,1
C1443,Betty Hughes,Individual,F,USA,Florida,1979-11-22,46,Home,2,No,Website,0,0,0,3,1045348.1100000001,348449.37000000005,618238.68,197899.51,234168.29265786416,1072.4833333333333,3217.45,312.6904479895455,3,2024-03-01,2025-03-01,3,3,0,1.0,0.0,365,1.0,1.0,1,1,45-54,Q2,9,14,2
C1444,Frank Alexander,Individual,M,USA,Colorado,1981-06-25,44,Home,3,No,Website,0,0,0,3,1089631.7,363210.56666666665,387724.0,316043.31,40858.623489202786,1186.05,3558.1499999999996,309.89794039598473,3,2024-03-01,2025-08-01,3,3,0,1.0,0.0,518,1.0,1.0,1,1,35-44,Q2,9,11,2
C1445,Gregory Hall,Individual,M,USA,Florida,1988-07-26,37,Home,5,No,Website,0,0,0,4,1249138.91,312284.7275,404402.26,154906.87,116293.62474755682,976.9675,3907.87,311.85896251718844,4,2024-03-01,2025-03-01,4,4,0,1.0,0.0,365,1.0,1.0,1,1,35-44,Q3,9,14,2
C1446,Amber Gray,Individual,F,USA,Ohio,1951-12-09,74,Home,4,No,Website,0,0,0,4,1550820.49,387705.1225,605564.38,268522.4,150995.42020594628,1385.6475,5542.59,282.12305197898206,4,2024-01-01,2025-01-01,4,4,0,1.0,0.0,366,1.0,1.0,1,1,65+,Q4 highest,9,35,2
C1447,Janet Rogers,Individual,F,USA,Nevada,1972-05-14,53,Investment,4,Yes,Client,1,1,0,4,1372408.9,343102.225,470911.04,229851.21,108990.39997428659,1151.37,4605.48,300.87864555065676,4,2024-09-01,2025-09-01,4,4,0,1.0,0.0,365,1.0,1.0,1,1,45-54,Q3,9,25,1
C1448,Henry Ward,Individual,M,Russia,Tatarstan,1959-03-15,66,Home,1,No,Website,0,0,0,4,1221304.62,305326.155,456799.28,189388.07,120492.59586523108,984.9525,3939.81,310.0261833663882,4,2024-07-01,2025-09-01,4,3,1,0.75,0.25,427,1.0,1.0,0,1,65+,Q3,7,46,2
C1449,Nicole Cox,Individual,F,USA,California,1999-06-14,26,Investment,5,No,Website,0,1,0,3,1110557.49,370185.83,543452.8,260142.62,151868.68470593702,1221.6766666666665,3665.0299999999997,300.02809628023556,3,2024-01-01,2025-01-01,3,3,0,1.0,0.0,366,1.0,1.0,1,1,<35,Q2,9,8,2
C1450,Pamela White,Individual,F,USA,Virginia,1996-04-06,29,Home,5,No,Website,0,0,0,3,1028509.6,342836.5333333333,374768.98,299250.24,39084.89643576574,1037.5833333333333,3112.75,330.50035181845584,3,2024-03-01,2025-08-01,3,3,0,1.0,0.0,518,1.0,1.0,1,1,<35,Q2,9,50,2
C1451,Hannah Turner,Individual,F,USA,California,1983-10-19,42,Home,1,No,Website,0,0,0,4,1529673.3199999998,382418.32999999996,483688.37,213497.85,126905.36588988111,1259.875,5039.5,308.9886930825248,4,2024-04-01,2025-12-01,4,4,0,1.0,0.0,609,1.0,1.0,1,1,35-44,Q4 highest,9,8,2
C1452,Kelly Edwards,Individual,F,Belgium,Wallonia,1993-08-05,32,Home,3,No,Client,0,0,0,3,1320005.77,440001.92333333334,545747.26,343592.86,101400.07327243919,1487.6599999999999,4462.98,295.65286266710586,3,2024-01-01,2025-07-01,3,3,0,1.0,0.0,547,1.0,1.0,0,1,<35,Q3,1,52,1
C1453,Kenneth Stone,Individual,M,USA,California,1981-10-07,44,Home,2,No,Agency,0,0,0,3,1145044.9,381681.6333333333,526401.55,153396.33,200051.5031769925,1243.8233333333333,3731.47,302.5763924117034,3,2025-01-01,2025-06-01,3,3,0,1.0,0.0,151,1.0,1.0,1,1,35-44,Q2,9,8,0
C1454,Ann Kim,Individual,F,USA,California,1948-05-23,77,Investment,1,No,Client,0,1,0,3,1188825.44,396275.14666666667,478984.35,262057.47,117278.13067866332,1321.5033333333333,3964.51,302.1319212510687,3,2024-06-01,2024-10-01,3,3,0,1.0,0.0,122,1.0,1.0,1,1,65+,Q2,9,8,1
C1455,Christina Nelson,Individual,F,USA,Colorado,1989-06-15,36,Home,3,Yes,Agency,1,0,0,3,985992.4299999999,328664.1433333333,472251.6,244256.2,124988.54629152079,983.4266666666667,2950.28,328.95864543315975,3,2024-02-01,2025-06-01,3,2,1,0.6666666666666666,0.3333333333333333,486,1.0,1.0,1,1,35-44,Q1 lowest,9,11,0
C1456,Quasar Co,Company,F,USA,Oregon,1992-06-26,33,Investment,1,Yes,Website,1,1,1,4,1598853.55,399713.3875,586824.88,145299.39,186578.6671139587,1313.38,5253.52,306.4595679787559,4,2024-07-01,2025-09-01,3,4,0,1.0,0.0,427,1.0,1.3333333333333333,1,1,<35,Q4 highest,9,37,2
C1457,Julie Foster,Individual,F,USA,California,1949-01-27,76,Home,3,Yes,Agency,1,0,0,4,1537205.06,384301.265,538355.66,217668.0,167850.35719417018,1227.17,4908.68,322.5246216007684,4,2024-04-01,2025-10-01,2,2,2,0.5,0.5,548,1.0,2.0,1,1,65+,Q4 highest,9,8,0
C1458,Keith Reed,Individual,M,USA,Arizona,1950-09-16,75,Home,1,No,Website,0,0,0,3,917921.54,305973.8466666667,344813.48,283362.29,33787.20234539158,979.0866666666667,2937.26,323.36335122868644,3,2024-01-01,2025-07-01,3,2,1,0.6666666666666666,0.3333333333333333,547,1.0,1.0,1,1,65+,Q1 lowest,9,1,2
C1459,Terry Hall,Individual,M,USA,Arizona,1949-09-28,76,Home,5,No,Website,0,0,0,4,1556253.48,389063.37,530674.29,260906.28,138806.54609463658,1385.6475,5542.59,281.76842860276616,4,2024-01-01,2025-12-01,4,4,0,1.0,0.0,700,1.0,1.0,1,1,65+,Q4 highest,9,1,2
C1460,Pamela Long,Individual,F,UK,England,1972-12-05,53,Home,1,Yes,Agency,1,0,0,4,1569390.69,392347.6725,517417.7,275046.94,133932.7879131169,1294.645,5178.58,301.2160297680804,4,2024-04-01,2025-07-01,4,4,0,1.0,0.0,456,1.0,1.0,0,1,45-54,Q4 highest,8,12,0
C1461,Gloria Reyes,Individual,F,USA,California,1944-01-13,81,Home,5,No,Website,0,0,0,4,1507966.87,376991.7175,538246.86,280416.46,112042.09306259811,1294.645,5178.58,294.65289273709425,4,2024-02-01,2025-05-01,4,4,0,1.0,0.0,455,1.0,1.0,1,1,65+,Q4 highest,9,8,2
C1462,Virginia Allen,Individual,F,Germany,Hamburg,1984-04-19,41,Investment,3,No,Agency,0,1,0,4,1220331.12,305082.78,563520.95,173084.07,176224.97444410724,956.6725,3826.69,309.07038935922253,4,2024-11-01,2025-12-01,4,2,2,0.5,0.5,395,1.0,1.0,0,1,35-44,Q2,5,16,0
C1463,Lawrence Ward,Individual,M,USA,California,1943-12-28,82,Home,2,Yes,Website,1,0,0,4,1639044.0,409761.0,560165.35,259647.03,127181.8257007591,1386.5875,5546.35,302.06418749892663,4,2024-02-01,2025-06-01,4,4,0,1.0,0.0,486,1.0,1.0,1,1,65+,Q4 highest,9,8,2
C1464,Terry Weaver,Individual,M,USA,Arizona,1940-01-25,85,Home,1,No,Website,0,0,0,3,1094818.68,364939.56,516866.8,253448.35,136285.08481019226,1086.24,3258.7200000000003,330.4418595121292,3,2024-01-01,2025-07-01,3,3,0,1.0,0.0,547,1.0,1.0,1,1,65+,Q2,9,1,2
C1465,Edward Stewart,Individual,M,USA,Ohio,1990-07-09,35,Home,3,Yes,Website,1,0,0,3,1312191.47,437397.1566666667,561841.89,256117.85,160590.85809275362,1457.8333333333333,4373.5,300.5316615488964,3,2025-07-01,2025-08-01,2,3,0,1.0,0.0,31,1.0,1.5,1,1,35-44,Q3,9,35,2
C1466,Ashley Howard,Individual,F,Belgium,Flanders,1999-08-28,26,Investment,2,No,Website,0,1,0,4,1387827.15,346956.7875,536046.25,212345.96,160876.80327883246,1053.27,4213.08,328.1210552680937,4,2024-08-01,2025-09-01,3,4,0,1.0,0.0,396,1.0,1.3333333333333333,0,1,<35,Q3,1,13,2
C1467,Rebecca Adams,Individual,F,USA,California,1951-07-19,74,Home,5,No,Client,0,0,0,3,761353.26,253784.42,375027.09,190719.01,105027.67384909703,849.6366666666667,2548.91,302.2165301319923,3,2024-02-01,2024-10-01,3,3,0,1.0,0.0,243,1.0,1.0,1,1,65+,Q1 lowest,9,8,1
C1468,Jason Martin,Individual,M,Canada,Manitoba,1940-08-24,85,Home,3,No,Website,0,0,0,3,1072452.07,357484.0233333334,438900.24,202296.39,134450.77871273496,1185.3533333333332,3556.06,294.75098457522006,3,2024-02-01,2024-06-01,3,1,2,0.3333333333333333,0.6666666666666666,121,1.0,1.0,0,1,65+,Q2,2,22,2
C1469,Keith Richardson,Individual,M,USA,Colorado,1970-05-17,55,Home,1,No,Website,0,0,0,3,1512121.6400000001,504040.5466666667,581837.55,452685.9,68515.95320796488,1538.7766666666666,4616.33,327.2079411120867,3,2024-10-01,2025-09-01,3,3,0,1.0,0.0,335,1.0,1.0,1,1,55-64,Q4 highest,9,11,2
C1470,Alexander Richardson,Individual,M,USA,Colorado,1940-05-27,85,Investment,3,Yes,Agency,1,1,0,3,1440682.21,480227.4033333333,555106.11,390999.79,82988.79085685086,1590.8633333333335,4772.59,304.4043350910646,3,2024-01-01,2024-05-01,3,3,0,1.0,0.0,121,1.0,1.0,1,1,65+,Q3,9,11,0
C1471,Judith Williams,Individual,F,UK,Northern Ireland,1940-05-24,85,Home,1,Yes,Website,1,0,0,4,1048588.76,262147.19,354725.76,171063.35,75143.45535172708,801.0649999999999,3204.2599999999998,331.0608088131045,4,2024-02-01,2025-12-01,4,3,1,0.75,0.25,669,1.0,1.0,0,1,65+,Q2,8,31,2
C1472,Paul Flores,Individual,M,USA,Washington,1991-03-23,34,Home,1,No,Website,0,0,0,4,1610320.87,402580.2175,566227.62,297021.88,115681.2245651213,1237.1025,4948.41,322.59002526256074,4,2024-05-01,2025-07-01,4,4,0,1.0,0.0,426,1.0,1.0,1,1,<35,Q4 highest,9,53,2
C1473,Maria Freeman,Individual,F,USA,California,1974-03-14,51,Home,2,No,Agency,0,0,0,4,1415300.74,353825.185,736652.27,152649.29,261617.6732013904,1009.23,4036.92,336.1945799047344,4,2024-01-01,2025-02-01,4,4,0,1.0,0.0,397,1.0,1.0,1,1,45-54,Q3,9,8,0
C1474,Kevin Brown,Individual,M,USA,Oregon,1969-04-10,56,Home,3,No,Website,0,0,0,4,1563434.47,390858.6175,517206.46,227751.55,134182.68354401583,1307.3,5229.2,297.35612211570975,4,2024-06-01,2025-11-01,4,4,0,1.0,0.0,518,1.0,1.0,1,1,55-64,Q4 highest,9,37,2
C1475,Raymond Brown,Individual,M,Mexico,Jalisco,1944-08-02,81,Home,4,Yes,Agency,1,0,0,4,1579186.25,394796.5625,661652.26,161280.03,248665.92866532432,1287.055,5148.22,296.4368907369637,4,2024-02-01,2025-10-01,4,4,0,1.0,0.0,608,1.0,1.0,0,1,65+,Q4 highest,6,19,0
C1476,Kevin Jackson,Individual,M,USA,Nevada,2000-06-08,25,Home,1,No,Agency,0,0,0,4,1505369.42,376342.355,610193.44,246579.07,162247.19900059875,1141.225,4564.9,322.5105874998143,4,2024-02-01,2025-10-01,4,3,1,0.75,0.25,608,1.0,1.0,1,1,<35,Q4 highest,9,25,0
C1477,Zynex Co,Company,F,USA,California,1968-04-10,57,Investment,1,No,Agency,0,1,1,4,1051466.92,262866.73,458559.81,191623.18,130654.24836812793,920.7075,3682.83,281.8186828524417,4,2024-07-01,2025-11-01,4,3,1,0.75,0.25,488,1.0,1.0,1,1,55-64,Q2,9,8,0
C1478,Emily Reed,Individual,F,Canada,British Columbia,1958-09-12,67,Investment,1,No,Agency,0,1,0,3,965772.74,321924.24666666664,398549.19,281449.31,66394.37258159483,1082.8966666666668,3248.69,306.9857194616921,3,2024-04-01,2025-02-01,3,3,0,1.0,0.0,306,1.0,1.0,0,1,65+,Q1 lowest,2,5,0
C1479,Paul Carter,Individual,M,USA,California,1968-03-26,57,Investment,1,No,Website,0,1,0,4,1275455.51,318863.8775,612698.53,185282.56,197507.19109402818,1018.5225,4074.09,309.7212538833377,4,2024-05-01,2025-12-01,4,4,0,1.0,0.0,579,1.0,1.0,1,1,55-64,Q3,9,8,2
C1480,Danielle White,Individual,F,USA,Virginia,1985-04-09,40,Investment,3,No,Client,0,1,0,4,1466467.79,366616.9475,573332.74,194146.19,174914.0965001547,1220.42,4881.68,303.07216392304974,4,2024-03-01,2025-09-01,4,3,1,0.75,0.25,549,1.0,1.0,1,1,35-44,Q4 highest,9,50,1
C1481,Caldera Co,Company,F,USA,Arizona,1984-12-04,41,Investment,3,No,Website,0,1,1,4,1059700.8800000001,264925.22000000003,367368.12,196398.29,76426.14324777747,901.245,3604.98,302.0945395261979,4,2024-02-01,2025-05-01,4,1,3,0.25,0.75,455,1.0,1.0,1,1,35-44,Q2,9,1,2
C1482,Kimberly Murray,Individual,F,USA,Oregon,1953-01-24,72,Home,2,Yes,Website,1,0,0,4,1665015.1700000002,416253.79250000004,610377.15,308824.33,136575.74027321895,1312.8225,5251.29,317.8228762167945,4,2024-03-01,2025-10-01,4,3,1,0.75,0.25,579,1.0,1.0,1,1,65+,Q4 highest,9,37,2
C1483,Gary Hall,Individual,M,USA,Colorado,1975-06-01,50,Home,3,Yes,Agency,1,0,0,4,1831769.62,457942.405,623318.65,178955.35,193478.3035188023,1486.3274999999999,5945.3099999999995,305.1133886249056,4,2024-06-01,2025-11-01,3,4,0,1.0,0.0,518,1.0,1.3333333333333333,1,1,45-54,Q4 highest,9,11,0
C1484,Christina Nelson,Individual,F,USA,Colorado,1971-10-09,54,Home,3,No,Client,0,0,0,4,1117191.81,279297.9525,452777.15,160520.27,142300.17953560577,995.0275,3980.11,279.1613172418742,4,2024-05-01,2025-11-01,4,4,0,1.0,0.0,549,1.0,1.0,1,1,45-54,Q2,9,11,1
C1485,Rachel Scott,Individual,F,USA,Washington,1984-06-26,41,Investment,4,No,Website,0,1,0,4,1604885.52,401221.38,526180.38,238207.62,134115.40602017753,1350.2175,5400.87,292.9816807748882,4,2024-01-01,2024-07-01,4,3,1,0.75,0.25,182,1.0,1.0,1,1,35-44,Q4 highest,9,53,2
C1486,Madison Campbell,Individual,F,UK,Wales,1996-06-14,29,Home,5,Yes,Website,1,0,0,3,1019385.69,339795.23,416556.23,275447.01,71368.83649568907,1156.5633333333333,3469.69,292.8673703039761,3,2024-03-01,2024-07-01,2,2,1,0.6666666666666666,0.3333333333333333,122,1.0,1.5,0,1,<35,Q1 lowest,8,51,2
C1487,Sandra Martin,Individual,F,USA,New York,1965-12-10,60,Home,3,No,Agency,0,0,0,4,1553533.51,388383.3775,506031.7,253379.8,124956.45002286634,1294.645,5178.58,297.7811731198733,4,2024-01-01,2025-10-01,4,4,0,1.0,0.0,639,1.0,1.0,1,1,55-64,Q4 highest,9,27,0
C1488,Keith Scott,Individual,M,USA,Florida,1975-09-07,50,Investment,2,No,Website,0,1,0,3,1029238.79,343079.5966666667,554297.11,110967.48,222402.17747433868,1140.1866666666667,3420.5600000000004,289.4914294540913,3,2024-01-01,2024-12-01,3,3,0,1.0,0.0,335,1.0,1.0,1,1,45-54,Q2,9,14,2
C1489,Gloria Montgomery,Individual,F,USA,Arizona,1951-03-19,74,Home,5,No,Agency,0,0,0,3,1056549.47,352183.1566666667,416649.42,295791.28,60832.304666986194,1240.6066666666666,3721.8199999999997,289.0081924125951,3,2024-04-01,2024-07-01,3,2,1,0.6666666666666666,0.3333333333333333,91,1.0,1.0,1,1,65+,Q2,9,1,0
C1490,Dennis Hall,Individual,M,UK,Wales,1994-11-06,31,Investment,5,Yes,Client,1,1,0,3,861119.76,287039.92,357655.99,241073.25,62077.19796146489,939.3299999999999,2817.99,310.25731616493863,3,2024-03-01,2025-02-01,3,3,0,1.0,0.0,337,1.0,1.0,0,1,<35,Q1 lowest,8,51,1
C1491,Rebecca Evans,Individual,F,USA,Georgia,1997-07-10,28,Home,4,No,Agency,0,0,0,4,1056750.03,264187.5075,415532.62,180013.62,105808.95995296848,901.245,3604.98,293.3993073211121,4,2024-06-01,2025-05-01,4,4,0,1.0,0.0,334,1.0,1.0,1,1,<35,Q2,9,15,0
C1492,Mary Taylor,Individual,F,Germany,Bavaria,1984-12-18,41,Home,2,No,Agency,0,0,0,3,1309655.49,436551.83,472764.91,395742.9,38716.13209021398,1579.3133333333335,4737.9400000000005,276.4736214807618,3,2024-11-01,2025-11-01,3,3,0,1.0,0.0,365,1.0,1.0,0,1,35-44,Q3,5,3,0
C1493,Thomas Bennett,Individual,M,USA,Washington,1992-03-16,33,Home,4,Yes,Agency,1,0,0,3,864605.61,288201.87,449252.81,173559.11,143586.36228105647,1037.11,3111.33,289.6202277618615,3,2024-05-01,2025-12-01,2,3,0,1.0,0.0,579,1.0,1.5,1,1,<35,Q1 lowest,9,53,0
C1494,Nicholas Cooper,Individual,M,USA,New York,1996-04-09,29,Home,1,No,Client,0,0,0,3,913338.07,304446.0233333333,424747.54,179671.47,122599.24985262852,934.8733333333333,2804.62,328.08146284347066,3,2024-03-01,2025-11-01,3,3,0,1.0,0.0,610,1.0,1.0,1,1,<35,Q1 lowest,9,27,1
C1495,Jason Hughes,Individual,M,Denmark,Capital Region,1991-11-09,34,Home,1,No,Website,0,0,0,4,2059292.68,514823.17,650190.52,225010.98,197738.28801426006,1591.4724999999999,6365.889999999999,318.4907225562597,4,2024-04-01,2025-08-01,4,3,1,0.75,0.25,487,1.0,1.0,0,1,<35,Q4 highest,3,9,2
C1496,Bryan Patterson,Individual,M,USA,Florida,1986-11-15,39,Home,5,No,Agency,0,0,0,3,1119013.6099999999,373004.5366666666,617811.07,243288.52,212134.75760604584,1151.5466666666669,3454.6400000000003,325.3276497292432,3,2024-06-01,2025-01-01,3,2,1,0.6666666666666666,0.3333333333333333,214,1.0,1.0,1,1,35-44,Q2,9,14,0
C1497,Samuel Parker,Individual,M,USA,California,1940-01-13,85,Investment,4,No,Agency,0,1,0,3,794765.34,264921.77999999997,355085.18,212562.05,78422.24649518085,880.66,2641.98,300.49342243566065,3,2024-05-01,2025-12-01,3,2,1,0.6666666666666666,0.3333333333333333,579,1.0,1.0,1,1,65+,Q1 lowest,9,8,0
C1498,Nicole Carter,Individual,F,Mexico,Puebla,1967-02-03,58,Investment,5,No,Website,0,1,0,4,1142631.83,285657.9575,431607.68,180340.51,105678.9462461104,889.8725000000001,3559.4900000000002,319.26796185885496,4,2024-01-01,2025-05-01,4,4,0,1.0,0.0,486,1.0,1.0,0,1,55-64,Q2,6,39,2
C1499,Lauren Gray,Individual,F,Russia,Saint Petersburg,1997-11-04,28,Home,3,Yes,Agency,1,0,0,3,1321905.54,440635.18,565905.82,239395.32,176013.54619210077,1523.6933333333334,4571.08,288.32959612880296,3,2024-01-01,2025-08-01,3,3,0,1.0,0.0,578,1.0,1.0,0,1,<35,Q3,7,42,0
C1500,Shirley Ward,Individual,F,Australia,Victoria,1995-01-04,30,Home,2,No,Agency,0,0,0,4,1020299.92,255074.98,363010.65,127809.54,96777.58776334426,841.385,3365.54,301.55758255718763,4,2024-02-01,2024-11-01,3,4,0,1.0,0.0,274,1.0,1.3333333333333333,0,1,<35,Q1 lowest,0,49,0
C1501,Brenda White,Individual,F,USA,Oregon,1951-12-16,74,Investment,4,No,Agency,0,1,0,3,761279.08,253759.69333333333,340778.92,188265.35,78502.1509923227,851.4266666666667,2554.28,293.9057419832944,3,2024-02-01,2025-03-01,3,1,2,0.3333333333333333,0.6666666666666666,394,1.0,1.0,1,1,65+,Q1 lowest,9,37,0
C1502,Elizabeth Weaver,Individual,F,UK,Wales,1994-10-27,31,Home,5,Yes,Website,1,0,0,4,1045772.34,261443.085,352637.6,160523.29,79735.68625408094,911.0425,3644.17,291.9126467750839,4,2024-03-01,2025-01-01,4,4,0,1.0,0.0,306,1.0,1.0,0,1,<35,Q2,8,51,2
C1503,Triton Co,Company,M,USA,Arizona,1986-08-21,39,Investment,5,No,Website,0,1,1,4,1299971.48,324992.87,570156.97,226014.9,164145.25566337415,1050.5725,4202.29,305.76986301876855,4,2024-04-01,2025-07-01,4,2,2,0.5,0.5,456,1.0,1.0,1,1,35-44,Q3,9,1,2
C1504,Patrick Hughes,Individual,M,USA,California,1946-08-19,79,Home,4,No,Website,0,0,0,3,871805.96,290601.98666666663,384006.83,232663.21,81667.64501489824,979.0866666666667,2937.26,298.2924969011381,3,2024-09-01,2025-06-01,3,3,0,1.0,0.0,273,1.0,1.0,1,1,65+,Q1 lowest,9,8,2
C1505,William Cook,Individual,M,USA,Virginia,1994-05-14,31,Home,3,No,Agency,0,0,0,4,1012922.06,253230.515,380365.78,139259.7,99361.03122604876,799.9225,3199.69,309.21948095717687,4,2025-07-01,2025-12-01,4,2,2,0.5,0.5,153,1.0,1.0,1,1,<35,Q1 lowest,9,50,0
C1506,Larry Price,Individual,M,USA,Utah,1950-01-11,75,Investment,3,No,Website,0,1,0,3,1010109.4,336703.13333333336,369810.4,291113.56,40806.30026462747,1155.4633333333334,3466.39,293.17701824535834,3,2024-04-01,2024-08-01,3,2,1,0.6666666666666666,0.3333333333333333,122,1.0,1.0,1,1,65+,Q1 lowest,9,48,2
C1507,Joyce Cooper,Individual,F,USA,Florida,1951-03-28,74,Home,3,No,Agency,0,0,0,4,1499666.44,374916.61,572514.83,175243.75,220498.15094767633,1220.915,4883.66,296.105598799069,4,2024-02-01,2025-07-01,4,4,0,1.0,0.0,516,1.0,1.0,1,1,65+,Q4 highest,9,14,0
C1508,Benjamin Morris,Individual,M,UK,Scotland,1994-12-03,31,Home,3,No,Agency,0,0,0,4,965283.79,241320.9475,288985.79,156014.92,62160.94575828639,783.64,3134.56,307.13049447062,4,2024-01-01,2025-06-01,3,3,1,0.75,0.25,517,1.0,1.3333333333333333,0,1,<35,Q1 lowest,8,43,0
C1509,Rebecca Campbell,Individual,F,USA,California,1946-12-16,79,Home,3,No,Website,0,0,0,4,1821912.8699999999,455478.21749999997,601608.38,225149.08,164044.24866469827,1482.5875,5930.35,310.98598398910434,4,2024-01-01,2024-09-01,2,4,0,1.0,0.0,244,1.0,2.0,1,1,65+,Q4 highest,9,8,2
C1510,Altira Co,Company,M,USA,California,1962-12-01,63,Home,5,No,Agency,0,0,1,3,804243.22,268081.0733333333,356271.34,138440.15,114678.78852594073,842.68,2528.04,313.11786986632654,3,2024-05-01,2025-12-01,3,3,0,1.0,0.0,579,1.0,1.0,1,1,55-64,Q1 lowest,9,8,0
C1511,Ann Hansen,Individual,F,France,Provence,1989-07-20,36,Home,2,Yes,Website,1,0,0,3,1093080.8599999999,364360.2866666666,556945.98,255732.58,167239.60574197173,1152.6466666666668,3457.94,313.13782522532307,3,2024-06-01,2025-03-01,3,2,1,0.6666666666666666,0.3333333333333333,273,1.0,1.0,0,1,35-44,Q2,4,38,2
C1512,Anna Young,Individual,F,USA,Nevada,1955-06-18,70,Home,4,Yes,Client,1,0,0,4,1209056.95,302264.2375,387618.51,222525.37,75047.21956582154,1046.42,4185.68,295.78788460472964,4,2024-02-01,2024-12-01,4,3,1,0.75,0.25,304,1.0,1.0,1,1,65+,Q2,9,25,1
C1513,Danielle Morales,Individual,F,USA,Florida,1995-06-08,30,Home,2,No,Website,0,0,0,3,1452266.37,484088.79000000004,552490.44,438017.28,60415.25018082021,1538.7766666666666,4616.33,314.51644459269636,3,2025-03-01,2025-12-01,3,3,0,1.0,0.0,275,1.0,1.0,1,1,<35,Q4 highest,9,14,2
C1514,Linda Bryant,Individual,F,USA,New York,1986-12-08,39,Home,4,No,Website,0,0,0,3,1211908.53,403969.51,458308.65,319262.64,74330.99954423255,1386.32,4158.96,292.4424153622393,3,2024-09-01,2025-04-01,3,2,1,0.6666666666666666,0.3333333333333333,212,1.0,1.0,1,1,35-44,Q2,9,27,2
C1515,Angela Williams,Individual,F,USA,Nevada,1946-10-16,79,Investment,5,No,Website,0,1,0,4,1433703.52,358425.88,499781.62,183787.02,156782.90199722507,1227.17,4908.68,300.017466666214,4,2024-01-01,2025-07-01,3,3,1,0.75,0.25,547,1.0,1.3333333333333333,1,1,65+,Q3,9,25,2
C1516,Grace Wood,Individual,F,USA,Texas,1953-05-23,72,Home,4,No,Website,0,0,0,3,690456.91,230152.30333333334,355876.81,152674.09,109857.2481411861,801.46,2404.38,282.5805427279085,3,2024-04-01,2025-09-01,2,2,1,0.6666666666666666,0.3333333333333333,518,1.0,1.5,1,1,65+,Q1 lowest,9,47,2
C1517,Benjamin Chavez,Individual,M,USA,California,1978-02-23,47,Investment,2,No,Agency,0,1,0,4,1328693.42,332173.355,442491.43,176868.98,120333.39569269272,1076.59,4306.36,314.3224112026111,4,2024-02-01,2025-08-01,4,3,1,0.75,0.25,547,1.0,1.0,1,1,45-54,Q3,9,8,0
C1518,Teresa Rogers,Individual,F,Australia,Victoria,1994-10-08,31,Home,5,Yes,Agency,1,0,0,4,961942.8799999999,240485.71999999997,280586.67,198825.02,44188.36907258515,886.4275,3545.71,271.8180164903408,4,2024-02-01,2025-06-01,4,4,0,1.0,0.0,486,1.0,1.0,0,1,<35,Q1 lowest,0,49,0
C1519,Kyle Freeman,Individual,M,USA,California,1972-08-19,53,Home,1,No,Agency,0,0,0,4,1366990.1300000001,341747.53250000003,630466.93,213645.72,193805.36993947692,1072.9850000000001,4291.9400000000005,314.78140946293524,4,2024-07-01,2025-12-01,4,4,0,1.0,0.0,518,1.0,1.0,1,1,45-54,Q3,9,8,0
C1520,Patrick Griffin,Individual,M,USA,Utah,1945-12-05,80,Home,1,No,Website,0,0,0,4,1425469.02,356367.255,556062.8,168573.3,169897.29553049037,1187.8925,4751.57,298.05669935056414,4,2024-03-01,2025-05-01,3,4,0,1.0,0.0,426,1.0,1.3333333333333333,1,1,65+,Q3,9,48,2
C1521,Bryan Foster,Individual,M,USA,Nevada,1973-12-25,52,Home,4,No,Agency,0,0,0,3,913579.4099999999,304526.47,346864.73,226621.01,67552.9965045193,1032.28,3096.84,296.9488921952655,3,2024-01-01,2025-12-01,3,3,0,1.0,0.0,700,1.0,1.0,1,1,45-54,Q1 lowest,9,25,0
C1522,Debra Mitchell,Individual,F,USA,Washington,1964-09-14,61,Home,5,No,Website,0,0,0,4,1598304.98,399576.245,568937.95,225333.86,172470.80778222313,1378.985,5515.94,291.99700032189105,4,2024-04-01,2025-10-01,4,3,1,0.75,0.25,548,1.0,1.0,1,1,55-64,Q4 highest,9,53,2
C1523,Horizon Co,Company,M,Australia,Victoria,1981-07-22,44,Investment,3,No,Website,0,1,1,4,1652083.92,413020.98,563972.46,292138.69,118338.1410103192,1334.8775,5339.51,308.4287730196221,4,2025-05-01,2025-12-01,4,4,0,1.0,0.0,214,1.0,1.0,0,1,35-44,Q4 highest,0,49,2
C1524,Jordan Wilson,Individual,M,USA,Virginia,1967-07-24,58,Home,2,No,Client,0,0,0,4,1434208.3,358552.075,582397.59,232965.64,153772.7017672856,1164.0149999999999,4656.0599999999995,310.18224336622586,4,2024-02-01,2025-06-01,4,2,2,0.5,0.5,486,1.0,1.0,1,1,55-64,Q3,9,50,1
C1525,Timothy Brown,Individual,M,USA,California,1959-08-24,66,Home,1,No,Agency,0,0,0,3,1336757.18,445585.7266666666,544081.2,312096.7,119885.83586576079,1511.63,4534.89,290.9902327776977,3,2025-02-01,2025-12-01,3,3,0,1.0,0.0,303,1.0,1.0,1,1,65+,Q3,9,8,0
C1526,Victoria Howard,Individual,F,USA,California,1956-08-05,69,Home,3,No,Website,0,0,0,3,1429330.15,476443.3833333333,559747.82,358774.09,104801.32426557702,1600.9133333333332,4802.74,298.8037586643884,3,2024-03-01,2025-05-01,3,3,0,1.0,0.0,426,1.0,1.0,1,1,65+,Q3,9,8,2
C1527,Martha Thomas,Individual,F,USA,California,1989-05-13,36,Home,1,No,Agency,0,0,0,3,993447.0599999999,331149.01999999996,403651.55,256919.71,73381.15932800938,1200.3500000000001,3601.05,276.3289525019986,3,2024-03-01,2025-06-01,3,3,0,1.0,0.0,457,1.0,1.0,1,1,35-44,Q1 lowest,9,8,0
C1528,Jennifer Weaver,Individual,F,Germany,Hamburg,1997-09-02,28,Home,1,Yes,Website,1,0,0,3,1058452.68,352817.56,522641.04,174036.19,174474.97873855635,1125.17,3375.51,305.66475837574933,3,2024-10-01,2025-12-01,3,2,1,0.6666666666666666,0.3333333333333333,426,1.0,1.0,0,1,<35,Q2,5,16,2
C1529,Helios Co,Company,M,USA,California,1989-04-19,36,Home,4,No,Website,0,0,1,4,1614522.9000000001,403630.72500000003,559177.67,195068.84,163652.83728260716,1350.98,5403.92,300.44911294307315,4,2024-01-01,2025-11-01,4,4,0,1.0,0.0,670,1.0,1.0,1,1,35-44,Q4 highest,9,8,2
C1530,Sarah Wright,Individual,F,USA,California,1988-11-20,37,Home,2,No,Website,0,0,0,3,1011087.75,337029.25,506418.4,220388.67,150133.4750771856,1107.81,3323.43,308.5928380611333,3,2024-01-01,2025-06-01,3,3,0,1.0,0.0,517,1.0,1.0,1,1,35-44,Q1 lowest,9,8,2
C1531,Bryan Cox,Individual,M,France,Brittany,1964-03-15,61,Investment,2,No,Website,0,1,0,4,1272471.05,318117.7625,509367.59,149389.92,184633.3944067386,1065.415,4261.66,297.9391163758428,4,2024-04-01,2024-12-01,3,2,2,0.5,0.5,244,1.0,1.3333333333333333,0,1,55-64,Q3,4,6,2
C1532,Linda Freeman,Individual,F,USA,Texas,1998-09-26,27,Home,3,Yes,Website,1,0,0,4,1446462.79,361615.6975,553937.2,205599.43,150895.66836306872,1164.0149999999999,4656.0599999999995,309.902778608621,4,2024-05-01,2025-06-01,4,4,0,1.0,0.0,396,1.0,1.0,1,1,<35,Q4 highest,9,47,2
C1533,Anthony Bryant,Individual,M,Canada,British Columbia,1988-10-05,37,Home,4,No,Agency,0,0,0,4,1019127.09,254781.7725,479088.84,157369.37,150396.75900544165,727.265,2909.06,344.03247862808036,4,2024-09-01,2025-07-01,3,2,2,0.5,0.5,303,1.0,1.3333333333333333,0,1,35-44,Q1 lowest,2,5,0
C1534,Sandra Pierce,Individual,F,USA,California,1996-06-08,29,Home,4,Yes,Website,1,0,0,3,1195359.88,398453.2933333333,552866.95,274356.57,141708.66338015266,1303.4733333333334,3910.42,303.77609308440236,3,2024-04-01,2025-10-01,3,3,0,1.0,0.0,548,1.0,1.0,1,1,<35,Q2,9,8,2
C1535,Jeremy Stone,Individual,M,UK,England,1994-09-03,31,Investment,3,No,Agency,0,1,0,4,1967005.46,491751.365,621748.81,250182.28,166152.34964744706,1591.4724999999999,6365.889999999999,311.3057429808408,4,2024-08-01,2025-09-01,4,4,0,1.0,0.0,396,1.0,1.0,0,1,<35,Q4 highest,8,12,0
C1536,Sara Baker,Individual,F,USA,Washington,1982-06-05,43,Home,3,No,Website,0,0,0,3,1076884.84,358961.61333333334,687894.92,125951.48,292994.96382448444,1050.6433333333332,3151.93,326.4196675634502,3,2024-05-01,2025-06-01,3,2,1,0.6666666666666666,0.3333333333333333,396,1.0,1.0,1,1,35-44,Q2,9,53,2
C1537,Lisa Foster,Individual,F,USA,Arizona,1999-08-04,26,Home,5,No,Website,0,0,0,3,1637300.4100000001,545766.8033333333,581950.52,508639.46,36664.638318759375,1579.3133333333335,4737.9400000000005,345.4049857254848,3,2024-11-01,2025-06-01,2,2,1,0.6666666666666666,0.3333333333333333,212,1.0,1.5,1,1,<35,Q4 highest,9,1,2
C1538,Jessica Kim,Individual,F,USA,California,1947-01-07,78,Investment,5,No,Website,0,1,0,3,775544.78,258514.92666666667,394524.62,144215.29,126559.01821527627,941.38,2824.14,285.75111611160736,3,2024-05-01,2025-09-01,3,2,1,0.6666666666666666,0.3333333333333333,488,1.0,1.0,1,1,65+,Q1 lowest,9,8,2
C1539,Terry Brown,Individual,M,USA,Nevada,1997-05-13,28,Home,1,No,Agency,0,0,0,3,811448.36,270482.7866666667,281239.32,251909.19,16152.213186502724,995.5099999999999,2986.5299999999997,272.5672214691155,3,2024-05-01,2025-06-01,3,3,0,1.0,0.0,396,1.0,1.0,1,1,<35,Q1 lowest,9,25,0
C1540,Roger Cox,Individual,M,USA,California,1957-12-02,68,Home,2,Yes,Client,1,0,0,3,842510.7,280836.89999999997,433230.74,159782.74,139391.83560336955,908.2333333333332,2724.7,315.45532732347186,3,2024-10-01,2025-06-01,3,3,0,1.0,0.0,243,1.0,1.0,1,1,65+,Q1 lowest,9,8,1
C1541,Carl Adams,Individual,M,USA,California,1964-11-20,61,Home,2,No,Website,0,0,0,4,1173616.46,293404.115,412683.22,164991.39,120562.97034348051,995.0275,3980.11,304.45242557540735,4,2024-10-01,2025-03-01,3,3,1,0.75,0.25,151,1.0,1.3333333333333333,1,1,55-64,Q2,9,8,2
C1542,Gary Cook,Individual,M,USA,Nevada,1989-07-27,36,Home,1,Yes,Website,1,0,0,3,1261648.92,420549.63999999996,589311.2,192979.14,204606.07032515822,1356.7466666666667,4070.24,310.20797336558843,3,2024-02-01,2025-01-01,3,3,0,1.0,0.0,335,1.0,1.0,1,1,35-44,Q3,9,25,2
C1543,Virginia Peterson,Individual,F,USA,New York,1955-11-10,70,Investment,3,No,Agency,0,1,0,3,1199490.31,399830.10333333333,586216.96,222662.14,181952.65258310092,1267.4066666666668,3802.2200000000003,308.065002319388,3,2024-07-01,2025-02-01,3,2,1,0.6666666666666666,0.3333333333333333,215,1.0,1.0,1,1,65+,Q2,9,27,0
C1544,Heather Evans,Individual,F,Russia,Tatarstan,1947-04-27,78,Home,3,No,Website,0,0,0,3,1551623.3,517207.76666666666,596353.18,401408.97,102510.55621479303,1679.1066666666666,5037.32,305.8955791098728,3,2024-02-01,2025-02-01,3,3,0,1.0,0.0,366,1.0,1.0,0,1,65+,Q4 highest,7,46,2
C1545,Elizabeth Price,Individual,F,USA,California,1992-11-23,33,Investment,1,Yes,Website,1,1,0,3,1101811.15,367270.3833333333,494550.09,281344.37,112457.83976410954,1254.5033333333333,3763.51,292.4366170207845,3,2024-01-01,2024-04-01,3,3,0,1.0,0.0,91,1.0,1.0,1,1,<35,Q2,9,8,2
C1546,Sarah Scott,Individual,F,Mexico,Puebla,1966-06-06,59,Home,4,Yes,Agency,1,0,0,4,1161022.51,290255.6275,519316.1,175165.7,157047.9424986823,874.9925000000001,3499.9700000000003,330.28443786484144,4,2024-06-01,2024-12-01,3,3,1,0.75,0.25,183,1.0,1.3333333333333333,0,1,55-64,Q2,6,39,0
C1547,Margaret Martin,Individual,F,USA,Florida,1975-04-03,50,Home,2,Yes,Agency,1,0,0,4,1199337.46,299834.365,455404.07,142219.93,139854.5031719128,997.415,3989.66,312.4852459330545,4,2024-01-01,2025-12-01,4,3,1,0.75,0.25,700,1.0,1.0,1,1,45-54,Q2,9,14,0
C1548,Telnox Co,Company,M,USA,California,1967-12-26,58,Home,2,Yes,Website,1,0,1,3,615223.03,205074.34333333335,249761.11,177394.92,39066.01667974905,678.9699999999999,2036.9099999999999,303.25227189402636,3,2024-12-01,2025-12-01,2,3,0,1.0,0.0,365,1.0,1.5,1,1,55-64,Q1 lowest,9,8,2
C1549,Gary Reyes,Individual,M,Mexico,Nuevo Leon,1961-06-15,64,Home,4,No,Client,0,0,0,3,837044.35,279014.7833333333,334152.7,244330.47,48278.055755500696,983.4266666666667,2950.28,287.3216267134631,3,2024-03-01,2024-11-01,3,3,0,1.0,0.0,245,1.0,1.0,0,1,55-64,Q1 lowest,6,33,1
C1550,Jason Rogers,Individual,M,USA,California,1998-10-01,27,Home,2,No,Agency,0,0,0,4,1368767.79,342191.9475,579944.58,195341.0,171041.80155630168,1164.0149999999999,4656.0599999999995,287.565972329854,4,2024-02-01,2025-06-01,4,4,0,1.0,0.0,486,1.0,1.0,1,1,<35,Q3,9,8,0
C1551,Aaron Howard,Individual,M,USA,California,1991-05-17,34,Home,2,No,Agency,0,0,0,3,1252240.69,417413.5633333333,487577.71,341188.07,73382.80873196755,1438.2933333333333,4314.88,290.61329911843484,3,2024-02-01,2024-10-01,3,2,1,0.6666666666666666,0.3333333333333333,243,1.0,1.0,1,1,<35,Q3,9,8,0
C1552,Peter Wilson,Individual,M,USA,California,1947-04-20,78,Investment,2,Yes,Agency,1,1,0,4,1356450.7000000002,339112.67500000005,570187.06,136944.18,186280.49615122916,1074.0525,4296.21,305.497304095097,4,2024-10-01,2025-09-01,4,3,1,0.75,0.25,335,1.0,1.0,1,1,65+,Q3,9,8,0
C1553,Horizon Co,Company,M,USA,Utah,1990-03-27,35,Home,4,No,Agency,0,0,1,3,979536.36,326512.12,505829.79,194006.16,161096.23273508693,1038.7166666666667,3116.15,307.509144213996,3,2024-02-01,2025-08-01,3,3,0,1.0,0.0,547,1.0,1.0,1,1,35-44,Q1 lowest,9,48,0
C1554,Gregory Cox,Individual,M,Germany,Bavaria,1998-03-04,27,Home,1,No,Website,0,0,0,3,742034.24,247344.74666666667,293555.19,190102.41,52601.29680265148,678.9699999999999,2036.9099999999999,362.2549695266313,3,2024-06-01,2025-08-01,3,3,0,1.0,0.0,426,1.0,1.0,0,1,<35,Q1 lowest,5,3,2
C1555,Julia Martin,Individual,F,UK,England,1946-04-25,79,Home,5,No,Website,0,0,0,4,1233852.38,308463.095,488976.07,177305.61,131852.4107027749,1012.5575,4050.23,310.779300285579,4,2024-07-01,2025-08-01,3,4,0,1.0,0.0,396,1.0,1.3333333333333333,0,1,65+,Q3,8,12,2
C1556,Grace Wood,Individual,F,USA,Colorado,1982-11-20,43,Investment,2,No,Agency,0,1,0,4,1215734.71,303933.6775,410418.36,219431.86,79376.00690198451,1020.3875,4081.55,299.72891706328323,4,2024-01-01,2025-05-01,4,4,0,1.0,0.0,486,1.0,1.0,1,1,35-44,Q2,9,11,0
C1557,Joan Griffin,Individual,F,USA,New York,1942-03-15,83,Home,2,Yes,Website,1,0,0,3,955054.1799999999,318351.3933333333,528144.96,181790.56,184425.1000364195,1072.4833333333333,3217.45,294.1136841749192,3,2024-05-01,2025-10-01,3,3,0,1.0,0.0,518,1.0,1.0,1,1,65+,Q1 lowest,9,27,2
C1558,Tyler Phillips,Individual,M,Mexico,Baja California,1944-03-12,81,Home,4,No,Website,0,0,0,3,1482069.56,494023.1866666667,578692.29,440168.38,74225.05688591982,1680.5266666666666,5041.58,299.1675367344344,3,2024-06-01,2024-10-01,3,1,2,0.3333333333333333,0.6666666666666666,122,1.0,1.0,0,1,65+,Q4 highest,6,2,2
C1559,Sara Mitchell,Individual,F,UK,England,1975-03-27,50,Home,2,No,Website,0,0,0,3,1345808.87,448602.9566666667,527049.84,322598.15,110210.89074950092,1445.2933333333333,4335.88,315.20816215083465,3,2024-01-01,2025-01-01,3,3,0,1.0,0.0,366,1.0,1.0,0,1,45-54,Q3,8,12,2
C1560,Christina Hughes,Individual,F,USA,California,1940-07-15,85,Home,4,Yes,Client,1,0,0,3,1052677.5699999998,350892.52333333326,415366.42,289323.48,63071.660122649664,1148.0433333333333,3444.13,307.1745356188394,3,2024-10-01,2025-03-01,3,2,1,0.6666666666666666,0.3333333333333333,151,1.0,1.0,1,1,65+,Q2,9,8,1
C1561,Jeffrey Green,Individual,M,Mexico,Nuevo Leon,1964-04-28,61,Investment,5,No,Agency,0,1,0,3,1135294.51,378431.50333333336,661640.07,113212.24,274656.11672679207,1193.7733333333333,3581.32,299.7772032381946,3,2024-05-01,2025-06-01,3,3,0,1.0,0.0,396,1.0,1.0,0,1,55-64,Q2,6,33,0
C1562,Maria Morris,Individual,F,USA,California,1987-07-05,38,Home,4,No,Client,0,0,0,3,1179775.32,393258.44,534178.9,248706.16,142771.01914660833,1268.0466666666669,3804.1400000000003,309.62296049534757,3,2024-02-01,2024-11-01,3,3,0,1.0,0.0,274,1.0,1.0,1,1,35-44,Q2,9,8,1
C1563,Susan Baker,Individual,F,USA,Utah,1987-06-18,38,Home,5,No,Website,0,0,0,3,979729.05,326576.35000000003,428024.76,158850.09,146315.80841750867,1090.7733333333333,3272.3199999999997,300.0323390816546,3,2025-07-01,2025-11-01,3,2,1,0.6666666666666666,0.3333333333333333,123,1.0,1.0,1,1,35-44,Q1 lowest,9,48,2
C1564,Jason Wood,Individual,M,USA,Washington,1964-11-06,61,Investment,5,No,Website,0,1,0,3,1595925.43,531975.1433333333,634070.07,465014.45,89837.41663325435,1635.6233333333332,4906.87,325.39871252771144,3,2024-10-01,2025-12-01,3,3,0,1.0,0.0,426,1.0,1.0,1,1,55-64,Q4 highest,9,53,2
C1565,Kenneth Bennett,Individual,M,Mexico,Jalisco,1980-08-08,45,Home,4,No,Agency,0,0,0,4,1140899.22,285224.805,422684.36,192882.89,98004.7775084822,994.0725,3976.29,289.9594939432932,4,2024-02-01,2025-01-01,3,3,1,0.75,0.25,335,1.0,1.3333333333333333,0,1,45-54,Q2,6,19,0
C1566,Anthony Wilson,Individual,M,USA,California,1995-01-01,30,Home,3,No,Website,0,0,0,4,1450240.65,362560.1625,530764.64,248159.95,126185.71763812003,1175.235,4700.94,310.60744607284084,4,2024-12-01,2025-08-01,4,4,0,1.0,0.0,243,1.0,1.0,1,1,<35,Q4 highest,9,8,2
C1567,Frank Wilson,Individual,M,USA,Georgia,1977-10-11,48,Home,4,No,Client,0,0,0,4,1594452.6199999999,398613.15499999997,537350.96,164834.69,169262.79504282022,1276.9875,5107.95,305.98391049575355,4,2024-01-01,2025-05-01,4,3,1,0.75,0.25,486,1.0,1.0,1,1,45-54,Q4 highest,9,15,1
C1568,Betty Owens,Individual,F,USA,California,1990-03-06,35,Home,5,No,Website,0,0,0,3,1373808.0899999999,457936.02999999997,570859.46,241356.6,187620.51710579227,1357.1933333333334,4071.58,327.3085017325855,3,2024-12-01,2025-06-01,3,2,1,0.6666666666666666,0.3333333333333333,182,1.0,1.0,1,1,35-44,Q3,9,8,2
C1569,Pamela Turner,Individual,F,USA,California,1993-11-05,32,Investment,1,Yes,Website,1,1,0,3,1175242.5499999998,391747.5166666666,624932.71,213043.96,211280.0798574007,1258.29,3774.87,308.3884812829846,3,2024-02-01,2025-09-01,3,3,0,1.0,0.0,578,1.0,1.0,1,1,<35,Q2,9,8,2
C1570,Amanda Williams,Individual,F,USA,Ohio,1963-12-27,62,Home,5,No,Website,0,0,0,4,1469638.4,367409.6,493931.35,245282.25,112710.58017711883,1333.5625,5334.25,280.4146436360922,4,2024-01-01,2024-03-01,3,4,0,1.0,0.0,60,1.0,1.3333333333333333,1,1,55-64,Q4 highest,9,35,2
C1571,Ethan Morales,Individual,M,USA,California,1978-06-03,47,Home,2,No,Website,0,0,0,4,1243439.96,310859.99,396729.97,233677.77,66756.13009913871,1092.085,4368.34,293.49738857779414,4,2024-12-01,2025-11-01,4,4,0,1.0,0.0,335,1.0,1.0,1,1,45-54,Q3,9,8,2
C1572,Donald Baker,Individual,M,Australia,Queensland,1960-06-10,65,Home,3,No,Agency,0,0,0,4,886149.52,221537.38,284177.91,179987.43,46324.7600411227,748.33,2993.32,294.4365760502225,4,2024-01-01,2025-05-01,3,4,0,1.0,0.0,486,1.0,1.3333333333333333,0,1,65+,Q1 lowest,0,41,0
C1573,Amanda Richardson,Individual,F,USA,California,1946-05-07,79,Home,1,No,Website,0,0,0,4,1175839.94,293959.985,410772.92,195740.81,107941.90420734619,1059.9375,4239.75,278.8009064436627,4,2025-01-01,2025-05-01,2,2,2,0.5,0.5,120,1.0,2.0,1,1,65+,Q2,9,8,2
C1574,Gary Morris,Individual,M,USA,California,1984-08-14,41,Home,4,No,Website,0,0,0,3,1195224.9,398408.3,488398.75,341221.59,78881.83013157785,1255.6333333333334,3766.9,316.0873099894978,3,2024-02-01,2025-03-01,3,3,0,1.0,0.0,394,1.0,1.0,1,1,35-44,Q2,9,8,2
C1575,Paul Freeman,Individual,M,USA,California,2000-12-19,25,Home,2,No,Website,0,0,0,4,1395067.1600000001,348766.79000000004,494892.28,202812.57,128555.39150173543,1158.7275,4634.91,305.25216854782985,4,2024-05-01,2025-10-01,4,4,0,1.0,0.0,518,1.0,1.0,1,1,<35,Q3,9,8,2
C1576,Heather Cook,Individual,F,USA,Nevada,1977-09-28,48,Investment,3,Yes,Website,1,1,0,4,1359536.24,339884.06,516417.01,202725.25,135809.93582942573,1098.1675,4392.67,306.08915956124895,4,2024-02-01,2025-07-01,4,3,1,0.75,0.25,516,1.0,1.0,1,1,45-54,Q3,9,25,2
C1577,Ethan Edwards,Individual,M,Germany,Bavaria,1983-02-15,42,Home,3,No,Website,0,0,0,3,1427933.58,475977.86000000004,574268.12,424459.34,85154.94341635604,1471.8999999999999,4415.7,323.10748399926587,3,2024-07-01,2025-11-01,3,2,1,0.6666666666666666,0.3333333333333333,488,1.0,1.0,0,1,35-44,Q3,5,3,2
C1578,Mark Turner,Individual,M,USA,California,1996-03-12,29,Investment,2,No,Website,0,1,0,3,765431.01,255143.67,334041.57,169119.0,82691.93831218313,934.8733333333333,2804.62,282.062208343019,3,2024-09-01,2025-12-01,3,3,0,1.0,0.0,456,1.0,1.0,1,1,<35,Q1 lowest,9,8,2
C1579,Robert Bell,Individual,M,USA,Arizona,1945-10-03,80,Investment,4,No,Website,0,1,0,4,1101753.5899999999,275438.39749999996,300464.18,246938.23,23534.8285329401,952.0525,3808.21,292.06020743088715,4,2024-10-01,2025-10-01,4,3,1,0.75,0.25,365,1.0,1.0,1,1,65+,Q2,9,1,2
C1580,Jordan Martin,Individual,M,USA,Georgia,1997-12-05,28,Investment,1,Yes,Website,1,1,0,4,1008834.66,252208.665,458458.71,153831.9,139882.36779403966,872.2,3488.8,287.0755193206537,4,2024-01-01,2025-12-01,4,3,1,0.75,0.25,700,1.0,1.0,1,1,<35,Q1 lowest,9,15,2
C1581,James Reyes,Individual,M,USA,California,1950-11-08,75,Investment,1,No,Website,0,1,0,3,1123364.22,374454.74,518409.3,231799.35,143309.391673286,1023.9266666666666,3071.7799999999997,357.732901316442,3,2025-01-01,2025-04-01,3,1,2,0.3333333333333333,0.6666666666666666,90,1.0,1.0,1,1,65+,Q2,9,8,2
C1582,Harold Baker,Individual,M,France,Ile-de-France,1955-08-20,70,Home,4,Yes,Client,1,0,0,3,1030269.01,343423.00333333336,446919.96,201016.28,127485.81260644825,1050.08,3150.24,324.03923388426136,3,2024-04-01,2024-10-01,3,2,1,0.6666666666666666,0.3333333333333333,183,1.0,1.0,0,1,65+,Q2,4,18,1
C1583,Peter Scott,Individual,M,USA,California,1968-01-03,57,Home,2,No,Agency,0,0,0,4,1378030.61,344507.6525,456061.7,205474.2,111810.33166445082,1170.135,4680.54,293.70298451981887,4,2024-03-01,2025-05-01,4,3,1,0.75,0.25,426,1.0,1.0,1,1,55-64,Q3,9,8,0
C1584,Nexus Co,Company,M,France,Brittany,1985-08-12,40,Investment,1,Yes,Website,1,1,1,3,1199226.44,399742.14666666667,491267.17,266282.79,118208.9634718088,1361.7433333333333,4085.23,297.40159781076756,3,2025-05-01,2025-08-01,3,3,0,1.0,0.0,92,1.0,1.0,0,1,35-44,Q2,4,6,2
C1585,Kevin Watson,Individual,M,Canada,Ontario,1960-10-10,65,Home,5,No,Website,0,0,0,4,1480011.91,370002.9775,478106.01,144901.21,152887.47570564473,1276.8225,5107.29,287.5295107115782,4,2024-06-01,2025-02-01,4,4,0,1.0,0.0,245,1.0,1.0,0,1,65+,Q4 highest,2,36,2
C1586,Carolyn Roberts,Individual,F,Germany,Berlin,1967-01-21,58,Home,3,No,Website,0,0,0,3,1116579.83,372193.2766666667,419816.08,330158.13,45089.39376193734,1224.68,3674.04,304.21063616367974,3,2024-01-01,2025-04-01,3,3,0,1.0,0.0,456,1.0,1.0,0,1,55-64,Q2,5,4,2
C1587,Carl Cooper,Individual,M,Canada,Quebec,1943-12-02,82,Investment,4,Yes,Agency,1,1,0,3,743057.13,247685.71,358380.74,177408.39,97020.31399332666,850.2466666666668,2550.7400000000002,307.0055131205591,3,2024-09-01,2024-10-01,2,3,0,1.0,0.0,30,1.0,1.5,0,1,65+,Q1 lowest,2,40,0
C1588,Patricia Thomas,Individual,F,USA,Utah,1980-10-25,45,Investment,5,No,Website,0,1,0,3,957201.31,319067.10333333333,503642.95,152470.27,176275.34281607775,1104.51,3313.53,290.99480765900927,3,2024-01-01,2025-02-01,3,3,0,1.0,0.0,397,1.0,1.0,1,1,45-54,Q1 lowest,9,48,2
C1589,Christina Ward,Individual,F,USA,California,1953-08-12,72,Investment,4,No,Agency,0,1,0,3,1380536.7000000002,460178.9000000001,593745.43,298751.02,149457.74185594704,1396.87,4190.61,326.88357150381245,3,2024-04-01,2024-06-01,2,2,1,0.6666666666666666,0.3333333333333333,61,1.0,1.5,1,1,65+,Q3,9,8,0
C1590,Elara Co,Company,F,USA,Oregon,1979-06-19,46,Home,1,No,Website,0,0,1,4,1470403.6,367600.9,497116.96,242154.43,104155.8938125811,1228.8325,4915.33,306.1386614218441,4,2024-07-01,2025-07-01,4,3,1,0.75,0.25,365,1.0,1.0,1,1,45-54,Q4 highest,9,37,2
C1591,Christine Brooks,Individual,F,USA,California,1971-08-15,54,Investment,4,No,Website,0,1,0,4,1676312.98,419078.245,523585.37,276837.25,109146.4915595319,1341.715,5366.86,310.2898916332747,4,2024-05-01,2025-10-01,4,4,0,1.0,0.0,518,1.0,1.0,1,1,45-54,Q4 highest,9,8,2
C1592,Heather Allen,Individual,F,USA,Texas,1975-06-01,50,Investment,2,Yes,Agency,1,1,0,4,878452.1900000001,219613.04750000002,273978.28,170526.78,53280.70391668602,735.11,2940.44,301.13312679931073,4,2024-04-01,2025-08-01,4,3,1,0.75,0.25,487,1.0,1.0,1,1,45-54,Q1 lowest,9,47,0
C1593,Anthony Williams,Individual,M,USA,California,1975-08-05,50,Home,1,No,Website,0,0,0,4,825960.49,206490.1225,280450.33,139828.56,67955.03786317018,666.135,2664.54,308.0334425012127,4,2024-04-01,2024-09-01,3,4,0,1.0,0.0,153,1.0,1.3333333333333333,1,1,45-54,Q1 lowest,9,8,2
C1594,Kathleen Green,Individual,F,USA,Colorado,1969-10-24,56,Home,2,No,Agency,0,0,0,4,1522994.53,380748.6325,524785.88,215808.72,130799.19061218112,1259.875,5039.5,308.15008878732624,4,2024-07-01,2025-05-01,4,3,1,0.75,0.25,304,1.0,1.0,1,1,55-64,Q4 highest,9,11,0
C1595,Charles Reed,Individual,M,USA,California,1955-08-20,70,Home,5,No,Website,0,0,0,4,1310147.8599999999,327536.96499999997,583134.02,193299.59,178795.9379548996,1186.5225,4746.09,270.48297453077066,4,2024-07-01,2025-07-01,3,4,0,1.0,0.0,365,1.0,1.3333333333333333,1,1,65+,Q3,9,8,2
C1596,Frank Hall,Individual,M,Germany,Berlin,1979-11-10,46,Investment,4,No,Website,0,1,0,3,1642954.44,547651.48,634487.77,374278.05,150145.86922441225,1649.26,4947.78,327.48681876192137,3,2024-04-01,2025-05-01,3,3,0,1.0,0.0,395,1.0,1.0,0,1,45-54,Q4 highest,5,4,2
C1597,Rachel Cox,Individual,F,USA,Nevada,1949-12-28,76,Investment,4,Yes,Website,1,1,0,4,1155778.2,288944.55,356644.67,199115.19,68879.85354243044,947.7475,3790.99,309.7769964537744,4,2024-04-01,2025-07-01,4,4,0,1.0,0.0,456,1.0,1.0,1,1,65+,Q2,9,25,2
C1598,Angela Adams,Individual,F,USA,Georgia,1940-06-23,85,Home,4,Yes,Agency,1,0,0,3,1163931.67,387977.2233333333,523992.65,197165.85,170164.29157694083,1310.3966666666665,3931.1899999999996,302.64497644154613,3,2024-07-01,2025-09-01,3,3,0,1.0,0.0,427,1.0,1.0,1,1,65+,Q2,9,15,0
C1599,Stephanie Thompson,Individual,F,USA,Virginia,1980-11-19,45,Investment,5,Yes,Website,1,1,0,3,1321031.17,440343.7233333333,584321.85,253398.7,169594.06964382224,1337.1733333333334,4011.52,327.5128011231716,3,2024-10-01,2025-11-01,3,3,0,1.0,0.0,396,1.0,1.0,1,1,45-54,Q3,9,50,2
C1600,Jennifer Rogers,Individual,F,Belgium,Wallonia,1968-02-13,57,Home,5,No,Website,0,0,0,4,1237164.36,309291.09,430028.88,180470.85,109722.59102473686,984.6475,3938.59,311.8608239736384,4,2024-06-01,2025-02-01,3,4,0,1.0,0.0,245,1.0,1.3333333333333333,0,1,55-64,Q3,1,52,2
C1601,Tiffany Parker,Individual,F,Russia,Krasnodar Krai,1996-08-13,29,Home,3,No,Website,0,0,0,3,829078.01,276359.33666666667,324581.41,205928.65,62366.14661454187,913.6700000000001,2741.01,306.2574828055878,3,2024-04-01,2025-12-01,3,3,0,1.0,0.0,609,1.0,1.0,0,1,<35,Q1 lowest,7,21,2
C1602,Harold Turner,Individual,M,USA,Nevada,1986-11-01,39,Investment,4,No,Website,0,1,0,4,1676863.99,419215.9975,534260.23,196031.15,151565.2613435905,1425.28,5701.12,291.5466597840417,4,2024-10-01,2025-12-01,3,4,0,1.0,0.0,426,1.0,1.3333333333333333,1,1,35-44,Q4 highest,9,25,2
C1603,Hannah Rogers,Individual,F,UK,England,1962-09-07,63,Home,5,No,Website,0,0,0,4,1077719.71,269429.9275,371548.46,160290.77,86651.41026625954,976.2049999999999,3904.8199999999997,285.3103160528668,4,2024-06-01,2025-08-01,4,2,2,0.5,0.5,426,1.0,1.0,0,1,55-64,Q2,8,12,2
C1604,Ronald Kim,Individual,M,USA,Texas,1949-09-10,76,Home,4,No,Website,0,0,0,3,1050264.24,350088.08,539529.66,159532.71,190000.92341472636,1243.8233333333333,3731.47,281.0677239742809,3,2024-03-01,2025-06-01,3,2,1,0.6666666666666666,0.3333333333333333,457,1.0,1.0,1,1,65+,Q2,9,47,2
C1605,Joshua Collins,Individual,M,UK,England,1999-01-21,26,Investment,4,Yes,Website,1,1,0,4,1170783.34,292695.835,573983.92,149462.76,194147.72070942348,874.9925000000001,3499.9700000000003,319.0141615698714,4,2024-05-01,2025-08-01,4,2,2,0.5,0.5,457,1.0,1.0,0,1,<35,Q2,8,12,2
C1606,Zachary Howard,Individual,M,USA,Washington,1965-03-20,60,Home,1,Yes,Agency,1,0,0,3,917562.71,305854.23666666663,396586.67,253742.21,78865.62493569001,1033.4833333333333,3100.45,296.21256645107843,3,2025-02-01,2025-12-01,3,2,1,0.6666666666666666,0.3333333333333333,303,1.0,1.0,1,1,55-64,Q1 lowest,9,53,0
C1607,Emma Hall,Individual,F,USA,California,1963-03-11,62,Home,3,No,Agency,0,0,0,3,829294.5700000001,276431.5233333334,345524.63,214742.35,65704.75524726449,927.6066666666666,2782.8199999999997,296.7432544232949,3,2024-05-01,2025-07-01,3,3,0,1.0,0.0,426,1.0,1.0,1,1,55-64,Q1 lowest,9,8,0
C1608,Heather Pierce,Individual,F,UK,England,1999-11-14,26,Home,4,Yes,Website,1,0,0,3,1431381.65,477127.2166666666,609069.59,216010.59,226137.8676016428,1447.82,4343.46,318.6186053663929,3,2025-09-01,2025-11-01,3,2,1,0.6666666666666666,0.3333333333333333,61,1.0,1.0,0,1,<35,Q3,8,12,2
C1609,Justin Reed,Individual,M,USA,California,1964-10-02,61,Investment,2,No,Website,0,1,0,3,804844.43,268281.4766666667,327614.46,237505.2,51395.85397842355,900.46,2701.38,302.98484474395883,3,2024-09-01,2025-01-01,3,3,0,1.0,0.0,122,1.0,1.0,1,1,55-64,Q1 lowest,9,8,2
C1610,Kenneth White,Individual,M,USA,California,1967-03-23,58,Investment,3,No,Website,0,1,0,4,1249167.74,312291.935,464148.93,168566.58,163729.46849288646,1114.2125,4456.85,281.88491641647727,4,2024-03-01,2025-11-01,4,3,1,0.75,0.25,610,1.0,1.0,1,1,55-64,Q3,9,8,2
C1611,Sarah Bryant,Individual,F,USA,Nevada,1975-09-02,50,Investment,4,No,Website,0,1,0,4,1072189.52,268047.38,300261.31,217963.49,36326.033099482076,842.75,3371.0,318.72574313352214,4,2024-03-01,2025-02-01,4,4,0,1.0,0.0,337,1.0,1.0,1,1,45-54,Q2,9,25,2
C1612,Jason Price,Individual,M,USA,California,1990-02-25,35,Home,1,No,Agency,0,0,0,3,766554.56,255518.18666666668,389142.71,178359.16,116183.8649426444,839.1433333333334,2517.4300000000003,301.79361324466817,3,2024-03-01,2024-09-01,3,3,0,1.0,0.0,184,1.0,1.0,1,1,35-44,Q1 lowest,9,8,0
C1613,Ryan Griffin,Individual,M,Denmark,Southern Denmark,1998-01-08,27,Home,2,Yes,Agency,1,0,0,4,1608368.22,402092.055,536339.3,170047.61,159870.23219315943,1400.6975,5602.79,285.83805783579203,4,2024-03-01,2025-02-01,3,3,1,0.75,0.25,337,1.0,1.3333333333333333,0,1,<35,Q4 highest,3,45,0
C1614,Julie Williams,Individual,F,USA,Utah,1968-05-16,57,Investment,4,No,Website,0,1,0,3,822155.05,274051.68333333335,375800.81,172502.97,101649.0681772073,1059.3466666666666,3178.04,265.13804678166275,3,2025-03-01,2025-10-01,3,3,0,1.0,0.0,214,1.0,1.0,1,1,55-64,Q1 lowest,9,48,2
C1615,Jason Mitchell,Individual,M,USA,Utah,1963-08-01,62,Home,5,No,Agency,0,0,0,3,857125.52,285708.50666666665,475179.93,146531.33,169998.85001468577,903.87,2711.61,318.9650942104338,3,2024-01-01,2025-09-01,3,3,0,1.0,0.0,609,1.0,1.0,1,1,55-64,Q1 lowest,9,48,0
C1616,Aaron Nelson,Individual,M,UK,Wales,1991-09-01,34,Investment,5,Yes,Website,1,1,0,4,1344053.71,336013.4275,542250.95,171091.26,180680.59140376907,1128.1275,4512.51,300.6690718381523,4,2024-01-01,2025-12-01,4,4,0,1.0,0.0,700,1.0,1.0,0,1,<35,Q3,8,51,2
C1617,Michelle Baker,Individual,F,USA,California,1952-10-09,73,Home,3,No,Website,0,0,0,3,776005.5,258668.5,389944.98,175259.38,115069.28272509217,839.1433333333334,2517.4300000000003,306.0345124559622,3,2024-02-01,2025-03-01,3,3,0,1.0,0.0,394,1.0,1.0,1,1,65+,Q1 lowest,9,8,2
C1618,Linda Price,Individual,F,USA,Washington,1962-11-22,63,Home,2,Yes,Website,1,0,0,4,1356655.6800000002,339163.92000000004,567758.66,144307.67,177051.44140095875,1103.3025,4413.21,305.84533933956607,4,2024-02-01,2025-10-01,3,3,1,0.75,0.25,608,1.0,1.3333333333333333,1,1,55-64,Q3,9,53,2
C1619,Jason Baker,Individual,M,Belgium,Wallonia,1952-10-24,73,Home,2,No,Website,0,0,0,4,1390206.46,347551.615,466648.29,204218.36,109814.9786522751,1164.0149999999999,4656.0599999999995,306.81861857078025,4,2024-04-01,2025-11-01,4,2,2,0.5,0.5,579,1.0,1.0,0,1,65+,Q3,1,52,2
C1620,Jacob Morales,Individual,M,USA,California,1944-05-07,81,Home,1,Yes,Website,1,0,0,3,788250.3500000001,262750.1166666667,306030.71,215779.63,45238.54379729893,979.0866666666667,2937.26,276.55408747719775,3,2024-03-01,2024-12-01,3,2,1,0.6666666666666666,0.3333333333333333,275,1.0,1.0,1,1,65+,Q1 lowest,9,8,2
C1621,Carl Wood,Individual,M,USA,Oregon,1954-06-15,71,Investment,2,No,Agency,0,1,0,3,739739.97,246579.99,330239.65,152799.46,89152.00089721319,973.09,2919.27,262.4596448949508,3,2024-07-01,2025-08-01,3,3,0,1.0,0.0,396,1.0,1.0,1,1,65+,Q1 lowest,9,37,0
C1622,Angela Taylor,Individual,F,USA,Oregon,1961-02-01,64,Home,1,Yes,Website,1,0,0,3,1054193.3599999999,351397.7866666666,466599.16,220638.59,123716.14647585269,1107.81,3323.43,324.9236151283461,3,2024-10-01,2025-03-01,3,3,0,1.0,0.0,151,1.0,1.0,1,1,55-64,Q2,9,37,2
C1623,Julia Hall,Individual,F,USA,Oregon,1994-01-12,31,Home,4,No,Website,0,0,0,3,1060233.46,353411.1533333333,508317.94,240507.75,138758.01823874624,1111.2966666666666,3333.89,322.43591302473806,3,2024-08-01,2024-10-01,3,3,0,1.0,0.0,61,1.0,1.0,1,1,<35,Q2,9,37,2
C1624,Jennifer Stewart,Individual,F,USA,California,1951-01-04,74,Home,4,Yes,Website,1,0,0,4,1943363.94,485840.985,663848.64,329030.02,138159.17506228882,1602.67,6410.68,299.2323404404552,4,2024-03-01,2025-11-01,4,4,0,1.0,0.0,610,1.0,1.0,1,1,65+,Q4 highest,9,8,2
C1625,Harold Wright,Individual,M,Australia,Western Australia,2000-02-03,25,Home,4,No,Agency,0,0,0,3,910587.85,303529.2833333333,437096.17,171012.46,133044.9629132724,1094.84,3284.52,269.2712820091999,3,2024-09-01,2025-08-01,3,3,0,1.0,0.0,334,1.0,1.0,0,1,<35,Q1 lowest,0,54,0
C1626,Jennifer Morales,Individual,F,France,Provence,1970-02-24,55,Home,2,Yes,Website,1,0,0,3,1225657.22,408552.4066666667,506351.81,331811.36,89155.38660493844,1464.8466666666666,4394.54,283.59441515040004,3,2024-08-01,2024-11-01,3,3,0,1.0,0.0,92,1.0,1.0,0,1,55-64,Q3,4,38,2
C1627,David Bryant,Individual,M,USA,California,1973-08-14,52,Investment,1,No,Website,0,1,0,3,1275226.77,425075.59,487397.65,311009.93,98925.25990574704,1527.8633333333335,4583.59,277.9167267676937,3,2024-05-01,2025-11-01,3,3,0,1.0,0.0,549,1.0,1.0,1,1,45-54,Q3,9,8,2
C1628,Lumina Co,Company,F,France,Normandy,1993-10-13,32,Home,4,Yes,Website,1,0,1,3,800299.08,266766.36,369992.93,174634.6,98150.60051675333,842.73,2528.19,316.4399549919405,3,2024-04-01,2025-04-01,3,2,1,0.6666666666666666,0.3333333333333333,365,1.0,1.0,0,1,<35,Q1 lowest,4,28,2
C1629,Stephanie Roberts,Individual,F,USA,Utah,1956-08-26,69,Home,5,No,Agency,0,0,0,3,789150.05,263050.01666666666,370439.82,167175.36,102120.31691509303,1008.13,3024.39,271.7214831133702,3,2024-09-01,2025-11-01,3,2,1,0.6666666666666666,0.3333333333333333,426,1.0,1.0,1,1,65+,Q1 lowest,9,48,0
C1630,Grandis Co,Company,F,USA,Virginia,1994-05-06,31,Investment,1,Yes,Website,1,1,1,3,1206881.92,402293.9733333333,466289.68,300750.03,88928.32219328458,1338.1466666666668,4014.44,305.7239374313957,3,2024-01-01,2024-08-01,3,2,1,0.6666666666666666,0.3333333333333333,213,1.0,1.0,1,1,<35,Q2,9,50,2
C1631,Joan Patterson,Individual,F,UK,Northern Ireland,1966-03-12,59,Home,5,No,Website,0,0,0,4,1683720.2,420930.05,605216.52,273717.69,137339.3341277822,1267.07,5068.28,333.5418488054143,4,2024-01-01,2025-02-01,4,3,1,0.75,0.25,397,1.0,1.0,0,1,55-64,Q4 highest,8,31,2
C1632,Victoria Wright,Individual,F,USA,California,1963-07-12,62,Investment,3,Yes,Agency,1,1,0,4,1425130.6800000002,356282.67000000004,587752.9,153965.78,219146.9385469848,1152.755,4611.02,301.8546499940673,4,2024-01-01,2025-11-01,3,4,0,1.0,0.0,670,1.0,1.3333333333333333,1,1,55-64,Q3,9,8,0
C1633,Sara Bennett,Individual,F,Canada,Ontario,1977-07-03,48,Home,2,No,Website,0,0,0,3,847190.3300000001,282396.7766666667,430268.83,149767.48,140870.53652575842,976.8166666666666,2930.45,293.5120375119832,3,2024-07-01,2025-05-01,3,2,1,0.6666666666666666,0.3333333333333333,304,1.0,1.0,0,1,45-54,Q1 lowest,2,36,2
C1634,Sara King,Individual,F,USA,Georgia,1944-01-11,81,Investment,2,No,Website,0,1,0,4,1044217.01,261054.2525,444069.92,180777.41,123432.43243955896,872.2,3488.8,304.9102859128011,4,2024-01-01,2025-10-01,4,4,0,1.0,0.0,639,1.0,1.0,1,1,65+,Q2,9,15,2
C1635,Lawrence Moore,Individual,M,France,Brittany,1948-04-27,77,Home,1,No,Website,0,0,0,4,1104480.44,276120.11,557253.35,132839.83,192899.70486868886,919.7425000000001,3678.9700000000003,295.3117964886556,4,2024-02-01,2025-08-01,4,4,0,1.0,0.0,547,1.0,1.0,0,1,65+,Q2,4,6,2
C1636,Zynex Co,Company,F,USA,Arizona,1987-01-10,38,Home,5,Yes,Website,1,0,1,3,1171439.72,390479.9066666667,480665.23,244913.49,127259.65524216004,1308.5133333333333,3925.54,303.63142787938614,3,2024-01-01,2024-08-01,3,2,1,0.6666666666666666,0.3333333333333333,213,1.0,1.0,1,1,35-44,Q2,9,1,2
C1637,Jacob Cook,Individual,M,Mexico,Nuevo Leon,1969-02-11,56,Home,5,No,Agency,0,0,0,3,1333020.46,444340.1533333333,558806.02,265540.4,156860.82270192815,1525.18,4575.54,286.7193277193805,3,2024-04-01,2025-02-01,2,3,0,1.0,0.0,306,1.0,1.5,0,1,55-64,Q3,6,33,0
C1638,Cynthia Peterson,Individual,F,France,Occitanie,1978-12-14,47,Investment,1,Yes,Agency,1,1,0,3,1047895.71,349298.57,487075.17,227673.39,130452.94991990174,1175.6833333333334,3527.05,301.0714138870657,3,2024-08-01,2025-06-01,3,1,2,0.3333333333333333,0.6666666666666666,304,1.0,1.0,0,1,45-54,Q2,4,34,0
C1639,Ronald Smith,Individual,M,USA,Colorado,1943-09-26,82,Home,1,No,Website,0,0,0,4,1088561.44,272140.36,434288.76,147313.66,121606.43311717217,975.4225,3901.69,281.2842270450914,4,2024-01-01,2025-01-01,3,4,0,1.0,0.0,366,1.0,1.3333333333333333,1,1,65+,Q2,9,11,2
C1640,Helen Adams,Individual,F,USA,California,1966-11-04,59,Home,1,Yes,Website,1,0,0,4,1172146.65,293036.6625,383671.53,187644.88,102343.18472032758,1047.99,4191.96,282.79976113293935,4,2024-02-01,2024-08-01,4,4,0,1.0,0.0,182,1.0,1.0,1,1,55-64,Q2,9,8,2
C1641,Charles Phillips,Individual,M,USA,Utah,1972-02-14,53,Home,1,No,Agency,0,0,0,4,1898878.08,474719.52,649429.33,235179.49,180088.883114652,1504.0974999999999,6016.389999999999,313.3291322575891,4,2024-02-01,2025-11-01,4,2,2,0.5,0.5,639,1.0,1.0,1,1,45-54,Q4 highest,9,48,0
C1642,Maria Adams,Individual,F,Canada,British Columbia,1981-07-20,44,Home,5,No,Website,0,0,0,4,1441785.62,360446.405,590849.87,179708.55,183529.05461712455,1167.1599999999999,4668.639999999999,297.334731836774,4,2024-05-01,2025-07-01,4,2,2,0.5,0.5,426,1.0,1.0,0,1,35-44,Q3,2,5,2
C1643,Carl Rogers,Individual,M,France,Ile-de-France,1978-01-09,47,Home,4,No,Agency,0,0,0,3,1182889.92,394296.63999999996,522875.6,311382.6,112899.45062401677,1468.6933333333334,4406.08,265.16695724291304,3,2024-11-01,2025-11-01,3,3,0,1.0,0.0,365,1.0,1.0,0,1,45-54,Q2,4,18,0
C1644,Megan Freeman,Individual,F,USA,California,1944-06-22,81,Home,1,No,Client,0,0,0,4,1312822.17,328205.5425,406698.29,173347.8,106112.3377938291,1024.3375,4097.35,317.46041081837075,4,2024-02-01,2024-09-01,4,4,0,1.0,0.0,213,1.0,1.0,1,1,65+,Q3,9,8,1
C1645,Shirley Chavez,Individual,F,Australia,New South Wales,1995-02-08,30,Investment,1,No,Website,0,1,0,4,1503973.21,375993.3025,503034.95,248108.79,144177.567900562,1238.115,4952.46,303.70310749731755,4,2024-03-01,2025-08-01,3,3,1,0.75,0.25,518,1.0,1.3333333333333333,0,1,<35,Q4 highest,0,26,2
C1646,Billy Patterson,Individual,M,USA,Washington,1998-06-10,27,Investment,4,Yes,Agency,1,1,0,3,972186.46,324062.1533333333,356950.7,298117.48,30024.989201399134,1052.4533333333334,3157.36,307.88169303743933,3,2024-05-01,2024-08-01,3,3,0,1.0,0.0,92,1.0,1.0,1,1,<35,Q1 lowest,9,53,0
C1647,Paul Stone,Individual,M,USA,Ohio,1945-11-25,80,Home,4,Yes,Agency,1,0,0,3,1316368.95,438789.64999999997,474177.38,401460.83,36397.11573417185,1471.8999999999999,4415.7,299.05409997104294,3,2024-08-01,2025-05-01,3,3,0,1.0,0.0,273,1.0,1.0,1,1,65+,Q3,9,35,0
C1648,Julia Wood,Individual,F,Australia,New South Wales,1949-09-21,76,Home,3,No,Website,0,0,0,3,1282946.7,427648.89999999997,515026.76,339080.79,87979.02369944271,1476.9433333333334,4430.83,288.7778845100586,3,2024-07-01,2025-04-01,3,2,1,0.6666666666666666,0.3333333333333333,274,1.0,1.0,0,1,65+,Q3,0,26,2
C1649,Melissa Price,Individual,F,USA,Oregon,1982-03-02,43,Home,4,Yes,Agency,1,0,0,4,1540887.81,385221.9525,440680.26,263940.6,81681.414340373,1254.045,5016.18,311.1054526164346,4,2024-02-01,2025-07-01,4,3,1,0.75,0.25,516,1.0,1.0,1,1,35-44,Q4 highest,9,37,0
C1650,Edward Griffin,Individual,M,USA,Washington,1969-04-01,56,Investment,2,No,Website,0,1,0,3,1065238.5,355079.5,573660.29,179875.05,200444.09186681235,1057.95,3173.8500000000004,324.96413199998216,3,2024-04-01,2025-01-01,3,2,1,0.6666666666666666,0.3333333333333333,275,1.0,1.0,1,1,55-64,Q2,9,53,2
C1651,Ryan Bell,Individual,M,USA,California,1945-11-19,80,Investment,4,No,Website,0,1,0,3,962066.4199999999,320688.80666666664,453763.04,248289.51,115394.66554955317,880.66,2641.98,360.4368684454,3,2024-08-01,2025-12-01,3,3,0,1.0,0.0,487,1.0,1.0,1,1,65+,Q1 lowest,9,8,2
C1652,Paul Weaver,Individual,M,USA,Nevada,1964-01-15,61,Investment,4,Yes,Client,1,1,0,3,1078933.8,359644.60000000003,468522.56,168105.15,166395.15168580515,1168.3833333333334,3505.15,304.82777574872546,3,2024-01-01,2025-12-01,3,2,1,0.6666666666666666,0.3333333333333333,700,1.0,1.0,1,1,55-64,Q2,9,25,1
C1653,Sara White,Individual,F,USA,Colorado,1974-08-02,51,Investment,4,Yes,Website,1,1,0,4,957106.48,239276.62,394592.34,160996.66,107272.7163022807,860.9325,3443.73,281.1811658250624,4,2024-09-01,2025-08-01,4,4,0,1.0,0.0,334,1.0,1.0,1,1,45-54,Q1 lowest,9,11,2
C1654,Judith Brooks,Individual,F,USA,California,1968-04-05,57,Home,1,No,Website,0,0,0,4,1250065.3800000001,312516.34500000003,579412.56,182365.75,180301.68653100703,951.6375,3806.55,323.5165817147669,4,2024-11-01,2025-11-01,4,3,1,0.75,0.25,365,1.0,1.0,1,1,55-64,Q3,9,8,2
C1655,Sara Cox,Individual,F,USA,Texas,1965-05-16,60,Investment,2,No,Website,0,1,0,3,974749.8,324916.60000000003,398928.35,234624.17,83353.23207479657,1088.5866666666668,3265.76,300.4113056393208,3,2024-05-01,2025-01-01,3,2,1,0.6666666666666666,0.3333333333333333,245,1.0,1.0,1,1,55-64,Q1 lowest,9,47,2
C1656,Jacob Baker,Individual,M,Belgium,Wallonia,1991-05-05,34,Investment,4,Yes,Website,1,1,0,4,1401657.84,350414.46,531573.93,151178.64,167784.070071878,1182.3725,4729.49,289.62293653298065,4,2024-09-01,2025-10-01,4,3,1,0.75,0.25,395,1.0,1.0,0,1,<35,Q3,1,52,2
C1657,Donald Kim,Individual,M,USA,California,1958-05-19,67,Home,2,No,Website,0,0,0,4,1316624.69,329156.1725,487604.6,212701.42,114866.62880517599,1023.9675,4095.87,321.1115919129062,4,2024-04-01,2025-05-01,3,3,1,0.75,0.25,395,1.0,1.3333333333333333,1,1,65+,Q3,9,8,2
C1658,Ronald Patterson,Individual,M,USA,California,1970-08-07,55,Home,5,No,Agency,0,0,0,4,1243178.6,310794.65,488058.16,167318.39,132466.7899659853,984.12,3936.48,320.1370625802807,4,2024-03-01,2024-10-01,4,4,0,1.0,0.0,214,1.0,1.0,1,1,55-64,Q3,9,8,0
C1659,Joshua Thompson,Individual,M,Denmark,Zealand,1946-09-05,79,Home,4,No,Website,0,0,0,4,1576416.87,394104.2175,536988.38,255581.25,128155.49558285002,1307.3,5229.2,301.7876767541033,4,2024-01-01,2025-07-01,4,4,0,1.0,0.0,547,1.0,1.0,0,1,65+,Q4 highest,3,56,2
C1660,Henry Richardson,Individual,M,USA,Nevada,1940-04-27,85,Home,4,Yes,Website,1,0,0,4,1330046.48,332511.62,529448.55,188384.96,142790.38013387343,1068.57,4274.28,310.73477975168214,4,2024-06-01,2025-06-01,4,4,0,1.0,0.0,365,1.0,1.0,1,1,65+,Q3,9,25,2
C1661,Ronald Cox,Individual,M,USA,Washington,1975-08-20,50,Home,4,No,Agency,0,0,0,3,1511063.27,503687.75666666665,626977.89,393104.03,117453.54475540077,1599.3433333333332,4798.03,314.9340105075308,3,2024-06-01,2025-07-01,3,2,1,0.6666666666666666,0.3333333333333333,395,1.0,1.0,1,1,45-54,Q4 highest,9,53,0
C1662,Gary Montgomery,Individual,M,Russia,Tatarstan,1967-05-16,58,Home,4,No,Website,0,0,0,4,1505862.74,376465.685,536177.39,238068.88,159573.24452217473,1320.35,5281.4,285.37035996288023,4,2024-07-01,2025-07-01,4,3,1,0.75,0.25,365,1.0,1.0,0,1,55-64,Q4 highest,7,46,2
C1663,Joshua Garcia,Individual,M,USA,Colorado,1977-05-13,48,Investment,3,No,Agency,0,1,0,3,926064.21,308688.07,399712.39,208482.23,95945.13408995372,1042.71,3128.13,292.3087106115556,3,2024-07-01,2024-10-01,2,2,1,0.6666666666666666,0.3333333333333333,92,1.0,1.5,1,1,45-54,Q1 lowest,9,11,0
C1664,Judith Hayes,Individual,F,France,Occitanie,1969-07-25,56,Investment,5,No,Agency,0,1,0,3,1390001.73,463333.91,559963.06,378059.82,91481.69336718197,1445.2933333333333,4335.88,332.60232639405876,3,2024-10-01,2025-06-01,3,2,1,0.6666666666666666,0.3333333333333333,243,1.0,1.0,0,1,55-64,Q3,4,34,0
C1665,Harold Bell,Individual,M,USA,Arizona,1995-12-16,30,Home,5,No,Website,0,0,0,4,966971.19,241742.7975,324550.9,159770.01,69098.41461304805,827.2,3308.8,294.3926755337411,4,2024-06-01,2025-10-01,4,4,0,1.0,0.0,487,1.0,1.0,1,1,<35,Q1 lowest,9,1,2
C1666,Brenda Edwards,Individual,F,USA,Ohio,1962-09-08,63,Home,2,No,Website,0,0,0,3,706503.5900000001,235501.19666666668,272425.15,189133.4,42441.35409237122,736.0433333333334,2208.13,319.24500925247025,3,2024-02-01,2025-07-01,3,3,0,1.0,0.0,516,1.0,1.0,1,1,55-64,Q1 lowest,9,35,2
C1667,Stephanie Cook,Individual,F,USA,California,1967-11-14,58,Investment,4,No,Agency,0,1,0,3,831811.52,277270.50666666665,312521.87,258340.9,30556.40985210196,862.11,2586.33,321.57952434932054,3,2024-06-01,2025-06-01,3,3,0,1.0,0.0,365,1.0,1.0,1,1,55-64,Q1 lowest,9,8,0
C1668,Scott Green,Individual,M,Australia,Victoria,1957-11-12,68,Home,5,No,Website,0,0,0,4,1046863.21,261715.8025,439078.0,187791.7,119016.14518706063,872.2,3488.8,307.7397747029087,4,2024-12-01,2025-05-01,4,4,0,1.0,0.0,151,1.0,1.0,0,1,65+,Q2,0,49,2
C1669,Steven Collins,Individual,M,Canada,Alberta,1960-04-07,65,Investment,3,Yes,Agency,1,1,0,4,948271.3400000001,237067.83500000002,330897.08,162335.17,75386.83127123839,837.5225,3350.09,284.230321631763,4,2024-02-01,2025-02-01,4,2,2,0.5,0.5,366,1.0,1.0,0,1,65+,Q1 lowest,2,0,0
C1670,Angela Watson,Individual,F,USA,Colorado,1970-12-09,55,Home,3,Yes,Website,1,0,0,4,1356021.03,339005.2575,441253.62,149925.94,130647.22084711594,1076.59,4306.36,312.65688885860277,4,2024-04-01,2025-10-01,4,3,1,0.75,0.25,548,1.0,1.0,1,1,55-64,Q3,9,11,2
C1671,Ashley Howard,Individual,F,USA,California,1948-09-13,77,Home,3,No,Agency,0,0,0,4,1329236.75,332309.1875,442394.76,126443.98,143263.8683076789,1120.62,4482.48,288.7153700965629,4,2024-02-01,2025-11-01,4,3,1,0.75,0.25,639,1.0,1.0,1,1,65+,Q3,9,8,0
C1672,Jacqueline Morales,Individual,F,USA,Nevada,1974-04-09,51,Investment,4,No,Website,0,1,0,3,728363.1699999999,242787.7233333333,361228.37,125572.05,117832.93558566779,889.9166666666666,2669.75,276.41545154981975,3,2024-02-01,2025-04-01,3,3,0,1.0,0.0,425,1.0,1.0,1,1,45-54,Q1 lowest,9,25,2
C1673,Katherine Martin,Individual,F,USA,Washington,1992-03-04,33,Home,1,Yes,Website,1,0,0,4,1803634.76,450908.69,726903.51,222946.88,220077.64588443158,1422.9925,5691.97,310.9460331246886,4,2024-01-01,2025-05-01,4,3,1,0.75,0.25,486,1.0,1.0,1,1,<35,Q4 highest,9,53,2
C1674,Emily Jackson,Individual,F,USA,California,1941-12-22,84,Home,5,Yes,Website,1,0,0,4,1614623.53,403655.8825,551658.47,247904.66,125878.01901705087,1268.7075,5074.83,319.73468147134105,4,2024-04-01,2025-11-01,4,3,1,0.75,0.25,579,1.0,1.0,1,1,65+,Q4 highest,9,8,2
C1675,Emma Reyes,Individual,F,Canada,Alberta,1985-04-08,40,Investment,5,No,Website,0,1,0,3,918037.6799999999,306012.56,362023.29,207569.34,85524.22360565864,1012.96,3038.88,298.41753618416203,3,2024-01-01,2024-12-01,3,3,0,1.0,0.0,335,1.0,1.0,0,1,35-44,Q1 lowest,2,0,2
C1676,Amy Allen,Individual,F,USA,Washington,1999-09-19,26,Home,2,No,Website,0,0,0,4,1251637.0,312909.25,474039.53,186157.43,125043.54441749858,1019.1225,4076.49,308.950924981104,4,2024-02-01,2025-10-01,4,4,0,1.0,0.0,608,1.0,1.0,1,1,<35,Q3,9,53,2
C1677,Kevin Thomas,Individual,M,USA,Texas,1964-12-20,61,Home,1,Yes,Website,1,0,0,3,942915.1799999999,314305.06,380233.97,211361.79,90316.11389528058,975.9433333333333,2927.83,324.63653231730336,3,2024-01-01,2025-07-01,3,3,0,1.0,0.0,547,1.0,1.0,1,1,55-64,Q1 lowest,9,47,2
C1678,Gary Sanders,Individual,M,USA,California,1961-03-06,64,Home,1,Yes,Agency,1,0,0,3,1377654.29,459218.0966666667,501738.52,413239.73,44350.61427915555,1650.4733333333334,4951.42,277.8971589619036,3,2024-09-01,2025-09-01,2,2,1,0.6666666666666666,0.3333333333333333,365,1.0,1.5,1,1,55-64,Q3,9,8,0
C1679,Christina Nelson,Individual,F,USA,Nevada,1986-02-28,39,Investment,4,No,Website,0,1,0,3,1194618.9,398206.3,587797.99,199370.74,194378.54558842984,1268.0466666666669,3804.1400000000003,302.3682114511598,3,2025-03-01,2025-05-01,3,2,1,0.6666666666666666,0.3333333333333333,61,1.0,1.0,1,1,35-44,Q2,9,25,2
C1680,Danielle Howard,Individual,F,USA,California,1999-09-25,26,Investment,4,No,Agency,0,1,0,3,665078.77,221692.92333333334,278456.63,139826.6,72644.18302304344,692.13,2076.39,322.26527070857014,3,2024-02-01,2024-10-01,3,3,0,1.0,0.0,243,1.0,1.0,1,1,<35,Q1 lowest,9,8,0
C1681,Carl Alexander,Individual,M,USA,Oregon,1961-07-27,64,Home,3,Yes,Client,1,0,0,4,1408304.94,352076.235,484626.56,227720.97,129566.89682313366,1156.7625,4627.05,302.14952941529555,4,2024-04-01,2025-08-01,4,3,1,0.75,0.25,487,1.0,1.0,1,1,55-64,Q3,9,37,1
C1682,Amanda Brooks,Individual,F,USA,Nevada,1987-04-11,38,Home,2,No,Website,0,0,0,4,1469905.41,367476.3525,492569.41,241091.13,140644.85709305413,1257.0925,5028.37,301.3156548240538,4,2024-03-01,2025-11-01,4,4,0,1.0,0.0,610,1.0,1.0,1,1,35-44,Q4 highest,9,25,2
C1683,Amber Patterson,Individual,F,USA,Oregon,1999-11-19,26,Investment,1,No,Client,0,1,0,4,1410114.6,352528.65,533570.63,223726.64,152380.82816376802,1144.74,4578.96,303.8628075737084,4,2025-05-01,2025-12-01,4,2,2,0.5,0.5,214,1.0,1.0,1,1,<35,Q3,9,37,1
C1684,Grace Cooper,Individual,F,USA,Colorado,1977-07-01,48,Investment,4,No,Website,0,1,0,4,1109440.17,277360.0425,357429.62,208194.97,69709.46841648383,883.4825000000001,3533.9300000000003,311.62255236789474,4,2024-05-01,2025-12-01,4,4,0,1.0,0.0,579,1.0,1.0,1,1,45-54,Q2,9,11,2
C1685,Kathleen Parker,Individual,F,USA,California,1977-05-16,48,Home,5,No,Agency,0,0,0,3,1109623.75,369874.5833333333,496154.56,222493.85,138045.20092475304,1274.52,3823.56,290.4557343966067,3,2024-06-01,2025-04-01,3,3,0,1.0,0.0,304,1.0,1.0,1,1,45-54,Q2,9,8,0
C1686,David Howard,Individual,M,USA,California,1977-01-25,48,Investment,2,Yes,Agency,1,1,0,4,1214377.82,303594.455,407908.02,164477.46,105478.40741741365,1073.905,4295.62,278.523494239301,4,2024-06-01,2025-10-01,4,3,1,0.75,0.25,487,1.0,1.0,1,1,45-54,Q2,9,8,0
C1687,Eric Anderson,Individual,M,USA,California,1967-05-15,58,Home,4,Yes,Website,1,0,0,4,1026117.62,256529.405,420273.62,152252.04,116589.87225062547,935.37,3741.48,286.70853217155127,4,2024-07-01,2025-11-01,3,3,1,0.75,0.25,488,1.0,1.3333333333333333,1,1,55-64,Q2,9,8,2
C1688,Amanda Flores,Individual,F,USA,Oregon,1996-04-28,29,Home,5,No,Client,0,0,0,3,1314384.27,438128.09,578952.08,279019.73,150799.84178988152,1281.9566666666667,3845.87,343.9541576576939,3,2024-02-01,2024-12-01,3,3,0,1.0,0.0,304,1.0,1.0,1,1,<35,Q3,9,37,1
C1689,Virginia King,Individual,F,USA,Oregon,1985-01-26,40,Investment,1,Yes,Client,1,1,0,3,896100.8,298700.26666666666,441341.34,200717.88,126375.27881942157,973.09,2919.27,310.7623308696199,3,2024-07-01,2025-11-01,3,2,1,0.6666666666666666,0.3333333333333333,488,1.0,1.0,1,1,35-44,Q1 lowest,9,37,1
C1690,Terry Martin,Individual,M,Denmark,North Denmark,1951-08-18,74,Home,2,Yes,Agency,1,0,0,3,1662639.06,554213.02,598512.98,527323.78,38656.50562775686,1754.9366666666667,5264.81,316.11518008644987,3,2024-02-01,2025-07-01,3,3,0,1.0,0.0,516,1.0,1.0,0,1,65+,Q4 highest,3,29,0
C1691,Robert Reed,Individual,M,USA,Arizona,1946-03-25,79,Home,5,No,Website,0,0,0,4,1212731.6,303182.9,450265.88,164554.88,124620.09837986487,984.9525,3939.81,304.6012430367134,4,2024-02-01,2025-08-01,4,4,0,1.0,0.0,547,1.0,1.0,1,1,65+,Q2,9,1,2
C1692,Joseph Patterson,Individual,M,Canada,Ontario,1991-03-08,34,Home,5,Yes,Agency,1,0,0,4,1165619.9100000001,291404.97750000004,504544.59,186508.92,147481.69120305235,984.9525,3939.81,292.5648538941497,4,2024-05-01,2024-11-01,3,4,0,1.0,0.0,184,1.0,1.3333333333333333,0,1,<35,Q2,2,36,0
C1693,Donald Turner,Individual,M,Belgium,Flanders,1990-11-20,35,Home,1,No,Website,0,0,0,4,1557035.08,389258.77,464582.73,326871.64,59368.18311105761,1342.1525000000001,5368.610000000001,290.03931532577434,4,2024-02-01,2025-12-01,4,2,2,0.5,0.5,669,1.0,1.0,0,1,35-44,Q4 highest,1,13,2
C1694,Gloria Foster,Individual,F,USA,Virginia,1957-07-18,68,Home,5,No,Agency,0,0,0,4,1457395.73,364348.9325,522366.74,267144.13,109983.7776171063,1202.695,4810.78,302.1616200824728,4,2024-02-01,2025-02-01,4,4,0,1.0,0.0,366,1.0,1.0,1,1,65+,Q4 highest,9,50,0
C1695,Tiffany Peterson,Individual,F,Belgium,Flanders,1955-12-13,70,Home,5,No,Website,0,0,0,3,975866.19,325288.73,491123.63,229127.73,144226.56537583497,1111.2966666666666,3333.89,294.023074241983,3,2024-01-01,2024-10-01,3,3,0,1.0,0.0,274,1.0,1.0,0,1,65+,Q1 lowest,1,13,2
C1696,Emily Jones,Individual,F,USA,Florida,1987-02-20,38,Home,1,No,Website,0,0,0,4,1316025.35,329006.3375,382303.57,205863.07,83768.82613553938,1092.085,4368.34,305.0634382600898,4,2024-06-01,2025-04-01,3,4,0,1.0,0.0,304,1.0,1.3333333333333333,1,1,35-44,Q3,9,14,2
C1697,Maria Brown,Individual,F,Belgium,Brussels,1980-08-07,45,Home,2,No,Client,0,0,0,4,802813.26,200703.315,234850.32,170509.9,27042.767776366763,700.7825,2803.13,287.30900099510274,4,2024-03-01,2025-12-01,4,4,0,1.0,0.0,640,1.0,1.0,0,1,45-54,Q1 lowest,1,7,1
C1698,Zachary Stone,Individual,M,UK,Northern Ireland,1950-12-05,75,Home,4,Yes,Website,1,0,0,3,764529.97,254843.32333333333,362728.99,180780.95,95573.44659420279,901.6266666666667,2704.88,302.7039435252766,3,2024-01-01,2024-11-01,3,3,0,1.0,0.0,305,1.0,1.0,0,1,65+,Q1 lowest,8,31,2
C1699,Peter Phillips,Individual,M,Australia,Western Australia,1969-07-15,56,Home,3,Yes,Agency,1,0,0,4,1161971.24,290492.81,480048.34,172980.65,135712.1709304367,946.6524999999999,3786.6099999999997,313.0342206759192,4,2024-02-01,2025-09-01,4,3,1,0.75,0.25,578,1.0,1.0,0,1,55-64,Q2,0,54,0
C1700,Nicholas Young,Individual,M,USA,Nevada,1943-11-04,82,Home,3,No,Website,0,0,0,4,1293648.37,323412.0925,564037.73,189015.42,165845.3979997478,1050.5725,4202.29,303.08159632381387,4,2024-03-01,2025-04-01,4,2,2,0.5,0.5,396,1.0,1.0,1,1,65+,Q3,9,25,2
C1701,Karen Montgomery,Individual,F,USA,Arizona,1982-06-27,43,Home,1,No,Website,0,0,0,3,916043.72,305347.9066666667,417201.93,248737.71,96870.83484534772,979.0866666666667,2937.26,311.0266003046787,3,2024-03-01,2025-08-01,3,2,1,0.6666666666666666,0.3333333333333333,518,1.0,1.0,1,1,35-44,Q1 lowest,9,1,2
C1702,Frank Alexander,Individual,M,USA,Washington,1990-01-04,35,Investment,5,Yes,Website,1,1,0,3,1259181.49,419727.16333333333,505472.65,300057.11,106827.16501907994,1477.03,4431.09,285.1389583831844,3,2024-10-01,2025-12-01,3,1,2,0.3333333333333333,0.6666666666666666,426,1.0,1.0,1,1,35-44,Q3,9,53,2
C1703,Gerald Cox,Individual,M,USA,Texas,1999-08-13,26,Investment,4,No,Agency,0,1,0,3,868665.77,289555.25666666665,358849.76,233531.67,63704.34712162297,980.8699999999999,2942.6099999999997,295.0443316591397,3,2024-08-01,2024-10-01,2,3,0,1.0,0.0,61,1.0,1.5,1,1,<35,Q1 lowest,9,47,0
C1704,Susan Flores,Individual,F,Denmark,Capital Region,1963-02-15,62,Home,4,No,Agency,0,0,0,3,1131490.6400000001,377163.5466666667,441154.94,270962.44,92615.4236011699,1251.25,3753.75,306.1192528290906,3,2024-02-01,2025-02-01,3,2,1,0.6666666666666666,0.3333333333333333,366,1.0,1.0,0,1,55-64,Q2,3,9,0
C1705,Kenneth Howard,Individual,M,USA,Virginia,1979-11-23,46,Investment,3,Yes,Website,1,1,0,3,1031987.6799999999,343995.8933333333,482341.23,248235.55,122725.21580737036,1049.3066666666666,3147.92,330.6228903297424,3,2024-09-01,2025-06-01,3,3,0,1.0,0.0,273,1.0,1.0,1,1,45-54,Q2,9,50,2
C1706,Matthew Jordan,Individual,M,USA,California,1976-05-13,49,Home,3,Yes,Website,1,0,0,4,1417221.48,354305.37,590931.68,154582.17,181483.2325584879,1128.9675,4515.87,312.54350431448387,4,2024-01-01,2024-10-01,4,4,0,1.0,0.0,274,1.0,1.0,1,1,45-54,Q3,9,8,2
C1707,Adam Allen,Individual,M,USA,Georgia,1973-09-19,52,Home,1,Yes,Website,1,0,0,3,770609.62,256869.87333333332,272169.11,232185.85,21580.56847353731,899.7566666666667,2699.27,285.6765073879488,3,2024-04-01,2024-06-01,3,3,0,1.0,0.0,61,1.0,1.0,1,1,45-54,Q1 lowest,9,15,2
C1708,Andrea Wilson,Individual,F,Germany,Hesse,1986-08-06,39,Home,1,Yes,Agency,1,0,0,3,854426.52,284808.84,399400.23,208186.63,101103.43307051594,897.3100000000001,2691.9300000000003,317.17739036916583,3,2024-06-01,2025-07-01,2,3,0,1.0,0.0,395,1.0,1.5,0,1,35-44,Q1 lowest,5,17,0
C1709,Danielle Cox,Individual,F,USA,Arizona,1946-08-09,79,Investment,3,No,Agency,0,1,0,3,1336416.1600000001,445472.0533333334,502269.25,353854.21,80100.6498117464,1513.17,4539.51,296.7134929184651,3,2024-01-01,2025-06-01,3,3,0,1.0,0.0,517,1.0,1.0,1,1,65+,Q3,9,1,0
C1710,Joe Flores,Individual,M,Canada,Alberta,1957-05-26,68,Investment,2,Yes,Website,1,1,0,3,1027918.12,342639.37333333335,455861.82,207455.9,125650.66769401636,1156.0800000000002,3468.2400000000002,299.5343200974216,3,2024-01-01,2024-09-01,3,2,1,0.6666666666666666,0.3333333333333333,244,1.0,1.0,0,1,65+,Q2,2,0,2
C1711,Debra Hayes,Individual,F,USA,California,1981-08-24,44,Investment,3,Yes,Website,1,1,0,4,1015613.11,253903.2775,330207.8,185296.54,76018.0981468257,836.9425,3347.77,301.6297150025923,4,2024-03-01,2025-11-01,4,3,1,0.75,0.25,610,1.0,1.0,1,1,35-44,Q1 lowest,9,8,2
C1712,Ryan Turner,Individual,M,France,Occitanie,1971-03-04,54,Home,5,No,Website,0,0,0,4,1280242.15,320060.5375,465704.47,115337.65,149607.4336769737,1102.08,4408.32,284.99082648560284,4,2024-08-01,2025-09-01,3,3,1,0.75,0.25,396,1.0,1.3333333333333333,0,1,45-54,Q3,4,34,2
C1713,Julia Cook,Individual,F,USA,Oregon,1981-02-08,44,Home,1,No,Website,0,0,0,4,1401670.4500000002,350417.61250000005,537445.29,233701.51,143657.9214751804,1186.5225,4746.09,299.5828557316812,4,2024-05-01,2025-03-01,4,4,0,1.0,0.0,304,1.0,1.0,1,1,35-44,Q3,9,37,2
C1714,Nathan Brooks,Individual,M,USA,Colorado,1948-07-05,77,Home,3,No,Website,0,0,0,4,1054289.58,263572.395,413091.69,180837.56,104305.21274871886,823.6625,3294.65,317.55619033461386,4,2024-03-01,2025-06-01,4,3,1,0.75,0.25,457,1.0,1.0,1,1,65+,Q2,9,11,2
C1715,Hannah Watson,Individual,F,USA,Florida,1963-04-13,62,Home,3,Yes,Agency,1,0,0,4,987214.1799999999,246803.54499999998,315841.36,113550.95,92153.11459102706,900.39,3601.56,278.10999869222815,4,2024-01-01,2025-09-01,4,3,1,0.75,0.25,609,1.0,1.0,1,1,55-64,Q1 lowest,9,14,0
C1716,Michelle Montgomery,Individual,F,USA,California,1980-10-13,45,Home,1,No,Website,0,0,0,3,1027286.48,342428.82666666666,420929.08,246068.77,88787.73245585809,1129.1766666666665,3387.5299999999997,305.4102943450733,3,2024-07-01,2025-08-01,3,3,0,1.0,0.0,396,1.0,1.0,1,1,45-54,Q2,9,8,2
C1717,Martha Thomas,Individual,F,USA,California,1941-12-21,84,Home,4,Yes,Website,1,0,0,3,915606.0700000001,305202.0233333334,370077.4,265442.27,56658.83434289514,980.8699999999999,2942.6099999999997,314.2243881035072,3,2024-09-01,2025-01-01,3,3,0,1.0,0.0,122,1.0,1.0,1,1,65+,Q1 lowest,9,8,2
C1718,Janet Peterson,Individual,F,USA,California,1995-01-06,30,Home,1,No,Website,0,0,0,4,1362121.47,340530.3675,577483.25,201663.74,168549.11669595234,1150.74,4602.96,292.8885679581756,4,2024-12-01,2025-10-01,4,4,0,1.0,0.0,304,1.0,1.0,1,1,<35,Q3,9,8,2
C1719,Halcyon Co,Company,M,USA,Florida,1960-05-10,65,Home,2,No,Agency,0,0,1,3,1178759.88,392919.95999999996,557392.74,246465.48,156244.7906457825,1263.8633333333335,3791.59,306.424004419429,3,2024-06-01,2025-06-01,3,2,1,0.6666666666666666,0.3333333333333333,365,1.0,1.0,1,1,65+,Q2,9,14,0
C1720,Danielle Kim,Individual,F,USA,California,1996-10-10,29,Home,5,Yes,Website,1,0,0,4,1396671.77,349167.9425,659880.36,167447.91,215077.25596138835,1122.0925,4488.37,297.0329485289227,4,2024-01-01,2025-08-01,4,4,0,1.0,0.0,578,1.0,1.0,1,1,<35,Q3,9,8,2
C1721,Carl Weaver,Individual,M,USA,Nevada,1986-12-10,39,Home,2,No,Agency,0,0,0,4,1282729.71,320682.4275,379081.98,267578.12,46915.53396058735,1034.0675,4136.27,312.34045324566085,4,2024-02-01,2025-05-01,4,4,0,1.0,0.0,455,1.0,1.0,1,1,35-44,Q3,9,25,0
C1722,Jacqueline Morris,Individual,F,USA,Nevada,1982-11-23,43,Home,3,No,Website,0,0,0,4,1676365.72,419091.43,605522.07,232493.29,157334.9196607176,1307.3,5229.2,316.41776276322054,4,2024-02-01,2024-08-01,4,4,0,1.0,0.0,182,1.0,1.0,1,1,35-44,Q4 highest,9,25,2
C1723,Carol Allen,Individual,F,Canada,Quebec,1998-02-02,27,Home,2,Yes,Agency,1,0,0,4,1084602.42,271150.605,399164.03,132481.59,114353.18831949972,900.39,3601.56,302.19176801519757,4,2024-03-01,2025-12-01,4,4,0,1.0,0.0,640,1.0,1.0,0,1,<35,Q2,2,40,0
C1724,Justin Cook,Individual,M,USA,Virginia,1956-06-19,69,Home,4,No,Website,0,0,0,4,1646338.3599999999,411584.58999999997,570262.07,217942.69,150769.74567468365,1358.9675,5435.87,303.2320621348912,4,2024-03-01,2025-07-01,4,4,0,1.0,0.0,487,1.0,1.0,1,1,65+,Q4 highest,9,50,2
C1725,Sharon Patterson,Individual,F,USA,Nevada,1959-01-12,66,Home,3,Yes,Website,1,0,0,4,1352500.23,338125.0575,460172.3,251007.77,90876.5110558621,1167.3975,4669.59,287.4406613645518,4,2024-08-01,2025-11-01,4,4,0,1.0,0.0,457,1.0,1.0,1,1,65+,Q3,9,25,2
C1726,Diane Scott,Individual,F,UK,Northern Ireland,1948-08-15,77,Home,3,No,Website,0,0,0,3,1141107.24,380369.08,669506.11,138741.01,268553.0186103178,1193.7733333333333,3581.32,313.2034401726428,3,2024-07-01,2025-06-01,3,2,1,0.6666666666666666,0.3333333333333333,335,1.0,1.0,0,1,65+,Q2,8,31,2
C1727,Katherine Morales,Individual,F,USA,New York,1945-12-06,80,Home,3,No,Website,0,0,0,4,1563834.42,390958.605,619055.13,229319.93,167403.12367554306,1210.7375,4842.95,320.6079556484317,4,2024-06-01,2025-12-01,4,4,0,1.0,0.0,548,1.0,1.0,1,1,65+,Q4 highest,9,27,2
C1728,Kimberly Garcia,Individual,F,USA,Oregon,1944-03-08,81,Home,3,Yes,Client,1,0,0,4,1436312.58,359078.145,429908.37,194714.91,111880.96032499707,1225.2649999999999,4901.0599999999995,295.6569757995166,4,2024-01-01,2025-10-01,4,4,0,1.0,0.0,639,1.0,1.0,1,1,65+,Q3,9,37,1
C1729,Robert Richardson,Individual,M,Canada,British Columbia,1955-06-26,70,Home,3,Yes,Website,1,0,0,3,956356.54,318785.51333333337,404268.31,158224.66,139147.0638244409,1090.7733333333333,3272.3199999999997,294.2767649787167,3,2024-06-01,2025-04-01,3,3,0,1.0,0.0,304,1.0,1.0,0,1,65+,Q1 lowest,2,5,2
C1730,Jeffrey Young,Individual,M,Mexico,Puebla,1979-11-22,46,Investment,5,Yes,Agency,1,1,0,3,796432.48,265477.49333333335,385425.29,174809.5,108317.74052185555,922.6899999999999,2768.0699999999997,304.429764768141,3,2024-11-01,2025-08-01,3,2,1,0.6666666666666666,0.3333333333333333,273,1.0,1.0,0,1,45-54,Q1 lowest,6,39,0
C1731,Nathan Garcia,Individual,M,USA,California,1971-12-19,54,Home,4,Yes,Website,1,0,0,4,1172220.1099999999,293055.02749999997,389967.22,219564.15,78992.39073399089,966.56,3866.24,302.3180812885299,4,2024-04-01,2025-08-01,3,3,1,0.75,0.25,487,1.0,1.3333333333333333,1,1,45-54,Q2,9,8,2
C1732,Megan Wilson,Individual,F,Canada,Alberta,1970-07-15,55,Investment,2,No,Agency,0,1,0,3,1551003.8399999999,517001.27999999997,597681.88,373635.26,124484.20941544513,1654.4733333333334,4963.42,310.37843214645176,3,2024-02-01,2025-04-01,3,3,0,1.0,0.0,425,1.0,1.0,0,1,55-64,Q4 highest,2,0,0
C1733,Helen Jones,Individual,F,USA,California,1948-04-22,77,Home,3,Yes,Agency,1,0,0,4,1179975.09,294993.7725,432544.27,179048.25,111248.36577761803,1009.9325,4039.73,294.50705713935673,4,2024-03-01,2025-10-01,3,3,1,0.75,0.25,579,1.0,1.3333333333333333,1,1,65+,Q2,9,8,0
C1734,Zachary Roberts,Individual,M,USA,California,1975-01-14,50,Home,5,No,Website,0,0,0,3,1078504.94,359501.64666666667,462160.46,267559.14,97742.25216284991,1254.5033333333333,3763.51,287.62689520148655,3,2024-01-01,2025-10-01,3,3,0,1.0,0.0,639,1.0,1.0,1,1,45-54,Q2,9,8,2
C1735,Amber Miller,Individual,F,USA,Utah,1969-10-07,56,Investment,3,No,Website,0,1,0,3,1139995.98,379998.66,492594.19,241306.2,127660.49034892784,1258.3999999999999,3775.2,302.8156642584218,3,2024-06-01,2025-11-01,3,3,0,1.0,0.0,518,1.0,1.0,1,1,55-64,Q2,9,48,2
C1736,Ann Cook,Individual,F,USA,California,1989-09-21,36,Investment,4,Yes,Website,1,1,0,4,1482243.88,370560.97,606491.63,188370.61,173606.91050223223,1122.0925,4488.37,328.14439261830523,4,2024-02-01,2024-12-01,4,4,0,1.0,0.0,304,1.0,1.0,1,1,35-44,Q4 highest,9,8,2
C1737,Jennifer Jackson,Individual,F,USA,California,1992-12-24,33,Investment,3,No,Website,0,1,0,3,1060946.57,353648.8566666667,520101.47,145719.42,190606.2039806654,1090.7733333333333,3272.3199999999997,314.2633334681182,3,2024-10-01,2025-12-01,3,3,0,1.0,0.0,426,1.0,1.0,1,1,<35,Q2,9,8,2
C1738,Sharon Hall,Individual,F,USA,California,1977-02-25,48,Home,5,No,Website,0,0,0,3,861195.69,287065.23,347283.41,231833.39,57886.30640701479,1016.7633333333333,3050.29,282.88587837123106,3,2024-10-01,2025-11-01,3,3,0,1.0,0.0,396,1.0,1.0,1,1,45-54,Q1 lowest,9,8,2
C1739,Steven Smith,Individual,M,Russia,Novosibirsk,1985-02-25,40,Investment,3,Yes,Website,1,1,0,4,998344.48,249586.12,442624.97,174150.21,129007.58524364655,872.2,3488.8,288.33520145178574,4,2024-04-01,2025-03-01,4,4,0,1.0,0.0,334,1.0,1.0,0,1,35-44,Q1 lowest,7,32,2
C1740,Ashley Alexander,Individual,F,USA,California,1951-09-15,74,Home,5,Yes,Website,1,0,0,4,1439013.3399999999,359753.33499999996,561035.94,199407.76,154509.03106387582,1164.015,4656.06,307.0593540082527,4,2024-02-01,2024-10-01,4,4,0,1.0,0.0,243,1.0,1.0,1,1,65+,Q3,9,8,2
C1741,Alexander Wright,Individual,M,USA,Virginia,1976-04-18,49,Home,5,No,Website,0,0,0,4,1310713.04,327678.26,454264.31,154091.71,127899.50356970378,1140.38,4561.52,286.45206726248955,4,2024-02-01,2024-09-01,4,3,1,0.75,0.25,213,1.0,1.0,1,1,45-54,Q3,9,50,2
C1742,Crestwood Co,Company,F,USA,California,1988-08-14,37,Home,5,No,Agency,0,0,1,3,1177856.21,392618.73666666663,524488.63,192247.67,176395.35690165692,1431.79,4295.37,274.7544256022332,3,2024-08-01,2024-11-01,3,2,1,0.6666666666666666,0.3333333333333333,92,1.0,1.0,1,1,35-44,Q2,9,8,0
C1743,Linda Bell,Individual,F,Belgium,Flanders,1946-07-26,79,Home,1,No,Client,0,0,0,3,839069.28,279689.76,283283.47,273969.84,5007.644423009634,881.7833333333333,2645.35,319.0075732434343,3,2024-08-01,2025-02-01,2,3,0,1.0,0.0,184,1.0,1.5,0,1,65+,Q1 lowest,1,13,1
C1744,Brian Green,Individual,M,Russia,Krasnodar Krai,1961-11-16,64,Investment,1,No,Website,0,1,0,4,1320002.42,330000.605,415154.19,186825.58,99992.75925932122,1092.085,4368.34,301.5117315139141,4,2024-04-01,2025-12-01,4,4,0,1.0,0.0,609,1.0,1.0,0,1,55-64,Q3,7,21,2
C1745,Ann Sanders,Individual,F,USA,California,1976-06-21,49,Home,1,No,Website,0,0,0,3,1261495.5,420498.5,563558.93,330327.79,125288.39941384718,1487.6599999999999,4462.98,280.7719039409577,3,2024-03-01,2025-10-01,3,3,0,1.0,0.0,579,1.0,1.0,1,1,45-54,Q3,9,8,2
C1746,Jennifer Cox,Individual,F,Belgium,Flanders,1959-06-14,66,Home,3,No,Website,0,0,0,3,793835.85,264611.95,389328.46,145140.27,122178.55464510007,874.19,2622.57,302.9506099231338,3,2024-01-01,2025-05-01,3,3,0,1.0,0.0,486,1.0,1.0,0,1,65+,Q1 lowest,1,13,2
C1747,Bryan Flores,Individual,M,USA,Colorado,1965-02-19,60,Home,5,No,Client,0,0,0,3,1016661.44,338887.14666666667,468372.55,232448.63,119638.59429887676,1059.1499999999999,3177.45,317.6114204798318,3,2024-01-01,2025-09-01,3,2,1,0.6666666666666666,0.3333333333333333,609,1.0,1.0,1,1,55-64,Q1 lowest,9,11,1
C1748,Albert Jones,Individual,M,USA,California,1950-11-11,75,Home,4,Yes,Website,1,0,0,3,1112272.46,370757.48666666663,566107.2,187305.08,189681.10332493356,1274.52,3823.56,280.4257829967007,3,2024-06-01,2025-12-01,3,2,1,0.6666666666666666,0.3333333333333333,548,1.0,1.0,1,1,65+,Q2,9,8,2
C1749,Brandon Moore,Individual,M,USA,California,1956-05-27,69,Home,3,No,Website,0,0,0,3,832665.62,277555.20666666667,388898.15,194958.35,100114.5075900373,862.1066666666666,2586.3199999999997,318.08413547696557,3,2024-01-01,2025-12-01,3,3,0,1.0,0.0,700,1.0,1.0,1,1,65+,Q1 lowest,9,8,2
C1750,Stratos Co,Company,M,USA,Colorado,1991-01-12,34,Home,3,No,Website,0,0,1,4,1497163.73,374290.9325,509429.47,204319.7,155385.18528242785,1150.2,4600.8,319.1962965144884,4,2024-04-01,2025-05-01,4,4,0,1.0,0.0,395,1.0,1.0,1,1,<35,Q4 highest,9,11,2
C1751,Christine Scott,Individual,F,USA,Ohio,1955-02-28,70,Home,5,No,Website,0,0,0,4,873120.47,218280.1175,231620.61,205370.02,12816.71763696767,700.7825,2803.13,313.9507915163995,4,2025-06-01,2025-11-01,3,3,1,0.75,0.25,153,1.0,1.3333333333333333,1,1,65+,Q1 lowest,9,35,2
C1752,Jonathan Cook,Individual,M,USA,California,1980-02-06,45,Investment,1,Yes,Website,1,1,0,3,1119600.47,373200.1566666667,421157.07,306003.32,59939.365380107534,1152.5966666666666,3457.79,325.0645982282876,3,2024-07-01,2025-07-01,3,3,0,1.0,0.0,365,1.0,1.0,1,1,45-54,Q2,9,8,2
C1753,Arthur Peterson,Individual,M,USA,Georgia,1945-12-18,80,Investment,3,Yes,Website,1,1,0,3,770077.48,256692.49333333332,425499.05,130070.01,152165.04674554677,964.2666666666668,2892.8,271.92747710239416,3,2024-04-01,2024-08-01,3,3,0,1.0,0.0,122,1.0,1.0,1,1,65+,Q1 lowest,9,15,2
C1754,Frank Gray,Individual,M,USA,Virginia,1995-11-11,30,Home,2,Yes,Website,1,0,0,3,1361555.24,453851.74666666664,506527.22,387513.74,60671.6632229654,1471.8999999999999,4415.7,308.51221790292374,3,2024-08-01,2024-09-01,2,3,0,1.0,0.0,31,1.0,1.5,1,1,<35,Q3,9,50,2
C1755,Mark Griffin,Individual,M,USA,Nevada,1998-08-26,27,Home,1,Yes,Website,1,0,0,3,672116.9199999999,224038.9733333333,285197.86,145565.84,71408.07101123607,776.2433333333333,2328.73,291.2794061361219,3,2024-06-01,2024-10-01,3,3,0,1.0,0.0,122,1.0,1.0,1,1,<35,Q1 lowest,9,25,2
C1756,Daniel Cook,Individual,M,USA,Utah,1990-03-21,35,Home,1,No,Website,0,0,0,4,1481404.3900000001,370351.09750000003,529820.54,212583.8,179553.51828402592,1146.0149999999999,4584.0599999999995,316.9999275497431,4,2024-02-01,2025-12-01,4,3,1,0.75,0.25,669,1.0,1.0,1,1,35-44,Q4 highest,9,48,2
C1757,Brian Hayes,Individual,M,Germany,Bavaria,1985-07-01,40,Home,3,No,Client,0,0,0,3,1125366.62,375122.2066666667,477602.23,259309.56,109755.37152068516,1182.08,3546.24,312.9002365862627,3,2024-01-01,2025-06-01,3,3,0,1.0,0.0,517,1.0,1.0,0,1,35-44,Q2,5,3,1
C1758,Carl Pierce,Individual,M,USA,Oregon,1985-01-14,40,Investment,4,Yes,Agency,1,1,0,4,1006481.1799999999,251620.29499999998,321342.19,180048.26,60494.55999433143,801.065,3204.26,322.22479406959104,4,2024-03-01,2025-06-01,4,3,1,0.75,0.25,457,1.0,1.0,1,1,35-44,Q1 lowest,9,37,0
C1759,Jose Stone,Individual,M,USA,California,1974-10-10,51,Investment,1,No,Website,0,1,0,4,1031917.22,257979.305,386654.16,168102.17,92060.20684295846,831.47,3325.88,305.59196385787004,4,2024-05-01,2025-02-01,4,4,0,1.0,0.0,276,1.0,1.0,1,1,45-54,Q2,9,8,2
C1760,Mary Harris,Individual,F,Belgium,Brussels,1975-10-07,50,Home,2,No,Website,0,0,0,4,1454358.32,363589.58,484534.28,114987.3,174133.55888114215,1265.3825,5061.53,283.6825652988262,4,2024-02-01,2024-11-01,4,2,2,0.5,0.5,274,1.0,1.0,0,1,45-54,Q4 highest,1,7,2
C1761,Nicholas Thompson,Individual,M,USA,Washington,1955-01-08,70,Home,1,No,Website,0,0,0,4,1181772.43,295443.1075,541585.04,149634.66,170275.64461249168,972.335,3889.34,302.57946679209863,4,2024-01-01,2025-05-01,4,4,0,1.0,0.0,486,1.0,1.0,1,1,65+,Q2,9,53,2
C1762,Larry Harris,Individual,M,USA,Virginia,1964-01-21,61,Home,1,No,Website,0,0,0,3,1023352.22,341117.4066666667,399439.17,281231.73,59119.23618014727,1090.9466666666667,3272.84,317.2323805797633,3,2024-02-01,2024-10-01,3,3,0,1.0,0.0,243,1.0,1.0,1,1,55-64,Q1 lowest,9,50,2
C1763,Kimberly Young,Individual,F,USA,New York,1954-11-26,71,Home,3,No,Website,0,0,0,4,1789381.67,447345.4175,654120.74,228175.89,210560.35717584836,1374.585,5498.34,323.51236718050524,4,2024-05-01,2025-12-01,4,2,2,0.5,0.5,579,1.0,1.0,1,1,65+,Q4 highest,9,27,2
C1764,Kelly Baker,Individual,F,USA,Nevada,1946-11-05,79,Home,2,No,Agency,0,0,0,4,1668335.18,417083.795,575177.72,182975.25,168154.88861245682,1338.8999999999999,5355.599999999999,304.35156626894207,4,2024-01-01,2025-02-01,4,2,2,0.5,0.5,397,1.0,1.0,1,1,65+,Q4 highest,9,25,0
C1765,Pamela Reyes,Individual,F,USA,Colorado,1997-05-01,28,Home,1,Yes,Client,1,0,0,4,1734167.51,433541.8775,550819.24,260798.04,123411.83195588077,1577.2325,6308.93,272.3827064407109,4,2024-02-01,2024-12-01,4,4,0,1.0,0.0,304,1.0,1.0,1,1,<35,Q4 highest,9,11,1
C1766,Sharon Bennett,Individual,F,USA,California,1993-05-05,32,Home,4,No,Website,0,0,0,4,1371247.08,342811.77,562229.33,134160.06,202908.3258101985,1071.3925,4285.57,314.1224940840367,4,2024-01-01,2025-04-01,4,4,0,1.0,0.0,456,1.0,1.0,1,1,<35,Q3,9,8,2
C1767,Joe Sanders,Individual,M,USA,Colorado,1978-05-21,47,Home,3,No,Website,0,0,0,4,1455838.9100000001,363959.72750000004,564116.06,97402.8,208056.9408533429,1123.3175,4493.27,306.3034005727021,4,2024-07-01,2025-09-01,4,2,2,0.5,0.5,427,1.0,1.0,1,1,45-54,Q4 highest,9,11,2
C1768,Cynthia Hughes,Individual,F,Russia,Saint Petersburg,1943-03-01,82,Home,4,No,Website,0,0,0,4,985105.21,246276.3025,377838.86,156812.31,105027.72248594729,834.6575,3338.63,293.20516626979685,4,2024-02-01,2025-07-01,4,4,0,1.0,0.0,516,1.0,1.0,0,1,65+,Q1 lowest,7,42,2
C1769,Forsyte Co,Company,M,USA,Oregon,1985-10-22,40,Home,1,Yes,Client,1,0,1,3,985909.0,328636.3333333333,484144.21,220504.09,138057.47424063805,1101.55,3304.65,302.27654056799446,3,2024-04-01,2025-12-01,3,2,1,0.6666666666666666,0.3333333333333333,609,1.0,1.0,1,1,35-44,Q1 lowest,9,37,1
C1770,Betty Parker,Individual,F,USA,Washington,1945-11-17,80,Home,1,Yes,Agency,1,0,0,3,1334771.42,444923.80666666664,616403.86,288705.15,164381.54946671796,1469.18,4407.54,298.87729104255703,3,2024-03-01,2024-10-01,3,3,0,1.0,0.0,214,1.0,1.0,1,1,65+,Q3,9,53,0
C1771,Atlas Co,Company,M,USA,Georgia,1975-06-22,50,Home,3,Yes,Client,1,0,1,3,1280895.97,426965.3233333333,556838.33,227041.65,175703.68368389126,1435.6633333333332,4306.99,295.46912109968395,3,2024-04-01,2024-11-01,3,3,0,1.0,0.0,214,1.0,1.0,1,1,45-54,Q3,9,15,1
C1772,Forsyte Co,Company,F,Canada,Alberta,1975-01-13,50,Investment,5,Yes,Agency,1,1,1,4,1105281.92,276320.48,401863.68,162365.24,106488.9901191408,1015.8675,4063.47,278.38573973790676,4,2024-06-01,2025-07-01,4,3,1,0.75,0.25,395,1.0,1.0,0,1,45-54,Q2,2,0,0
C1773,Kenneth Williams,Individual,M,USA,Nevada,1980-12-25,45,Investment,3,Yes,Agency,1,1,0,4,1284141.19,321035.2975,445068.24,177044.7,110417.77488350518,984.6475,3938.59,325.8423022286609,4,2024-04-01,2025-03-01,4,3,1,0.75,0.25,334,1.0,1.0,1,1,45-54,Q3,9,25,0
C1774,Frank James,Individual,M,USA,Oregon,1984-12-26,41,Home,4,No,Agency,0,0,0,4,1169335.49,292333.8725,399457.77,210817.61,79122.96133166082,1008.6625,4034.65,291.8123075460439,4,2024-06-01,2025-01-01,3,4,0,1.0,0.0,214,1.0,1.3333333333333333,1,1,35-44,Q2,9,37,0
C1775,Betty Howard,Individual,F,USA,California,1970-10-07,55,Home,3,No,Agency,0,0,0,4,1414776.99,353694.2475,496847.34,218721.31,138154.66664161545,1102.9724999999999,4411.889999999999,325.9516616098468,4,2024-05-01,2025-07-01,3,4,0,1.0,0.0,426,1.0,1.3333333333333333,1,1,55-64,Q3,9,8,0
C1776,Martha Mitchell,Individual,F,France,Occitanie,1973-09-01,52,Home,1,No,Website,0,0,0,3,1071718.4,357239.4666666666,439467.59,218500.34,120837.70734520594,1196.1733333333334,3588.52,298.9628579482607,3,2024-01-01,2024-06-01,3,3,0,1.0,0.0,152,1.0,1.0,0,1,45-54,Q2,4,34,2
C1777,Jason Long,Individual,M,USA,California,1974-09-24,51,Investment,5,No,Client,0,1,0,3,784629.95,261543.31666666665,341503.87,207636.64,70634.35555018274,900.46,2701.38,290.7881392369621,3,2024-04-01,2025-04-01,3,3,0,1.0,0.0,365,1.0,1.0,1,1,45-54,Q1 lowest,9,8,1
C1778,Jeffrey Cox,Individual,M,USA,Georgia,1994-01-09,31,Investment,4,Yes,Website,1,1,0,3,1216664.8199999998,405554.93999999994,514358.91,219795.98,161658.22836147653,1339.73,4019.19,297.1536000293384,3,2024-11-01,2025-07-01,3,3,0,1.0,0.0,242,1.0,1.0,1,1,<35,Q2,9,15,2
C1779,Sharon Thomas,Individual,F,USA,California,1979-04-20,46,Home,5,No,Client,0,0,0,4,1563236.5499999998,390809.13749999995,595227.23,285903.69,140187.60096707303,1287.1,5148.4,302.2992150315001,4,2024-01-01,2025-06-01,4,4,0,1.0,0.0,517,1.0,1.0,1,1,45-54,Q4 highest,9,8,1
C1780,Richard Patterson,Individual,M,USA,Utah,1956-05-18,69,Investment,1,No,Website,0,1,0,4,1735557.1500000001,433889.28750000003,543401.76,334240.7,95884.05790563778,1341.715,5366.86,324.7138363032643,4,2024-01-01,2025-11-01,4,2,2,0.5,0.5,670,1.0,1.0,1,1,65+,Q4 highest,9,48,2
C1781,Betty Thomas,Individual,F,USA,California,1968-10-08,57,Home,4,No,Website,0,0,0,4,1383316.42,345829.105,524713.99,222032.52,131332.5324656422,1164.0149999999999,4656.0599999999995,300.51273846670455,4,2024-03-01,2025-08-01,4,4,0,1.0,0.0,518,1.0,1.0,1,1,55-64,Q3,9,8,2
C1782,Ann King,Individual,F,UK,England,1999-12-04,26,Investment,1,No,Website,0,1,0,4,897646.55,224411.6375,281637.63,151179.06,54537.92704519451,783.64,3134.56,284.9976118493869,4,2024-02-01,2025-03-01,4,4,0,1.0,0.0,394,1.0,1.0,0,1,<35,Q1 lowest,8,12,2
C1783,Jacob Garcia,Individual,M,USA,California,1954-03-07,71,Home,3,No,Website,0,0,0,4,1136482.92,284120.73,387708.89,198889.9,83402.21847832146,883.805,3535.22,330.2320419811449,4,2024-05-01,2025-06-01,3,3,1,0.75,0.25,396,1.0,1.3333333333333333,1,1,65+,Q2,9,8,2
C1784,Albert Moore,Individual,M,Australia,Western Australia,1998-02-24,27,Home,3,No,Client,0,0,0,4,1352274.53,338068.6325,441900.44,251143.26,88326.79027446102,1106.8725,4427.49,306.34558660520224,4,2024-04-01,2024-12-01,4,4,0,1.0,0.0,244,1.0,1.0,0,1,<35,Q3,0,54,1
C1785,Lauren Allen,Individual,F,USA,Colorado,1956-02-27,69,Home,1,Yes,Website,1,0,0,3,1006568.23,335522.74333333335,370207.67,278391.46,49854.12019478862,1156.5633333333333,3469.69,291.7071689510819,3,2024-06-01,2025-08-01,3,2,1,0.6666666666666666,0.3333333333333333,426,1.0,1.0,1,1,65+,Q1 lowest,9,11,2
C1786,Adam White,Individual,M,USA,California,1995-03-07,30,Home,1,No,Website,0,0,0,4,1247095.22,311773.805,581591.93,172701.3,184628.4960948417,1102.2725,4409.09,277.7613651797197,4,2024-09-01,2025-12-01,3,3,1,0.75,0.25,456,1.0,1.3333333333333333,1,1,<35,Q3,9,8,2
C1787,Stephen Flores,Individual,M,USA,Georgia,1955-09-22,70,Investment,5,No,Agency,0,1,0,4,1289585.42,322396.355,528523.4,207895.14,142534.20593005023,1029.38,4117.52,314.4113206013629,4,2024-03-01,2024-10-01,4,1,3,0.25,0.75,214,1.0,1.0,1,1,65+,Q3,9,15,0
C1788,Zachary James,Individual,M,USA,California,1989-10-27,36,Home,3,No,Website,0,0,0,3,1116876.81,372292.27,495478.74,191147.09,160230.6067721729,1155.6966666666667,3467.09,322.3499808871125,3,2024-01-01,2025-08-01,3,3,0,1.0,0.0,578,1.0,1.0,1,1,35-44,Q2,9,8,2
C1789,Edward Brooks,Individual,M,USA,Colorado,1982-07-25,43,Home,5,Yes,Agency,1,0,0,3,1359605.1,453201.7,470652.98,432946.6,19008.914438241864,1526.9566666666667,4580.87,297.83922033386045,3,2024-02-01,2025-11-01,3,2,1,0.6666666666666666,0.3333333333333333,639,1.0,1.0,1,1,35-44,Q3,9,11,0
C1790,Jacob Hansen,Individual,M,USA,Nevada,1940-02-18,85,Investment,5,No,Client,0,1,0,4,1335521.08,333880.27,402189.34,292398.57,47567.53975049442,1159.9675,4639.87,287.0574200531774,4,2024-05-01,2025-01-01,4,4,0,1.0,0.0,245,1.0,1.0,1,1,65+,Q3,9,25,1
C1791,Gerald Scott,Individual,M,USA,California,1966-04-26,59,Home,5,No,Agency,0,0,0,3,894512.8,298170.93333333335,358882.77,183228.95,99595.42020476761,1050.08,3150.24,285.4724789523243,3,2024-02-01,2024-07-01,3,3,0,1.0,0.0,151,1.0,1.0,1,1,55-64,Q1 lowest,9,8,0
C1792,Terry Pierce,Individual,M,USA,California,1995-06-17,30,Home,3,No,Agency,0,0,0,4,1948563.24,487140.81,566173.43,424589.45,72347.19131046852,1676.3825,6705.53,290.7922848843788,4,2024-02-01,2025-03-01,4,3,1,0.75,0.25,394,1.0,1.0,1,1,<35,Q4 highest,9,8,0
C1793,Richard James,Individual,M,USA,Utah,1969-04-05,56,Investment,1,No,Website,0,1,0,4,1317525.03,329381.2575,538098.62,171624.15,158347.60345315773,1102.08,4408.32,302.79931340675995,4,2024-01-01,2024-06-01,4,4,0,1.0,0.0,152,1.0,1.0,1,1,55-64,Q3,9,48,2
C1794,Douglas Chavez,Individual,M,USA,Colorado,1995-12-25,30,Home,3,No,Website,0,0,0,4,1378476.06,344619.015,460529.82,164304.6,139341.94994049842,1137.5875,4550.35,302.2283992400325,4,2024-11-01,2025-12-01,4,4,0,1.0,0.0,395,1.0,1.0,1,1,<35,Q3,9,11,2
C1795,William Brown,Individual,M,USA,California,1945-12-01,80,Home,5,Yes,Website,1,0,0,4,1058019.94,264504.985,334197.72,192246.55,66304.590595915,827.2,3308.8,325.4415127559826,4,2024-06-01,2025-11-01,4,1,3,0.25,0.75,518,1.0,1.0,1,1,65+,Q2,9,8,2
C1796,Betty Hughes,Individual,F,USA,California,1950-09-21,75,Investment,5,Yes,Client,1,1,0,3,1158919.94,386306.64666666667,425005.86,326577.18,52476.23203016518,1286.4833333333333,3859.45,299.6012291668504,3,2024-07-01,2025-11-01,3,3,0,1.0,0.0,488,1.0,1.0,1,1,65+,Q2,9,8,1
C1797,Katherine Howard,Individual,F,USA,Oregon,1957-02-26,68,Home,3,Yes,Website,1,0,0,3,910545.9199999999,303515.30666666664,337603.6,255120.03,43062.7699882559,1033.6200000000001,3100.86,292.68380905244476,3,2024-04-01,2025-12-01,3,3,0,1.0,0.0,609,1.0,1.0,1,1,65+,Q1 lowest,9,37,2
C1798,Bryan Peterson,Individual,M,USA,Arizona,1966-08-10,59,Investment,1,Yes,Website,1,1,0,4,1601121.79,400280.4475,575322.53,169562.88,170889.64543942647,1263.96,5055.84,314.52479270080266,4,2024-02-01,2025-10-01,3,2,2,0.5,0.5,608,1.0,1.3333333333333333,1,1,55-64,Q4 highest,9,1,2
C1799,Cheryl Freeman,Individual,F,USA,Colorado,1950-01-11,75,Home,5,No,Agency,0,0,0,4,1022792.49,255698.1225,365006.8,182831.05,77444.5909562277,823.6625,3294.65,314.88430441239717,4,2024-03-01,2025-03-01,3,4,0,1.0,0.0,365,1.0,1.3333333333333333,1,1,65+,Q1 lowest,9,11,0
C1800,James Campbell,Individual,M,USA,Oregon,1944-04-13,81,Home,1,No,Client,0,0,0,3,1120963.1,373654.3666666667,539648.88,237346.84,153321.94471128567,1301.6499999999999,3904.95,287.48156579033383,3,2024-08-01,2024-08-01,1,2,1,0.6666666666666666,0.3333333333333333,0,1.0,3.0,1,1,65+,Q2,9,37,1
C1801,Jose Howard,Individual,M,USA,California,1964-02-08,61,Home,5,Yes,Website,1,0,0,3,1473065.73,491021.91,734629.38,225902.2,255044.93382549533,1422.97,4268.91,335.5054034878483,3,2024-08-01,2025-09-01,3,2,1,0.6666666666666666,0.3333333333333333,396,1.0,1.0,1,1,55-64,Q4 highest,9,8,2
C1802,Jack Morris,Individual,M,USA,Nevada,1948-03-26,77,Investment,1,No,Client,0,1,0,4,1155979.49,288994.8725,386196.25,180667.53,109750.27295146145,1011.5875,4046.35,284.6408296351134,4,2024-01-01,2025-04-01,4,4,0,1.0,0.0,456,1.0,1.0,1,1,65+,Q2,9,25,1
C1803,Susan Bennett,Individual,F,Canada,Quebec,1987-04-14,38,Investment,5,No,Agency,0,1,0,3,1329728.19,443242.73,588353.61,199373.42,212464.86221292615,1443.9800000000002,4331.9400000000005,296.73639690932816,3,2024-04-01,2025-10-01,3,2,1,0.6666666666666666,0.3333333333333333,548,1.0,1.0,0,1,35-44,Q3,2,40,0
C1804,Albert Kim,Individual,M,USA,California,1989-03-03,36,Home,1,No,Website,0,0,0,4,1735376.55,433844.1375,563448.9,256682.24,132411.22541412225,1504.0974999999999,6016.389999999999,294.59474870934474,4,2024-04-01,2025-06-01,4,4,0,1.0,0.0,426,1.0,1.0,1,1,35-44,Q4 highest,9,8,2
C1805,Austin Kim,Individual,M,UK,Northern Ireland,1953-01-09,72,Investment,3,No,Website,0,1,0,4,1871670.17,467917.5425,553251.13,382707.57,70134.83170279059,1699.3675,6797.47,274.5583113333789,4,2024-05-01,2025-11-01,3,3,1,0.75,0.25,549,1.0,1.3333333333333333,0,1,65+,Q4 highest,8,31,2
C1806,Martha Turner,Individual,F,Australia,New South Wales,1967-04-13,58,Investment,2,No,Agency,0,1,0,3,974821.86,324940.62,463318.62,235332.62,121565.9850616117,1049.3066666666666,3147.92,310.9547917052066,3,2024-10-01,2024-12-01,3,3,0,1.0,0.0,61,1.0,1.0,0,1,55-64,Q1 lowest,0,26,0
C1807,Angela Allen,Individual,F,France,Brittany,1957-02-05,68,Home,5,No,Website,0,0,0,3,1520931.78,506977.26,720719.85,301579.24,209694.8655169141,1469.18,4407.54,336.90449020392197,3,2024-07-01,2025-12-01,3,2,1,0.6666666666666666,0.3333333333333333,518,1.0,1.0,0,1,65+,Q4 highest,4,6,2
C1808,Victoria Stewart,Individual,F,USA,Washington,1990-01-08,35,Investment,2,No,Client,0,1,0,4,1102931.4500000002,275732.86250000005,411172.03,204957.28,96847.55828916268,989.46,3957.84,275.0300830047724,4,2024-02-01,2025-08-01,4,4,0,1.0,0.0,547,1.0,1.0,1,1,35-44,Q2,9,53,1
C1809,Laura White,Individual,F,USA,New York,1981-05-03,44,Home,4,Yes,Agency,1,0,0,4,1221253.05,305313.2625,435031.56,199315.51,118526.92497061875,1104.2925,4417.17,275.91790171076855,4,2024-01-01,2024-09-01,4,4,0,1.0,0.0,244,1.0,1.0,1,1,35-44,Q3,9,27,0
C1810,Maria Collins,Individual,F,USA,Texas,1945-01-06,80,Home,3,No,Agency,0,0,0,3,991862.87,330620.95666666667,445150.57,231783.95,107545.4418399596,1138.4233333333334,3415.27,289.8803714824016,3,2024-02-01,2024-11-01,3,3,0,1.0,0.0,274,1.0,1.0,1,1,65+,Q1 lowest,9,47,0
C1811,Stephanie Williams,Individual,F,USA,California,1958-02-16,67,Home,3,Yes,Agency,1,0,0,4,1189519.9,297379.975,503113.61,142150.33,164601.89698099523,1029.73,4118.92,279.68631786678856,4,2024-02-01,2025-10-01,4,4,0,1.0,0.0,608,1.0,1.0,1,1,65+,Q2,9,8,0
C1812,Ryan White,Individual,M,France,Provence,1977-04-18,48,Home,5,Yes,Website,1,0,0,4,1080880.0,270220.0,406648.6,164483.02,101324.30629123893,955.7624999999999,3823.0499999999997,284.0094878917518,4,2024-05-01,2025-06-01,4,3,1,0.75,0.25,396,1.0,1.0,0,1,45-54,Q2,4,38,2
C1813,Walter Jordan,Individual,M,Germany,Hamburg,1947-12-02,78,Investment,3,Yes,Website,1,1,0,4,1552316.39,388079.0975,520934.42,242946.74,120050.77942013215,1294.645,5178.58,297.9877712623852,4,2024-01-01,2025-04-01,3,2,2,0.5,0.5,456,1.0,1.3333333333333333,0,1,65+,Q4 highest,5,16,2
C1814,Scott Roberts,Individual,M,Denmark,North Denmark,1987-04-07,38,Home,2,No,Website,0,0,0,4,1303261.99,325815.4975,392801.93,265536.81,58029.207344251154,1153.0825,4612.33,291.25373939607886,4,2024-01-01,2025-08-01,4,4,0,1.0,0.0,578,1.0,1.0,0,1,35-44,Q3,3,29,2
C1815,Aaron Carter,Individual,M,USA,California,1949-03-26,76,Home,5,No,Agency,0,0,0,4,1182628.3,295657.075,549102.55,171154.65,171319.49258867707,942.035,3768.14,309.16670569592696,4,2024-03-01,2025-07-01,3,3,1,0.75,0.25,487,1.0,1.3333333333333333,1,1,65+,Q2,9,8,0
C1816,Sean Miller,Individual,M,Canada,Quebec,1962-04-08,63,Home,2,No,Website,0,0,0,4,1078876.87,269719.2175,390892.15,166982.01,93386.60063573695,909.9825,3639.93,299.8918878099619,4,2024-03-01,2025-09-01,4,4,0,1.0,0.0,549,1.0,1.0,0,1,55-64,Q2,2,40,2
C1817,Cynthia Garcia,Individual,F,USA,Virginia,1944-07-28,81,Home,1,No,Agency,0,0,0,3,1240667.65,413555.8833333333,559209.89,234107.29,165165.0105127237,1412.0199999999998,4236.0599999999995,293.9952639783983,3,2024-11-01,2025-12-01,3,3,0,1.0,0.0,395,1.0,1.0,1,1,65+,Q3,9,50,0
C1818,Christine Wood,Individual,F,USA,Washington,1994-08-17,31,Investment,5,Yes,Website,1,1,0,3,814797.06,271599.02,309389.23,242986.99,34139.326448228305,851.4266666666667,2554.28,321.24848229261744,3,2024-12-01,2025-11-01,3,3,0,1.0,0.0,335,1.0,1.0,1,1,<35,Q1 lowest,9,53,2
C1819,William Brown,Individual,M,Russia,Krasnodar Krai,1963-02-11,62,Home,1,No,Website,0,0,0,3,1067644.33,355881.44333333336,405297.57,330128.52,42808.37433810858,1339.7466666666667,4019.2400000000002,275.26370950498614,3,2024-02-01,2024-08-01,3,3,0,1.0,0.0,182,1.0,1.0,0,1,55-64,Q2,7,21,2
C1820,Nicholas Howard,Individual,M,France,Provence,1979-08-21,46,Home,3,No,Website,0,0,0,4,970434.94,242608.735,338313.48,131530.57,98255.8143898482,840.8725,3363.49,289.7308523537098,4,2024-08-01,2025-06-01,4,4,0,1.0,0.0,304,1.0,1.0,0,1,45-54,Q1 lowest,4,38,2
C1821,Adam Smith,Individual,M,USA,Nevada,1944-10-22,81,Home,5,No,Website,0,0,0,4,1733692.6199999999,433423.15499999997,662403.71,175256.09,219440.74883410425,1244.8049999999998,4979.219999999999,331.43544369681666,4,2024-06-01,2025-05-01,4,2,2,0.5,0.5,334,1.0,1.0,1,1,65+,Q4 highest,9,25,2
C1822,Frank Weaver,Individual,M,USA,Oregon,1996-02-28,29,Investment,5,Yes,Website,1,1,0,4,1388147.75,347036.9375,488803.45,205910.43,155480.7953643539,1184.81,4739.24,288.3381292900038,4,2024-03-01,2024-12-01,4,4,0,1.0,0.0,275,1.0,1.0,1,1,<35,Q3,9,37,2
C1823,Jacob Watson,Individual,M,USA,Oregon,1967-08-11,58,Home,4,Yes,Website,1,0,0,3,993925.86,331308.62,454589.3,231977.76,113221.77283463281,994.8266666666667,2984.48,327.58227901122996,3,2024-07-01,2025-09-01,3,2,1,0.6666666666666666,0.3333333333333333,427,1.0,1.0,1,1,55-64,Q1 lowest,9,37,2
C1824,Jeffrey Weaver,Individual,M,USA,California,1962-09-05,63,Home,3,No,Website,0,0,0,4,945036.97,236259.2425,301253.43,159232.31,60978.198540238605,857.7574999999999,3431.0299999999997,279.2520615686099,4,2024-02-01,2025-10-01,4,3,1,0.75,0.25,608,1.0,1.0,1,1,55-64,Q1 lowest,9,8,2
C1825,Eric Jones,Individual,M,Mexico,Nuevo Leon,1956-12-28,69,Home,2,No,Agency,0,0,0,4,948769.9299999999,237192.48249999998,359484.97,173890.35,83719.56975565564,802.7125,3210.85,293.8418882146923,4,2024-02-01,2024-12-01,4,4,0,1.0,0.0,304,1.0,1.0,0,1,65+,Q1 lowest,6,33,0
C1826,Jack Williams,Individual,M,USA,Ohio,1951-06-08,74,Home,4,No,Client,0,0,0,4,1300035.21,325008.8025,402845.37,169868.29,105149.83669191736,1159.5325,4638.13,289.81592388158737,4,2024-03-01,2025-05-01,4,3,1,0.75,0.25,426,1.0,1.0,1,1,65+,Q3,9,35,1
C1827,Donald Thompson,Individual,M,USA,New York,1973-01-02,52,Home,5,Yes,Website,1,0,0,4,1221529.77,305382.4425,483612.33,181279.77,139325.14661559302,988.7175,3954.87,313.9255352450057,4,2024-08-01,2025-04-01,3,3,1,0.75,0.25,243,1.0,1.3333333333333333,1,1,45-54,Q3,9,27,2
C1828,William Wood,Individual,M,USA,California,1991-11-15,34,Investment,2,Yes,Website,1,1,0,4,1199213.25,299803.3125,500475.25,138257.97,176554.33792802002,1114.2125,4456.85,263.61066520219583,4,2025-05-01,2025-07-01,3,3,1,0.75,0.25,61,1.0,1.3333333333333333,1,1,<35,Q2,9,8,2
C1829,Rachel Ward,Individual,F,USA,California,1997-07-17,28,Home,5,Yes,Agency,1,0,0,3,1194095.83,398031.94333333336,544862.08,199052.96,178705.3819147348,1394.21,4182.63,278.39431821791953,3,2024-06-01,2025-12-01,3,2,1,0.6666666666666666,0.3333333333333333,548,1.0,1.0,1,1,<35,Q2,9,8,0
C1830,Virginia Owens,Individual,F,USA,Arizona,1959-03-20,66,Home,3,No,Website,0,0,0,3,1363309.64,454436.54666666663,518130.19,365063.85,79698.72298425513,1487.6599999999999,4462.98,308.02315948220024,3,2024-04-01,2025-10-01,3,2,1,0.6666666666666666,0.3333333333333333,548,1.0,1.0,1,1,65+,Q3,9,1,2
C1831,Janice Smith,Individual,F,Russia,Tatarstan,1950-09-15,75,Home,3,No,Website,0,0,0,4,1004720.27,251180.0675,416215.94,152690.76,114849.17855651307,972.335,3889.34,269.497746172995,4,2024-02-01,2025-10-01,4,4,0,1.0,0.0,608,1.0,1.0,0,1,65+,Q1 lowest,7,46,2
C1832,Henry Garcia,Individual,M,USA,Oregon,1987-04-21,38,Investment,1,Yes,Website,1,1,0,4,1282390.94,320597.735,582747.93,189974.77,180519.32434775576,1103.3225,4413.29,287.7519015558204,4,2024-02-01,2025-08-01,4,4,0,1.0,0.0,547,1.0,1.0,1,1,35-44,Q3,9,37,2
C1833,Jennifer Weaver,Individual,F,USA,Arizona,1948-01-17,77,Investment,1,Yes,Website,1,1,0,3,1132086.83,377362.2766666667,454723.5,282320.19,87551.04237470868,1357.1933333333334,4071.58,281.5891153188497,3,2024-09-01,2025-12-01,3,3,0,1.0,0.0,456,1.0,1.0,1,1,65+,Q2,9,1,2
C1834,Zachary Phillips,Individual,M,Belgium,Flanders,1963-03-13,62,Investment,5,No,Agency,0,1,0,4,1222274.5999999999,305568.64999999997,484614.3,169917.79,141606.6341880862,948.835,3795.34,312.80920843529015,4,2024-01-01,2025-12-01,4,3,1,0.75,0.25,700,1.0,1.0,0,1,55-64,Q3,1,13,0
C1835,Nicole Pierce,Individual,F,Canada,Alberta,1959-10-25,66,Investment,4,Yes,Agency,1,1,0,3,739211.6,246403.86666666667,362373.17,181421.79,100675.83346237883,849.7466666666668,2549.2400000000002,292.10214886966304,3,2024-05-01,2025-02-01,3,3,0,1.0,0.0,276,1.0,1.0,0,1,65+,Q1 lowest,2,0,0
C1836,Judy Wood,Individual,F,USA,California,1960-10-08,65,Investment,1,Yes,Website,1,1,0,4,1213775.31,303443.8275,433286.92,197900.76,111070.09583717221,958.755,3835.02,317.842120270775,4,2024-02-01,2025-11-01,4,3,1,0.75,0.25,639,1.0,1.0,1,1,65+,Q2,9,8,2
C1837,Julia Freeman,Individual,F,USA,California,1950-04-06,75,Home,2,Yes,Client,1,0,0,4,1507583.69,376895.9225,523732.73,142843.57,173509.62752416157,1333.2775,5333.11,280.81643575663736,4,2024-06-01,2025-05-01,3,4,0,1.0,0.0,334,1.0,1.3333333333333333,1,1,65+,Q4 highest,9,8,1
C1838,Joyce Morales,Individual,F,Canada,Alberta,1965-01-14,60,Investment,1,No,Agency,0,1,0,4,1266344.58,316586.145,394185.4,155945.89,111935.64607221792,1030.83,4123.32,307.26439916892457,4,2024-04-01,2025-11-01,4,3,1,0.75,0.25,579,1.0,1.0,0,1,55-64,Q3,2,0,0
C1839,Kyle Gray,Individual,M,USA,California,1943-01-21,82,Investment,2,No,Agency,0,1,0,4,967894.54,241973.635,328156.51,154509.23,79198.54082650828,821.355,3285.42,301.5423171724958,4,2024-01-01,2025-11-01,4,4,0,1.0,0.0,670,1.0,1.0,1,1,65+,Q1 lowest,9,8,0
C1840,Gerald Weaver,Individual,M,UK,England,1986-06-22,39,Investment,3,No,Website,0,1,0,3,911506.03,303835.3433333333,490529.51,189045.87,163097.547466027,1064.7333333333333,3194.2,288.0371183831599,3,2024-04-01,2025-02-01,3,2,1,0.6666666666666666,0.3333333333333333,306,1.0,1.0,0,1,35-44,Q1 lowest,8,12,2
C1841,Austin Williams,Individual,M,USA,New York,1947-05-27,78,Home,4,No,Website,0,0,0,4,1612088.13,403022.0325,556524.23,212960.69,179103.77483486052,1374.585,5498.34,294.13284970553457,4,2024-01-01,2025-11-01,4,4,0,1.0,0.0,670,1.0,1.0,1,1,65+,Q4 highest,9,27,2
C1842,Rexon Co,Company,M,Canada,Alberta,1978-10-08,47,Home,3,Yes,Agency,1,0,1,3,1252827.37,417609.12333333335,592554.14,214864.23,190373.42746813022,1407.5133333333333,4222.54,291.5150863648168,3,2024-02-01,2024-09-01,3,3,0,1.0,0.0,213,1.0,1.0,0,1,45-54,Q3,2,0,0
C1843,Jose Stone,Individual,M,Germany,Hesse,1952-06-18,73,Home,4,No,Website,0,0,0,4,1487849.65,371962.4125,564487.75,126226.53,210162.43805893356,1218.84,4875.36,300.64812304710256,4,2024-01-01,2025-01-01,4,3,1,0.75,0.25,366,1.0,1.0,0,1,65+,Q4 highest,5,17,2
C1844,Grace Howard,Individual,F,USA,Ohio,1978-07-21,47,Home,1,No,Agency,0,0,0,4,1033138.51,258284.6275,364629.72,181212.71,79672.71154278706,837.88,3351.52,308.4891948132694,4,2024-01-01,2025-11-01,3,3,1,0.75,0.25,670,1.0,1.3333333333333333,1,1,45-54,Q2,9,35,0
C1845,Joshua Green,Individual,M,USA,California,1949-09-11,76,Investment,1,Yes,Website,1,1,0,3,889124.6799999999,296374.8933333333,561305.34,161195.85,229452.54628624636,972.0533333333333,2916.16,295.979751299768,3,2024-05-01,2025-07-01,3,3,0,1.0,0.0,426,1.0,1.0,1,1,65+,Q1 lowest,9,8,2
C1846,Sara Allen,Individual,F,Russia,Novosibirsk,1985-10-26,40,Home,5,Yes,Agency,1,0,0,3,886017.55,295339.18333333335,359371.65,234324.7,62578.07997714404,980.8699999999999,2942.6099999999997,301.0895663169484,3,2024-08-01,2025-04-01,2,3,0,1.0,0.0,243,1.0,1.5,0,1,35-44,Q1 lowest,7,32,0
C1847,Brian Griffin,Individual,M,USA,Utah,1952-04-01,73,Home,4,No,Website,0,0,0,4,1080850.85,270212.7125,539787.73,145907.47,181701.66423187437,859.7125,3438.85,311.06984916449545,4,2024-02-01,2025-05-01,4,4,0,1.0,0.0,455,1.0,1.0,1,1,65+,Q2,9,48,2
C1848,Sarah Davis,Individual,F,USA,California,1993-07-17,32,Home,2,No,Website,0,0,0,4,1595352.82,398838.205,598972.24,174694.61,195417.69821301114,1295.0974999999999,5180.389999999999,298.85086965793244,4,2024-06-01,2024-12-01,3,3,1,0.75,0.25,183,1.0,1.3333333333333333,1,1,<35,Q4 highest,9,8,2
C1849,Joseph Wilson,Individual,M,Canada,Alberta,1976-09-02,49,Investment,3,Yes,Website,1,1,0,3,1019239.08,339746.36,386163.72,253517.9,74749.05453098119,1016.7633333333333,3050.29,332.84745044626635,3,2024-04-01,2025-02-01,3,2,1,0.6666666666666666,0.3333333333333333,306,1.0,1.0,0,1,45-54,Q1 lowest,2,0,2
C1850,Gregory Miller,Individual,M,USA,New York,1971-07-25,54,Investment,5,Yes,Agency,1,1,0,4,1380990.75,345247.6875,514705.32,182738.17,184759.22716622814,1176.685,4706.74,298.90027318374314,4,2024-06-01,2025-08-01,4,4,0,1.0,0.0,426,1.0,1.0,1,1,45-54,Q3,9,27,0
C1851,Kimberly Miller,Individual,F,UK,England,1954-06-08,71,Home,3,Yes,Agency,1,0,0,4,1552543.97,388135.9925,568142.17,163085.03,185135.42708784697,1153.5575,4614.23,335.220018759133,4,2024-05-01,2025-03-01,4,1,3,0.25,0.75,304,1.0,1.0,0,1,65+,Q4 highest,8,12,0
C1852,Julie Hall,Individual,F,USA,Virginia,1997-12-15,28,Home,4,No,Website,0,0,0,3,1674072.07,558024.0233333333,662938.18,499179.78,91082.55090051903,1733.68,5201.04,320.95336086570444,3,2024-10-01,2025-04-01,2,2,1,0.6666666666666666,0.3333333333333333,182,1.0,1.5,1,1,<35,Q4 highest,9,50,2
C1853,Jennifer Owens,Individual,F,USA,Virginia,1949-02-24,76,Investment,4,No,Website,0,1,0,4,1207329.15,301832.2875,474524.95,158069.76,134410.14206240053,1012.5575,4050.23,299.91970675822904,4,2024-02-01,2025-09-01,4,4,0,1.0,0.0,578,1.0,1.0,1,1,65+,Q2,9,50,2
C1854,Rexon Co,Company,M,France,Ile-de-France,1960-03-23,65,Investment,1,No,Client,0,1,1,4,1387997.02,346999.255,585205.19,215269.12,165834.69986096845,1104.2925,4417.17,307.65371721743344,4,2024-03-01,2025-03-01,4,4,0,1.0,0.0,365,1.0,1.0,0,1,65+,Q3,4,18,1
C1855,Gloria Hansen,Individual,F,USA,California,1984-02-07,41,Home,2,Yes,Website,1,0,0,4,1117305.8599999999,279326.46499999997,409255.12,218348.87,87532.27957849472,874.6275,3498.51,320.3709796508413,4,2024-06-01,2025-10-01,4,4,0,1.0,0.0,487,1.0,1.0,1,1,35-44,Q2,9,8,2
C1856,Altira Co,Company,M,USA,Virginia,1994-05-24,31,Home,2,No,Website,0,0,1,3,1216231.4300000002,405410.47666666674,586091.18,255383.06,167471.43979223815,1334.1000000000001,4002.3,300.48980345043714,3,2024-02-01,2024-11-01,3,3,0,1.0,0.0,274,1.0,1.0,1,1,<35,Q2,9,50,2
C1857,Walter Johnson,Individual,M,USA,California,1987-03-22,38,Investment,2,Yes,Website,1,1,0,3,919814.94,306604.98,372884.46,224651.58,75349.19046942977,932.37,2797.11,325.48860323286766,3,2024-09-01,2025-10-01,3,2,1,0.6666666666666666,0.3333333333333333,395,1.0,1.0,1,1,35-44,Q1 lowest,9,8,2
C1858,Amy Hayes,Individual,F,USA,Colorado,1958-06-05,67,Home,5,No,Website,0,0,0,3,1161958.29,387319.43,516468.06,240569.01,138789.1880015468,1267.5866666666668,3802.76,305.6106982283693,3,2024-03-01,2024-06-01,3,3,0,1.0,0.0,92,1.0,1.0,1,1,65+,Q2,9,11,2
C1859,Zachary Taylor,Individual,M,USA,California,1943-11-18,82,Home,5,Yes,Client,1,0,0,4,1087561.59,271890.3975,380297.96,161394.43,92986.79138421486,862.28,3449.12,315.97316283663156,4,2024-06-01,2025-10-01,4,2,2,0.5,0.5,487,1.0,1.0,1,1,65+,Q2,9,8,1
C1860,Caldera Co,Company,F,USA,California,1970-07-17,55,Home,4,Yes,Agency,1,0,1,4,1661197.49,415299.3725,496217.67,213463.01,135061.61107041492,1338.8999999999999,5355.599999999999,311.29869389814894,4,2024-01-01,2024-07-01,3,4,0,1.0,0.0,182,1.0,1.3333333333333333,1,1,55-64,Q4 highest,9,8,0
C1861,Nathan Evans,Individual,M,USA,California,1982-01-08,43,Investment,3,Yes,Website,1,1,0,4,1475178.95,368794.7375,508804.43,219915.05,161062.27958794974,1239.9025000000001,4959.610000000001,303.89052393748204,4,2024-07-01,2025-05-01,4,4,0,1.0,0.0,304,1.0,1.0,1,1,35-44,Q4 highest,9,8,2
C1862,Joshua Long,Individual,M,USA,California,1953-08-22,72,Home,1,Yes,Website,1,0,0,3,988771.17,329590.39,462577.28,159890.05,154647.33382585394,1076.69,3230.07,320.3830117364399,3,2024-01-01,2025-06-01,3,3,0,1.0,0.0,517,1.0,1.0,1,1,65+,Q1 lowest,9,8,2
C1863,Megan Hansen,Individual,F,UK,Scotland,1948-03-04,77,Home,3,No,Website,0,0,0,4,1281313.02,320328.255,462169.28,169534.41,122591.65367343476,1039.19,4156.76,301.87406662875065,4,2024-10-01,2025-02-01,2,4,0,1.0,0.0,123,1.0,2.0,0,1,65+,Q3,8,43,2
C1864,Hannah Weaver,Individual,F,USA,New York,1972-04-25,53,Home,5,Yes,Website,1,0,0,4,1131730.6,282932.65,494313.18,160534.76,152834.79637215976,1027.325,4109.3,273.31171023381694,4,2024-02-01,2025-06-01,4,3,1,0.75,0.25,486,1.0,1.0,1,1,45-54,Q2,9,27,2
C1865,Sean Rogers,Individual,M,USA,Arizona,1974-01-11,51,Investment,4,No,Website,0,1,0,3,1092253.24,364084.41333333333,423654.2,281964.37,73487.32909935314,1196.1733333333334,3588.52,317.1911285000062,3,2024-06-01,2025-12-01,3,2,1,0.6666666666666666,0.3333333333333333,548,1.0,1.0,1,1,45-54,Q2,9,1,2
C1866,Joyce Martin,Individual,F,USA,Nevada,1971-08-23,54,Home,2,No,Agency,0,0,0,4,1620195.43,405048.8575,490055.89,266823.9,100043.011380134,1380.26,5521.04,291.3135821755026,4,2024-07-01,2025-09-01,4,4,0,1.0,0.0,427,1.0,1.0,1,1,45-54,Q4 highest,9,25,0
C1867,Robert Richardson,Individual,M,USA,California,1952-01-13,73,Home,2,Yes,Website,1,0,0,3,761781.8,253927.2666666667,423673.58,147264.94,148610.65270357483,791.0400000000001,2373.1200000000003,315.9512275240281,3,2024-02-01,2025-07-01,3,2,1,0.6666666666666666,0.3333333333333333,516,1.0,1.0,1,1,65+,Q1 lowest,9,8,2
C1868,Michelle Thomas,Individual,F,UK,Wales,1975-11-28,50,Home,1,No,Website,0,0,0,4,1469394.43,367348.6075,537563.89,159253.52,187300.43051613602,1198.3725,4793.49,310.72532744383216,4,2024-01-01,2025-07-01,4,3,1,0.75,0.25,547,1.0,1.0,0,1,45-54,Q4 highest,8,51,2
C1869,Margaret Campbell,Individual,F,Mexico,Nuevo Leon,1975-10-05,50,Home,5,No,Client,0,0,0,4,1335399.36,333849.84,457748.53,224917.93,96275.79065964716,1132.7375,4530.95,292.5916987103676,4,2024-01-01,2025-06-01,4,3,1,0.75,0.25,517,1.0,1.0,0,1,45-54,Q3,6,33,1
C1870,Lawrence Moore,Individual,M,USA,Washington,1980-10-13,45,Investment,1,No,Agency,0,1,0,3,680865.94,226955.31333333332,295517.69,128668.21,87306.10961223523,842.68,2528.04,269.4110023653593,3,2024-03-01,2025-06-01,3,2,1,0.6666666666666666,0.3333333333333333,457,1.0,1.0,1,1,45-54,Q1 lowest,9,53,0
C1871,Amy Reyes,Individual,F,USA,Texas,1961-10-18,64,Home,1,Yes,Website,1,0,0,4,1096466.77,274116.6925,361953.92,214948.78,64270.369288004644,1000.415,4001.66,281.5105417910469,4,2024-02-01,2025-12-01,4,3,1,0.75,0.25,669,1.0,1.0,1,1,55-64,Q2,9,47,2
C1872,Raymond Jones,Individual,M,Mexico,Mexico City,1940-10-23,85,Home,5,No,Client,0,0,0,3,1284121.27,428040.42333333334,542533.89,246266.66,159180.86138928335,1452.2633333333333,4356.79,296.96334982942363,3,2024-02-01,2025-02-01,3,3,0,1.0,0.0,366,1.0,1.0,0,1,65+,Q3,6,23,1
C1873,Cheryl Collins,Individual,F,Canada,British Columbia,1959-03-10,66,Home,5,No,Agency,0,0,0,4,841611.53,210402.8825,357647.97,110458.66,104553.4747813562,727.265,2909.06,288.6266198396608,4,2024-03-01,2024-11-01,2,3,1,0.75,0.25,245,1.0,2.0,0,1,65+,Q1 lowest,2,5,0
C1874,Justin Cooper,Individual,M,USA,Colorado,1972-11-18,53,Investment,1,No,Agency,0,1,0,3,1058361.99,352787.33,463077.47,210288.87,129435.50896259803,1125.17,3375.51,318.7436583675889,3,2024-02-01,2024-10-01,3,3,0,1.0,0.0,243,1.0,1.0,1,1,45-54,Q2,9,11,0
C1875,Melissa Roberts,Individual,F,USA,Nevada,1943-09-13,82,Home,2,No,Client,0,0,0,3,1220153.8599999999,406717.9533333333,492821.75,235857.38,147971.12980431903,1339.73,4019.19,301.4071582349448,3,2024-09-01,2025-02-01,3,2,1,0.6666666666666666,0.3333333333333333,153,1.0,1.0,1,1,65+,Q2,9,25,1
C1876,Bravada Co,Company,M,USA,Ohio,1981-03-17,44,Investment,4,Yes,Website,1,1,1,3,1543986.34,514662.11333333334,676167.22,299829.82,193753.19684595175,1523.6933333333334,4571.08,341.0254456076387,3,2024-07-01,2025-11-01,3,3,0,1.0,0.0,488,1.0,1.0,1,1,35-44,Q4 highest,9,35,2
C1877,Walter Bryant,Individual,M,USA,Arizona,1961-09-16,64,Home,5,No,Agency,0,0,0,3,905899.79,301966.5966666667,470763.27,203005.54,146905.78787133758,1008.13,3024.39,302.9995785047871,3,2024-03-01,2025-11-01,3,2,1,0.6666666666666666,0.3333333333333333,610,1.0,1.0,1,1,55-64,Q1 lowest,9,1,0
C1878,Paul Rogers,Individual,M,USA,Washington,1967-10-07,58,Home,5,No,Agency,0,0,0,3,958603.36,319534.4533333333,508552.39,141982.12,183553.90422656838,1097.4366666666667,3292.31,297.0733645650432,3,2024-01-01,2025-02-01,3,3,0,1.0,0.0,397,1.0,1.0,1,1,55-64,Q1 lowest,9,53,0
C1879,Deborah Roberts,Individual,F,USA,New York,1977-01-23,48,Home,3,No,Website,0,0,0,3,1536294.68,512098.2266666666,584091.39,469262.61,62721.87875682801,1504.28,4512.84,341.7799926238683,3,2024-05-01,2025-09-01,2,2,1,0.6666666666666666,0.3333333333333333,488,1.0,1.5,1,1,45-54,Q4 highest,9,27,2
C1880,Joan Morales,Individual,F,USA,California,1998-01-22,27,Home,5,Yes,Client,1,0,0,4,1319939.53,329984.8825,543500.27,208186.37,151983.5795404827,1053.27,4213.08,314.84860727143314,4,2024-01-01,2025-03-01,3,4,0,1.0,0.0,425,1.0,1.3333333333333333,1,1,<35,Q3,9,8,1
C1881,Brenda Phillips,Individual,F,USA,Oregon,1989-09-13,36,Home,2,Yes,Website,1,0,0,3,972731.0900000001,324243.6966666667,392351.64,215216.2,95394.1738773812,1127.1499999999999,3381.45,285.32389159621,3,2024-05-01,2025-01-01,3,2,1,0.6666666666666666,0.3333333333333333,245,1.0,1.0,1,1,35-44,Q1 lowest,9,37,2
C1882,Deborah Turner,Individual,F,USA,Virginia,1960-03-22,65,Investment,3,No,Website,0,1,0,3,884144.1,294714.7,437974.4,161864.85,138348.81507648522,934.4333333333334,2803.3,320.0476777469246,3,2024-04-01,2024-08-01,3,3,0,1.0,0.0,122,1.0,1.0,1,1,65+,Q1 lowest,9,50,2
C1883,Sean Peterson,Individual,M,USA,California,1941-02-11,84,Home,1,No,Agency,0,0,0,4,1877399.3199999998,469349.82999999996,597724.45,200421.6,182880.47364927304,1489.11,5956.44,307.79126619172655,4,2024-02-01,2024-09-01,3,4,0,1.0,0.0,213,1.0,1.3333333333333333,1,1,65+,Q4 highest,9,8,0
C1884,Terry Bell,Individual,M,USA,Nevada,1954-08-06,71,Home,5,Yes,Website,1,0,0,3,930994.2100000001,310331.4033333334,528465.5,197381.31,188949.57299477822,997.4133333333333,2992.24,311.23822026593575,3,2024-01-01,2024-08-01,3,3,0,1.0,0.0,213,1.0,1.0,1,1,65+,Q1 lowest,9,25,2
C1885,Ryan Bell,Individual,M,Germany,Hamburg,1967-10-26,58,Home,1,Yes,Agency,1,0,0,4,1740983.97,435245.9925,519657.03,362193.44,81332.32185546427,1564.0774999999999,6256.3099999999995,279.8659324745495,4,2024-03-01,2024-11-01,3,4,0,1.0,0.0,245,1.0,1.3333333333333333,0,1,55-64,Q4 highest,5,16,0
C1886,Maria Richardson,Individual,F,USA,California,1999-11-16,26,Home,5,No,Website,0,0,0,3,774293.9299999999,258097.97666666665,317660.44,148565.18,94979.35248621268,842.68,2528.04,307.6468005397266,3,2024-05-01,2025-06-01,2,3,0,1.0,0.0,396,1.0,1.5,1,1,<35,Q1 lowest,9,8,2
C1887,Emma Campbell,Individual,F,USA,Oregon,1986-01-07,39,Investment,1,No,Agency,0,1,0,3,822999.76,274333.25333333336,414588.69,175679.27,124769.5412781831,941.2099999999999,2823.6299999999997,300.6392869450787,3,2024-05-01,2025-06-01,3,3,0,1.0,0.0,396,1.0,1.0,1,1,35-44,Q1 lowest,9,37,0
C1888,Donald Griffin,Individual,M,USA,California,1962-08-06,63,Home,3,No,Website,0,0,0,4,981962.01,245490.5025,317102.87,199424.86,56938.72290296963,820.9224999999999,3283.6899999999996,302.87682448143255,4,2024-02-01,2025-04-01,4,4,0,1.0,0.0,425,1.0,1.0,1,1,55-64,Q1 lowest,9,8,2
C1889,Matthew Richardson,Individual,M,USA,California,1987-07-10,38,Home,4,Yes,Website,1,0,0,3,1193609.3,397869.76666666666,425609.69,363238.99,31751.203904240134,1205.9633333333334,3617.89,330.7013344577876,3,2024-03-01,2024-11-01,3,2,1,0.6666666666666666,0.3333333333333333,245,1.0,1.0,1,1,35-44,Q2,9,8,2
C1890,Mark Nelson,Individual,M,Canada,Ontario,1954-03-12,71,Home,4,No,Client,0,0,0,4,1209659.27,302414.8175,483647.09,168842.21,137393.00336929326,1042.1725000000001,4168.6900000000005,294.60075741505455,4,2024-05-01,2024-12-01,4,3,1,0.75,0.25,214,1.0,1.0,0,1,65+,Q2,2,36,1
C1891,Gary James,Individual,M,USA,Oregon,1972-06-02,53,Home,2,No,Agency,0,0,0,4,1466482.7999999998,366620.69999999995,460945.04,227037.75,103656.86188720066,1244.8049999999998,4979.219999999999,301.20838735265954,4,2024-01-01,2025-09-01,4,3,1,0.75,0.25,609,1.0,1.0,1,1,45-54,Q4 highest,9,37,0
C1892,Nancy Jones,Individual,F,USA,Nevada,1951-06-06,74,Investment,5,Yes,Agency,1,1,0,3,978638.94,326212.98,448573.99,221300.8,114636.91366427614,1033.4833333333333,3100.45,310.0510647075858,3,2024-02-01,2025-09-01,3,3,0,1.0,0.0,578,1.0,1.0,1,1,65+,Q1 lowest,9,25,0
C1893,Ann Davis,Individual,F,USA,Washington,1962-12-27,63,Home,1,Yes,Website,1,0,0,4,1458732.84,364683.21,554107.09,209114.19,163181.34514119517,1146.0149999999999,4584.0599999999995,317.126581695753,4,2025-04-01,2025-10-01,3,3,1,0.75,0.25,183,1.0,1.3333333333333333,1,1,55-64,Q4 highest,9,53,2
C1894,Joyce Hall,Individual,F,USA,Texas,1944-03-11,81,Investment,4,No,Website,0,1,0,4,1284918.37,321229.5925,396878.27,205547.69,84006.25685115141,1027.81,4111.24,313.32969182679483,4,2024-07-01,2025-11-01,4,3,1,0.75,0.25,488,1.0,1.0,1,1,65+,Q3,9,47,2
C1895,Caldera Co,Company,M,USA,Nevada,1969-01-07,56,Investment,4,No,Agency,0,1,1,3,1170571.86,390190.62000000005,564033.78,199582.69,182803.01525251628,1308.5133333333333,3925.54,292.0661701559032,3,2024-03-01,2025-08-01,3,2,1,0.6666666666666666,0.3333333333333333,518,1.0,1.0,1,1,55-64,Q2,9,25,0
C1896,Andrew Bryant,Individual,M,USA,Virginia,1955-06-17,70,Investment,3,No,Agency,0,1,0,3,1158311.0,386103.6666666667,572824.93,219187.03,177648.83480382597,1139.1533333333334,3417.46,332.0831771607045,3,2024-03-01,2025-04-01,3,3,0,1.0,0.0,396,1.0,1.0,1,1,65+,Q2,9,50,0
C1897,Catherine Rogers,Individual,F,Canada,Ontario,1950-12-27,75,Home,2,No,Website,0,0,0,4,1108918.3399999999,277229.58499999996,444913.24,189843.68,117487.74932548653,941.61,3766.44,293.9912328018773,4,2024-04-01,2025-07-01,3,4,0,1.0,0.0,456,1.0,1.3333333333333333,0,1,65+,Q2,2,36,2
C1898,Daniel James,Individual,M,USA,New York,1979-01-05,46,Home,1,Yes,Website,1,0,0,4,1159717.54,289929.385,403626.01,168771.25,121988.81731113048,951.8199999999999,3807.2799999999997,309.5154160823681,4,2024-04-01,2025-08-01,4,3,1,0.75,0.25,487,1.0,1.0,1,1,45-54,Q2,9,27,2
C1899,Joe Mitchell,Individual,M,UK,England,1996-04-05,29,Home,3,No,Website,0,0,0,3,1001627.28,333875.76,453922.16,240781.62,109096.47421985547,1221.3833333333334,3664.15,275.4269693043849,3,2024-05-01,2025-04-01,3,3,0,1.0,0.0,335,1.0,1.0,0,1,<35,Q1 lowest,8,12,2
C1900,Rachel Griffin,Individual,F,UK,England,1998-09-07,27,Investment,4,No,Client,0,1,0,4,1185889.79,296472.4475,459585.99,191303.17,114767.80715927684,1210.7375000000002,4842.950000000001,246.92189962494413,4,2024-01-01,2024-10-01,4,3,1,0.75,0.25,274,1.0,1.0,0,1,<35,Q2,8,12,1
C1901,Justin Stewart,Individual,M,Canada,British Columbia,1982-09-17,43,Home,4,No,Agency,0,0,0,4,1357680.7,339420.175,478845.33,177729.83,150786.8498814185,1151.37,4605.48,286.53053886099826,4,2024-10-01,2025-12-01,4,3,1,0.75,0.25,426,1.0,1.0,0,1,35-44,Q3,2,5,0
C1902,Grandis Co,Company,M,USA,Colorado,1980-11-09,45,Investment,2,No,Agency,0,1,1,4,1127600.93,281900.2325,323302.12,213396.12,47833.81607682538,885.395,3541.58,319.7409942393335,4,2024-01-01,2025-05-01,4,3,1,0.75,0.25,486,1.0,1.0,1,1,45-54,Q2,9,11,0
C1903,Nicole Bennett,Individual,F,USA,Nevada,1991-12-01,34,Home,2,No,Website,0,0,0,4,1453139.0699999998,363284.76749999996,452279.2,202812.08,116330.29385238035,1192.72,4770.88,307.6174957186796,4,2024-03-01,2025-06-01,4,4,0,1.0,0.0,457,1.0,1.0,1,1,<35,Q4 highest,9,25,2
C1904,Christian Nelson,Individual,M,USA,Texas,1949-03-23,76,Home,2,Yes,Website,1,0,0,4,1337265.67,334316.4175,406088.62,298524.77,48844.1056819622,1073.7375,4294.95,312.78389323837047,4,2024-05-01,2025-10-01,4,4,0,1.0,0.0,518,1.0,1.0,1,1,65+,Q3,9,47,2
C1905,James Morris,Individual,M,USA,Virginia,1961-02-02,64,Home,1,No,Website,0,0,0,3,1180529.35,393509.7833333334,503790.55,284027.76,109883.57229509074,1354.2933333333333,4062.88,288.3733516557424,3,2024-08-01,2025-06-01,3,2,1,0.6666666666666666,0.3333333333333333,304,1.0,1.0,1,1,55-64,Q2,9,50,2
C1906,Michelle Adams,Individual,F,USA,California,1955-09-15,70,Home,2,No,Agency,0,0,0,4,1487182.67,371795.6675,405665.29,334981.2,30701.945701686243,1158.6325,4634.53,328.4346675707875,4,2024-02-01,2025-09-01,4,2,2,0.5,0.5,578,1.0,1.0,1,1,65+,Q4 highest,9,8,0
C1907,Kyle Wright,Individual,M,USA,Colorado,1950-03-12,75,Home,3,No,Website,0,0,0,4,1751481.1500000001,437870.28750000003,545190.41,183675.08,170810.24674434445,1349.2,5396.8,324.81588387814196,4,2024-06-01,2025-10-01,4,1,3,0.25,0.75,487,1.0,1.0,1,1,65+,Q4 highest,9,11,2
C1908,Andrea Moore,Individual,F,USA,California,1976-03-28,49,Home,2,No,Website,0,0,0,4,1543714.5,385928.625,465488.76,210058.02,120904.79587342804,1324.385,5297.54,293.2611476473817,4,2024-01-01,2025-02-01,4,3,1,0.75,0.25,397,1.0,1.0,1,1,45-54,Q4 highest,9,8,2
C1909,Heather Pierce,Individual,F,USA,California,1985-12-04,40,Investment,2,No,Agency,0,1,0,3,1238663.76,412887.92,579919.91,208210.52,188692.47553650383,1313.16,3939.48,307.72180621436615,3,2024-04-01,2025-02-01,3,2,1,0.6666666666666666,0.3333333333333333,306,1.0,1.0,1,1,35-44,Q3,9,8,0
C1910,Telnox Co,Company,M,USA,California,1985-10-04,40,Home,2,Yes,Agency,1,0,1,4,816793.9099999999,204198.47749999998,270241.73,151900.65,52908.2448761573,735.11,2940.44,278.7743160260709,4,2024-05-01,2025-03-01,4,4,0,1.0,0.0,304,1.0,1.0,1,1,35-44,Q1 lowest,9,8,0
C1911,Noah Murray,Individual,M,USA,California,1989-01-11,36,Home,5,No,Agency,0,0,0,3,1195691.95,398563.98333333334,540051.95,255309.07,142379.66323553977,1268.0466666666669,3804.1400000000003,314.3975058533925,3,2024-03-01,2025-01-01,3,3,0,1.0,0.0,306,1.0,1.0,1,1,35-44,Q2,9,8,0
C1912,Amanda Jackson,Individual,F,USA,Utah,1954-07-26,71,Investment,1,No,Website,0,1,0,3,863871.21,287957.07,354725.86,246714.42,58354.99687424461,952.0733333333334,2856.2200000000003,304.57284050774507,3,2024-03-01,2025-03-01,3,1,2,0.3333333333333333,0.6666666666666666,365,1.0,1.0,1,1,65+,Q1 lowest,9,48,2
C1913,Gary King,Individual,M,France,Provence,1980-11-12,45,Home,5,No,Website,0,0,0,4,1210353.53,302588.3825,410180.27,203878.93,92290.14951768413,972.245,3888.98,312.1120482796222,4,2024-05-01,2025-08-01,4,4,0,1.0,0.0,457,1.0,1.0,0,1,45-54,Q2,4,38,2
C1914,Brenda Gray,Individual,F,UK,Scotland,1993-08-24,32,Home,4,Yes,Website,1,0,0,3,1553786.78,517928.9266666667,608153.01,462947.81,78757.14285930412,1584.7333333333333,4754.2,328.5550278318196,3,2024-08-01,2025-01-01,3,2,1,0.6666666666666666,0.3333333333333333,153,1.0,1.0,0,1,<35,Q4 highest,8,43,2
C1915,Angela Williams,Individual,F,USA,Arizona,1964-06-09,61,Investment,4,No,Client,0,1,0,3,1015184.58,338394.86,498329.2,123213.47,193564.2790486796,1076.6899999999998,3230.0699999999997,307.0413156033585,3,2025-04-01,2025-11-01,2,2,1,0.6666666666666666,0.3333333333333333,214,1.0,1.5,1,1,55-64,Q1 lowest,9,1,1
C1916,Zachary Weaver,Individual,M,USA,California,1948-10-15,77,Investment,2,No,Website,0,1,0,3,1257058.52,419019.50666666665,485832.54,360056.73,63254.31599968838,1303.7766666666666,3911.33,320.95935335974565,3,2024-09-01,2025-12-01,3,3,0,1.0,0.0,456,1.0,1.0,1,1,65+,Q3,9,8,2
C1917,Angela Montgomery,Individual,F,Australia,New South Wales,1971-09-16,54,Home,2,No,Client,0,0,0,4,1007433.23,251858.3075,371637.67,207166.22,79927.24107086784,820.9224999999999,3283.6899999999996,307.16436969901207,4,2024-12-01,2025-11-01,4,4,0,1.0,0.0,335,1.0,1.0,0,1,45-54,Q1 lowest,0,26,1
C1918,Dorothy Murray,Individual,F,USA,California,1940-09-17,85,Home,1,No,Client,0,0,0,4,1019401.51,254850.3775,345383.67,136551.67,91982.14065900016,765.6675,3062.67,329.1017639574258,4,2024-11-01,2025-09-01,4,2,2,0.5,0.5,304,1.0,1.0,1,1,65+,Q1 lowest,9,8,1
C1919,Vantage Co,Company,F,USA,Nevada,1968-01-19,57,Investment,1,No,Website,0,1,1,4,1083015.76,270753.94,498317.73,168474.31,155499.84279280755,929.2725,3717.09,289.4568471935533,4,2024-06-01,2025-12-01,4,4,0,1.0,0.0,548,1.0,1.0,1,1,55-64,Q2,9,25,2
C1920,Jonathan Pierce,Individual,M,Germany,North Rhine-Westphalia,1969-10-26,56,Home,5,No,Agency,0,0,0,4,1523588.92,380897.23,577630.33,188000.19,178671.83270786994,1278.045,5112.18,300.2689461558509,4,2024-05-01,2025-10-01,4,4,0,1.0,0.0,518,1.0,1.0,0,1,55-64,Q4 highest,5,30,0
C1921,Carolyn Adams,Individual,F,France,Provence,1956-12-24,69,Home,5,No,Website,0,0,0,3,980793.6799999999,326931.2266666666,366009.11,272608.2,48530.84888653229,1089.46,3268.38,304.8163605451686,3,2024-12-01,2025-10-01,2,1,2,0.3333333333333333,0.6666666666666666,304,1.0,1.5,0,1,65+,Q1 lowest,4,38,2
C1922,Jessica Garcia,Individual,F,USA,California,1988-01-09,37,Home,1,No,Agency,0,0,0,3,1549836.17,516612.05666666664,654336.12,402461.19,127581.41240572715,1592.1233333333332,4776.37,322.46928138999664,3,2024-02-01,2024-12-01,3,3,0,1.0,0.0,304,1.0,1.0,1,1,35-44,Q4 highest,9,8,0
C1923,Sarah Cooper,Individual,F,Mexico,Jalisco,1947-03-07,78,Investment,1,Yes,Client,1,1,0,4,1302917.16,325729.29,414731.61,162818.91,115418.6079693299,1140.38,4561.52,288.1811349920287,4,2024-06-01,2025-05-01,4,3,1,0.75,0.25,334,1.0,1.0,0,1,65+,Q3,6,19,1
C1924,Joe Cooper,Individual,M,USA,California,1958-01-03,67,Home,3,No,Client,0,0,0,4,1453954.37,363488.5925,486561.68,180436.9,145335.46380430422,1253.3075,5013.23,292.1235154177175,4,2024-01-01,2025-07-01,4,4,0,1.0,0.0,547,1.0,1.0,1,1,65+,Q4 highest,9,8,1
C1925,Jordan Baker,Individual,M,USA,Colorado,1942-01-19,83,Home,2,No,Agency,0,0,0,4,1165252.94,291313.235,407382.75,195608.73,91040.92322157492,1093.05,4372.2,267.83454245443295,4,2024-01-01,2024-12-01,4,3,1,0.75,0.25,335,1.0,1.0,1,1,65+,Q2,9,11,0
C1926,Joshua Watson,Individual,M,Mexico,Puebla,1997-11-05,28,Home,1,Yes,Website,1,0,0,4,1238034.03,309508.5075,458341.23,168406.6,118816.5177220904,1014.73,4058.92,299.93812538471843,4,2024-05-01,2025-01-01,4,3,1,0.75,0.25,245,1.0,1.0,0,1,<35,Q3,6,39,2
C1927,Victoria Long,Individual,F,USA,California,1952-11-05,73,Investment,1,Yes,Website,1,1,0,4,1325474.94,331368.735,496630.54,203777.68,124893.27486187835,1280.6875,5122.75,259.03798557564846,4,2024-11-01,2025-09-01,4,4,0,1.0,0.0,304,1.0,1.0,1,1,65+,Q3,9,8,2
C1928,Paul Scott,Individual,M,Australia,New South Wales,1998-02-20,27,Home,4,Yes,Client,1,0,0,3,741930.22,247310.07333333333,278982.99,185007.22,53958.37378874788,736.0433333333334,2208.13,333.5509957483036,3,2024-01-01,2025-09-01,3,3,0,1.0,0.0,609,1.0,1.0,0,1,<35,Q1 lowest,0,26,1
C1929,Angela Baker,Individual,F,Mexico,Jalisco,1941-10-24,84,Home,1,Yes,Agency,1,0,0,4,1329874.96,332468.74,437806.03,175560.33,112584.76526431038,1127.175,4508.7,302.5375656209607,4,2024-02-01,2025-08-01,4,4,0,1.0,0.0,547,1.0,1.0,0,1,65+,Q3,6,19,0
C1930,Rachel Adams,Individual,F,USA,Colorado,1966-01-22,59,Investment,3,No,Agency,0,1,0,4,1184992.23,296248.0575,507885.52,158985.82,149709.07385023314,990.9875000000001,3963.9500000000003,299.0295730189038,4,2024-09-01,2025-12-01,3,4,0,1.0,0.0,456,1.0,1.3333333333333333,1,1,55-64,Q2,9,11,0
C1931,Melissa Jackson,Individual,F,USA,Utah,1995-05-01,30,Home,5,Yes,Website,1,0,0,4,1323884.1099999999,330971.02749999997,526514.11,203562.37,145821.40383402302,1047.99,4191.96,312.3234963116273,4,2024-06-01,2025-08-01,4,4,0,1.0,0.0,426,1.0,1.0,1,1,<35,Q3,9,48,2
C1932,Dorothy Allen,Individual,F,USA,California,1962-05-13,63,Investment,2,No,Website,0,1,0,4,1713149.19,428287.2975,551780.87,375891.04,82929.69036148928,1342.1525000000001,5368.610000000001,318.9128248658138,4,2024-01-01,2025-07-01,4,4,0,1.0,0.0,547,1.0,1.0,1,1,55-64,Q4 highest,9,8,2
C1933,Oasis Co,Company,F,Australia,Queensland,1994-04-05,31,Home,1,No,Client,0,0,1,3,822428.05,274142.68333333335,413006.8,152349.87,131164.32760998787,851.87,2555.61,321.78877914612053,3,2024-02-01,2025-10-01,3,2,1,0.6666666666666666,0.3333333333333333,608,1.0,1.0,0,1,<35,Q1 lowest,0,41,1
C1934,Noah Montgomery,Individual,M,France,Ile-de-France,1978-03-25,47,Investment,4,Yes,Client,1,1,0,4,1719384.46,429846.115,639415.77,198828.9,196234.6373992102,1422.9925,5691.97,295.4938593970128,4,2024-01-01,2024-11-01,4,3,1,0.75,0.25,305,1.0,1.0,0,1,45-54,Q4 highest,4,18,1
C1935,Ashley Young,Individual,F,USA,Arizona,1983-04-14,42,Home,5,No,Website,0,0,0,3,1205890.37,401963.4566666667,460353.21,296231.36,91733.13750261698,1357.1933333333334,4071.58,299.85464913533815,3,2024-02-01,2025-10-01,3,2,1,0.6666666666666666,0.3333333333333333,608,1.0,1.0,1,1,35-44,Q2,9,1,2
C1936,Jeffrey Brown,Individual,M,Russia,Krasnodar Krai,1984-02-24,41,Home,1,Yes,Agency,1,0,0,3,965899.1000000001,321966.3666666667,373735.42,286118.59,45927.034661892016,992.2199999999999,2976.66,323.68773843654736,3,2024-08-01,2025-09-01,2,3,0,1.0,0.0,396,1.0,1.5,0,1,35-44,Q1 lowest,7,21,0
C1937,Ashley Richardson,Individual,F,USA,Arizona,1961-03-16,64,Home,3,Yes,Website,1,0,0,4,1707838.06,426959.515,553235.72,351976.66,90831.38281195197,1419.32,5677.28,300.19888486318166,4,2024-07-01,2025-11-01,3,3,1,0.75,0.25,488,1.0,1.3333333333333333,1,1,55-64,Q4 highest,9,1,2
C1938,Peter Anderson,Individual,M,Canada,Quebec,1973-07-28,52,Home,4,Yes,Website,1,0,0,3,1154671.2,384890.39999999997,452275.63,337448.81,59955.076767237166,1205.9633333333334,3617.89,320.77245860567785,3,2025-02-01,2025-09-01,3,2,1,0.6666666666666666,0.3333333333333333,212,1.0,1.0,0,1,45-54,Q2,2,40,2
C1939,Gloria White,Individual,F,USA,Florida,1979-06-09,46,Investment,1,Yes,Agency,1,1,0,3,674304.95,224768.31666666665,327053.12,160844.99,89498.53511962993,839.1433333333334,2517.4300000000003,270.89013577007375,3,2024-02-01,2024-11-01,3,3,0,1.0,0.0,274,1.0,1.0,1,1,45-54,Q1 lowest,9,14,0
C1940,Barbara Turner,Individual,F,Canada,Manitoba,1997-02-01,28,Home,4,No,Agency,0,0,0,4,1403901.1400000001,350975.28500000003,537290.74,134739.12,215804.0373251896,1216.595,4866.38,281.88547542280037,4,2024-01-01,2024-11-01,4,4,0,1.0,0.0,305,1.0,1.0,0,1,<35,Q3,2,22,0
C1941,Maria James,Individual,F,USA,Nevada,1943-05-20,82,Home,5,No,Client,0,0,0,4,1368615.25,342153.8125,446979.46,172783.03,119091.7851608986,1140.38,4561.52,303.5780218121445,4,2024-03-01,2024-07-01,3,4,0,1.0,0.0,122,1.0,1.3333333333333333,1,1,65+,Q3,9,25,1
C1942,Stratos Co,Company,F,USA,Nevada,1984-11-10,41,Home,2,Yes,Agency,1,0,1,3,1133984.52,377994.84,543673.09,177310.11,185673.23046177902,1313.16,3939.48,278.3780596993292,3,2024-03-01,2025-01-01,3,3,0,1.0,0.0,306,1.0,1.0,1,1,35-44,Q2,9,25,0
C1943,Eric Long,Individual,M,USA,Arizona,1973-01-04,52,Home,1,No,Website,0,0,0,3,967521.23,322507.07666666666,400543.99,242361.5,79112.32445984654,1042.71,3128.13,308.8141987199651,3,2024-06-01,2025-09-01,3,3,0,1.0,0.0,457,1.0,1.0,1,1,45-54,Q1 lowest,9,1,2
C1944,Henry Pierce,Individual,M,USA,California,1986-02-15,39,Investment,1,No,Website,0,1,0,4,1971083.9300000002,492770.98250000004,607539.65,332945.53,117812.2341257413,1602.67,6410.68,304.51340399550395,4,2024-03-01,2025-12-01,4,4,0,1.0,0.0,640,1.0,1.0,1,1,35-44,Q4 highest,9,8,2
C1945,Sean Johnson,Individual,M,Mexico,Mexico City,1967-02-26,58,Investment,3,No,Website,0,1,0,4,1112541.88,278135.47,404942.23,118965.05,133052.50575164778,939.4875,3757.95,293.83835064246847,4,2024-04-01,2025-11-01,4,4,0,1.0,0.0,579,1.0,1.0,0,1,55-64,Q2,6,23,2
C1946,Mark Bell,Individual,M,USA,California,1955-01-15,70,Home,1,No,Agency,0,0,0,3,1056227.37,352075.79000000004,450915.03,252105.14,99409.77395052307,1111.25,3333.75,315.409987451597,3,2024-02-01,2025-12-01,3,2,1,0.6666666666666666,0.3333333333333333,669,1.0,1.0,1,1,65+,Q2,9,8,0
C1947,Walter Mitchell,Individual,M,USA,Nevada,1979-02-02,46,Home,3,No,Website,0,0,0,3,1247905.56,415968.52,470318.22,341208.08,66931.35134759793,1328.47,3985.41,314.1444138514114,3,2024-04-01,2025-12-01,3,3,0,1.0,0.0,609,1.0,1.0,1,1,45-54,Q3,9,25,2
C1948,Melissa Harris,Individual,F,USA,Arizona,1955-04-01,70,Home,2,No,Agency,0,0,0,3,1530233.0,510077.6666666667,591831.53,361816.43,128624.1018929852,1527.8633333333335,4583.59,332.3203697226779,3,2024-02-01,2025-07-01,3,3,0,1.0,0.0,516,1.0,1.0,1,1,65+,Q4 highest,9,1,0
C1949,Christina James,Individual,F,USA,Colorado,1955-07-20,70,Home,2,Yes,Agency,1,0,0,3,1020270.72,340090.24,489550.72,204368.26,143086.75221557164,1274.52,3823.56,264.79475294846344,3,2024-05-01,2025-11-01,3,3,0,1.0,0.0,549,1.0,1.0,1,1,65+,Q1 lowest,9,11,0
C1950,Edward Weaver,Individual,M,USA,Ohio,1975-03-27,50,Home,4,No,Agency,0,0,0,4,1033306.43,258326.6075,377128.4,174551.95,89737.6778215451,933.355,3733.42,297.64023677145923,4,2024-06-01,2025-10-01,4,4,0,1.0,0.0,487,1.0,1.0,1,1,45-54,Q2,9,35,0
C1951,Alexander Murray,Individual,M,USA,Utah,1996-09-08,29,Home,1,Yes,Website,1,0,0,4,1128864.17,282216.0425,454474.49,135540.98,131584.05183953265,972.335,3889.34,296.75692284139825,4,2024-04-01,2025-10-01,4,3,1,0.75,0.25,548,1.0,1.0,1,1,<35,Q2,9,48,2
C1952,Optima Co,Company,M,USA,Nevada,1992-05-06,33,Home,3,No,Agency,0,0,1,3,1235262.65,411754.2166666666,575463.2,191641.45,198029.85639544568,1451.5366666666669,4354.610000000001,273.7194148154275,3,2024-01-01,2025-07-01,3,2,1,0.6666666666666666,0.3333333333333333,547,1.0,1.0,1,1,<35,Q3,9,25,0
C1953,Donald Miller,Individual,M,Germany,Bavaria,1972-10-16,53,Home,1,Yes,Website,1,0,0,4,1199064.43,299766.1075,494656.28,177534.71,137616.7385449414,946.6525,3786.61,323.546348406674,4,2024-02-01,2025-04-01,4,2,2,0.5,0.5,425,1.0,1.0,0,1,45-54,Q2,5,3,2
C1954,Judy Roberts,Individual,F,Australia,Western Australia,1966-09-03,59,Investment,3,No,Website,0,1,0,3,809731.0700000001,269910.3566666667,334529.95,175786.75,83382.94782891843,899.9899999999999,2699.97,299.26368218742385,3,2024-02-01,2025-07-01,3,3,0,1.0,0.0,516,1.0,1.0,0,1,55-64,Q1 lowest,0,54,2
C1955,Benjamin Wright,Individual,M,Canada,Quebec,1998-05-20,27,Home,1,No,Website,0,0,0,4,1707150.06,426787.515,462288.76,373575.86,38619.20645489799,1380.26,5521.04,316.1590016380276,4,2024-05-01,2025-07-01,4,4,0,1.0,0.0,426,1.0,1.0,0,1,<35,Q4 highest,2,40,2
C1956,Julie Weaver,Individual,F,USA,Oregon,1967-08-21,58,Home,2,No,Agency,0,0,0,4,1224023.79,306005.9475,608146.84,175812.42,202755.58750594588,920.7075,3682.83,313.3520364570359,4,2024-01-01,2025-07-01,4,2,2,0.5,0.5,547,1.0,1.0,1,1,55-64,Q3,9,37,0
C1957,Adam Howard,Individual,M,USA,California,1962-09-24,63,Home,4,Yes,Website,1,0,0,4,1318838.26,329709.565,430163.14,188578.82,119633.08463953425,1150.2,4600.8,285.08614976753097,4,2024-04-01,2024-11-01,3,3,1,0.75,0.25,214,1.0,1.3333333333333333,1,1,55-64,Q3,9,8,2
C1958,Susan Foster,Individual,F,USA,California,1970-10-09,55,Home,3,No,Website,0,0,0,4,1567012.19,391753.0475,640625.73,204992.11,220069.2539571845,1287.0549999999998,5148.219999999999,308.3990536533559,4,2024-03-01,2025-01-01,4,4,0,1.0,0.0,306,1.0,1.0,1,1,55-64,Q4 highest,9,8,2
C1959,Judy Morales,Individual,F,USA,Texas,1942-02-20,83,Home,1,No,Website,0,0,0,3,626084.02,208694.67333333334,304533.78,146707.13,84182.89088430401,753.3133333333334,2259.94,276.9890035951335,3,2024-07-01,2024-12-01,3,3,0,1.0,0.0,153,1.0,1.0,1,1,65+,Q1 lowest,9,47,2
C1960,Dorothy Brown,Individual,F,USA,Colorado,1987-08-02,38,Home,2,Yes,Website,1,0,0,3,1196488.96,398829.6533333333,529520.87,332640.41,113185.05778314309,1350.4933333333333,4051.48,292.25388007624105,3,2024-05-01,2024-09-01,3,3,0,1.0,0.0,123,1.0,1.0,1,1,35-44,Q2,9,11,2
C1961,William Campbell,Individual,M,USA,California,1994-09-26,31,Home,5,No,Agency,0,0,0,4,1289265.38,322316.345,501471.56,209895.78,134298.9173974815,1138.4975,4553.99,280.62577570747106,4,2024-10-01,2025-10-01,4,4,0,1.0,0.0,365,1.0,1.0,1,1,<35,Q3,9,8,0
C1962,Kimberly Harris,Individual,F,Mexico,Puebla,1995-08-01,30,Home,5,No,Agency,0,0,0,3,971475.24,323825.08,398527.61,254253.54,72273.76503528994,1108.1033333333332,3324.31,296.82421576256144,3,2024-06-01,2025-07-01,2,3,0,1.0,0.0,395,1.0,1.5,0,1,<35,Q1 lowest,6,39,0
C1963,Terova Co,Company,M,USA,Texas,1968-03-01,57,Home,5,No,Website,0,0,1,3,983925.13,327975.04333333333,435919.77,180093.56,132506.4935409976,1090.7733333333333,3272.3199999999997,309.28015850204434,3,2024-06-01,2025-06-01,2,3,0,1.0,0.0,365,1.0,1.5,1,1,55-64,Q1 lowest,9,47,2
C1964,Kevin Martin,Individual,M,USA,Virginia,1972-06-17,53,Home,5,No,Agency,0,0,0,3,1149434.67,383144.88999999996,501520.52,295744.88,106327.42017062532,1359.24,4077.7200000000003,278.58260396394013,3,2024-06-01,2025-05-01,3,2,1,0.6666666666666666,0.3333333333333333,334,1.0,1.0,1,1,45-54,Q2,9,50,0
C1965,Sean Wright,Individual,M,USA,California,1997-01-09,28,Home,4,No,Agency,0,0,0,3,1489053.39,496351.12999999995,517834.79,468935.42,24983.57479427433,1579.3133333333335,4737.9400000000005,314.319892365033,3,2024-04-01,2024-09-01,2,2,1,0.6666666666666666,0.3333333333333333,153,1.0,1.5,1,1,<35,Q4 highest,9,8,0
C1966,Ronald Howard,Individual,M,Canada,British Columbia,1964-02-10,61,Home,1,No,Agency,0,0,0,4,1210176.2,302544.05,487865.86,219709.14,125698.41979503854,1111.6475,4446.59,272.97907493688416,4,2024-10-01,2025-11-01,4,2,2,0.5,0.5,396,1.0,1.0,0,1,55-64,Q2,2,5,0
C1967,Roger Bryant,Individual,M,USA,Oregon,1957-10-09,68,Investment,4,No,Agency,0,1,0,3,747143.37,249047.79,340611.95,143800.0,99116.93706518225,859.2633333333333,2577.79,286.7718601663633,3,2024-01-01,2024-06-01,3,3,0,1.0,0.0,152,1.0,1.0,1,1,65+,Q1 lowest,9,37,0
C1968,Judy Griffin,Individual,F,USA,California,1958-11-02,67,Investment,3,Yes,Client,1,1,0,3,987718.99,329239.66333333333,421709.56,200926.35,114672.8797197979,1072.7266666666667,3218.1800000000003,313.92486192092457,3,2024-01-01,2025-06-01,3,3,0,1.0,0.0,517,1.0,1.0,1,1,65+,Q1 lowest,9,8,1
C1969,Jesse James,Individual,M,USA,Colorado,1993-06-14,32,Investment,2,Yes,Agency,1,1,0,4,1030940.4299999999,257735.10749999998,462830.35,136888.93,144671.8602662647,854.58,3418.32,294.26164637460386,4,2024-01-01,2025-10-01,4,3,1,0.75,0.25,639,1.0,1.0,1,1,<35,Q2,9,11,0
C1970,Raymond Howard,Individual,M,USA,Arizona,1978-02-25,47,Investment,4,Yes,Website,1,1,0,3,1346312.7000000002,448770.9000000001,576990.75,237460.8,184385.84265216105,1361.7433333333333,4085.23,322.30001375823184,3,2025-02-01,2025-11-01,3,2,1,0.6666666666666666,0.3333333333333333,273,1.0,1.0,1,1,45-54,Q3,9,1,2
C1971,Emma Jordan,Individual,F,USA,Virginia,1976-07-18,49,Home,5,No,Website,0,0,0,3,673422.3200000001,224474.1066666667,274917.87,181197.22,47269.579540884784,775.5666666666666,2326.7,301.09547149882036,3,2024-06-01,2025-07-01,3,3,0,1.0,0.0,395,1.0,1.0,1,1,45-54,Q1 lowest,9,50,2
C1972,Carol Wilson,Individual,F,USA,California,1972-01-05,53,Home,4,Yes,Website,1,0,0,3,943260.84,314420.27999999997,478022.04,212067.21,143166.1427157947,1077.3333333333333,3232.0,295.6179663876726,3,2024-01-01,2025-09-01,3,2,1,0.6666666666666666,0.3333333333333333,609,1.0,1.0,1,1,45-54,Q1 lowest,9,8,2
C1973,Oasis Co,Company,M,USA,Washington,1993-09-13,32,Home,4,Yes,Agency,1,0,1,4,1450499.68,362624.92,413926.08,294188.66,49882.24898499804,1214.7825,4859.13,298.7315859126308,4,2024-01-01,2025-11-01,4,3,1,0.75,0.25,670,1.0,1.0,1,1,<35,Q4 highest,9,53,0
C1974,Keith Peterson,Individual,M,USA,Nevada,1950-04-09,75,Home,5,Yes,Agency,1,0,0,4,968686.8500000001,242171.71250000002,431287.44,131583.82,130618.78171588939,809.6575,3238.63,301.68832968184125,4,2024-04-01,2025-09-01,3,3,1,0.75,0.25,518,1.0,1.3333333333333333,1,1,65+,Q1 lowest,9,25,0
C1975,Dorothy Campbell,Individual,F,Belgium,Wallonia,1975-08-05,50,Home,4,No,Agency,0,0,0,3,985031.21,328343.73666666663,454364.35,214837.5,120252.79699552535,1023.8800000000001,3071.6400000000003,318.46222697643447,3,2024-01-01,2025-05-01,3,2,1,0.6666666666666666,0.3333333333333333,486,1.0,1.0,0,1,45-54,Q1 lowest,1,52,0
C1976,Albert Wilson,Individual,M,USA,Florida,1995-05-03,30,Home,5,No,Client,0,0,0,4,1146120.65,286530.1625,503445.63,104911.93,166569.039431693,1030.29,4121.16,272.6222730317005,4,2024-06-01,2025-04-01,3,4,0,1.0,0.0,304,1.0,1.3333333333333333,1,1,<35,Q2,9,14,1
C1977,Jason Bennett,Individual,M,USA,Virginia,1994-04-07,31,Home,1,No,Website,0,0,0,4,2001430.4300000002,500357.60750000004,608264.77,314372.82,131877.10327509078,1577.2325,6308.93,315.08520637386266,4,2024-01-01,2025-07-01,4,3,1,0.75,0.25,547,1.0,1.0,1,1,<35,Q4 highest,9,50,2
C1978,Summit Co,Company,F,USA,California,1967-02-06,58,Investment,5,Yes,Website,1,1,1,3,1205900.67,401966.88999999996,433524.31,360530.43,37486.30687137372,1290.0866666666668,3870.26,317.3931776315053,3,2024-05-01,2025-07-01,3,2,1,0.6666666666666666,0.3333333333333333,426,1.0,1.0,1,1,55-64,Q2,9,8,2
C1979,Brian Richardson,Individual,M,USA,Colorado,1942-05-25,83,Home,3,Yes,Agency,1,0,0,4,1287568.79,321892.1975,430285.43,194243.69,99442.45179229355,1014.73,4058.92,317.2145822998733,4,2024-02-01,2025-03-01,4,3,1,0.75,0.25,394,1.0,1.0,1,1,65+,Q3,9,11,0
C1980,Barbara Green,Individual,F,USA,Texas,1956-05-09,69,Investment,4,No,Website,0,1,0,4,1579565.09,394891.2725,588343.01,223777.94,149444.1847160746,1228.8325,4915.33,319.99056130249653,4,2024-03-01,2025-08-01,4,4,0,1.0,0.0,518,1.0,1.0,1,1,65+,Q4 highest,9,47,2
C1981,Sarah Flores,Individual,F,Canada,Quebec,1992-12-09,33,Home,5,No,Agency,0,0,0,4,1440160.68,360040.17,498028.07,226302.61,148258.53421341968,1245.935,4983.74,292.4342978172096,4,2024-01-01,2025-07-01,4,3,1,0.75,0.25,547,1.0,1.0,0,1,<35,Q3,2,40,0
C1982,Jose Long,Individual,M,USA,California,1947-09-05,78,Home,4,Yes,Website,1,0,0,3,1545398.56,515132.85333333333,553675.21,451859.26,55229.95083193201,1669.3466666666666,5008.04,309.67606560331507,3,2024-01-01,2024-11-01,2,2,1,0.6666666666666666,0.3333333333333333,305,1.0,1.5,1,1,65+,Q4 highest,9,8,2
C1983,Ryan Reed,Individual,M,UK,Northern Ireland,1961-03-13,64,Home,3,No,Website,0,0,0,4,1317304.52,329326.13,411125.74,179742.66,102297.4032832538,1070.475,4281.9,303.97094660567086,4,2024-07-01,2025-10-01,4,3,1,0.75,0.25,457,1.0,1.0,0,1,55-64,Q3,8,31,2
C1984,Jesse Watson,Individual,M,USA,California,1956-10-18,69,Home,4,No,Website,0,0,0,3,846287.21,282095.73666666663,315840.76,222487.81,51772.19953843601,994.52,2983.56,283.34620973678204,3,2024-01-01,2024-10-01,3,3,0,1.0,0.0,274,1.0,1.0,1,1,65+,Q1 lowest,9,8,2
C1985,Gregory Bell,Individual,M,UK,Scotland,1963-05-11,62,Home,1,Yes,Agency,1,0,0,4,1149379.8599999999,287344.96499999997,344251.82,171040.21,81546.02968485572,1014.73,4058.92,285.3976580367843,4,2024-05-01,2025-12-01,4,2,2,0.5,0.5,579,1.0,1.0,0,1,55-64,Q2,8,43,0
C1986,Thomas Griffin,Individual,M,USA,New York,1977-04-23,48,Investment,1,No,Website,0,1,0,4,1442798.93,360699.7325,524650.21,160247.33,171052.25380553948,1153.5575,4614.23,313.1761603919817,4,2024-05-01,2025-10-01,4,4,0,1.0,0.0,518,1.0,1.0,1,1,45-54,Q4 highest,9,27,2
C1987,Douglas Davis,Individual,M,Belgium,Wallonia,1986-10-18,39,Investment,5,No,Website,0,1,0,4,1316082.96,329020.74,515152.93,216265.08,129179.27635273727,1104.1725,4416.69,304.149336089631,4,2024-04-01,2025-12-01,4,3,1,0.75,0.25,609,1.0,1.0,0,1,35-44,Q3,1,52,2
C1988,Henry Thompson,Individual,M,USA,California,1994-09-19,31,Home,5,Yes,Website,1,0,0,4,1301018.95,325254.7375,409994.99,190112.97,102947.7004728386,972.245,3888.98,331.33023855167505,4,2024-11-01,2025-12-01,4,4,0,1.0,0.0,395,1.0,1.0,1,1,<35,Q3,9,8,2
C1989,William Montgomery,Individual,M,USA,Texas,1959-11-19,66,Home,3,No,Agency,0,0,0,4,1380788.8599999999,345197.21499999997,505173.86,259576.23,111088.26297534781,1135.325,4541.3,305.11506404471834,4,2024-08-01,2025-10-01,4,3,1,0.75,0.25,426,1.0,1.0,1,1,65+,Q3,9,47,0
C1990,Scott Howard,Individual,M,USA,Texas,1976-11-28,49,Investment,5,No,Agency,0,1,0,3,1253745.81,417915.27,566711.76,253453.37,157215.6433984834,1303.4733333333334,3910.42,316.3867890611018,3,2024-08-01,2025-03-01,3,3,0,1.0,0.0,212,1.0,1.0,1,1,45-54,Q3,9,47,0
C1991,Susan Reed,Individual,F,USA,California,1950-07-09,75,Home,3,No,Website,0,0,0,4,1134341.88,283585.47,405445.85,102745.33,130129.82509647534,900.39,3601.56,307.04473333664754,4,2024-02-01,2024-12-01,4,3,1,0.75,0.25,304,1.0,1.0,1,1,65+,Q2,9,8,2
C1992,Rachel Hansen,Individual,F,USA,Texas,1943-01-19,82,Home,3,Yes,Website,1,0,0,3,1266058.76,422019.58666666667,471352.97,383231.2,44997.32550950369,1445.08,4335.24,300.26582567809544,3,2024-11-01,2025-07-01,3,1,2,0.3333333333333333,0.6666666666666666,242,1.0,1.0,1,1,65+,Q3,9,47,2
C1993,Douglas Thompson,Individual,M,USA,New York,1985-06-09,40,Home,2,No,Website,0,0,0,3,1385369.38,461789.7933333333,549422.32,343389.83,106406.40536724294,1454.4099999999999,4363.23,320.9228416069944,3,2025-04-01,2025-08-01,2,2,1,0.6666666666666666,0.3333333333333333,122,1.0,1.5,1,1,35-44,Q3,9,27,2
C1994,Nicole Miller,Individual,F,USA,Oregon,1994-07-21,31,Investment,3,Yes,Website,1,1,0,3,1257875.21,419291.73666666663,498128.56,359341.4,71295.11539491349,1454.4099999999999,4363.23,290.66709087729345,3,2024-09-01,2025-06-01,3,3,0,1.0,0.0,273,1.0,1.0,1,1,<35,Q3,9,37,2
C1995,Michelle Scott,Individual,F,USA,California,1993-03-05,32,Investment,4,No,Agency,0,1,0,4,1044043.64,261010.91,348872.01,218454.43,60978.553322279906,905.7525,3623.01,288.855844533881,4,2024-05-01,2025-07-01,4,3,1,0.75,0.25,426,1.0,1.0,1,1,<35,Q2,9,8,0
C1996,Samantha Brooks,Individual,F,USA,Nevada,1992-06-20,33,Home,1,Yes,Website,1,0,0,4,1151831.48,287957.87,568415.25,157537.5,189604.31756270514,1027.325,4109.3,270.3771253746574,4,2024-01-01,2024-11-01,4,4,0,1.0,0.0,305,1.0,1.0,1,1,<35,Q2,9,25,2
C1997,Matthew Cox,Individual,M,USA,Arizona,1942-09-27,83,Home,4,Yes,Website,1,0,0,4,1101825.4,275456.35,484864.24,168349.69,143887.60570426792,910.42,3641.68,299.63884952974826,4,2024-09-01,2025-09-01,4,2,2,0.5,0.5,365,1.0,1.0,1,1,65+,Q2,9,1,2
C1998,Mark Patterson,Individual,M,USA,Virginia,1963-09-13,62,Home,5,Yes,Website,1,0,0,3,1023688.56,341229.52,431674.94,220468.16,108818.05063065044,1140.3999999999999,3421.2,307.20912531442076,3,2024-02-01,2025-10-01,3,3,0,1.0,0.0,608,1.0,1.0,1,1,55-64,Q1 lowest,9,50,2
C1999,Lawrence Montgomery,Individual,M,USA,Ohio,1944-06-15,81,Home,4,Yes,Client,1,0,0,3,838587.38,279529.12666666665,455786.14,180409.23,153038.2687958219,919.0466666666666,2757.14,304.64416824191477,3,2024-05-01,2025-07-01,3,3,0,1.0,0.0,426,1.0,1.0,1,1,65+,Q1 lowest,9,35,1
C2000,Amanda James,Individual,F,USA,Georgia,1996-03-24,29,Home,1,Yes,Agency,1,0,0,3,913528.5,304509.5,364977.97,252835.34,56586.19338770984,1033.4833333333333,3100.45,297.2942091320212,3,2024-05-01,2024-06-01,2,3,0,1.0,0.0,31,1.0,1.5,1,1,<35,Q1 lowest,9,15,0
