client_id,client_type,first_name,last_name,date_of_birth,gender,country,region,acquisition_purpose,satisfaction_score,loan_applied,referral_channel,age,loan_flag,is_investment,is_company,full_name
C0001,Individual,Kareem,Liu,1968-05-11,F,USA,California,Home,4,Yes,Website,57,1,0,0,Kareem Liu
C0002,Individual,Trystan,Oconnor,1962-11-26,M,USA,California,Home,1,No,Website,63,0,0,0,Trystan Oconnor
C0003,Individual,Kale,Gay,1959-04-07,M,USA,California,Home,4,Yes,Agency,66,1,0,0,Kale Gay
C0004,Individual,Russell,Gross,1959-11-25,M,USA,California,Home,5,No,Website,66,0,0,0,Russell Gross
C0005,Company,Marleez,Co,1976-02-28,M,USA,California,Investment,5,No,Website,49,0,1,1,Marleez Co
C0006,Individual,Yurem,Wright,1957-03-06,M,USA,California,Home,3,Yes,Website,68,1,0,0,Yurem Wright
C0007,Individual,Xavier,Faulkner,1947-05-24,M,Canada,Quebec,Investment,5,No,Website,78,0,1,0,Xavier Faulkner
C0008,Individual,Kayden,Olsen,1969-10-17,F,USA,California,Home,5,No,Website,56,0,0,0,Kayden Olsen
C0009,Individual,Joaquin,Mullins,1975-10-05,M,USA,California,Investment,5,No,Agency,50,0,1,0,Joaquin Mullins
C0010,Individual,Nicolas,Navarro,1966-06-17,M,USA,Oregon,Investment,3,No,Agency,59,0,1,0,Nicolas Navarro
C0011,Individual,Laci,Guerra,1956-06-17,F,USA,California,Home,2,Yes,Website,69,1,0,0,Laci Guerra
C0012,Company,Kylax,Co,1975-04-25,M,USA,California,Investment,5,No,Website,50,0,1,1,Kylax Co
C0013,Individual,Harley,Lucero,1962-08-10,M,USA,California,Home,1,Yes,Website,63,1,0,0,Harley Lucero
C0014,Company,Esther,Co,1980-07-10,M,USA,California,Home,3,Yes,Website,45,1,0,1,Esther Co
C0015,Individual,Jaylynn,Hickman,1941-08-19,F,USA,California,Home,5,No,Client,84,0,0,0,Jaylynn Hickman
C0016,Individual,Olivia,Oconnell,1939-09-03,F,USA,California,Investment,5,No,Website,86,0,1,0,Olivia Oconnell
C0017,Individual,Antonio,Porter,1977-01-08,M,USA,Arizona,Home,3,No,Client,48,0,0,0,Antonio Porter
C0018,Individual,Luke,Lynn,1967-02-07,M,USA,California,Home,2,Yes,Agency,58,1,0,0,Luke Lynn
C0019,Individual,Anahi,Curry,1957-09-09,M,USA,California,Home,5,Yes,Client,68,1,0,0,Anahi Curry
C0020,Individual,Camille,Sharp,1967-10-17,F,USA,California,Home,5,No,Website,58,0,0,0,Camille Sharp
C0021,Individual,Jesus,Obrien,1938-06-09,M,USA,Oregon,Investment,3,No,Website,87,0,1,0,Jesus Obrien
C0022,Individual,Araceli,Nelson,1966-09-14,M,Germany,Berlin,Investment,5,No,Agency,59,0,1,0,Araceli Nelson
C0023,Individual,Cole,Taylor,1958-12-06,M,USA,California,Home,3,Yes,Website,67,1,0,0,Cole Taylor
C0024,Individual,Alonso,Terrell,1963-11-05,M,USA,California,Investment,4,No,Website,62,0,1,0,Alonso Terrell
C0025,Individual,Rodolfo,Gibson,1937-01-20,M,USA,Nevada,Home,2,Yes,Website,88,1,0,0,Rodolfo Gibson
C0026,Individual,Joseph,Reeves,1962-09-23,M,USA,California,Investment,5,No,Website,63,0,1,0,Joseph Reeves
C0027,Individual,Grant,Weber,1968-09-08,M,USA,California,Home,5,Yes,Website,57,1,0,0,Grant Weber
C0028,Individual,Ava,Phelps,1958-04-15,F,USA,California,Home,3,No,Client,67,0,0,0,Ava Phelps
C0029,Individual,Kyla,Walker,1976-02-26,F,USA,Colorado,Home,4,Yes,Agency,49,1,0,0,Kyla Walker
C0030,Individual,Alanna,Hess,1952-06-19,F,USA,Nevada,Home,3,No,Website,73,0,0,0,Alanna Hess
C0031,Individual,Skylar,Buchanan,1977-12-25,M,USA,Nevada,Home,4,Yes,Website,48,1,0,0,Skylar Buchanan
C0032,Individual,Rodrigo,Robinson,1966-08-11,M,USA,California,Home,4,No,Website,59,0,0,0,Rodrigo Robinson
C0033,Individual,Lydia,Tate,1968-08-14,F,USA,California,Home,3,Yes,Website,57,1,0,0,Lydia Tate
C0034,Individual,Lauryn,Patrick,1969-10-30,F,Belgium,Brussels,Home,2,No,Agency,56,0,0,0,Lauryn Patrick
C0035,Individual,Diego,Mendez,1965-05-12,M,Mexico,Mexico City,Home,3,No,Agency,60,0,0,0,Diego Mendez
C0036,Individual,Victor,Jensen,1973-09-01,M,USA,California,Home,4,No,Website,52,0,0,0,Victor Jensen
C0037,Individual,Scarlet,Hendricks,1962-01-20,F,USA,California,Home,5,Yes,Website,63,1,0,0,Scarlet Hendricks
C0038,Individual,Janelle,Espinoza,1974-12-25,F,USA,California,Investment,4,No,Client,51,0,1,0,Janelle Espinoza
C0039,Individual,Aleksandra,Karenina,1967-06-13,F,Russia,Krasnodar Krai,Home,1,No,Agency,58,0,0,0,Aleksandra Karenina
C0040,Individual,Conner,Huff,1975-03-22,M,USA,Nevada,Home,5,No,Website,50,0,0,0,Conner Huff
C0041,Individual,Zain,Horne,1967-04-13,M,USA,Arizona,Home,1,Yes,Website,58,1,0,0,Zain Horne
C0042,Individual,Maia,Chandler,1975-08-12,F,USA,Utah,Home,1,Yes,Website,50,1,0,0,Maia Chandler
C0043,Individual,Jordyn,Park,1965-04-04,M,USA,Nevada,Investment,3,Yes,Website,60,1,1,0,Jordyn Park
C0044,Individual,Diana,Hunt,1931-02-13,F,USA,Arizona,Home,3,No,Website,94,0,0,0,Diana Hunt
C0045,Individual,Kevin,Mata,1968-10-12,M,USA,Colorado,Investment,2,No,Agency,57,0,1,0,Kevin Mata
C0046,Individual,Brisa,Mckee,1964-09-24,F,USA,California,Home,5,No,Client,61,0,0,0,Brisa Mckee
C0047,Individual,Mason,Gilbert,1970-07-31,M,USA,Colorado,Home,2,No,Agency,55,0,0,0,Mason Gilbert
C0048,Individual,Derick,Li,1957-03-20,M,USA,California,Home,3,Yes,Agency,68,1,0,0,Derick Li
C0049,Individual,Jace,Riggs,1971-08-20,F,USA,California,Home,1,No,Website,54,0,0,0,Jace Riggs
C0050,Individual,Jair,Johns,1940-03-05,M,USA,California,Home,5,No,Website,85,0,0,0,Jair Johns
C0051,Individual,Matilda,Madden,1941-03-03,F,USA,Colorado,Home,3,No,Agency,84,0,0,0,Matilda Madden
C0052,Individual,Myla,Ewing,1967-02-03,F,USA,Oregon,Investment,2,No,Client,58,0,1,0,Myla Ewing
C0053,Individual,Miguel,Walter,1954-01-07,M,USA,Arizona,Home,4,No,Agency,71,0,0,0,Miguel Walter
C0054,Company,Bridger CAL,Co,1967-02-15,M,USA,Nevada,Investment,5,No,Website,58,0,1,1,Bridger CAL Co
C0055,Individual,Mara,Franco,1973-06-07,F,USA,California,Home,5,Yes,Agency,52,1,0,0,Mara Franco
C0056,Individual,Erik,Mora,1964-12-07,M,USA,Oregon,Investment,5,No,Agency,61,0,1,0,Erik Mora
C0057,Individual,Henry,Kennedy,1933-06-08,M,USA,California,Home,4,Yes,Agency,92,1,0,0,Henry Kennedy
C0058,Company,Kenyon,Co,1969-05-03,F,USA,California,Investment,1,Yes,Website,56,1,1,1,Kenyon Co
C0059,Individual,Oswaldo,Palmer,1960-06-16,M,USA,California,Home,2,No,Website,65,0,0,0,Oswaldo Palmer
C0060,Individual,Kassidy,Vega,1972-05-07,F,USA,California,Home,5,No,Website,53,0,0,0,Kassidy Vega
C0061,Individual,Morgan,Glass,1967-05-12,M,USA,Utah,Home,5,No,Agency,58,0,0,0,Morgan Glass
C0062,Individual,Tyler,Carr,1974-03-27,M,USA,California,Home,5,Yes,Client,51,1,0,0,Tyler Carr
C0063,Individual,Yesenia,Marquez,1942-07-23,F,USA,Arizona,Home,4,No,Website,83,0,0,0,Yesenia Marquez
C0064,Individual,Gordon,Brown,1974-02-10,M,UK,Northern Ireland,Investment,4,No,Agency,51,0,1,0,Gordon Brown
C0065,Individual,Rodrigo,Ramirez,1972-03-26,M,USA,California,Home,1,No,Agency,53,0,0,0,Rodrigo Ramirez
C0066,Individual,Melanie,Holland,1974-12-25,F,USA,California,Investment,3,No,Client,51,0,1,0,Melanie Holland
C0067,Individual,Enrique,Cardenas,1977-06-10,M,USA,California,Home,2,No,Website,48,0,0,0,Enrique Cardenas
C0068,Individual,Helen,Williamson,1966-02-26,F,USA,Colorado,Home,5,Yes,Agency,59,1,0,0,Helen Williamson
C0069,Individual,Isis,Rios,1970-04-01,M,USA,California,Investment,4,No,Website,55,0,1,0,Isis Rios
C0070,Individual,Kayley,Nielsen,1947-04-27,F,USA,Arizona,Home,4,Yes,Website,78,1,0,0,Kayley Nielsen
C0071,Individual,Donavan,Flowers,1985-12-27,M,USA,California,Home,1,Yes,Client,40,1,0,0,Donavan Flowers
C0072,Individual,Augustus,Hinton,1953-02-03,M,USA,Nevada,Investment,2,No,Website,72,0,1,0,Augustus Hinton
C0073,Individual,Alejandra,Greer,1965-01-11,F,Denmark,Capital Region,Investment,1,No,Agency,60,0,1,0,Alejandra Greer
C0074,Individual,Violet,Nixon,1959-01-01,F,USA,Oregon,Investment,5,No,Client,66,0,1,0,Violet Nixon
C0075,Individual,Jaelyn,Berger,1970-05-05,F,USA,California,Home,3,No,Website,55,0,0,0,Jaelyn Berger
C0076,Individual,Tristian,Fuller,1956-03-13,M,USA,California,Home,5,No,Agency,69,0,0,0,Tristian Fuller
C0077,Individual,Christian,Costa,1980-09-14,M,USA,California,Home,5,No,Website,45,0,0,0,Christian Costa
C0078,Individual,Nora,Lynch,1948-04-23,F,USA,California,Home,5,No,Website,77,0,0,0,Nora Lynch
C0079,Individual,Dangelo,Shea,1954-02-27,M,Belgium,Brussels,Investment,4,No,Website,71,0,1,0,Dangelo Shea
C0080,Individual,Aiyana,Christensen,1949-01-16,F,USA,California,Investment,3,No,Website,76,0,1,0,Aiyana Christensen
C0081,Individual,Sidney,Cline,1943-07-24,F,USA,California,Home,4,Yes,Website,82,1,0,0,Sidney Cline
C0082,Individual,Kaitlin,Owen,1981-12-26,F,USA,Virginia,Investment,5,No,Client,44,0,1,0,Kaitlin Owen
C0083,Individual,Issac,Edwards,1938-10-29,M,USA,California,Home,5,No,Website,87,0,0,0,Issac Edwards
C0084,Individual,Zaiden,Merritt,1948-02-23,M,USA,Wyoming,Home,3,No,Agency,77,0,0,0,Zaiden Merritt
C0085,Individual,Iris,Larsen,1966-09-14,M,USA,California,Home,4,Yes,Agency,59,1,0,0,Iris Larsen
C0086,Individual,Grace,Stein,1968-12-20,F,USA,California,Home,3,Yes,Website,57,1,0,0,Grace Stein
C0087,Individual,Alessandra,Perry,1979-05-15,F,USA,California,Home,4,No,Agency,46,0,0,0,Alessandra Perry
C0088,Individual,Jamal,Mueller,1936-08-13,M,USA,Oregon,Investment,2,No,Website,89,0,1,0,Jamal Mueller
C0089,Individual,Irvin,Ellis,1949-11-14,M,USA,California,Home,3,No,Agency,76,0,0,0,Irvin Ellis
C0090,Individual,Terry,Forbes,1982-05-27,M,USA,California,Home,5,No,Client,43,0,0,0,Terry Forbes
C0091,Individual,Jacqueline,Grant,1959-11-13,F,USA,California,Home,4,No,Website,66,0,0,0,Jacqueline Grant
C0092,Individual,Brock,Fischer,1971-05-29,M,USA,Kansas,Home,3,No,Website,54,0,0,0,Brock Fischer
C0093,Individual,Curtis,Howard,1962-09-11,M,USA,California,Home,2,No,Agency,63,0,0,0,Curtis Howard
C0094,Individual,Avah,Huang,1948-04-23,F,USA,California,Home,5,No,Website,77,0,0,0,Avah Huang
C0095,Individual,Frank,Meyer,1964-03-16,M,USA,California,Home,3,Yes,Agency,61,1,0,0,Frank Meyer
C0096,Individual,Darien,Dorsey,1985-12-27,M,USA,California,Investment,3,Yes,Website,40,1,1,0,Darien Dorsey
C0097,Individual,Franklin,Mack,1943-06-18,M,USA,Virginia,Home,5,Yes,Website,82,1,0,0,Franklin Mack
C0098,Individual,Elena,Petrova,1949-06-22,F,Russia,Saint Petersburg,Home,3,Yes,Agency,76,1,0,0,Elena Petrova
C0099,Individual,Jack,Hanson,1941-12-01,M,USA,California,Investment,4,No,Website,84,0,1,0,Jack Hanson
C0100,Individual,Emmett,Estes,1969-06-05,M,USA,California,Home,3,No,Website,56,0,0,0,Emmett Estes
C0101,Individual,Aniya,Miller,1951-03-02,F,USA,Nevada,Home,3,No,Website,74,0,0,0,Aniya Miller
C0102,Individual,Jack,Anderson,1947-02-13,M,USA,California,Investment,5,Yes,Website,78,1,1,0,Jack Anderson
C0103,Individual,Kael,Hurley,1973-12-15,M,USA,Colorado,Home,3,No,Website,52,0,0,0,Kael Hurley
C0104,Individual,Kamden,Stewart,1978-09-14,M,USA,California,Home,5,No,Website,47,0,0,0,Kamden Stewart
C0105,Individual,Aniyah,Ali,1959-11-03,F,USA,California,Investment,2,Yes,Website,66,1,1,0,Aniyah Ali
C0106,Individual,Simon,Bennett,1953-06-09,M,USA,Colorado,Home,4,No,Website,72,0,0,0,Simon Bennett
C0107,Individual,Laurel,Benitez,1959-08-06,M,USA,California,Home,4,Yes,Agency,66,1,0,0,Laurel Benitez
C0108,Individual,Trey,Strong,1958-12-20,M,USA,California,Home,4,No,Agency,67,0,0,0,Trey Strong
C0109,Individual,Myah,Roman,1933-05-05,F,USA,California,Investment,5,Yes,Agency,92,1,1,0,Myah Roman
C0110,Individual,Nyla,Blake,1959-06-05,F,USA,California,Investment,5,Yes,Agency,66,1,1,0,Nyla Blake
C0111,Individual,Kole,Shannon,1979-06-27,M,USA,Arizona,Home,2,Yes,Website,46,1,0,0,Kole Shannon
C0112,Individual,Melany,Glover,1960-10-01,F,USA,California,Investment,1,Yes,Agency,65,1,1,0,Melany Glover
C0113,Individual,Arthur,Bray,1949-07-14,M,USA,Utah,Investment,4,No,Agency,76,0,1,0,Arthur Bray
C0114,Individual,Kamila,Collier,1962-01-21,F,USA,California,Home,1,Yes,Website,63,1,0,0,Kamila Collier
C0115,Individual,Amanda,Simon,1978-12-03,F,USA,California,Home,5,No,Agency,47,0,0,0,Amanda Simon
C0116,Individual,Erika,Steward,1955-08-07,F,USA,California,Investment,4,No,Website,70,0,1,0,Erika Steward
C0117,Individual,Jakobe,Bailey,1964-10-06,M,UK,Scotland,Investment,4,No,Agency,61,0,1,0,Jakobe Bailey
C0118,Individual,Sonia,Choi,1948-11-09,F,USA,Oregon,Investment,5,No,Agency,77,0,1,0,Sonia Choi
C0119,Individual,Erika,Gallagher,1942-07-19,F,USA,California,Home,1,Yes,Website,83,1,0,0,Erika Gallagher
C0120,Individual,Madeline,Michael,1953-07-30,F,USA,California,Home,4,Yes,Website,72,1,0,0,Madeline Michael
C0121,Individual,Bennett,Chen,1950-07-18,M,USA,Nevada,Home,2,No,Website,75,0,0,0,Bennett Chen
C0122,Individual,Belinda,Hogan,1973-08-18,F,USA,California,Home,1,Yes,Agency,52,1,0,0,Belinda Hogan
C0123,Individual,Johanna,Fisher,1962-08-25,F,USA,California,Home,4,Yes,Website,63,1,0,0,Johanna Fisher
C0124,Individual,Jaylen,Turner,1963-07-15,F,USA,California,Home,4,No,Agency,62,0,0,0,Jaylen Turner
C0125,Individual,Michael,Juarez,1976-12-25,M,USA,Colorado,Home,4,Yes,Agency,49,1,0,0,Michael Juarez
C0126,Individual,Adriana,Shaffer,1972-07-11,F,USA,California,Investment,2,No,Agency,53,0,1,0,Adriana Shaffer
C0127,Individual,Julio,Leonard,1974-07-18,M,USA,Nevada,Home,2,Yes,Website,51,1,0,0,Julio Leonard
C0128,Company,Abdiel,Co,1963-05-22,M,USA,Nevada,Investment,5,Yes,Website,62,1,1,1,Abdiel Co
C0129,Individual,Warren,Pugh,1973-07-17,M,USA,Arizona,Investment,5,No,Website,52,0,1,0,Warren Pugh
C0130,Individual,Luis,Crane,1959-04-20,M,USA,Nevada,Home,3,Yes,Website,66,1,0,0,Luis Crane
C0131,Individual,Mohammad,Irwin,1971-12-02,M,USA,California,Home,1,No,Website,54,0,0,0,Mohammad Irwin
C0132,Individual,Davion,Stout,1965-07-20,M,USA,Nevada,Home,1,Yes,Agency,60,1,0,0,Davion Stout
C0133,Individual,Logan,Simmons,1946-09-14,M,USA,California,Investment,4,No,Agency,79,0,1,0,Logan Simmons
C0134,Individual,Kaylin,Villarreal,1932-06-13,F,Russia,Novosibirsk,Investment,3,No,Website,93,0,1,0,Kaylin Villarreal
C0135,Individual,Ruben,Melton,1939-03-05,M,USA,Utah,Investment,2,No,Agency,86,0,1,0,Ruben Melton
C0136,Individual,Gianni,Fritz,1973-09-15,M,USA,California,Home,3,No,Website,52,0,0,0,Gianni Fritz
C0137,Individual,Emilie,Morrison,1957-10-29,F,USA,California,Home,3,Yes,Website,68,1,0,0,Emilie Morrison
C0138,Individual,Crystal,Wyatt,1939-06-30,F,USA,Oregon,Investment,3,Yes,Website,86,1,1,0,Crystal Wyatt
C0139,Individual,Annabel,Robles,1969-10-14,F,USA,California,Home,5,Yes,Website,56,1,0,0,Annabel Robles
C0140,Individual,Rachel,Cross,1952-06-18,F,USA,California,Home,3,No,Website,73,0,0,0,Rachel Cross
C0141,Individual,Madalyn,Mercer,1986-06-21,F,USA,California,Home,5,No,Website,39,0,0,0,Madalyn Mercer
C0142,Individual,Michelle,Cameron,1978-06-04,F,USA,Nevada,Home,3,Yes,Website,47,1,0,0,Michelle Cameron
C0143,Individual,Ezra,Lozano,1958-02-24,M,USA,California,Home,1,No,Website,67,0,0,0,Ezra Lozano
C0144,Individual,Ramiro,Oneill,1954-09-29,M,USA,California,Home,4,No,Agency,71,0,0,0,Ramiro Oneill
C0145,Individual,Emely,Watts,1964-11-30,F,USA,California,Home,4,No,Website,61,0,0,0,Emely Watts
C0146,Individual,Hazel,Ayers,1963-02-01,M,USA,Colorado,Home,2,No,Website,62,0,0,0,Hazel Ayers
C0147,Individual,Cedric,Goodwin,1948-02-20,M,USA,Utah,Home,4,No,Client,77,0,0,0,Cedric Goodwin
C0148,Individual,Dayton,Hatfield,1969-04-19,M,USA,Colorado,Investment,4,Yes,Agency,56,1,1,0,Dayton Hatfield
C0149,Individual,Piotr,Aleksandrov,1955-12-02,M,Russia,Krasnodar Krai,Investment,3,No,Agency,70,0,1,0,Piotr Aleksandrov
C0150,Individual,Memphis,Mcconnell,1968-08-25,M,USA,California,Home,2,Yes,Website,57,1,0,0,Memphis Mcconnell
C0151,Individual,Arabella,Ferrell,1976-08-17,F,USA,Oregon,Home,1,No,Agency,49,0,0,0,Arabella Ferrell
C0152,Individual,Sincere,Hansen,1967-01-19,F,USA,California,Investment,2,Yes,Agency,58,1,1,0,Sincere Hansen
C0153,Individual,Lara,Carrillo,1983-02-24,F,USA,California,Home,5,No,Website,42,0,0,0,Lara Carrillo
C0154,Individual,Valentina,Simpson,1965-01-24,F,USA,California,Home,4,Yes,Agency,60,1,0,0,Valentina Simpson
C0155,Company,Kamd,Co,1975-08-18,M,USA,California,Investment,5,No,Agency,50,0,1,1,Kamd Co
C0156,Individual,Case,Sanchez,1966-05-26,F,USA,California,Home,5,No,Website,59,0,0,0,Case Sanchez
C0157,Individual,Van,Charles,1952-05-15,M,USA,Colorado,Home,2,Yes,Client,73,1,0,0,Van Charles
C0158,Individual,Emmy,Singh,1979-12-03,F,USA,Virginia,Investment,3,Yes,Agency,46,1,1,0,Emmy Singh
C0159,Individual,Colin,Campos,1942-04-14,M,USA,California,Home,3,No,Website,83,0,0,0,Colin Campos
C0160,Individual,Anya,Stephenson,1959-06-11,F,USA,California,Home,4,No,Website,66,0,0,0,Anya Stephenson
C0161,Individual,Parker,Poole,1951-11-10,M,USA,California,Home,5,No,Website,74,0,0,0,Parker Poole
C0162,Individual,Ivan,Bright,1953-09-15,M,USA,California,Home,4,No,Website,72,0,0,0,Ivan Bright
C0163,Individual,Larry,Turner,1986-03-24,M,USA,Utah,Investment,5,Yes,Agency,39,1,1,0,Larry Turner
C0164,Individual,Matthew,Nelson,1986-09-20,M,USA,Arizona,Home,5,No,Website,39,0,0,0,Matthew Nelson
C0165,Individual,Mary,Hall,1956-07-11,F,USA,California,Home,3,Yes,Website,69,1,0,0,Mary Hall
C0166,Individual,Carolyn,Weaver,1984-01-24,F,USA,Arizona,Home,4,Yes,Agency,41,1,0,0,Carolyn Weaver
C0167,Individual,Grace,Green,1955-02-02,F,UK,Scotland,Home,3,Yes,Website,70,1,0,0,Grace Green
C0168,Individual,Pamela,Sanders,1960-06-06,F,USA,Nevada,Home,3,No,Agency,65,0,0,0,Pamela Sanders
C0169,Individual,Terry,Turner,1990-08-13,M,USA,Ohio,Investment,5,Yes,Agency,35,1,1,0,Terry Turner
C0170,Individual,Jacob,Jones,1949-06-13,M,USA,California,Home,5,No,Website,76,0,0,0,Jacob Jones
C0171,Individual,Julie,Sanders,1991-05-05,F,USA,Washington,Investment,5,Yes,Client,34,1,1,0,Julie Sanders
C0172,Individual,Catherine,Carter,1992-09-16,F,USA,Washington,Home,1,Yes,Agency,33,1,0,0,Catherine Carter
C0173,Individual,Amber,Wilson,1976-07-20,F,USA,Arizona,Home,5,Yes,Agency,49,1,0,0,Amber Wilson
C0174,Individual,Rachel,Harris,1982-07-06,F,USA,California,Investment,3,No,Client,43,0,1,0,Rachel Harris
C0175,Individual,Brandon,Alexander,1962-04-05,M,USA,Washington,Home,5,No,Agency,63,0,0,0,Brandon Alexander
C0176,Individual,Hannah,Williams,1993-06-27,F,USA,California,Home,2,No,Website,32,0,0,0,Hannah Williams
C0177,Individual,Sarah,Hansen,1951-03-05,F,UK,England,Home,5,Yes,Website,74,1,0,0,Sarah Hansen
C0178,Individual,Laura,Chavez,1952-12-23,F,USA,Virginia,Home,4,No,Agency,73,0,0,0,Laura Chavez
C0179,Individual,Ashley,Turner,1986-02-11,F,USA,Oregon,Investment,2,No,Website,39,0,1,0,Ashley Turner
C0180,Individual,Jacob,Wilson,1943-01-28,M,USA,California,Home,2,Yes,Agency,82,1,0,0,Jacob Wilson
C0181,Individual,Lawrence,Peterson,1970-04-26,M,USA,Texas,Home,2,Yes,Website,55,1,0,0,Lawrence Peterson
C0182,Individual,Virginia,Bennett,1971-12-02,F,Germany,North Rhine-Westphalia,Investment,1,Yes,Website,54,1,1,0,Virginia Bennett
C0183,Individual,Nicholas,Green,1988-09-15,M,USA,Nevada,Home,3,No,Website,37,0,0,0,Nicholas Green
C0184,Individual,Peter,Pierce,1994-01-21,M,USA,Florida,Home,1,No,Website,31,0,0,0,Peter Pierce
C0185,Individual,Andrea,Nelson,1945-07-02,F,USA,Nevada,Home,4,Yes,Agency,80,1,0,0,Andrea Nelson
C0186,Individual,Carol,Green,1982-04-02,F,USA,Virginia,Home,1,No,Website,43,0,0,0,Carol Green
C0187,Individual,Cheryl,Kim,1990-01-17,F,USA,Florida,Home,1,No,Website,35,0,0,0,Cheryl Kim
C0188,Individual,Jose,Martin,1940-10-08,M,USA,Oregon,Home,5,Yes,Website,85,1,0,0,Jose Martin
C0189,Individual,Anna,Adams,1958-12-11,F,USA,California,Home,2,No,Agency,67,0,0,0,Anna Adams
C0190,Individual,Karen,Johnson,1971-10-19,F,USA,California,Home,2,No,Website,54,0,0,0,Karen Johnson
C0191,Individual,Sarah,Turner,1977-05-06,F,USA,Florida,Home,3,No,Agency,48,0,0,0,Sarah Turner
C0192,Individual,Margaret,Moore,1984-02-04,F,Belgium,Brussels,Investment,2,Yes,Website,41,1,1,0,Margaret Moore
C0193,Individual,Sharon,Campbell,1968-08-09,F,USA,California,Investment,4,Yes,Website,57,1,1,0,Sharon Campbell
C0194,Individual,Jonathan,Hall,1953-08-18,M,France,Ile-de-France,Home,5,Yes,Website,72,1,0,0,Jonathan Hall
C0195,Individual,Sean,Jones,1947-06-19,M,USA,California,Home,2,Yes,Website,78,1,0,0,Sean Jones
C0196,Individual,Alexander,Adams,1957-04-22,M,USA,Nevada,Investment,5,No,Agency,68,0,1,0,Alexander Adams
C0197,Individual,Kevin,Wright,1944-07-01,M,USA,Virginia,Home,4,No,Client,81,0,0,0,Kevin Wright
C0198,Individual,Michelle,White,1976-01-28,F,USA,California,Home,4,No,Website,49,0,0,0,Michelle White
C0199,Individual,Ryan,Brown,1958-04-13,M,USA,California,Home,3,No,Agency,67,0,0,0,Ryan Brown
C0200,Individual,Linda,Harris,1944-05-06,F,USA,California,Home,1,No,Agency,81,0,0,0,Linda Harris
C0201,Individual,Lauren,Weaver,1968-02-13,F,USA,California,Home,1,No,Agency,57,0,0,0,Lauren Weaver
C0202,Individual,Jack,Reyes,1996-11-11,M,Canada,British Columbia,Home,1,No,Website,29,0,0,0,Jack Reyes
C0203,Individual,Christine,Brooks,1956-05-18,F,USA,California,Home,4,No,Client,69,0,0,0,Christine Brooks
C0204,Individual,Joyce,Pierce,1947-01-10,F,USA,California,Home,5,No,Agency,78,0,0,0,Joyce Pierce
C0205,Individual,Kelly,Nelson,1968-08-26,F,Mexico,Puebla,Home,1,Yes,Agency,57,1,0,0,Kelly Nelson
C0206,Individual,Nancy,Roberts,1957-05-08,F,USA,California,Home,1,Yes,Agency,68,1,0,0,Nancy Roberts
C0207,Individual,Kyle,Gray,1944-11-19,M,USA,Virginia,Investment,4,No,Website,81,0,1,0,Kyle Gray
C0208,Individual,Mark,James,1986-03-26,M,France,Provence,Home,4,Yes,Agency,39,1,0,0,Mark James
C0209,Individual,Kyle,Moore,1949-08-22,M,USA,Arizona,Investment,3,No,Agency,76,0,1,0,Kyle Moore
C0210,Individual,Janice,Price,1943-03-24,F,USA,Colorado,Home,2,No,Website,82,0,0,0,Janice Price
C0211,Individual,Amy,Evans,1972-02-23,F,USA,California,Home,3,No,Agency,53,0,0,0,Amy Evans
C0212,Individual,Jacob,Wood,1956-03-23,M,USA,California,Home,4,No,Agency,69,0,0,0,Jacob Wood
C0213,Individual,Jason,Gray,1976-10-23,M,USA,Florida,Investment,5,No,Agency,49,0,1,0,Jason Gray
C0214,Individual,Helen,Wood,1946-07-18,F,Belgium,Brussels,Investment,5,No,Website,79,0,1,0,Helen Wood
C0215,Individual,Lauren,Foster,1999-07-11,F,Germany,Hamburg,Investment,4,No,Website,26,0,1,0,Lauren Foster
C0216,Individual,Albert,Hansen,1999-07-19,M,USA,Utah,Home,1,No,Website,26,0,0,0,Albert Hansen
C0217,Individual,Deborah,Miller,1984-07-11,F,USA,Colorado,Home,3,No,Website,41,0,0,0,Deborah Miller
C0218,Individual,Shirley,Anderson,1970-01-24,F,USA,California,Home,2,No,Website,55,0,0,0,Shirley Anderson
C0219,Individual,William,Turner,1988-01-20,M,USA,California,Home,4,No,Website,37,0,0,0,William Turner
C0220,Individual,Walter,Phillips,1951-06-06,M,Canada,Ontario,Investment,1,No,Website,74,0,1,0,Walter Phillips
C0221,Company,Atlas,Co,1987-05-14,F,USA,California,Home,5,No,Website,38,0,0,1,Atlas Co
C0222,Individual,Christopher,Stone,1956-11-08,M,USA,Utah,Investment,3,No,Agency,69,0,1,0,Christopher Stone
C0223,Individual,Patrick,Hansen,1973-11-12,M,USA,Colorado,Investment,3,Yes,Website,52,1,1,0,Patrick Hansen
C0224,Individual,Nathan,Richardson,1960-08-23,M,USA,Colorado,Home,5,No,Website,65,0,0,0,Nathan Richardson
C0225,Individual,Evelyn,Reyes,1948-12-19,F,USA,California,Home,1,Yes,Agency,77,1,0,0,Evelyn Reyes
C0226,Individual,Julia,Jordan,1958-07-11,F,USA,Colorado,Home,2,No,Website,67,0,0,0,Julia Jordan
C0227,Individual,Rachel,Evans,1944-10-23,F,USA,Arizona,Home,5,Yes,Website,81,1,0,0,Rachel Evans
C0228,Individual,Hannah,Owens,1952-04-23,F,USA,Oregon,Investment,4,No,Website,73,0,1,0,Hannah Owens
C0229,Individual,Jose,Turner,1981-11-19,M,USA,Colorado,Investment,5,No,Website,44,0,1,0,Jose Turner
C0230,Company,Forsyte,Co,1977-07-22,M,USA,Nevada,Investment,4,Yes,Website,48,1,1,1,Forsyte Co
C0231,Individual,Ronald,Rogers,1993-12-18,M,Denmark,Central Denmark,Investment,2,Yes,Website,32,1,1,0,Ronald Rogers
C0232,Individual,Megan,Kim,1962-05-04,F,USA,California,Home,3,Yes,Website,63,1,0,0,Megan Kim
C0233,Individual,Larry,Garcia,1997-09-10,M,France,Provence,Home,4,Yes,Website,28,1,0,0,Larry Garcia
C0234,Individual,Andrea,Hughes,1979-03-02,F,USA,New York,Home,1,Yes,Website,46,1,0,0,Andrea Hughes
C0235,Individual,Kenneth,Allen,1949-10-10,M,USA,California,Home,5,No,Website,76,0,0,0,Kenneth Allen
C0236,Individual,Gerald,Howard,1972-08-10,M,Canada,Manitoba,Home,3,No,Agency,53,0,0,0,Gerald Howard
C0237,Individual,Jason,Nelson,1984-11-03,M,USA,California,Home,5,Yes,Website,41,1,0,0,Jason Nelson
C0238,Individual,Amber,Patterson,1982-01-08,F,USA,Virginia,Home,4,Yes,Agency,43,1,0,0,Amber Patterson
C0239,Individual,Megan,Baker,1973-02-18,F,USA,Oregon,Home,3,Yes,Website,52,1,0,0,Megan Baker
C0240,Individual,Amber,Morales,1942-05-15,F,USA,Colorado,Investment,3,No,Website,83,0,1,0,Amber Morales
C0241,Individual,Kelly,Anderson,1962-01-14,F,Mexico,Nuevo Leon,Home,5,Yes,Website,63,1,0,0,Kelly Anderson
C0242,Individual,Stephen,Peterson,1998-03-16,M,USA,Utah,Home,3,Yes,Agency,27,1,0,0,Stephen Peterson
C0243,Individual,Nancy,Patterson,1978-07-11,F,USA,Utah,Home,2,No,Website,47,0,0,0,Nancy Patterson
C0244,Individual,Joyce,Pierce,1998-08-03,F,USA,California,Home,1,No,Website,27,0,0,0,Joyce Pierce
C0245,Individual,Sean,Long,1974-01-07,M,USA,Nevada,Investment,4,No,Agency,51,0,1,0,Sean Long
C0246,Individual,Stephen,Pierce,1992-05-15,M,France,Normandy,Home,1,Yes,Agency,33,1,0,0,Stephen Pierce
C0247,Individual,Kevin,Morris,1965-01-18,M,USA,California,Home,1,No,Website,60,0,0,0,Kevin Morris
C0248,Individual,Carl,Collins,1968-12-09,M,USA,Florida,Home,4,Yes,Agency,57,1,0,0,Carl Collins
C0249,Individual,Stephanie,Montgomery,1968-12-05,F,USA,California,Investment,4,No,Agency,57,0,1,0,Stephanie Montgomery
C0250,Individual,Justin,Stewart,1947-10-19,M,UK,England,Home,2,No,Agency,78,0,0,0,Justin Stewart
C0251,Individual,Janice,Chavez,1976-08-11,F,USA,Utah,Home,5,No,Website,49,0,0,0,Janice Chavez
C0252,Individual,Elizabeth,Rogers,1953-08-23,F,USA,Nevada,Investment,2,No,Website,72,0,1,0,Elizabeth Rogers
C0253,Individual,Betty,Hughes,1994-09-15,F,USA,Virginia,Home,4,No,Website,31,0,0,0,Betty Hughes
C0254,Individual,Rachel,Freeman,1956-07-21,F,USA,Florida,Home,5,No,Website,69,0,0,0,Rachel Freeman
C0255,Individual,Sara,Jones,1961-02-08,F,UK,England,Investment,3,Yes,Client,64,1,1,0,Sara Jones
C0256,Individual,Anthony,Hughes,1990-12-10,M,USA,California,Home,1,Yes,Website,35,1,0,0,Anthony Hughes
C0257,Individual,Nicholas,Kim,1974-10-22,M,USA,California,Home,1,No,Website,51,0,0,0,Nicholas Kim
C0258,Individual,Carl,Murray,1991-04-15,M,UK,Northern Ireland,Home,4,Yes,Agency,34,1,0,0,Carl Murray
C0259,Individual,Emma,Chavez,1990-02-15,F,USA,Oregon,Home,4,No,Website,35,0,0,0,Emma Chavez
C0260,Individual,Rebecca,Wood,1946-08-04,F,USA,Nevada,Investment,3,No,Website,79,0,1,0,Rebecca Wood
C0261,Company,Celera,Co,1985-05-13,F,USA,Florida,Investment,4,Yes,Website,40,1,1,1,Celera Co
C0262,Individual,Billy,Bryant,1947-05-25,M,USA,Oregon,Home,2,No,Website,78,0,0,0,Billy Bryant
C0263,Individual,Anthony,Garcia,1981-08-02,M,USA,Nevada,Investment,2,Yes,Website,44,1,1,0,Anthony Garcia
C0264,Individual,Melissa,Baker,1992-09-12,F,USA,Colorado,Home,2,Yes,Agency,33,1,0,0,Melissa Baker
C0265,Company,Celera,Co,1967-04-13,M,Belgium,Flanders,Home,1,No,Website,58,0,0,1,Celera Co
C0266,Individual,Aaron,Owens,1977-02-26,M,USA,California,Home,5,Yes,Agency,48,1,0,0,Aaron Owens
C0267,Individual,Judy,Howard,1948-11-12,F,USA,Utah,Home,4,Yes,Agency,77,1,0,0,Judy Howard
C0268,Individual,Danielle,Carter,1959-02-21,F,USA,Georgia,Investment,3,No,Website,66,0,1,0,Danielle Carter
C0269,Individual,David,Stewart,1969-02-04,M,USA,New York,Home,2,No,Agency,56,0,0,0,David Stewart
C0270,Individual,Megan,Allen,1944-07-21,F,USA,Florida,Home,5,No,Website,81,0,0,0,Megan Allen
C0271,Individual,Laura,Hughes,1972-04-28,F,USA,California,Investment,3,No,Agency,53,0,1,0,Laura Hughes
C0272,Individual,Pamela,Green,1993-08-03,F,UK,Scotland,Home,5,Yes,Website,32,1,0,0,Pamela Green
C0273,Individual,Paul,Morales,1987-02-27,M,Denmark,Zealand,Investment,2,No,Website,38,0,1,0,Paul Morales
C0274,Individual,Raymond,Young,1950-10-01,M,USA,Florida,Home,2,No,Website,75,0,0,0,Raymond Young
C0275,Individual,William,Thompson,2000-06-26,M,USA,Oregon,Home,1,Yes,Website,25,1,0,0,William Thompson
C0276,Individual,Gloria,Harris,1953-02-16,F,USA,Washington,Home,5,No,Website,72,0,0,0,Gloria Harris
C0277,Individual,Jordan,Garcia,1954-11-17,M,USA,Colorado,Investment,1,Yes,Agency,71,1,1,0,Jordan Garcia
C0278,Individual,Margaret,Foster,1955-08-03,F,USA,California,Investment,2,Yes,Website,70,1,1,0,Margaret Foster
C0279,Individual,Heather,Montgomery,1967-05-15,F,USA,Oregon,Home,1,No,Website,58,0,0,0,Heather Montgomery
C0280,Individual,Nathan,Price,1944-04-14,M,USA,Florida,Home,4,No,Client,81,0,0,0,Nathan Price
C0281,Individual,Katherine,Phillips,1977-03-22,F,USA,California,Home,1,Yes,Agency,48,1,0,0,Katherine Phillips
C0282,Individual,Emily,Owens,1997-10-18,F,USA,California,Investment,1,No,Website,28,0,1,0,Emily Owens
C0283,Individual,Susan,Edwards,1962-05-12,F,USA,Arizona,Home,2,Yes,Agency,63,1,0,0,Susan Edwards
C0284,Individual,Patrick,Owens,1977-02-25,M,USA,Arizona,Home,4,No,Client,48,0,0,0,Patrick Owens
C0285,Individual,Billy,Parker,1999-03-09,M,France,Ile-de-France,Investment,3,No,Website,26,0,1,0,Billy Parker
C0286,Individual,Noah,Brooks,1996-03-24,M,UK,Scotland,Home,1,No,Agency,29,0,0,0,Noah Brooks
C0287,Individual,Joan,Bell,1990-06-10,F,Australia,New South Wales,Home,5,No,Website,35,0,0,0,Joan Bell
C0288,Individual,Kevin,Freeman,1997-11-03,M,USA,Colorado,Investment,4,No,Agency,28,0,1,0,Kevin Freeman
C0289,Individual,Laura,Hayes,1993-06-14,F,USA,California,Investment,5,No,Agency,32,0,1,0,Laura Hayes
C0290,Individual,Ryan,Watson,1962-01-01,M,USA,California,Home,2,No,Website,63,0,0,0,Ryan Watson
C0291,Individual,James,Bryant,1953-07-06,M,USA,Nevada,Home,2,No,Agency,72,0,0,0,James Bryant
C0292,Individual,Karen,Watson,1945-12-02,F,USA,California,Home,1,No,Agency,80,0,0,0,Karen Watson
C0293,Individual,Ruth,Collins,1993-07-01,F,USA,California,Investment,4,No,Website,32,0,1,0,Ruth Collins
C0294,Individual,Nicholas,Reyes,1963-07-17,M,USA,Nevada,Home,3,Yes,Website,62,1,0,0,Nicholas Reyes
C0295,Individual,Roger,Harris,1967-09-07,M,Russia,Tatarstan,Home,3,No,Agency,58,0,0,0,Roger Harris
C0296,Individual,Mark,Young,1984-04-06,M,Canada,Manitoba,Home,1,Yes,Client,41,1,0,0,Mark Young
C0297,Individual,Julia,Murray,1972-11-19,F,UK,Wales,Investment,5,No,Agency,53,0,1,0,Julia Murray
C0298,Individual,Sarah,Patterson,1972-11-10,F,USA,Oregon,Home,3,No,Website,53,0,0,0,Sarah Patterson
C0299,Individual,Barbara,Davis,1977-05-03,F,UK,Wales,Home,5,No,Agency,48,0,0,0,Barbara Davis
C0300,Individual,Zachary,Peterson,1959-04-11,M,Canada,Alberta,Home,5,Yes,Website,66,1,0,0,Zachary Peterson
C0301,Individual,Lisa,Alexander,1959-03-02,F,USA,Virginia,Home,4,No,Agency,66,0,0,0,Lisa Alexander
C0302,Individual,Maria,Edwards,1976-07-25,F,USA,Utah,Investment,1,No,Agency,49,0,1,0,Maria Edwards
C0303,Individual,Betty,Owens,1957-07-10,F,USA,Virginia,Investment,5,Yes,Website,68,1,1,0,Betty Owens
C0304,Individual,Patrick,Morris,1959-12-22,M,USA,California,Investment,1,No,Agency,66,0,1,0,Patrick Morris
C0305,Individual,Emily,Kim,1995-11-22,F,USA,Arizona,Home,1,No,Website,30,0,0,0,Emily Kim
C0306,Individual,Samuel,Foster,1988-04-05,M,USA,California,Home,1,No,Client,37,0,0,0,Samuel Foster
C0307,Individual,Samuel,Freeman,1992-10-13,M,USA,California,Home,5,Yes,Client,33,1,0,0,Samuel Freeman
C0308,Individual,Catherine,Roberts,1972-10-10,F,Belgium,Flanders,Investment,4,Yes,Agency,53,1,1,0,Catherine Roberts
C0309,Individual,Stephanie,Cox,1957-10-15,F,USA,Washington,Home,4,No,Agency,68,0,0,0,Stephanie Cox
C0310,Individual,Edward,Weaver,1992-05-02,M,UK,Northern Ireland,Home,3,No,Website,33,0,0,0,Edward Weaver
C0311,Individual,Justin,Anderson,1952-03-09,M,USA,Georgia,Home,2,No,Website,73,0,0,0,Justin Anderson
C0312,Individual,Zachary,Cooper,1941-01-14,M,USA,Nevada,Home,3,Yes,Website,84,1,0,0,Zachary Cooper
C0313,Company,Stratos,Co,1974-04-12,M,USA,California,Home,1,No,Agency,51,0,0,1,Stratos Co
C0314,Individual,Andrew,Jones,1982-08-23,M,USA,Washington,Investment,4,No,Agency,43,0,1,0,Andrew Jones
C0315,Individual,Michael,Phillips,1987-03-18,M,Mexico,Baja California,Investment,5,No,Website,38,0,1,0,Michael Phillips
C0316,Individual,Brandon,Martin,1997-04-14,M,UK,Scotland,Investment,4,Yes,Website,28,1,1,0,Brandon Martin
C0317,Individual,Amber,Hansen,1999-11-17,F,USA,California,Investment,2,Yes,Website,26,1,1,0,Amber Hansen
C0318,Individual,Amy,Peterson,1974-03-22,F,Germany,Berlin,Home,5,No,Website,51,0,0,0,Amy Peterson
C0319,Company,Zynex,Co,1995-11-12,F,USA,Texas,Home,5,Yes,Website,30,1,0,1,Zynex Co
C0320,Individual,Tyler,Cox,1984-12-01,M,USA,Texas,Home,3,Yes,Client,41,1,0,0,Tyler Cox
C0321,Individual,Jesse,Cook,1992-01-12,M,USA,California,Investment,2,No,Agency,33,0,1,0,Jesse Cook
C0322,Individual,Deborah,Moore,1996-12-25,F,USA,California,Home,2,Yes,Website,29,1,0,0,Deborah Moore
C0323,Individual,Samantha,Hayes,1975-09-16,F,USA,California,Investment,2,Yes,Website,50,1,1,0,Samantha Hayes
C0324,Individual,Raymond,Parker,1993-06-14,M,USA,Washington,Home,4,No,Website,32,0,0,0,Raymond Parker
C0325,Individual,Maria,Flores,1983-02-24,F,USA,California,Home,5,Yes,Agency,42,1,0,0,Maria Flores
C0326,Individual,Daniel,Reed,1958-05-10,M,USA,Oregon,Investment,4,Yes,Agency,67,1,1,0,Daniel Reed
C0327,Individual,Elizabeth,Ward,1961-07-09,F,UK,Scotland,Home,1,No,Agency,64,0,0,0,Elizabeth Ward
C0328,Individual,William,Young,1946-10-22,M,USA,California,Home,1,Yes,Client,79,1,0,0,William Young
C0329,Individual,Diane,Morales,1998-10-05,F,Germany,Hesse,Home,3,No,Agency,27,0,0,0,Diane Morales
C0330,Individual,Christian,Richardson,1975-06-21,M,USA,California,Home,1,No,Website,50,0,0,0,Christian Richardson
C0331,Individual,Ann,Martin,1984-05-23,F,USA,California,Investment,3,No,Agency,41,0,1,0,Ann Martin
C0332,Individual,Christopher,Price,1989-12-15,M,USA,Texas,Investment,3,No,Website,36,0,1,0,Christopher Price
C0333,Individual,Helen,Hall,1955-12-23,F,UK,Wales,Home,3,No,Website,70,0,0,0,Helen Hall
C0334,Individual,Andrew,Roberts,1950-08-01,M,USA,Arizona,Investment,3,No,Agency,75,0,1,0,Andrew Roberts
C0335,Individual,Charles,Morris,1975-12-24,M,USA,Arizona,Home,4,No,Website,50,0,0,0,Charles Morris
C0336,Individual,Karen,Price,1971-11-17,F,USA,California,Investment,5,No,Agency,54,0,1,0,Karen Price
C0337,Individual,Nathan,Alexander,1942-01-27,M,USA,Arizona,Home,3,Yes,Website,83,1,0,0,Nathan Alexander
C0338,Individual,Patrick,Flores,1943-05-28,M,USA,California,Home,5,Yes,Website,82,1,0,0,Patrick Flores
C0339,Individual,Keith,King,1963-10-05,M,USA,Utah,Investment,5,No,Agency,62,0,1,0,Keith King
C0340,Individual,Daniel,Garcia,1940-11-25,M,USA,California,Investment,2,No,Agency,85,0,1,0,Daniel Garcia
C0341,Individual,Carl,Chavez,1982-11-10,M,USA,California,Investment,4,No,Agency,43,0,1,0,Carl Chavez
C0342,Individual,Kevin,Hughes,1974-08-15,M,USA,California,Investment,2,No,Client,51,0,1,0,Kevin Hughes
C0343,Individual,Joyce,Thompson,1952-06-17,F,USA,California,Home,2,No,Website,73,0,0,0,Joyce Thompson
C0344,Individual,Joshua,Jackson,1997-05-13,M,Canada,British Columbia,Home,2,Yes,Website,28,1,0,0,Joshua Jackson
C0345,Individual,Stephanie,Hall,1969-09-15,F,USA,New York,Home,4,Yes,Website,56,1,0,0,Stephanie Hall
C0346,Individual,Amy,Nelson,1963-06-02,F,USA,California,Home,5,No,Agency,62,0,0,0,Amy Nelson
C0347,Individual,Mark,Reyes,1992-05-24,M,USA,Washington,Home,3,Yes,Website,33,1,0,0,Mark Reyes
C0348,Individual,Jack,Pierce,1982-02-13,M,USA,Colorado,Investment,5,Yes,Agency,43,1,1,0,Jack Pierce
C0349,Individual,Paul,Jackson,1975-06-26,M,USA,Arizona,Home,2,Yes,Agency,50,1,0,0,Paul Jackson
C0350,Individual,Richard,Jones,1992-12-11,M,USA,Arizona,Home,2,No,Agency,33,0,0,0,Richard Jones
C0351,Individual,Michelle,Watson,1961-12-27,F,USA,Oregon,Home,5,No,Agency,64,0,0,0,Michelle Watson
C0352,Individual,Judith,Williams,1977-06-22,F,USA,Nevada,Investment,3,No,Agency,48,0,1,0,Judith Williams
C0353,Individual,Anna,Murray,1964-04-24,F,USA,Arizona,Home,2,No,Agency,61,0,0,0,Anna Murray
C0354,Individual,Kimberly,Turner,1998-10-23,F,USA,California,Home,4,No,Website,27,0,0,0,Kimberly Turner
C0355,Individual,Henry,Alexander,1951-10-16,M,Mexico,Baja California,Investment,1,No,Website,74,0,1,0,Henry Alexander
C0356,Individual,Andrea,Kim,1976-06-06,F,USA,Georgia,Home,3,No,Website,49,0,0,0,Andrea Kim
C0357,Individual,Danielle,Griffin,1988-04-09,F,USA,California,Home,3,No,Website,37,0,0,0,Danielle Griffin
C0358,Individual,Katherine,Griffin,1978-09-26,F,Australia,New South Wales,Home,3,Yes,Agency,47,1,0,0,Katherine Griffin
C0359,Individual,Julie,Cooper,1951-03-10,F,USA,California,Investment,1,No,Agency,74,0,1,0,Julie Cooper
C0360,Individual,Laura,Baker,1948-09-09,F,USA,Utah,Home,2,Yes,Agency,77,1,0,0,Laura Baker
C0361,Individual,Nicholas,Miller,1958-09-08,M,UK,England,Home,1,Yes,Website,67,1,0,0,Nicholas Miller
C0362,Individual,Betty,Moore,2000-09-06,F,USA,Utah,Home,4,No,Website,25,0,0,0,Betty Moore
C0363,Individual,Christine,Edwards,1959-01-25,F,USA,Utah,Investment,2,No,Client,66,0,1,0,Christine Edwards
C0364,Individual,George,Gray,1944-03-02,M,USA,Texas,Home,2,No,Website,81,0,0,0,George Gray
C0365,Individual,Brandon,Morales,1962-02-11,M,USA,Colorado,Investment,5,No,Agency,63,0,1,0,Brandon Morales
C0366,Individual,Keith,Long,1983-04-26,M,USA,California,Home,4,No,Website,42,0,0,0,Keith Long
C0367,Individual,Samuel,Collins,1964-11-25,M,USA,California,Investment,4,No,Agency,61,0,1,0,Samuel Collins
C0368,Individual,Betty,Scott,1992-08-11,F,USA,California,Home,4,Yes,Agency,33,1,0,0,Betty Scott
C0369,Individual,Helen,Murray,1954-10-01,F,USA,Utah,Home,2,Yes,Agency,71,1,0,0,Helen Murray
C0370,Individual,Michelle,Brooks,1957-09-23,F,Russia,Krasnodar Krai,Home,1,No,Website,68,0,0,0,Michelle Brooks
C0371,Individual,Ryan,Moore,1970-03-15,M,Belgium,Wallonia,Investment,3,No,Agency,55,0,1,0,Ryan Moore
C0372,Individual,Teresa,Nelson,1952-04-22,F,Belgium,Flanders,Investment,1,No,Agency,73,0,1,0,Teresa Nelson
C0373,Individual,Karen,Morales,1993-01-27,F,USA,Georgia,Home,2,No,Agency,32,0,0,0,Karen Morales
C0374,Individual,Madison,Hughes,1993-11-07,F,Australia,New South Wales,Investment,4,Yes,Agency,32,1,1,0,Madison Hughes
C0375,Individual,Kyle,Thompson,1968-07-15,M,USA,California,Investment,4,No,Website,57,0,1,0,Kyle Thompson
C0376,Individual,Shirley,Smith,1953-04-19,F,USA,California,Home,3,No,Website,72,0,0,0,Shirley Smith
C0377,Individual,Charles,Patterson,1998-05-14,M,USA,Washington,Home,4,No,Website,27,0,0,0,Charles Patterson
C0378,Individual,Heather,Anderson,1957-11-28,F,USA,California,Investment,3,Yes,Website,68,1,1,0,Heather Anderson
C0379,Company,Optima,Co,1977-04-22,M,USA,California,Investment,2,Yes,Client,48,1,1,1,Optima Co
C0380,Individual,Evelyn,Chavez,1973-09-13,F,USA,California,Home,3,Yes,Website,52,1,0,0,Evelyn Chavez
C0381,Individual,David,Gray,1961-01-08,M,USA,California,Home,5,Yes,Agency,64,1,0,0,David Gray
C0382,Individual,Nicholas,Garcia,1975-08-08,M,USA,California,Investment,1,Yes,Agency,50,1,1,0,Nicholas Garcia
C0383,Company,Novex,Co,1985-11-09,F,Mexico,Mexico City,Investment,3,No,Agency,40,0,1,1,Novex Co
C0384,Individual,Amy,Stewart,1944-03-22,F,USA,California,Home,3,Yes,Website,81,1,0,0,Amy Stewart
C0385,Individual,Douglas,Owens,1969-01-12,M,UK,Northern Ireland,Investment,4,No,Website,56,0,1,0,Douglas Owens
C0386,Individual,Carol,Stewart,1976-03-25,F,USA,Colorado,Home,2,No,Client,49,0,0,0,Carol Stewart
C0387,Individual,Jessica,Owens,1974-07-18,F,USA,California,Home,2,Yes,Website,51,1,0,0,Jessica Owens
C0388,Individual,Zachary,Cox,1995-09-24,M,USA,California,Home,4,No,Agency,30,0,0,0,Zachary Cox
C0389,Individual,Ronald,Stone,1954-11-18,M,USA,Colorado,Home,3,No,Website,71,0,0,0,Ronald Stone
C0390,Individual,Steven,Griffin,1942-04-23,M,Canada,Quebec,Investment,2,No,Website,83,0,1,0,Steven Griffin
C0391,Individual,Heather,Long,1966-11-12,F,USA,California,Home,5,No,Agency,59,0,0,0,Heather Long
C0392,Individual,Katherine,Adams,1977-06-14,F,USA,Arizona,Home,2,Yes,Website,48,1,0,0,Katherine Adams
C0393,Individual,Nicole,Allen,1988-06-08,F,USA,Arizona,Home,4,No,Agency,37,0,0,0,Nicole Allen
C0394,Individual,Shirley,Foster,1954-11-24,F,USA,Colorado,Home,3,Yes,Website,71,1,0,0,Shirley Foster
C0395,Individual,Deborah,Chavez,1959-01-17,F,USA,Florida,Home,1,No,Website,66,0,0,0,Deborah Chavez
C0396,Individual,Charles,Allen,2000-04-17,M,USA,Nevada,Home,5,No,Agency,25,0,0,0,Charles Allen
C0397,Individual,Hannah,Williams,2000-09-18,F,USA,California,Home,5,No,Website,25,0,0,0,Hannah Williams
C0398,Individual,Jennifer,Alexander,1948-12-22,F,USA,Texas,Home,1,Yes,Agency,77,1,0,0,Jennifer Alexander
C0399,Individual,Albert,Kim,1984-06-09,M,USA,California,Home,4,No,Agency,41,0,0,0,Albert Kim
C0400,Individual,Brandon,Anderson,1959-11-25,M,USA,California,Home,4,No,Agency,66,0,0,0,Brandon Anderson
C0401,Individual,Brian,Anderson,1969-07-21,M,USA,Arizona,Home,5,Yes,Website,56,1,0,0,Brian Anderson
C0402,Individual,Brenda,Garcia,1941-02-22,F,USA,Georgia,Home,5,No,Website,84,0,0,0,Brenda Garcia
C0403,Individual,Jennifer,Adams,1963-03-25,F,Australia,New South Wales,Home,1,No,Website,62,0,0,0,Jennifer Adams
C0404,Individual,Sara,Cook,1976-12-05,F,France,Normandy,Investment,1,No,Client,49,0,1,0,Sara Cook
C0405,Company,Horizon,Co,1969-12-25,M,USA,Colorado,Home,1,No,Agency,56,0,0,1,Horizon Co
C0406,Individual,Christine,Brown,1960-05-26,F,USA,Colorado,Home,3,No,Website,65,0,0,0,Christine Brown
C0407,Individual,Lisa,Freeman,1982-04-23,F,USA,California,Home,2,No,Client,43,0,0,0,Lisa Freeman
C0408,Individual,Tyler,Rogers,1977-02-03,M,USA,California,Home,3,No,Website,48,0,0,0,Tyler Rogers
C0409,Individual,Timothy,Reyes,1972-09-18,M,USA,Nevada,Home,1,Yes,Website,53,1,0,0,Timothy Reyes
C0410,Individual,Diane,Johnson,1982-07-13,F,Russia,Saint Petersburg,Home,5,Yes,Agency,43,1,0,0,Diane Johnson
C0411,Individual,Amanda,Moore,1983-05-09,F,USA,California,Home,2,No,Website,42,0,0,0,Amanda Moore
C0412,Individual,Karen,Richardson,1984-04-24,F,UK,Scotland,Home,5,No,Website,41,0,0,0,Karen Richardson
C0413,Individual,Brandon,Smith,1940-07-11,M,Canada,British Columbia,Home,3,No,Website,85,0,0,0,Brandon Smith
C0414,Individual,Brandon,Reed,1962-12-07,M,USA,California,Home,4,No,Website,63,0,0,0,Brandon Reed
C0415,Individual,Grace,Turner,1980-07-09,F,USA,Nevada,Home,5,Yes,Agency,45,1,0,0,Grace Turner
C0416,Company,Bravada,Co,1981-07-28,M,Germany,North Rhine-Westphalia,Investment,5,Yes,Client,44,1,1,1,Bravada Co
C0417,Individual,Peter,Collins,1947-12-03,M,USA,Utah,Home,2,No,Website,78,0,0,0,Peter Collins
C0418,Individual,Douglas,Howard,1996-08-20,M,USA,Arizona,Home,5,No,Agency,29,0,0,0,Douglas Howard
C0419,Individual,Jack,Hansen,1962-11-03,M,USA,Washington,Home,3,Yes,Agency,63,1,0,0,Jack Hansen
C0420,Individual,Debra,Reyes,1994-01-04,F,USA,California,Home,5,No,Agency,31,0,0,0,Debra Reyes
C0421,Individual,Zachary,Cox,1975-08-25,M,Germany,Hesse,Investment,5,Yes,Website,50,1,1,0,Zachary Cox
C0422,Company,Telnox,Co,1973-11-13,F,USA,California,Home,1,Yes,Client,52,1,0,1,Telnox Co
C0423,Individual,Rachel,Sanders,1950-04-17,F,USA,California,Home,1,No,Client,75,0,0,0,Rachel Sanders
C0424,Individual,Sarah,Stewart,1998-12-04,F,USA,Florida,Home,1,No,Website,27,0,0,0,Sarah Stewart
C0425,Individual,Gerald,Wright,1965-03-11,M,USA,Nevada,Home,2,No,Agency,60,0,0,0,Gerald Wright
C0426,Individual,Julie,Brown,1953-10-07,F,USA,Oregon,Home,4,Yes,Client,72,1,0,0,Julie Brown
C0427,Individual,Sarah,Peterson,1994-09-06,F,USA,California,Home,4,Yes,Website,31,1,0,0,Sarah Peterson
C0428,Individual,Gloria,Rogers,1962-07-20,F,USA,Oregon,Home,3,No,Agency,63,0,0,0,Gloria Rogers
C0429,Individual,Danielle,Stone,1995-11-05,F,USA,California,Home,3,Yes,Website,30,1,0,0,Danielle Stone
C0430,Individual,Roger,Wood,1974-10-05,M,USA,Nevada,Home,2,No,Agency,51,0,0,0,Roger Wood
C0431,Individual,Austin,King,1969-05-05,M,USA,California,Home,5,Yes,Website,56,1,0,0,Austin King
C0432,Company,Grandis,Co,1995-02-17,M,USA,California,Home,5,No,Agency,30,0,0,1,Grandis Co
C0433,Individual,Ruth,Hughes,1969-03-03,F,USA,California,Investment,2,Yes,Website,56,1,1,0,Ruth Hughes
C0434,Individual,Amanda,Sanders,1964-12-25,F,Russia,Tatarstan,Home,5,No,Website,61,0,0,0,Amanda Sanders
C0435,Individual,Sara,Richardson,1966-01-25,F,Australia,New South Wales,Home,5,Yes,Website,59,1,0,0,Sara Richardson
C0436,Individual,Brandon,Jones,1972-05-12,M,USA,Colorado,Home,2,Yes,Client,53,1,0,0,Brandon Jones
C0437,Individual,Danielle,James,1990-10-05,F,USA,Texas,Home,1,No,Website,35,0,0,0,Danielle James
C0438,Individual,Gregory,Collins,1982-10-09,M,USA,Georgia,Investment,1,Yes,Client,43,1,1,0,Gregory Collins
C0439,Individual,Larry,Thompson,1956-03-08,M,USA,Virginia,Home,2,No,Agency,69,0,0,0,Larry Thompson
C0440,Individual,Lawrence,Parker,1960-07-13,M,USA,California,Investment,1,No,Agency,65,0,1,0,Lawrence Parker
C0441,Individual,Joan,Foster,1980-10-01,F,Russia,Krasnodar Krai,Investment,1,No,Agency,45,0,1,0,Joan Foster
C0442,Individual,Sarah,Hansen,1975-04-14,F,USA,Colorado,Home,3,Yes,Website,50,1,0,0,Sarah Hansen
C0443,Individual,Noah,Foster,1950-06-22,M,Denmark,Capital Region,Home,1,Yes,Agency,75,1,0,0,Noah Foster
C0444,Individual,Jennifer,Martin,1941-03-15,F,USA,California,Home,2,No,Website,84,0,0,0,Jennifer Martin
C0445,Individual,Michelle,Evans,1995-11-12,F,USA,California,Home,2,Yes,Website,30,1,0,0,Michelle Evans
C0446,Individual,Douglas,Thomas,1955-02-01,M,USA,Colorado,Home,2,No,Website,70,0,0,0,Douglas Thomas
C0447,Individual,Patricia,Johnson,1956-06-27,F,USA,New York,Home,2,No,Website,69,0,0,0,Patricia Johnson
C0448,Individual,Mark,White,1980-06-10,M,USA,Nevada,Investment,2,No,Agency,45,0,1,0,Mark White
C0449,Individual,Jordan,King,1972-06-24,M,USA,Oregon,Investment,2,No,Agency,53,0,1,0,Jordan King
C0450,Individual,Matthew,Jackson,1992-02-19,M,Mexico,Nuevo Leon,Home,3,No,Website,33,0,0,0,Matthew Jackson
C0451,Individual,Larry,Anderson,1985-09-20,M,Canada,Alberta,Investment,5,Yes,Client,40,1,1,0,Larry Anderson
C0452,Individual,Brandon,Adams,1967-10-17,M,USA,Washington,Home,3,No,Website,58,0,0,0,Brandon Adams
C0453,Individual,Carl,Wood,1993-04-16,M,UK,Scotland,Investment,1,No,Website,32,0,1,0,Carl Wood
C0454,Company,Altira,Co,1961-04-01,F,USA,Nevada,Investment,4,No,Agency,64,0,1,1,Altira Co
C0455,Individual,Karen,Williams,1963-02-01,F,USA,California,Home,1,No,Agency,62,0,0,0,Karen Williams
C0456,Individual,Virginia,Brooks,1995-11-18,F,USA,Oregon,Home,3,Yes,Website,30,1,0,0,Virginia Brooks
C0457,Individual,Kenneth,Hansen,1980-07-19,M,UK,Wales,Investment,1,No,Agency,45,0,1,0,Kenneth Hansen
C0458,Individual,Thomas,Turner,1995-07-04,M,USA,Oregon,Investment,1,No,Agency,30,0,1,0,Thomas Turner
C0459,Individual,Steven,Johnson,1955-03-23,M,USA,California,Home,3,No,Agency,70,0,0,0,Steven Johnson
C0460,Individual,Amanda,Cox,1992-12-25,F,USA,Virginia,Home,1,No,Website,33,0,0,0,Amanda Cox
C0461,Individual,Jonathan,Peterson,1960-02-16,M,USA,Arizona,Home,1,No,Agency,65,0,0,0,Jonathan Peterson
C0462,Individual,Eric,White,1943-10-22,M,Australia,Victoria,Home,2,No,Agency,82,0,0,0,Eric White
C0463,Individual,Nicholas,Garcia,1970-06-13,M,USA,California,Home,5,No,Client,55,0,0,0,Nicholas Garcia
C0464,Individual,Gregory,Turner,1974-12-11,M,USA,Florida,Home,5,No,Website,51,0,0,0,Gregory Turner
C0465,Individual,George,Carter,1949-09-02,M,USA,California,Home,3,No,Website,76,0,0,0,George Carter
C0466,Individual,Patricia,Cox,1988-05-19,F,USA,Virginia,Investment,2,No,Website,37,0,1,0,Patricia Cox
C0467,Individual,Rebecca,Chavez,1952-04-05,F,USA,Ohio,Home,1,Yes,Agency,73,1,0,0,Rebecca Chavez
C0468,Individual,Raymond,Smith,1952-11-13,M,Mexico,Jalisco,Investment,3,Yes,Website,73,1,1,0,Raymond Smith
C0469,Individual,Adam,Foster,1997-03-23,M,USA,California,Home,2,No,Website,28,0,0,0,Adam Foster
C0470,Individual,Joan,Anderson,1963-02-17,F,USA,Oregon,Home,1,No,Agency,62,0,0,0,Joan Anderson
C0471,Individual,Gary,Collins,1984-06-26,M,USA,Utah,Investment,3,No,Agency,41,0,1,0,Gary Collins
C0472,Individual,Edward,Moore,1951-10-04,M,USA,California,Home,4,No,Website,74,0,0,0,Edward Moore
C0473,Individual,Sharon,Price,1981-08-09,F,USA,California,Home,3,No,Agency,44,0,0,0,Sharon Price
C0474,Individual,Gregory,Young,1995-12-08,M,USA,Nevada,Home,1,No,Website,30,0,0,0,Gregory Young
C0475,Individual,William,Brooks,1946-08-18,M,Belgium,Wallonia,Investment,2,Yes,Agency,79,1,1,0,William Brooks
C0476,Individual,Steven,Johnson,1997-04-05,M,USA,Florida,Home,3,No,Agency,28,0,0,0,Steven Johnson
C0477,Individual,Jesse,Stone,1984-02-01,M,USA,California,Investment,4,Yes,Website,41,1,1,0,Jesse Stone
C0478,Individual,Ashley,Garcia,1940-08-02,F,USA,Ohio,Investment,4,No,Website,85,0,1,0,Ashley Garcia
C0479,Individual,Virginia,Wright,1978-04-06,F,USA,California,Home,2,Yes,Agency,47,1,0,0,Virginia Wright
C0480,Individual,Scott,Bryant,1974-09-16,M,USA,California,Home,4,Yes,Website,51,1,0,0,Scott Bryant
C0481,Individual,Sean,Williams,1976-12-12,M,USA,Arizona,Home,3,No,Agency,49,0,0,0,Sean Williams
C0482,Individual,Deborah,Brown,1980-10-08,F,USA,New York,Investment,3,Yes,Agency,45,1,1,0,Deborah Brown
C0483,Individual,Kevin,Jackson,1985-11-08,M,USA,Arizona,Investment,1,No,Website,40,0,1,0,Kevin Jackson
C0484,Individual,Janet,Wright,1989-04-19,F,USA,Texas,Investment,3,No,Website,36,0,1,0,Janet Wright
C0485,Individual,Julia,Morales,1991-10-07,F,USA,Arizona,Home,2,No,Website,34,0,0,0,Julia Morales
C0486,Individual,Billy,Carter,1999-09-16,M,USA,California,Investment,2,Yes,Website,26,1,1,0,Billy Carter
C0487,Individual,Jessica,Williams,1991-10-23,F,USA,Washington,Home,5,No,Website,34,0,0,0,Jessica Williams
C0488,Individual,Megan,Jackson,1979-05-11,F,USA,California,Investment,4,No,Agency,46,0,1,0,Megan Jackson
C0489,Individual,Austin,Jordan,1950-06-08,M,Germany,Berlin,Investment,2,No,Website,75,0,1,0,Austin Jordan
C0490,Individual,Emily,Wright,1954-01-23,F,USA,Nevada,Investment,5,Yes,Website,71,1,1,0,Emily Wright
C0491,Individual,Noah,White,1941-08-05,M,USA,Washington,Home,2,No,Website,84,0,0,0,Noah White
C0492,Individual,Raymond,Price,2000-05-07,M,USA,Utah,Home,3,Yes,Website,25,1,0,0,Raymond Price
C0493,Individual,Tyler,Hughes,1954-07-06,M,USA,Colorado,Home,3,No,Website,71,0,0,0,Tyler Hughes
C0494,Individual,Grace,Carter,1990-08-03,F,USA,California,Home,3,Yes,Website,35,1,0,0,Grace Carter
C0495,Individual,Jerry,Hall,1954-02-18,M,USA,California,Investment,5,No,Client,71,0,1,0,Jerry Hall
C0496,Individual,Billy,Reyes,1990-01-04,M,USA,California,Home,4,No,Agency,35,0,0,0,Billy Reyes
C0497,Individual,Emma,Stewart,1985-02-02,F,USA,Arizona,Investment,4,Yes,Website,40,1,1,0,Emma Stewart
C0498,Individual,Nancy,Collins,1948-11-21,F,Canada,Alberta,Home,2,Yes,Website,77,1,0,0,Nancy Collins
C0499,Individual,Lisa,Patterson,1946-02-10,F,USA,Colorado,Home,3,Yes,Agency,79,1,0,0,Lisa Patterson
C0500,Individual,Dennis,Howard,1977-03-15,M,USA,California,Home,4,Yes,Website,48,1,0,0,Dennis Howard
C0501,Individual,Kenneth,Jackson,1995-11-12,M,USA,Nevada,Investment,5,Yes,Agency,30,1,1,0,Kenneth Jackson
C0502,Individual,Madison,Gray,1966-11-28,F,USA,Arizona,Home,4,No,Website,59,0,0,0,Madison Gray
C0503,Individual,Keith,Peterson,1943-09-26,M,USA,Utah,Investment,2,Yes,Client,82,1,1,0,Keith Peterson
C0504,Individual,Jeffrey,Green,1992-01-14,M,USA,Utah,Home,2,No,Website,33,0,0,0,Jeffrey Green
C0505,Individual,Katherine,Wilson,1995-07-18,F,USA,Arizona,Home,3,No,Agency,30,0,0,0,Katherine Wilson
C0506,Individual,Albert,Stone,1967-07-04,M,USA,California,Home,5,No,Agency,58,0,0,0,Albert Stone
C0507,Individual,Mark,Morales,1951-02-26,M,USA,New York,Home,3,No,Website,74,0,0,0,Mark Morales
C0508,Individual,Grace,Weaver,1970-01-06,F,USA,Nevada,Home,5,No,Agency,55,0,0,0,Grace Weaver
C0509,Individual,Aaron,Cook,1956-04-02,M,Belgium,Wallonia,Home,3,No,Website,69,0,0,0,Aaron Cook
C0510,Individual,Samantha,Evans,1947-08-28,F,France,Brittany,Investment,1,Yes,Website,78,1,1,0,Samantha Evans
C0511,Individual,Christine,Parker,1954-07-20,F,UK,England,Home,2,No,Website,71,0,0,0,Christine Parker
C0512,Individual,Hannah,Flores,1945-06-27,F,USA,Arizona,Home,1,No,Client,80,0,0,0,Hannah Flores
C0513,Individual,Christian,Morales,1999-03-07,M,USA,Florida,Home,2,Yes,Agency,26,1,0,0,Christian Morales
C0514,Individual,Rebecca,Evans,1977-08-17,F,USA,Oregon,Home,1,Yes,Website,48,1,0,0,Rebecca Evans
C0515,Individual,Melissa,Patterson,1963-09-12,F,USA,California,Home,1,Yes,Website,62,1,0,0,Melissa Patterson
C0516,Individual,Lawrence,Nelson,1946-04-21,M,USA,Utah,Home,3,No,Website,79,0,0,0,Lawrence Nelson
C0517,Individual,Harold,Thompson,1959-03-20,M,USA,California,Home,5,No,Client,66,0,0,0,Harold Thompson
C0518,Company,Lumina,Co,1962-05-22,F,USA,New York,Home,3,No,Website,63,0,0,1,Lumina Co
C0519,Individual,Madison,Freeman,1975-10-04,F,USA,Arizona,Investment,3,No,Agency,50,0,1,0,Madison Freeman
C0520,Individual,Helen,White,1970-02-11,F,USA,Oregon,Home,3,Yes,Agency,55,1,0,0,Helen White
C0521,Individual,Stephanie,Allen,1967-04-02,F,Canada,British Columbia,Home,3,No,Website,58,0,0,0,Stephanie Allen
C0522,Individual,Nicole,Campbell,1942-07-13,F,USA,Virginia,Home,5,No,Agency,83,0,0,0,Nicole Campbell
C0523,Individual,Cynthia,Hansen,1960-08-22,F,USA,Colorado,Home,2,No,Agency,65,0,0,0,Cynthia Hansen
C0524,Individual,Harold,Thompson,1953-05-24,M,USA,Washington,Home,3,No,Website,72,0,0,0,Harold Thompson
C0525,Individual,Frank,Gray,1950-06-12,M,USA,Arizona,Home,4,Yes,Agency,75,1,0,0,Frank Gray
C0526,Individual,Harold,Green,1968-02-28,M,Germany,Bavaria,Home,5,No,Website,57,0,0,0,Harold Green
C0527,Individual,Andrew,Baker,1979-07-19,M,USA,California,Home,2,No,Website,46,0,0,0,Andrew Baker
C0528,Individual,Benjamin,Davis,2000-08-09,M,USA,Washington,Investment,2,No,Client,25,0,1,0,Benjamin Davis
C0529,Individual,Paul,Jordan,1973-11-14,M,USA,Nevada,Home,4,Yes,Website,52,1,0,0,Paul Jordan
C0530,Individual,Patricia,Reed,1952-09-07,F,USA,Utah,Home,2,Yes,Agency,73,1,0,0,Patricia Reed
C0531,Individual,Emily,White,1976-09-19,F,USA,California,Home,1,No,Website,49,0,0,0,Emily White
C0532,Individual,Lauren,Moore,1979-08-12,F,Belgium,Flanders,Home,2,No,Website,46,0,0,0,Lauren Moore
C0533,Individual,Jeffrey,Williams,1963-09-06,M,USA,Nevada,Investment,1,No,Agency,62,0,1,0,Jeffrey Williams
C0534,Individual,Bryan,Miller,1958-02-21,M,USA,California,Investment,1,No,Agency,67,0,1,0,Bryan Miller
C0535,Individual,Judith,Allen,1987-12-22,F,UK,Wales,Home,3,No,Agency,38,0,0,0,Judith Allen
C0536,Individual,Brittany,Weaver,1956-03-14,F,USA,Arizona,Investment,5,Yes,Website,69,1,1,0,Brittany Weaver
C0537,Individual,Carl,Baker,1962-04-25,M,USA,Florida,Home,2,No,Client,63,0,0,0,Carl Baker
C0538,Individual,Richard,Pierce,1969-04-23,M,USA,California,Home,1,Yes,Agency,56,1,0,0,Richard Pierce
C0539,Individual,Lawrence,Bryant,1991-02-25,M,USA,California,Investment,1,Yes,Agency,34,1,1,0,Lawrence Bryant
C0540,Individual,Anna,Long,1997-02-27,F,USA,New York,Home,3,No,Agency,28,0,0,0,Anna Long
C0541,Individual,Anthony,Garcia,2000-03-22,M,UK,Northern Ireland,Home,3,No,Agency,25,0,0,0,Anthony Garcia
C0542,Company,Lumina,Co,1985-09-26,M,Mexico,Mexico City,Home,3,No,Website,40,0,0,1,Lumina Co
C0543,Individual,Joan,Parker,1947-07-23,F,USA,Texas,Home,2,Yes,Website,78,1,0,0,Joan Parker
C0544,Individual,Kevin,White,1974-10-16,M,USA,Utah,Home,2,No,Website,51,0,0,0,Kevin White
C0545,Individual,Paul,Griffin,1942-08-04,M,USA,Colorado,Home,1,Yes,Agency,83,1,0,0,Paul Griffin
C0546,Individual,Samuel,Flores,1967-12-23,M,Canada,Manitoba,Home,4,No,Client,58,0,0,0,Samuel Flores
C0547,Individual,Diane,Allen,1947-09-20,F,USA,California,Investment,2,No,Agency,78,0,1,0,Diane Allen
C0548,Individual,Christopher,Foster,1980-04-11,M,USA,California,Home,2,No,Agency,45,0,0,0,Christopher Foster
C0549,Individual,Daniel,Sanders,1972-10-15,M,USA,Florida,Home,4,No,Website,53,0,0,0,Daniel Sanders
C0550,Company,Vertex,Co,1967-04-09,F,USA,Nevada,Home,1,No,Agency,58,0,0,1,Vertex Co
C0551,Individual,Billy,Freeman,1960-05-17,M,USA,California,Investment,4,No,Website,65,0,1,0,Billy Freeman
C0552,Individual,Kyle,Cook,1965-10-20,M,USA,Virginia,Investment,3,No,Agency,60,0,1,0,Kyle Cook
C0553,Individual,James,Bell,1978-11-26,M,USA,Arizona,Home,3,No,Website,47,0,0,0,James Bell
C0554,Individual,Carl,Moore,1948-12-24,M,Australia,Victoria,Home,1,Yes,Agency,77,1,0,0,Carl Moore
C0555,Individual,Aaron,Nelson,1971-04-23,M,USA,California,Investment,4,Yes,Agency,54,1,1,0,Aaron Nelson
C0556,Individual,Zachary,Sanders,1958-10-17,M,USA,Colorado,Home,5,No,Website,67,0,0,0,Zachary Sanders
C0557,Individual,Judy,Griffin,1941-09-25,F,USA,Utah,Investment,2,No,Website,84,0,1,0,Judy Griffin
C0558,Individual,Cheryl,Wood,1974-10-23,F,Denmark,North Denmark,Home,3,No,Website,51,0,0,0,Cheryl Wood
C0559,Company,Corvus,Co,1969-08-18,M,USA,California,Home,5,No,Client,56,0,0,1,Corvus Co
C0560,Individual,Janice,Nelson,1988-04-20,F,Australia,South Australia,Home,3,No,Website,37,0,0,0,Janice Nelson
C0561,Company,Bravada,Co,1962-11-20,F,USA,Arizona,Investment,3,No,Website,63,0,1,1,Bravada Co
C0562,Individual,Judy,Peterson,1940-11-23,F,USA,Utah,Investment,5,Yes,Website,85,1,1,0,Judy Peterson
C0563,Individual,William,Howard,1991-01-22,M,USA,California,Home,2,Yes,Agency,34,1,0,0,William Howard
C0564,Individual,Scott,Adams,1952-09-02,M,USA,Texas,Home,1,No,Agency,73,0,0,0,Scott Adams
C0565,Individual,Austin,Wood,1985-09-26,M,France,Brittany,Home,1,No,Website,40,0,0,0,Austin Wood
C0566,Individual,Janice,Miller,2000-12-09,F,USA,Oregon,Investment,4,Yes,Agency,25,1,1,0,Janice Miller
C0567,Individual,Megan,Chavez,1953-10-07,F,Russia,Saint Petersburg,Investment,2,Yes,Agency,72,1,1,0,Megan Chavez
C0568,Individual,Timothy,Wright,1953-09-04,M,USA,California,Home,3,No,Website,72,0,0,0,Timothy Wright
C0569,Individual,Mary,Cook,1971-12-05,F,USA,California,Home,5,Yes,Client,54,1,0,0,Mary Cook
C0570,Individual,Hannah,Peterson,1965-06-03,F,France,Occitanie,Home,5,Yes,Website,60,1,0,0,Hannah Peterson
C0571,Individual,Adam,Chavez,1966-07-03,M,USA,California,Home,3,No,Website,59,0,0,0,Adam Chavez
C0572,Individual,Ann,Johnson,1993-11-12,F,USA,California,Investment,5,No,Website,32,0,1,0,Ann Johnson
C0573,Company,Altira,Co,1977-04-24,M,USA,Georgia,Home,4,Yes,Agency,48,1,0,1,Altira Co
C0574,Individual,Gerald,Cox,1968-09-15,M,USA,California,Home,2,No,Agency,57,0,0,0,Gerald Cox
C0575,Individual,Brian,Hansen,1966-01-21,M,USA,California,Investment,2,No,Website,59,0,1,0,Brian Hansen
C0576,Individual,Terry,Reyes,1959-02-24,M,Germany,Hamburg,Home,1,No,Client,66,0,0,0,Terry Reyes
C0577,Individual,Christopher,Miller,1989-05-18,M,USA,Arizona,Home,3,No,Website,36,0,0,0,Christopher Miller
C0578,Individual,Lauren,Rogers,1999-07-22,F,USA,Arizona,Home,5,Yes,Client,26,1,0,0,Lauren Rogers
C0579,Individual,Christopher,Ward,1941-09-04,M,USA,Texas,Investment,3,No,Website,84,0,1,0,Christopher Ward
C0580,Individual,Heather,Watson,1948-11-01,F,USA,California,Home,2,Yes,Client,77,1,0,0,Heather Watson
C0581,Individual,Kimberly,Stewart,1957-12-21,F,USA,California,Investment,5,Yes,Website,68,1,1,0,Kimberly Stewart
C0582,Individual,Teresa,Pierce,1940-02-10,F,USA,Washington,Investment,3,Yes,Website,85,1,1,0,Teresa Pierce
C0583,Individual,Kevin,Scott,1986-10-27,M,USA,California,Home,2,No,Agency,39,0,0,0,Kevin Scott
C0584,Individual,Janice,Taylor,1982-11-03,F,USA,California,Home,5,No,Website,43,0,0,0,Janice Taylor
C0585,Individual,Anthony,Edwards,1961-02-07,M,USA,Colorado,Home,3,No,Agency,64,0,0,0,Anthony Edwards
C0586,Individual,Noah,Morales,1977-06-14,M,USA,California,Home,2,Yes,Client,48,1,0,0,Noah Morales
C0587,Individual,Pamela,Richardson,1992-11-24,F,USA,New York,Home,4,No,Website,33,0,0,0,Pamela Richardson
C0588,Individual,Janice,White,1989-11-20,F,USA,Florida,Home,2,No,Website,36,0,0,0,Janice White
C0589,Individual,Christopher,Williams,1946-09-21,M,USA,Texas,Investment,5,No,Client,79,0,1,0,Christopher Williams
C0590,Individual,Arthur,Campbell,1966-09-16,M,UK,Scotland,Investment,2,No,Website,59,0,1,0,Arthur Campbell
C0591,Individual,Dorothy,Long,1968-09-03,F,USA,Nevada,Home,1,No,Website,57,0,0,0,Dorothy Long
C0592,Individual,Roger,Moore,1972-03-06,M,USA,Arizona,Investment,2,No,Client,53,0,1,0,Roger Moore
C0593,Individual,Elizabeth,Carter,1952-08-08,F,USA,California,Home,2,Yes,Agency,73,1,0,0,Elizabeth Carter
C0594,Individual,Diane,Patterson,1942-08-02,F,USA,Utah,Home,1,No,Agency,83,0,0,0,Diane Patterson
C0595,Individual,Anna,Murray,1966-10-06,F,USA,Utah,Home,3,No,Agency,59,0,0,0,Anna Murray
C0596,Individual,Gerald,Phillips,1976-04-17,M,USA,Nevada,Home,4,No,Agency,49,0,0,0,Gerald Phillips
C0597,Individual,Peter,King,1986-02-17,M,UK,Northern Ireland,Home,2,Yes,Website,39,1,0,0,Peter King
C0598,Individual,Jacob,Gray,1949-06-24,M,USA,Colorado,Investment,4,No,Website,76,0,1,0,Jacob Gray
C0599,Individual,Jennifer,Turner,1998-03-19,F,Canada,Alberta,Home,2,No,Agency,27,0,0,0,Jennifer Turner
C0600,Individual,Thomas,King,1984-03-17,M,USA,Oregon,Investment,1,No,Client,41,0,1,0,Thomas King
C0601,Individual,Lisa,Nelson,1972-10-16,F,USA,California,Home,4,No,Website,53,0,0,0,Lisa Nelson
C0602,Individual,Albert,Hayes,1984-03-24,M,Germany,Bavaria,Home,4,No,Agency,41,0,0,0,Albert Hayes
C0603,Individual,Diane,Thompson,1994-01-07,F,USA,New York,Home,4,Yes,Agency,31,1,0,0,Diane Thompson
C0604,Individual,Danielle,Montgomery,1998-09-17,F,Belgium,Wallonia,Home,1,No,Agency,27,0,0,0,Danielle Montgomery
C0605,Individual,Nathan,Flores,1974-06-28,M,USA,Utah,Home,4,Yes,Agency,51,1,0,0,Nathan Flores
C0606,Individual,Carolyn,Stone,1949-12-25,F,France,Ile-de-France,Investment,1,No,Website,76,0,1,0,Carolyn Stone
C0607,Individual,Daniel,Edwards,1962-09-14,M,USA,California,Home,1,No,Agency,63,0,0,0,Daniel Edwards
C0608,Individual,Jerry,Adams,1956-06-14,M,USA,California,Home,4,No,Agency,69,0,0,0,Jerry Adams
C0609,Individual,Julia,Richardson,1961-05-22,F,USA,Washington,Home,4,No,Agency,64,0,0,0,Julia Richardson
C0610,Individual,Ann,Owens,1970-05-10,F,USA,California,Investment,4,No,Website,55,0,1,0,Ann Owens
C0611,Individual,Jacob,Price,1950-12-06,M,USA,California,Home,4,No,Agency,75,0,0,0,Jacob Price
C0612,Individual,Kevin,Wood,1960-01-26,M,USA,Florida,Home,4,No,Agency,65,0,0,0,Kevin Wood
C0613,Individual,Cynthia,Cox,1995-10-02,F,Australia,Victoria,Home,4,No,Agency,30,0,0,0,Cynthia Cox
C0614,Individual,George,Bryant,1972-01-07,M,UK,Wales,Home,3,Yes,Website,53,1,0,0,George Bryant
C0615,Individual,Jordan,King,1957-01-12,M,USA,Utah,Home,2,Yes,Website,68,1,0,0,Jordan King
C0616,Individual,Julie,Brooks,1963-04-17,F,USA,Virginia,Investment,1,Yes,Agency,62,1,1,0,Julie Brooks
C0617,Individual,Carolyn,Evans,1986-10-07,F,USA,Ohio,Home,5,Yes,Website,39,1,0,0,Carolyn Evans
C0618,Individual,Austin,Taylor,1968-05-11,M,USA,Texas,Home,3,No,Agency,57,0,0,0,Austin Taylor
C0619,Individual,Heather,Morales,1970-04-25,F,USA,Washington,Home,4,No,Website,55,0,0,0,Heather Morales
C0620,Individual,Sarah,Howard,1960-04-22,F,France,Brittany,Home,3,No,Website,65,0,0,0,Sarah Howard
C0621,Individual,Jonathan,Turner,1982-02-13,M,Germany,Bavaria,Investment,3,Yes,Agency,43,1,1,0,Jonathan Turner
C0622,Individual,Katherine,Ward,1987-10-09,F,USA,Washington,Investment,2,No,Client,38,0,1,0,Katherine Ward
C0623,Individual,Jonathan,Adams,1986-04-27,M,USA,Florida,Investment,3,Yes,Client,39,1,1,0,Jonathan Adams
C0624,Individual,Carl,Jordan,2000-09-02,M,USA,Nevada,Investment,3,No,Agency,25,0,1,0,Carl Jordan
C0625,Individual,Deborah,Hayes,1983-07-08,F,Belgium,Flanders,Investment,2,Yes,Agency,42,1,1,0,Deborah Hayes
C0626,Individual,Sara,Jones,1968-06-13,F,Germany,Hamburg,Investment,2,No,Website,57,0,1,0,Sara Jones
C0627,Individual,Katherine,Johnson,2000-11-07,F,USA,Arizona,Home,3,No,Agency,25,0,0,0,Katherine Johnson
C0628,Individual,Arthur,Campbell,1985-05-16,M,Canada,British Columbia,Home,3,Yes,Agency,40,1,0,0,Arthur Campbell
C0629,Individual,Maria,Richardson,1946-07-09,F,USA,California,Investment,2,No,Agency,79,0,1,0,Maria Richardson
C0630,Individual,Stephen,Roberts,1965-07-28,M,USA,California,Home,2,No,Website,60,0,0,0,Stephen Roberts
C0631,Individual,Dorothy,Flores,1966-12-11,F,USA,California,Home,5,No,Website,59,0,0,0,Dorothy Flores
C0632,Individual,Thomas,Nelson,1948-05-16,M,UK,Northern Ireland,Home,4,No,Website,77,0,0,0,Thomas Nelson
C0633,Individual,Ann,Owens,1941-05-12,F,USA,Nevada,Home,3,No,Agency,84,0,0,0,Ann Owens
C0634,Individual,Justin,Ward,1980-11-17,M,USA,Washington,Investment,4,Yes,Website,45,1,1,0,Justin Ward
C0635,Individual,Kimberly,King,1960-06-14,F,UK,Scotland,Investment,5,No,Website,65,0,1,0,Kimberly King
C0636,Individual,Kathleen,Rogers,1980-11-10,F,France,Brittany,Home,5,No,Website,45,0,0,0,Kathleen Rogers
C0637,Individual,Catherine,Stone,1967-08-14,F,USA,California,Home,2,No,Website,58,0,0,0,Catherine Stone
C0638,Individual,Jason,King,1975-02-04,M,USA,Ohio,Home,5,Yes,Website,50,1,0,0,Jason King
C0639,Individual,Mark,Campbell,1961-03-03,M,UK,Scotland,Home,3,Yes,Website,64,1,0,0,Mark Campbell
C0640,Individual,Emily,Thompson,1967-03-01,F,USA,Utah,Home,3,No,Agency,58,0,0,0,Emily Thompson
C0641,Company,Zynex,Co,1994-02-26,M,USA,Arizona,Home,2,No,Agency,31,0,0,1,Zynex Co
C0642,Individual,Julia,Reyes,1967-11-21,F,USA,California,Home,4,No,Website,58,0,0,0,Julia Reyes
C0643,Individual,Samantha,Richardson,1974-05-05,F,USA,California,Home,5,No,Website,51,0,0,0,Samantha Richardson
C0644,Individual,Teresa,Johnson,1956-08-25,F,USA,California,Home,4,Yes,Agency,69,1,0,0,Teresa Johnson
C0645,Individual,Arthur,Cox,1988-07-18,M,USA,Nevada,Home,2,No,Client,37,0,0,0,Arthur Cox
C0646,Individual,Cynthia,Campbell,1995-07-21,F,USA,Arizona,Investment,5,No,Agency,30,0,1,0,Cynthia Campbell
C0647,Individual,Victoria,Green,1946-02-06,F,USA,California,Home,4,No,Agency,79,0,0,0,Victoria Green
C0648,Individual,Stephanie,Reed,1999-03-02,F,USA,California,Home,1,Yes,Website,26,1,0,0,Stephanie Reed
C0649,Individual,Patricia,Mitchell,1995-03-01,F,USA,California,Home,4,No,Agency,30,0,0,0,Patricia Mitchell
C0650,Company,Polaris,Co,1976-02-19,M,France,Occitanie,Home,3,Yes,Client,49,1,0,1,Polaris Co
C0651,Company,Horizon,Co,1993-01-14,M,USA,Washington,Home,1,No,Agency,32,0,0,1,Horizon Co
C0652,Individual,Heather,Johnson,1993-12-08,F,USA,Washington,Home,2,No,Website,32,0,0,0,Heather Johnson
C0653,Individual,Gerald,Adams,1970-07-22,M,USA,Ohio,Home,2,No,Client,55,0,0,0,Gerald Adams
C0654,Individual,Eric,Griffin,1960-05-07,M,USA,New York,Home,2,Yes,Website,65,1,0,0,Eric Griffin
C0655,Individual,Patricia,King,1950-05-19,F,USA,Nevada,Home,1,Yes,Agency,75,1,0,0,Patricia King
C0656,Individual,Amber,Allen,1977-02-08,F,USA,Colorado,Home,5,No,Client,48,0,0,0,Amber Allen
C0657,Individual,Alexander,Allen,1956-09-26,M,USA,California,Home,2,No,Agency,69,0,0,0,Alexander Allen
C0658,Individual,Kelly,Green,1999-12-13,F,USA,Virginia,Home,3,Yes,Agency,26,1,0,0,Kelly Green
C0659,Individual,Sara,Foster,1988-10-06,F,USA,California,Home,4,Yes,Agency,37,1,0,0,Sara Foster
C0660,Individual,Charles,Kim,1991-08-10,M,USA,Arizona,Home,4,Yes,Client,34,1,0,0,Charles Kim
C0661,Individual,Deborah,Williams,1961-06-25,F,Canada,Manitoba,Home,3,No,Website,64,0,0,0,Deborah Williams
C0662,Individual,Stephanie,Kim,1957-08-25,F,USA,California,Investment,3,No,Website,68,0,1,0,Stephanie Kim
C0663,Individual,Anthony,Flores,1958-02-02,M,USA,California,Home,2,Yes,Agency,67,1,0,0,Anthony Flores
C0664,Individual,Lawrence,Wood,1958-08-17,M,Canada,Alberta,Investment,5,Yes,Website,67,1,1,0,Lawrence Wood
C0665,Individual,Robert,Adams,1959-08-27,M,USA,Colorado,Investment,1,No,Agency,66,0,1,0,Robert Adams
C0666,Individual,Maria,Davis,1948-10-09,F,USA,California,Investment,1,No,Website,77,0,1,0,Maria Davis
C0667,Individual,Anthony,Mitchell,1966-07-07,M,USA,Arizona,Investment,2,No,Agency,59,0,1,0,Anthony Mitchell
C0668,Individual,Margaret,Peterson,1978-11-15,F,France,Ile-de-France,Investment,4,Yes,Website,47,1,1,0,Margaret Peterson
C0669,Individual,Cheryl,Bell,1958-03-18,F,Canada,British Columbia,Home,3,No,Agency,67,0,0,0,Cheryl Bell
C0670,Company,Altira,Co,1976-06-18,M,USA,Nevada,Investment,4,No,Website,49,0,1,1,Altira Co
C0671,Individual,Jerry,Pierce,1941-12-09,M,USA,Colorado,Home,4,Yes,Client,84,1,0,0,Jerry Pierce
C0672,Individual,Amber,Williams,1967-03-10,F,USA,California,Home,2,No,Website,58,0,0,0,Amber Williams
C0673,Individual,Janice,Hayes,1965-10-19,F,USA,California,Home,4,No,Website,60,0,0,0,Janice Hayes
C0674,Individual,Judy,Turner,1986-05-26,F,USA,California,Investment,4,No,Website,39,0,1,0,Judy Turner
C0675,Individual,Andrea,Wright,1969-12-23,F,USA,Texas,Home,5,No,Website,56,0,0,0,Andrea Wright
C0676,Individual,Lisa,Davis,1942-06-12,F,USA,Nevada,Home,2,No,Agency,83,0,0,0,Lisa Davis
C0677,Individual,Jerry,Miller,1981-09-02,M,USA,Arizona,Investment,2,No,Agency,44,0,1,0,Jerry Miller
C0678,Individual,Joseph,Watson,1972-10-19,M,USA,California,Home,4,Yes,Website,53,1,0,0,Joseph Watson
C0679,Individual,Lisa,Patterson,1964-12-02,F,USA,Nevada,Home,1,No,Agency,61,0,0,0,Lisa Patterson
C0680,Individual,Andrew,Griffin,1965-04-16,M,USA,Utah,Investment,2,No,Agency,60,0,1,0,Andrew Griffin
C0681,Company,Helios,Co,1977-04-25,F,USA,California,Home,3,No,Agency,48,0,0,1,Helios Co
C0682,Individual,Donald,Bennett,1973-06-12,M,USA,California,Home,5,No,Website,52,0,0,0,Donald Bennett
C0683,Individual,Patrick,Jordan,1948-08-20,M,USA,Colorado,Home,2,Yes,Agency,77,1,0,0,Patrick Jordan
C0684,Individual,Donald,Miller,1985-10-05,M,USA,California,Home,1,No,Agency,40,0,0,0,Donald Miller
C0685,Individual,Sharon,Hansen,1987-04-18,F,USA,Washington,Home,5,No,Agency,38,0,0,0,Sharon Hansen
C0686,Individual,Michael,Howard,1963-11-17,M,USA,California,Home,1,Yes,Website,62,1,0,0,Michael Howard
C0687,Individual,Susan,Long,1959-01-03,F,USA,Utah,Home,3,Yes,Website,66,1,0,0,Susan Long
C0688,Individual,Kathleen,Howard,1968-12-04,F,USA,Colorado,Investment,5,Yes,Website,57,1,1,0,Kathleen Howard
C0689,Individual,Ann,Williams,1998-04-17,F,USA,California,Home,4,No,Website,27,0,0,0,Ann Williams
C0690,Individual,Janet,Stewart,1985-09-09,F,USA,Oregon,Home,4,Yes,Agency,40,1,0,0,Janet Stewart
C0691,Individual,Kenneth,Bell,1943-07-22,M,USA,California,Investment,4,No,Agency,82,0,1,0,Kenneth Bell
C0692,Individual,Adam,Roberts,1964-03-14,M,USA,Georgia,Investment,3,No,Agency,61,0,1,0,Adam Roberts
C0693,Individual,Jesse,Chavez,1957-04-28,M,USA,California,Investment,5,Yes,Agency,68,1,1,0,Jesse Chavez
C0694,Company,Sterling,Co,1989-07-13,M,UK,Scotland,Investment,2,No,Website,36,0,1,1,Sterling Co
C0695,Individual,Timothy,Rogers,1947-03-24,M,USA,Washington,Home,4,No,Website,78,0,0,0,Timothy Rogers
C0696,Individual,Carol,Green,1994-03-06,F,USA,Washington,Investment,5,Yes,Agency,31,1,1,0,Carol Green
C0697,Individual,Bryan,Mitchell,1986-11-01,M,USA,California,Investment,4,Yes,Agency,39,1,1,0,Bryan Mitchell
C0698,Individual,Maria,Scott,1946-07-16,F,USA,California,Home,2,Yes,Website,79,1,0,0,Maria Scott
C0699,Individual,Stephen,Bennett,1986-12-22,M,USA,Washington,Home,1,Yes,Agency,39,1,0,0,Stephen Bennett
C0700,Individual,Christine,Sanders,1944-04-14,F,USA,Washington,Home,5,No,Website,81,0,0,0,Christine Sanders
C0701,Individual,Danielle,Peterson,1962-09-17,F,UK,England,Investment,1,No,Website,63,0,1,0,Danielle Peterson
C0702,Individual,Nicholas,Flores,1966-07-24,M,USA,Arizona,Home,5,No,Agency,59,0,0,0,Nicholas Flores
C0703,Company,Elara,Co,1984-05-15,M,USA,Colorado,Home,3,No,Website,41,0,0,1,Elara Co
C0704,Individual,Nicole,Jordan,1942-01-23,F,USA,Georgia,Home,4,No,Agency,83,0,0,0,Nicole Jordan
C0705,Individual,Timothy,Murray,1940-12-18,M,USA,Nevada,Home,3,No,Website,85,0,0,0,Timothy Murray
C0706,Individual,Kyle,Thomas,1984-06-23,M,UK,England,Investment,2,No,Client,41,0,1,0,Kyle Thomas
C0707,Individual,Zachary,Richardson,1995-09-23,M,USA,Virginia,Home,5,Yes,Website,30,1,0,0,Zachary Richardson
C0708,Individual,Brian,Cook,1964-11-28,M,USA,California,Home,2,No,Client,61,0,0,0,Brian Cook
C0709,Individual,Samantha,Price,1982-11-06,F,USA,Georgia,Home,2,Yes,Agency,43,1,0,0,Samantha Price
C0710,Individual,Kyle,Bryant,1946-08-18,M,USA,Oregon,Home,2,Yes,Agency,79,1,0,0,Kyle Bryant
C0711,Individual,Victoria,Hughes,1995-10-20,F,USA,California,Investment,3,No,Agency,30,0,1,0,Victoria Hughes
C0712,Individual,Joseph,Scott,1991-01-21,M,USA,California,Home,1,No,Agency,34,0,0,0,Joseph Scott
C0713,Individual,Debra,Thomas,1997-02-14,F,USA,California,Investment,3,No,Agency,28,0,1,0,Debra Thomas
C0714,Individual,Kyle,Murray,1977-01-03,M,Russia,Saint Petersburg,Home,3,No,Website,48,0,0,0,Kyle Murray
C0715,Individual,Janice,Wilson,1982-08-05,F,USA,Utah,Home,3,No,Website,43,0,0,0,Janice Wilson
C0716,Individual,Jordan,Davis,1994-10-24,M,UK,Northern Ireland,Home,1,No,Client,31,0,0,0,Jordan Davis
C0717,Individual,Virginia,Weaver,1946-06-09,F,USA,Arizona,Investment,3,Yes,Agency,79,1,1,0,Virginia Weaver
C0718,Individual,Martha,Scott,1944-10-08,F,France,Ile-de-France,Home,2,Yes,Website,81,1,0,0,Martha Scott
C0719,Individual,Jason,Jordan,1974-07-02,M,USA,California,Investment,2,Yes,Agency,51,1,1,0,Jason Jordan
C0720,Individual,Shirley,Wilson,1981-05-17,F,USA,California,Investment,1,Yes,Agency,44,1,1,0,Shirley Wilson
C0721,Individual,Julia,Jordan,1999-03-07,F,USA,Florida,Home,4,No,Website,26,0,0,0,Julia Jordan
C0722,Individual,Carol,Sanders,1943-09-11,F,USA,Texas,Home,1,No,Website,82,0,0,0,Carol Sanders
C0723,Individual,Ann,Hansen,1999-04-19,F,Germany,North Rhine-Westphalia,Home,3,Yes,Website,26,1,0,0,Ann Hansen
C0724,Individual,Samuel,Howard,1960-09-27,M,USA,Arizona,Investment,4,Yes,Agency,65,1,1,0,Samuel Howard
C0725,Individual,Katherine,Jones,1983-07-03,F,USA,New York,Home,3,No,Website,42,0,0,0,Katherine Jones
C0726,Individual,Melissa,Harris,1977-01-25,F,USA,Georgia,Home,4,No,Website,48,0,0,0,Melissa Harris
C0727,Individual,Ronald,Bell,1941-08-24,M,USA,California,Investment,3,Yes,Client,84,1,1,0,Ronald Bell
C0728,Individual,Jason,Jones,1971-07-23,M,USA,California,Home,3,Yes,Agency,54,1,0,0,Jason Jones
C0729,Individual,Raymond,Long,1944-01-04,M,USA,Washington,Investment,3,Yes,Agency,81,1,1,0,Raymond Long
C0730,Individual,Gregory,Baker,1988-05-09,M,USA,California,Investment,4,No,Website,37,0,1,0,Gregory Baker
C0731,Individual,Larry,Harris,2000-10-18,M,USA,California,Home,5,No,Agency,25,0,0,0,Larry Harris
C0732,Individual,Justin,Peterson,1985-03-03,M,USA,Oregon,Home,5,No,Website,40,0,0,0,Justin Peterson
C0733,Individual,Susan,White,1976-01-03,F,USA,Nevada,Home,5,No,Agency,49,0,0,0,Susan White
C0734,Individual,Danielle,Ward,1981-06-27,F,USA,Virginia,Investment,5,Yes,Client,44,1,1,0,Danielle Ward
C0735,Individual,Matthew,Long,1994-08-10,M,Germany,Hesse,Investment,4,No,Website,31,0,1,0,Matthew Long
C0736,Individual,Jordan,Campbell,1942-06-13,M,USA,Utah,Investment,3,No,Agency,83,0,1,0,Jordan Campbell
C0737,Individual,Harold,Harris,1978-08-15,M,USA,California,Investment,3,No,Agency,47,0,1,0,Harold Harris
C0738,Individual,Jose,White,1980-09-21,M,USA,Texas,Home,5,No,Website,45,0,0,0,Jose White
C0739,Individual,Albert,Turner,1965-03-16,M,USA,California,Home,2,No,Agency,60,0,0,0,Albert Turner
C0740,Individual,Julia,Bell,1966-12-08,F,USA,Utah,Investment,1,No,Client,59,0,1,0,Julia Bell
C0741,Individual,Sandra,Stone,1962-08-11,F,USA,California,Home,2,No,Website,63,0,0,0,Sandra Stone
C0742,Individual,Bryan,Howard,1980-08-21,M,UK,Wales,Home,1,Yes,Website,45,1,0,0,Bryan Howard
C0743,Individual,Joshua,Allen,1972-09-10,M,USA,Oregon,Investment,4,Yes,Website,53,1,1,0,Joshua Allen
C0744,Individual,Helen,Morales,1950-11-10,F,USA,Virginia,Home,1,No,Website,75,0,0,0,Helen Morales
C0745,Individual,Emily,Collins,1997-06-18,F,USA,California,Investment,5,No,Website,28,0,1,0,Emily Collins
C0746,Individual,Gary,Reyes,1956-10-13,M,UK,Scotland,Home,4,No,Website,69,0,0,0,Gary Reyes
C0747,Individual,George,Patterson,1992-04-18,M,USA,Florida,Home,4,Yes,Website,33,1,0,0,George Patterson
C0748,Company,Vantage,Co,1974-03-05,F,USA,California,Home,1,Yes,Client,51,1,0,1,Vantage Co
C0749,Individual,Dorothy,Anderson,1992-11-26,F,USA,New York,Home,5,No,Agency,33,0,0,0,Dorothy Anderson
C0750,Individual,Janice,Price,1976-06-08,F,USA,Nevada,Investment,1,No,Agency,49,0,1,0,Janice Price
C0751,Individual,Keith,Parker,1974-09-19,M,USA,California,Home,5,No,Client,51,0,0,0,Keith Parker
C0752,Individual,Lisa,Young,1954-12-17,F,Belgium,Brussels,Investment,3,No,Agency,71,0,1,0,Lisa Young
C0753,Individual,Nicholas,Patterson,1960-12-22,M,Germany,Hamburg,Home,5,No,Website,65,0,0,0,Nicholas Patterson
C0754,Individual,Teresa,Johnson,1970-08-17,F,USA,Arizona,Investment,3,No,Website,55,0,1,0,Teresa Johnson
C0755,Company,Celera,Co,1967-12-23,F,USA,California,Home,5,No,Website,58,0,0,1,Celera Co
C0756,Individual,Jessica,Patterson,1963-03-19,F,USA,Utah,Home,5,Yes,Website,62,1,0,0,Jessica Patterson
C0757,Individual,Keith,Taylor,1946-05-09,M,USA,Oregon,Home,3,Yes,Website,79,1,0,0,Keith Taylor
C0758,Individual,Joe,Allen,1958-08-12,M,USA,California,Investment,2,No,Website,67,0,1,0,Joe Allen
C0759,Individual,Samuel,Anderson,1991-10-27,M,USA,Florida,Home,4,No,Website,34,0,0,0,Samuel Anderson
C0760,Individual,Amanda,Adams,1964-12-27,F,USA,California,Investment,3,No,Website,61,0,1,0,Amanda Adams
C0761,Individual,Joyce,Patterson,1981-08-24,F,Belgium,Flanders,Home,2,No,Agency,44,0,0,0,Joyce Patterson
C0762,Individual,Anna,Young,1967-07-01,F,USA,Ohio,Home,4,No,Website,58,0,0,0,Anna Young
C0763,Company,Summit,Co,1971-07-18,F,USA,Georgia,Home,3,No,Agency,54,0,0,1,Summit Co
C0764,Individual,Debra,Parker,1983-02-09,F,UK,Northern Ireland,Investment,4,No,Client,42,0,1,0,Debra Parker
C0765,Individual,Joe,Green,1967-06-22,M,France,Brittany,Home,3,No,Website,58,0,0,0,Joe Green
C0766,Individual,Robert,Bennett,1994-09-04,M,Germany,North Rhine-Westphalia,Home,3,Yes,Client,31,1,0,0,Robert Bennett
C0767,Individual,David,Brown,1961-02-02,M,Canada,British Columbia,Investment,2,No,Agency,64,0,1,0,David Brown
C0768,Individual,Matthew,Weaver,1992-07-22,M,Denmark,Southern Denmark,Investment,5,Yes,Website,33,1,1,0,Matthew Weaver
C0769,Individual,Nicole,Long,1958-02-21,F,USA,Ohio,Home,4,No,Agency,67,0,0,0,Nicole Long
C0770,Individual,Shirley,Hall,1951-02-09,F,Russia,Krasnodar Krai,Home,4,No,Website,74,0,0,0,Shirley Hall
C0771,Company,Quasar,Co,1984-06-09,M,USA,California,Home,1,No,Website,41,0,0,1,Quasar Co
C0772,Individual,Ethan,White,1991-09-25,M,USA,California,Investment,1,No,Client,34,0,1,0,Ethan White
C0773,Individual,Christopher,Taylor,1964-12-09,M,Russia,Saint Petersburg,Home,1,No,Website,61,0,0,0,Christopher Taylor
C0774,Individual,David,Wood,1983-03-23,M,USA,Georgia,Home,5,Yes,Agency,42,1,0,0,David Wood
C0775,Individual,Andrea,Reyes,1975-12-25,F,USA,Arizona,Home,1,No,Agency,50,0,0,0,Andrea Reyes
C0776,Individual,Ashley,Morales,1966-06-11,F,Germany,Bavaria,Home,4,Yes,Agency,59,1,0,0,Ashley Morales
C0777,Company,Meridian,Co,1982-05-15,M,USA,Arizona,Home,1,No,Client,43,0,0,1,Meridian Co
C0778,Individual,George,Pierce,1998-07-22,M,USA,California,Investment,4,Yes,Agency,27,1,1,0,George Pierce
C0779,Individual,Lisa,Hughes,1953-04-05,F,USA,California,Home,5,Yes,Agency,72,1,0,0,Lisa Hughes
C0780,Individual,Martha,Hansen,1947-08-01,F,USA,California,Home,3,No,Website,78,0,0,0,Martha Hansen
C0781,Individual,Gerald,Sanders,1940-11-28,M,USA,California,Investment,5,Yes,Website,85,1,1,0,Gerald Sanders
C0782,Individual,Ethan,Williams,1970-10-02,M,USA,Utah,Investment,2,Yes,Website,55,1,1,0,Ethan Williams
C0783,Individual,Betty,Sanders,1961-03-27,F,Canada,Alberta,Home,1,Yes,Agency,64,1,0,0,Betty Sanders
C0784,Individual,Charles,Baker,1973-06-26,M,Mexico,Baja California,Investment,4,No,Website,52,0,1,0,Charles Baker
C0785,Company,Rexon,Co,1971-03-27,F,USA,California,Home,2,No,Website,54,0,0,1,Rexon Co
C0786,Individual,Sarah,Martin,1983-03-25,F,USA,California,Investment,3,No,Website,42,0,1,0,Sarah Martin
C0787,Individual,Andrew,Jackson,1950-11-20,M,USA,Washington,Home,1,No,Website,75,0,0,0,Andrew Jackson
C0788,Individual,Matthew,Stone,1944-05-14,M,France,Brittany,Investment,4,No,Website,81,0,1,0,Matthew Stone
C0789,Individual,Madison,Price,1974-04-06,F,Canada,Ontario,Investment,1,No,Website,51,0,1,0,Madison Price
C0790,Individual,Brandon,Cooper,1974-01-18,M,USA,California,Home,5,Yes,Agency,51,1,0,0,Brandon Cooper
C0791,Individual,Walter,Adams,1983-01-07,M,USA,Texas,Home,4,No,Website,42,0,0,0,Walter Adams
C0792,Individual,Joseph,Richardson,1982-04-14,M,USA,California,Investment,4,Yes,Website,43,1,1,0,Joseph Richardson
C0793,Individual,Kevin,Brown,1969-09-04,M,USA,New York,Home,4,No,Agency,56,0,0,0,Kevin Brown
C0794,Individual,Gregory,Mitchell,1951-02-11,M,USA,California,Home,4,Yes,Website,74,1,0,0,Gregory Mitchell
C0795,Individual,Harold,Murray,1969-01-14,M,USA,California,Investment,4,Yes,Website,56,1,1,0,Harold Murray
C0796,Individual,Stephanie,Ward,1983-04-11,F,USA,California,Investment,5,Yes,Website,42,1,1,0,Stephanie Ward
C0797,Individual,Joan,Gray,1990-06-08,F,USA,Oregon,Home,5,Yes,Agency,35,1,0,0,Joan Gray
C0798,Company,Novex,Co,1965-10-21,M,USA,Nevada,Home,4,Yes,Agency,60,1,0,1,Novex Co
C0799,Individual,Pamela,Johnson,1954-07-24,F,USA,California,Home,4,No,Website,71,0,0,0,Pamela Johnson
C0800,Individual,Lawrence,Smith,1974-01-02,M,USA,Virginia,Investment,5,Yes,Website,51,1,1,0,Lawrence Smith
C0801,Individual,Betty,Price,1969-04-03,F,USA,Washington,Home,4,Yes,Website,56,1,0,0,Betty Price
C0802,Individual,Matthew,Williams,1970-11-10,M,USA,Virginia,Home,5,No,Agency,55,0,0,0,Matthew Williams
C0803,Individual,Evelyn,Moore,1945-12-13,F,USA,Texas,Home,4,No,Agency,80,0,0,0,Evelyn Moore
C0804,Individual,Tyler,Cook,1967-01-10,M,USA,Washington,Home,5,No,Agency,58,0,0,0,Tyler Cook
C0805,Individual,Albert,Cook,1953-01-17,M,Germany,Berlin,Home,1,Yes,Website,72,1,0,0,Albert Cook
C0806,Individual,Jack,Richardson,1989-11-18,M,France,Ile-de-France,Home,5,No,Client,36,0,0,0,Jack Richardson
C0807,Individual,Amy,Chavez,1993-11-16,F,Mexico,Mexico City,Investment,5,No,Website,32,0,1,0,Amy Chavez
C0808,Individual,Gregory,Ward,1943-05-17,M,Germany,Berlin,Home,3,Yes,Website,82,1,0,0,Gregory Ward
C0809,Individual,Hannah,Alexander,1967-02-16,F,France,Occitanie,Home,5,Yes,Agency,58,1,0,0,Hannah Alexander
C0810,Individual,Ronald,Sanders,1995-02-13,M,USA,California,Home,1,Yes,Website,30,1,0,0,Ronald Sanders
C0811,Individual,Carl,Allen,1945-04-17,M,UK,Wales,Home,3,No,Agency,80,0,0,0,Carl Allen
C0812,Individual,Harold,Cooper,1974-08-24,M,UK,Northern Ireland,Home,3,Yes,Website,51,1,0,0,Harold Cooper
C0813,Individual,Gerald,Cook,1974-10-11,M,UK,Scotland,Investment,3,No,Agency,51,0,1,0,Gerald Cook
C0814,Individual,Joan,Stewart,1964-03-26,F,USA,California,Home,2,No,Website,61,0,0,0,Joan Stewart
C0815,Company,Horizon,Co,1965-11-06,F,USA,Nevada,Home,4,Yes,Agency,60,1,0,1,Horizon Co
C0816,Individual,Deborah,Wright,1947-12-23,F,Germany,Hamburg,Home,2,Yes,Website,78,1,0,0,Deborah Wright
C0817,Individual,Grace,Thompson,1972-05-12,F,USA,California,Investment,1,No,Website,53,0,1,0,Grace Thompson
C0818,Company,Sterling,Co,1991-09-08,F,USA,Colorado,Home,2,No,Website,34,0,0,1,Sterling Co
C0819,Individual,Jose,Bryant,1951-03-15,M,USA,California,Home,5,No,Website,74,0,0,0,Jose Bryant
C0820,Individual,Judith,Collins,1940-10-22,F,USA,Texas,Investment,4,No,Agency,85,0,1,0,Judith Collins
C0821,Individual,Elizabeth,Moore,1957-09-04,F,USA,California,Home,5,Yes,Agency,68,1,0,0,Elizabeth Moore
C0822,Individual,Jessica,Weaver,1959-04-19,F,USA,California,Investment,3,Yes,Website,66,1,1,0,Jessica Weaver
C0823,Individual,Nancy,Hayes,1975-04-16,F,USA,Oregon,Investment,5,Yes,Agency,50,1,1,0,Nancy Hayes
C0824,Individual,Douglas,Cox,1976-06-01,M,USA,California,Home,3,No,Agency,49,0,0,0,Douglas Cox
C0825,Individual,Ruth,Hughes,1982-03-26,F,Mexico,Nuevo Leon,Home,4,Yes,Agency,43,1,0,0,Ruth Hughes
C0826,Individual,Jason,Stewart,1970-09-11,M,USA,Ohio,Investment,4,Yes,Website,55,1,1,0,Jason Stewart
C0827,Individual,Ruth,Wright,1965-08-23,F,USA,Washington,Home,2,Yes,Website,60,1,0,0,Ruth Wright
C0828,Individual,Elizabeth,Stewart,1947-10-10,F,USA,Arizona,Investment,4,Yes,Website,78,1,1,0,Elizabeth Stewart
C0829,Individual,Jonathan,Stewart,1960-11-16,M,USA,Utah,Investment,3,No,Website,65,0,1,0,Jonathan Stewart
C0830,Individual,William,Martin,1952-05-16,M,USA,Oregon,Investment,3,No,Agency,73,0,1,0,William Martin
C0831,Individual,Judith,Martin,1977-09-24,F,USA,California,Home,2,No,Website,48,0,0,0,Judith Martin
C0832,Individual,Dorothy,Ward,1990-01-09,F,USA,Nevada,Investment,3,Yes,Website,35,1,1,0,Dorothy Ward
C0833,Individual,Roger,Green,1951-11-06,M,Denmark,Southern Denmark,Home,5,No,Website,74,0,0,0,Roger Green
C0834,Individual,Helen,Parker,1957-12-23,F,USA,California,Home,5,No,Website,68,0,0,0,Helen Parker
C0835,Individual,Maria,Foster,1974-06-06,F,USA,California,Home,5,Yes,Website,51,1,0,0,Maria Foster
C0836,Individual,Adam,Sanders,1942-02-04,M,USA,Ohio,Home,4,No,Website,83,0,0,0,Adam Sanders
C0837,Individual,Peter,Montgomery,1967-06-06,M,France,Brittany,Home,1,No,Website,58,0,0,0,Peter Montgomery
C0838,Individual,Jacob,Morris,1992-04-05,M,USA,Nevada,Investment,1,Yes,Website,33,1,1,0,Jacob Morris
C0839,Individual,Elizabeth,Baker,1994-01-26,F,UK,England,Home,5,Yes,Agency,31,1,0,0,Elizabeth Baker
C0840,Individual,Elizabeth,Wilson,1981-11-01,F,Belgium,Brussels,Home,1,No,Website,44,0,0,0,Elizabeth Wilson
C0841,Individual,Timothy,Cooper,1999-02-05,M,Belgium,Wallonia,Home,5,No,Website,26,0,0,0,Timothy Cooper
C0842,Individual,Keith,Morales,1996-02-27,M,USA,Washington,Home,5,Yes,Client,29,1,0,0,Keith Morales
C0843,Individual,Amanda,Hansen,2000-12-04,F,USA,Georgia,Home,4,No,Agency,25,0,0,0,Amanda Hansen
C0844,Individual,Margaret,Scott,1947-06-13,F,USA,California,Home,2,No,Website,78,0,0,0,Margaret Scott
C0845,Individual,Ashley,Long,1993-09-05,F,USA,Washington,Home,3,No,Client,32,0,0,0,Ashley Long
C0846,Individual,Martha,Harris,1976-05-15,F,Canada,Quebec,Investment,3,No,Agency,49,0,1,0,Martha Harris
C0847,Individual,Nicole,James,1988-02-27,F,USA,Utah,Home,2,Yes,Agency,37,1,0,0,Nicole James
C0848,Individual,Aaron,Hughes,1967-11-22,M,USA,California,Home,4,No,Agency,58,0,0,0,Aaron Hughes
C0849,Individual,Brian,Wilson,1977-04-11,M,USA,Oregon,Home,1,Yes,Website,48,1,0,0,Brian Wilson
C0850,Individual,Judy,Stone,1983-11-13,F,USA,Colorado,Investment,5,No,Agency,42,0,1,0,Judy Stone
C0851,Individual,Kyle,White,1993-05-16,M,USA,California,Investment,2,Yes,Website,32,1,1,0,Kyle White
C0852,Individual,Carl,Brown,1989-07-20,M,Germany,North Rhine-Westphalia,Home,2,No,Agency,36,0,0,0,Carl Brown
C0853,Individual,Gerald,Bryant,1950-08-07,M,USA,Utah,Home,4,No,Website,75,0,0,0,Gerald Bryant
C0854,Individual,David,Reyes,1944-02-13,M,USA,California,Home,4,No,Website,81,0,0,0,David Reyes
C0855,Individual,Amanda,Foster,1973-03-10,F,Australia,Queensland,Home,4,No,Website,52,0,0,0,Amanda Foster
C0856,Individual,Janice,Chavez,1964-08-16,F,USA,Florida,Home,5,Yes,Website,61,1,0,0,Janice Chavez
C0857,Individual,Danielle,Ward,1951-05-11,F,USA,California,Investment,1,Yes,Website,74,1,1,0,Danielle Ward
C0858,Individual,Samuel,Howard,1994-07-12,M,USA,Nevada,Home,1,No,Website,31,0,0,0,Samuel Howard
C0859,Individual,Megan,Anderson,1942-12-03,F,USA,California,Home,2,Yes,Agency,83,1,0,0,Megan Anderson
C0860,Individual,Virginia,Morales,1968-07-09,F,USA,Utah,Home,5,Yes,Website,57,1,0,0,Virginia Morales
C0861,Individual,Christine,Peterson,1994-08-04,F,France,Brittany,Investment,2,No,Agency,31,0,1,0,Christine Peterson
C0862,Individual,Amanda,Jordan,1981-06-14,F,USA,Colorado,Investment,1,No,Website,44,0,1,0,Amanda Jordan
C0863,Individual,Brandon,Peterson,1975-04-20,M,Belgium,Wallonia,Home,5,Yes,Agency,50,1,0,0,Brandon Peterson
C0864,Individual,Noah,Kim,1970-07-07,M,USA,Texas,Home,3,No,Website,55,0,0,0,Noah Kim
C0865,Individual,Rebecca,Gray,1975-05-20,F,USA,Colorado,Investment,5,Yes,Website,50,1,1,0,Rebecca Gray
C0866,Individual,Lawrence,Bryant,1987-11-27,M,Belgium,Brussels,Home,3,No,Agency,38,0,0,0,Lawrence Bryant
C0867,Individual,Julia,Davis,1967-04-12,F,USA,California,Home,2,No,Agency,58,0,0,0,Julia Davis
C0868,Individual,Victoria,Rogers,1945-02-21,F,USA,Florida,Home,3,Yes,Agency,80,1,0,0,Victoria Rogers
C0869,Individual,Jose,Roberts,1993-03-07,M,USA,California,Home,4,No,Agency,32,0,0,0,Jose Roberts
C0870,Company,Harmon,Co,1966-09-01,F,UK,Northern Ireland,Home,2,Yes,Website,59,1,0,1,Harmon Co
C0871,Individual,Pamela,Pierce,1989-11-28,F,USA,Virginia,Home,1,Yes,Website,36,1,0,0,Pamela Pierce
C0872,Individual,Sarah,Bennett,1943-06-22,F,UK,England,Home,4,No,Website,82,0,0,0,Sarah Bennett
C0873,Individual,Gerald,Murray,1940-09-09,M,USA,New York,Home,2,No,Website,85,0,0,0,Gerald Murray
C0874,Individual,Debra,Murray,1953-07-26,F,Belgium,Flanders,Investment,2,No,Website,72,0,1,0,Debra Murray
C0875,Individual,Jeffrey,Evans,1972-07-09,M,Canada,Manitoba,Home,4,No,Website,53,0,0,0,Jeffrey Evans
C0876,Individual,Benjamin,Chavez,1973-08-22,M,USA,California,Home,3,No,Client,52,0,0,0,Benjamin Chavez
C0877,Individual,Jennifer,Weaver,1998-12-22,F,USA,Utah,Investment,2,Yes,Agency,27,1,1,0,Jennifer Weaver
C0878,Individual,Ashley,Hansen,1945-04-28,F,USA,Nevada,Home,4,Yes,Website,80,1,0,0,Ashley Hansen
C0879,Individual,Brandon,Adams,1945-03-15,M,UK,Northern Ireland,Home,4,Yes,Website,80,1,0,0,Brandon Adams
C0880,Individual,Judith,Bennett,1941-06-23,F,USA,New York,Home,2,No,Website,84,0,0,0,Judith Bennett
C0881,Individual,Ruth,Weaver,1954-09-24,F,USA,Colorado,Investment,1,No,Website,71,0,1,0,Ruth Weaver
C0882,Individual,Peter,Moore,2000-07-07,M,UK,Wales,Home,3,No,Website,25,0,0,0,Peter Moore
C0883,Individual,Gerald,Thompson,1946-10-22,M,USA,Texas,Home,4,No,Client,79,0,0,0,Gerald Thompson
C0884,Individual,Joe,Reed,1949-05-07,M,USA,Nevada,Home,2,No,Website,76,0,0,0,Joe Reed
C0885,Individual,Michael,Williams,1941-09-21,M,Canada,British Columbia,Investment,2,Yes,Agency,84,1,1,0,Michael Williams
C0886,Individual,Joseph,Brooks,1961-07-20,M,USA,California,Home,3,Yes,Agency,64,1,0,0,Joseph Brooks
C0887,Individual,Joan,Bryant,1993-04-23,F,USA,California,Home,3,No,Agency,32,0,0,0,Joan Bryant
C0888,Individual,Sharon,Montgomery,1987-05-24,F,Germany,Berlin,Home,4,Yes,Website,38,1,0,0,Sharon Montgomery
C0889,Individual,Scott,Campbell,1985-10-15,M,USA,Nevada,Investment,4,Yes,Website,40,1,1,0,Scott Campbell
C0890,Individual,Julie,Nelson,1955-07-23,F,USA,Virginia,Investment,3,Yes,Website,70,1,1,0,Julie Nelson
C0891,Individual,Raymond,Roberts,1970-06-20,M,Germany,North Rhine-Westphalia,Investment,1,Yes,Website,55,1,1,0,Raymond Roberts
C0892,Individual,Helen,Watson,1958-06-05,F,USA,California,Investment,2,Yes,Website,67,1,1,0,Helen Watson
C0893,Individual,Evelyn,Thompson,1995-06-23,F,USA,Colorado,Home,3,Yes,Website,30,1,0,0,Evelyn Thompson
C0894,Individual,Carl,Evans,1953-06-14,M,USA,Georgia,Home,5,No,Website,72,0,0,0,Carl Evans
C0895,Individual,Amanda,Rogers,1953-08-25,F,USA,Arizona,Investment,4,Yes,Website,72,1,1,0,Amanda Rogers
C0896,Individual,Timothy,Jones,1970-05-06,M,France,Brittany,Home,4,Yes,Agency,55,1,0,0,Timothy Jones
C0897,Individual,Ann,Foster,1971-08-04,F,Australia,Victoria,Home,1,No,Website,54,0,0,0,Ann Foster
C0898,Individual,Deborah,King,1953-09-27,F,USA,Arizona,Investment,5,Yes,Agency,72,1,1,0,Deborah King
C0899,Company,Apex,Co,1988-06-26,F,USA,Washington,Investment,2,No,Website,37,0,1,1,Apex Co
C0900,Individual,Betty,Cook,1999-05-22,F,Germany,North Rhine-Westphalia,Home,4,No,Agency,26,0,0,0,Betty Cook
C0901,Individual,Gregory,Allen,1999-02-15,M,France,Brittany,Investment,4,No,Agency,26,0,1,0,Gregory Allen
C0902,Company,Peerex,Co,1964-02-11,F,UK,Northern Ireland,Home,3,Yes,Agency,61,1,0,1,Peerex Co
C0903,Individual,Christine,Morales,1992-04-28,F,USA,Texas,Investment,3,No,Website,33,0,1,0,Christine Morales
C0904,Individual,Nancy,Brooks,1984-03-08,F,Russia,Saint Petersburg,Home,1,Yes,Website,41,1,0,0,Nancy Brooks
C0905,Individual,Emma,Allen,1993-05-16,F,USA,Virginia,Home,5,Yes,Website,32,1,0,0,Emma Allen
C0906,Individual,Jacqueline,Baker,1969-08-13,F,USA,California,Investment,5,No,Website,56,0,1,0,Jacqueline Baker
C0907,Individual,Danielle,Scott,1973-11-14,F,USA,California,Home,3,No,Agency,52,0,0,0,Danielle Scott
C0908,Individual,Carl,Kim,1960-11-17,M,USA,California,Home,4,Yes,Agency,65,1,0,0,Carl Kim
C0909,Individual,Brandon,Turner,1967-07-10,M,USA,California,Investment,1,Yes,Agency,58,1,1,0,Brandon Turner
C0910,Individual,Victoria,Jackson,1971-11-24,F,USA,Texas,Home,3,Yes,Agency,54,1,0,0,Victoria Jackson
C0911,Individual,Donald,Long,1989-03-27,M,USA,California,Home,4,No,Website,36,0,0,0,Donald Long
C0912,Individual,Christina,Freeman,1949-05-11,F,USA,California,Home,1,No,Agency,76,0,0,0,Christina Freeman
C0913,Individual,Nathan,Hansen,1999-01-13,M,USA,California,Home,4,No,Agency,26,0,0,0,Nathan Hansen
C0914,Individual,Helen,Freeman,1948-10-12,F,France,Provence,Investment,4,No,Website,77,0,1,0,Helen Freeman
C0915,Individual,Ronald,Harris,1948-01-23,M,USA,Florida,Home,2,No,Agency,77,0,0,0,Ronald Harris
C0916,Individual,Nathan,Hansen,1988-02-10,M,Russia,Moscow Oblast,Home,2,No,Website,37,0,0,0,Nathan Hansen
C0917,Individual,Kenneth,Hughes,1969-08-01,M,USA,Arizona,Home,2,Yes,Agency,56,1,0,0,Kenneth Hughes
C0918,Individual,Susan,Cook,2000-02-21,F,Australia,Western Australia,Home,4,No,Client,25,0,0,0,Susan Cook
C0919,Individual,Barbara,Foster,1975-08-17,F,Canada,Quebec,Investment,5,No,Agency,50,0,1,0,Barbara Foster
C0920,Individual,Christian,Williams,1973-10-11,M,USA,California,Home,4,No,Website,52,0,0,0,Christian Williams
C0921,Individual,Christina,Reyes,1999-03-10,F,Australia,New South Wales,Home,4,No,Agency,26,0,0,0,Christina Reyes
C0922,Individual,Joe,Bell,1942-10-28,M,Australia,Victoria,Investment,4,Yes,Website,83,1,1,0,Joe Bell
C0923,Individual,Ruth,Richardson,1950-08-26,F,USA,Oregon,Home,3,No,Client,75,0,0,0,Ruth Richardson
C0924,Individual,Emily,Wright,1988-03-20,F,USA,California,Home,4,No,Website,37,0,0,0,Emily Wright
C0925,Individual,Michael,Ward,1944-05-12,M,Germany,Hamburg,Home,2,No,Website,81,0,0,0,Michael Ward
C0926,Individual,Lauren,Harris,1961-04-04,F,USA,California,Home,3,No,Website,64,0,0,0,Lauren Harris
C0927,Individual,Carol,Hayes,1962-11-04,F,France,Ile-de-France,Home,4,No,Client,63,0,0,0,Carol Hayes
C0928,Individual,Jordan,Jordan,1950-02-27,M,USA,California,Home,1,Yes,Agency,75,1,0,0,Jordan Jordan
C0929,Individual,Jack,Hall,1954-05-23,M,USA,Washington,Home,4,No,Website,71,0,0,0,Jack Hall
C0930,Individual,Debra,Moore,1993-04-15,F,USA,Washington,Investment,1,Yes,Agency,32,1,1,0,Debra Moore
C0931,Individual,Daniel,Parker,1977-12-25,M,USA,Nevada,Investment,2,Yes,Client,48,1,1,0,Daniel Parker
C0932,Individual,Kathleen,Moore,1949-07-14,F,USA,New York,Home,5,No,Website,76,0,0,0,Kathleen Moore
C0933,Individual,Kimberly,Johnson,1955-09-03,F,USA,California,Home,4,No,Website,70,0,0,0,Kimberly Johnson
C0934,Individual,Barbara,Allen,1943-10-02,F,UK,Northern Ireland,Investment,5,Yes,Website,82,1,1,0,Barbara Allen
C0935,Individual,Katherine,Cooper,2000-05-17,F,Canada,Manitoba,Home,4,No,Agency,25,0,0,0,Katherine Cooper
C0936,Individual,Carolyn,Brooks,1951-04-10,F,USA,California,Home,3,No,Client,74,0,0,0,Carolyn Brooks
C0937,Individual,Gerald,Chavez,1982-04-03,M,USA,Arizona,Home,5,No,Client,43,0,0,0,Gerald Chavez
C0938,Individual,William,Chavez,1963-05-08,M,Russia,Krasnodar Krai,Home,4,No,Website,62,0,0,0,William Chavez
C0939,Individual,Anna,Alexander,1978-02-02,F,Belgium,Brussels,Investment,1,No,Website,47,0,1,0,Anna Alexander
C0940,Individual,Kyle,Bell,1985-12-19,M,USA,Virginia,Investment,5,No,Website,40,0,1,0,Kyle Bell
C0941,Individual,Grace,Moore,1955-07-17,F,Mexico,Jalisco,Home,1,No,Agency,70,0,0,0,Grace Moore
C0942,Individual,Joan,Jackson,1991-12-14,F,USA,California,Home,1,No,Website,34,0,0,0,Joan Jackson
C0943,Individual,Karen,Cox,1957-09-13,F,Canada,Manitoba,Investment,5,No,Website,68,0,1,0,Karen Cox
C0944,Individual,Virginia,Hughes,1956-08-24,F,USA,Florida,Home,2,No,Website,69,0,0,0,Virginia Hughes
C0945,Individual,Emily,Hayes,1945-09-04,F,France,Provence,Home,4,No,Website,80,0,0,0,Emily Hayes
C0946,Individual,Ashley,Weaver,1946-07-04,F,USA,Nevada,Investment,3,Yes,Agency,79,1,1,0,Ashley Weaver
C0947,Individual,Samantha,Cox,1981-05-16,F,USA,Texas,Home,2,No,Website,44,0,0,0,Samantha Cox
C0948,Individual,Emma,Nelson,1989-12-16,F,USA,California,Investment,3,Yes,Website,36,1,1,0,Emma Nelson
C0949,Individual,Julia,Price,1943-06-26,F,USA,Colorado,Investment,5,Yes,Client,82,1,1,0,Julia Price
C0950,Individual,Christina,Price,1991-12-11,F,USA,Texas,Investment,5,No,Website,34,0,1,0,Christina Price
C0951,Individual,Rachel,Chavez,1998-11-15,F,Mexico,Nuevo Leon,Home,1,Yes,Client,27,1,0,0,Rachel Chavez
C0952,Individual,Ann,Martin,1959-09-03,F,USA,Oregon,Home,5,No,Website,66,0,0,0,Ann Martin
C0953,Company,Helios,Co,1995-10-22,M,USA,Washington,Home,5,Yes,Website,30,1,0,1,Helios Co
C0954,Individual,Michael,Evans,1950-04-08,M,France,Brittany,Investment,4,Yes,Agency,75,1,1,0,Michael Evans
C0955,Individual,Megan,Garcia,1969-01-11,F,USA,California,Home,1,No,Website,56,0,0,0,Megan Garcia
C0956,Individual,Donald,Jackson,1966-03-10,M,USA,California,Home,1,Yes,Website,59,1,0,0,Donald Jackson
C0957,Company,Crestwood,Co,1961-05-21,M,USA,Oregon,Home,2,Yes,Client,64,1,0,1,Crestwood Co
C0958,Individual,Betty,Rogers,1991-07-11,F,USA,Nevada,Home,1,Yes,Website,34,1,0,0,Betty Rogers
C0959,Individual,Carl,Hayes,1952-09-13,M,USA,California,Home,3,No,Agency,73,0,0,0,Carl Hayes
C0960,Individual,Linda,Bennett,1960-04-01,F,USA,Arizona,Investment,1,Yes,Client,65,1,1,0,Linda Bennett
C0961,Individual,Brandon,Morales,1974-08-03,M,UK,Wales,Home,2,Yes,Website,51,1,0,0,Brandon Morales
C0962,Individual,Nicholas,Hansen,1940-07-18,M,USA,California,Home,4,No,Website,85,0,0,0,Nicholas Hansen
C0963,Individual,James,Davis,1941-08-09,M,Canada,Alberta,Home,4,No,Agency,84,0,0,0,James Davis
C0964,Individual,Elizabeth,Hall,1953-09-19,F,USA,California,Home,4,No,Website,72,0,0,0,Elizabeth Hall
C0965,Individual,Lauren,Adams,1961-09-26,F,USA,New York,Investment,3,No,Website,64,0,1,0,Lauren Adams
C0966,Company,Corvus,Co,1995-10-11,M,USA,California,Investment,3,No,Website,30,0,1,1,Corvus Co
C0967,Individual,Jennifer,Moore,1959-01-20,F,USA,California,Home,2,No,Agency,66,0,0,0,Jennifer Moore
C0968,Individual,Julie,Hansen,1995-11-21,F,USA,Arizona,Home,4,No,Website,30,0,0,0,Julie Hansen
C0969,Individual,Amber,Ward,1976-03-27,F,Russia,Tatarstan,Investment,1,Yes,Agency,49,1,1,0,Amber Ward
C0970,Individual,Peter,Johnson,1986-12-01,M,Denmark,North Denmark,Home,3,Yes,Website,39,1,0,0,Peter Johnson
C0971,Individual,Cynthia,Mitchell,1969-06-02,F,USA,Colorado,Investment,5,Yes,Website,56,1,1,0,Cynthia Mitchell
C0972,Individual,Sandra,Evans,1964-09-16,F,USA,Arizona,Home,5,No,Agency,61,0,0,0,Sandra Evans
C0973,Individual,Charles,Stone,1992-12-03,M,USA,California,Investment,2,No,Client,33,0,1,0,Charles Stone
C0974,Individual,Michael,Hansen,1961-05-22,M,USA,New York,Home,1,No,Agency,64,0,0,0,Michael Hansen
C0975,Individual,Gregory,Reyes,1946-07-09,M,USA,Utah,Home,4,No,Website,79,0,0,0,Gregory Reyes
C0976,Individual,Ryan,Miller,1983-07-18,M,USA,California,Home,4,Yes,Website,42,1,0,0,Ryan Miller
C0977,Individual,Ryan,James,1996-04-07,M,USA,California,Home,1,No,Agency,29,0,0,0,Ryan James
C0978,Individual,Lauren,Brown,1963-11-11,F,USA,California,Home,4,Yes,Website,62,1,0,0,Lauren Brown
C0979,Individual,Madison,Roberts,1940-02-25,F,Canada,Quebec,Investment,4,No,Website,85,0,1,0,Madison Roberts
C0980,Individual,Daniel,Davis,1942-01-13,M,USA,New York,Investment,1,Yes,Website,83,1,1,0,Daniel Davis
C0981,Individual,Jessica,Stewart,1961-11-14,F,USA,California,Investment,1,No,Website,64,0,1,0,Jessica Stewart
C0982,Individual,Joyce,Jackson,1961-07-08,F,Canada,Manitoba,Investment,5,Yes,Agency,64,1,1,0,Joyce Jackson
C0983,Individual,Brittany,Freeman,1994-06-21,F,Germany,North Rhine-Westphalia,Home,4,No,Website,31,0,0,0,Brittany Freeman
C0984,Individual,Mark,Johnson,1962-12-03,M,Canada,British Columbia,Home,5,Yes,Agency,63,1,0,0,Mark Johnson
C0985,Individual,Ruth,Griffin,1954-10-15,F,USA,California,Home,1,Yes,Website,71,1,0,0,Ruth Griffin
C0986,Individual,Jacqueline,Ward,1981-10-18,F,Russia,Saint Petersburg,Home,2,No,Website,44,0,0,0,Jacqueline Ward
C0987,Individual,Maria,Johnson,1967-10-22,F,Germany,North Rhine-Westphalia,Home,1,Yes,Agency,58,1,0,0,Maria Johnson
C0988,Individual,Douglas,Cooper,1988-04-21,M,USA,Texas,Home,3,Yes,Agency,37,1,0,0,Douglas Cooper
C0989,Individual,Amber,Cook,1946-10-19,F,USA,Oregon,Home,4,No,Website,79,0,0,0,Amber Cook
C0990,Individual,Carl,Carter,1942-01-21,M,USA,Utah,Home,4,No,Website,83,0,0,0,Carl Carter
C0991,Individual,Heather,Adams,1975-03-27,F,USA,Nevada,Home,1,No,Website,50,0,0,0,Heather Adams
C0992,Individual,Scott,Hughes,1988-11-19,M,Denmark,Capital Region,Home,1,Yes,Website,37,1,0,0,Scott Hughes
C0993,Individual,Ryan,Campbell,1954-03-11,M,USA,California,Home,2,Yes,Website,71,1,0,0,Ryan Campbell
C0994,Individual,Michael,Moore,1976-11-26,M,USA,California,Home,3,No,Website,49,0,0,0,Michael Moore
C0995,Individual,Amanda,Kim,1949-10-14,F,Australia,New South Wales,Home,1,Yes,Website,76,1,0,0,Amanda Kim
C0996,Individual,Terry,Howard,1956-06-11,M,Canada,Manitoba,Home,2,Yes,Client,69,1,0,0,Terry Howard
C0997,Individual,Terry,Collins,1950-03-11,M,USA,California,Investment,3,Yes,Agency,75,1,1,0,Terry Collins
C0998,Company,Grandis,Co,1969-05-06,F,USA,Virginia,Home,4,No,Agency,56,0,0,1,Grandis Co
C0999,Individual,Jacqueline,Cox,1969-09-15,F,USA,California,Investment,3,No,Agency,56,0,1,0,Jacqueline Cox
C1000,Individual,Judith,Parker,1963-07-21,F,USA,Utah,Home,2,Yes,Website,62,1,0,0,Judith Parker
C1001,Individual,Aaron,Nelson,1981-07-13,M,USA,California,Home,3,No,Website,44,0,0,0,Aaron Nelson
C1002,Individual,Scott,Hughes,1967-06-08,M,USA,California,Home,5,No,Website,58,0,0,0,Scott Hughes
C1003,Individual,Lauren,Bennett,1977-08-11,F,USA,Nevada,Home,2,No,Website,48,0,0,0,Lauren Bennett
C1004,Individual,Alexander,Anderson,1982-09-17,M,USA,Oregon,Home,3,Yes,Website,43,1,0,0,Alexander Anderson
C1005,Individual,Barbara,Chavez,1988-06-07,F,Germany,Hamburg,Home,3,No,Client,37,0,0,0,Barbara Chavez
C1006,Individual,Stephanie,Weaver,1992-12-24,F,USA,Georgia,Home,1,No,Website,33,0,0,0,Stephanie Weaver
C1007,Individual,Joyce,Brooks,1948-10-25,F,UK,England,Home,4,No,Agency,77,0,0,0,Joyce Brooks
C1008,Company,Sterling,Co,1987-10-02,M,USA,California,Home,2,No,Website,38,0,0,1,Sterling Co
C1009,Individual,Evelyn,Bell,1950-02-11,F,USA,Nevada,Investment,4,Yes,Agency,75,1,1,0,Evelyn Bell
C1010,Individual,Dennis,Moore,1964-03-10,M,Mexico,Jalisco,Home,4,No,Website,61,0,0,0,Dennis Moore
C1011,Individual,Virginia,Brooks,1952-12-18,F,USA,California,Investment,1,No,Website,73,0,1,0,Virginia Brooks
C1012,Individual,Raymond,Morales,1960-10-20,M,USA,New York,Home,4,Yes,Website,65,1,0,0,Raymond Morales
C1013,Individual,Stephanie,Patterson,1994-06-19,F,USA,Oregon,Home,1,Yes,Website,31,1,0,0,Stephanie Patterson
C1014,Individual,David,Weaver,1969-01-06,M,USA,California,Home,3,Yes,Website,56,1,0,0,David Weaver
C1015,Individual,Kyle,Davis,1977-09-01,M,USA,California,Home,4,Yes,Website,48,1,0,0,Kyle Davis
C1016,Individual,Andrea,Wilson,1976-04-05,F,USA,California,Home,4,Yes,Agency,49,1,0,0,Andrea Wilson
C1017,Individual,Megan,Baker,1968-12-22,F,USA,California,Home,1,Yes,Agency,57,1,0,0,Megan Baker
C1018,Individual,Tiffany,Turner,1967-06-19,F,USA,Colorado,Home,5,Yes,Client,58,1,0,0,Tiffany Turner
C1019,Individual,Carolyn,Stewart,1975-10-27,F,USA,Nevada,Home,2,No,Client,50,0,0,0,Carolyn Stewart
C1020,Individual,Deborah,Morales,1994-07-23,F,USA,California,Home,3,No,Agency,31,0,0,0,Deborah Morales
C1021,Individual,Jeffrey,Bryant,1974-09-04,M,USA,California,Investment,1,No,Client,51,0,1,0,Jeffrey Bryant
C1022,Individual,Christina,King,1984-04-17,F,USA,Colorado,Home,1,No,Agency,41,0,0,0,Christina King
C1023,Individual,Heather,Bell,1953-07-28,F,USA,Nevada,Home,1,Yes,Website,72,1,0,0,Heather Bell
C1024,Individual,Gregory,Long,1969-08-03,M,USA,Arizona,Investment,2,No,Agency,56,0,1,0,Gregory Long
C1025,Individual,Michelle,King,1947-01-20,F,USA,California,Home,1,No,Client,78,0,0,0,Michelle King
C1026,Individual,Robert,Parker,1991-08-12,M,USA,California,Investment,1,No,Agency,34,0,1,0,Robert Parker
C1027,Individual,Gerald,White,1976-12-10,M,USA,California,Investment,1,Yes,Client,49,1,1,0,Gerald White
C1028,Individual,Nicholas,Cox,1942-04-07,M,USA,California,Home,1,Yes,Website,83,1,0,0,Nicholas Cox
C1029,Individual,Ryan,Jackson,1949-11-06,M,Australia,Victoria,Home,1,No,Agency,76,0,0,0,Ryan Jackson
C1030,Individual,Christine,Owens,1960-04-20,F,USA,Ohio,Home,4,No,Website,65,0,0,0,Christine Owens
C1031,Individual,Alexander,Reed,1989-01-13,M,UK,England,Home,1,No,Website,36,0,0,0,Alexander Reed
C1032,Individual,Larry,Freeman,1977-01-03,M,USA,Nevada,Home,5,No,Website,48,0,0,0,Larry Freeman
C1033,Individual,Eric,Jackson,1962-06-21,M,France,Ile-de-France,Home,2,No,Website,63,0,0,0,Eric Jackson
C1034,Individual,Andrea,Wilson,1979-01-20,F,USA,Colorado,Home,5,No,Client,46,0,0,0,Andrea Wilson
C1035,Individual,Jacob,Williams,1961-02-10,M,USA,Virginia,Home,2,No,Website,64,0,0,0,Jacob Williams
C1036,Individual,Martha,Collins,1988-03-13,F,USA,Oregon,Home,2,No,Agency,37,0,0,0,Martha Collins
C1037,Company,Corvus,Co,1970-01-02,M,Mexico,Baja California,Home,2,Yes,Website,55,1,0,1,Corvus Co
C1038,Individual,Gerald,Gray,1959-05-25,M,USA,California,Investment,3,No,Website,66,0,1,0,Gerald Gray
C1039,Individual,Nicholas,Carter,1962-07-17,M,USA,California,Home,1,Yes,Agency,63,1,0,0,Nicholas Carter
C1040,Individual,Joseph,Young,1940-04-05,M,USA,California,Investment,5,Yes,Website,85,1,1,0,Joseph Young
C1041,Individual,Evelyn,Morris,1990-12-07,F,USA,Nevada,Home,5,Yes,Website,35,1,0,0,Evelyn Morris
C1042,Individual,Rebecca,Parker,1945-08-03,F,USA,Nevada,Home,2,No,Agency,80,0,0,0,Rebecca Parker
C1043,Individual,Carol,Griffin,1999-07-14,F,USA,Washington,Home,5,No,Website,26,0,0,0,Carol Griffin
C1044,Individual,Eric,Howard,1971-05-15,M,USA,Nevada,Investment,5,No,Website,54,0,1,0,Eric Howard
C1045,Individual,Rebecca,Allen,1942-04-01,F,USA,New York,Home,3,No,Website,83,0,0,0,Rebecca Allen
C1046,Individual,Maria,Wood,1969-05-21,F,Canada,Quebec,Home,4,Yes,Website,56,1,0,0,Maria Wood
C1047,Individual,Ronald,Reyes,1984-12-12,M,USA,Virginia,Home,3,No,Website,41,0,0,0,Ronald Reyes
C1048,Individual,Angela,Turner,1970-01-27,F,USA,Oregon,Investment,1,No,Agency,55,0,1,0,Angela Turner
C1049,Individual,Tiffany,Sanders,1940-11-05,F,USA,California,Investment,5,No,Website,85,0,1,0,Tiffany Sanders
C1050,Individual,Tyler,Watson,1955-10-03,M,USA,Georgia,Home,4,Yes,Website,70,1,0,0,Tyler Watson
C1051,Individual,Cheryl,Hansen,1958-07-19,F,USA,Virginia,Home,1,Yes,Agency,67,1,0,0,Cheryl Hansen
C1052,Individual,Kimberly,Parker,1953-04-24,F,USA,Utah,Home,1,Yes,Agency,72,1,0,0,Kimberly Parker
C1053,Individual,Adam,Kim,1974-11-10,M,Mexico,Nuevo Leon,Home,2,Yes,Website,51,1,0,0,Adam Kim
C1054,Individual,Edward,Foster,1989-09-04,M,USA,Arizona,Home,2,Yes,Website,36,1,0,0,Edward Foster
C1055,Individual,Jonathan,Bennett,1972-11-20,M,USA,New York,Investment,2,Yes,Website,53,1,1,0,Jonathan Bennett
C1056,Individual,Larry,Wilson,1979-01-19,M,USA,Colorado,Home,1,Yes,Website,46,1,0,0,Larry Wilson
C1057,Individual,Jesse,Garcia,1994-04-17,M,USA,Nevada,Investment,5,No,Website,31,0,1,0,Jesse Garcia
C1058,Individual,Rachel,Weaver,1973-06-12,F,Germany,Bavaria,Home,3,Yes,Website,52,1,0,0,Rachel Weaver
C1059,Individual,Danielle,Davis,1978-06-26,F,USA,California,Home,4,No,Website,47,0,0,0,Danielle Davis
C1060,Individual,Christian,Evans,1940-12-25,M,USA,Nevada,Home,5,No,Agency,85,0,0,0,Christian Evans
C1061,Individual,Stephanie,Smith,1960-06-01,F,UK,Scotland,Home,1,No,Website,65,0,0,0,Stephanie Smith
C1062,Individual,Billy,Foster,1975-12-20,M,USA,California,Home,4,No,Agency,50,0,0,0,Billy Foster
C1063,Individual,Nicole,Weaver,1988-12-05,F,USA,New York,Investment,5,Yes,Website,37,1,1,0,Nicole Weaver
C1064,Individual,Brandon,Pierce,1945-08-06,M,USA,California,Home,5,Yes,Website,80,1,0,0,Brandon Pierce
C1065,Individual,Mark,Reyes,1955-01-06,M,USA,Georgia,Home,3,Yes,Client,70,1,0,0,Mark Reyes
C1066,Individual,Ashley,Moore,1941-09-21,F,Australia,Victoria,Home,1,No,Website,84,0,0,0,Ashley Moore
C1067,Individual,Samuel,Howard,1942-12-24,M,Mexico,Jalisco,Investment,4,No,Agency,83,0,1,0,Samuel Howard
C1068,Individual,Kathleen,Carter,1984-02-10,F,USA,California,Home,3,No,Agency,41,0,0,0,Kathleen Carter
C1069,Individual,Lawrence,Cox,1992-06-13,M,USA,Virginia,Home,3,Yes,Agency,33,1,0,0,Lawrence Cox
C1070,Individual,Virginia,Rogers,1951-06-26,F,Germany,Bavaria,Home,5,No,Agency,74,0,0,0,Virginia Rogers
C1071,Individual,Aaron,Johnson,1966-08-11,M,USA,Texas,Home,2,No,Agency,59,0,0,0,Aaron Johnson
C1072,Individual,Kimberly,Jones,1962-06-10,F,USA,Utah,Home,3,No,Agency,63,0,0,0,Kimberly Jones
C1073,Individual,Carl,Collins,1955-07-02,M,USA,California,Investment,2,No,Website,70,0,1,0,Carl Collins
C1074,Individual,George,Foster,1954-07-10,M,UK,Northern Ireland,Home,1,No,Website,71,0,0,0,George Foster
C1075,Individual,Carolyn,Watson,1975-02-17,F,Mexico,Baja California,Home,3,No,Website,50,0,0,0,Carolyn Watson
C1076,Individual,Betty,Thompson,1980-10-28,F,USA,Florida,Investment,3,No,Agency,45,0,1,0,Betty Thompson
C1077,Individual,Peter,Griffin,1982-03-07,M,USA,Texas,Investment,2,No,Agency,43,0,1,0,Peter Griffin
C1078,Individual,Joshua,Howard,1940-07-22,M,USA,Ohio,Home,1,No,Agency,85,0,0,0,Joshua Howard
C1079,Individual,Steven,Hayes,1959-06-19,M,USA,California,Investment,4,Yes,Website,66,1,1,0,Steven Hayes
C1080,Individual,Hannah,Stewart,1956-10-06,F,UK,England,Investment,4,No,Agency,69,0,1,0,Hannah Stewart
C1081,Company,Meridian,Co,1974-09-08,M,Russia,Novosibirsk,Home,4,Yes,Agency,51,1,0,1,Meridian Co
C1082,Individual,Patricia,Martin,1993-02-04,F,USA,Oregon,Investment,5,Yes,Website,32,1,1,0,Patricia Martin
C1083,Individual,Pamela,Jackson,1950-10-06,F,USA,Colorado,Investment,4,No,Agency,75,0,1,0,Pamela Jackson
C1084,Individual,Sarah,Hansen,1989-07-27,F,France,Ile-de-France,Home,4,No,Agency,36,0,0,0,Sarah Hansen
C1085,Individual,Sarah,Flores,1947-10-18,F,Australia,Queensland,Investment,1,No,Client,78,0,1,0,Sarah Flores
C1086,Individual,Timothy,Montgomery,1956-03-01,M,USA,Colorado,Home,1,Yes,Website,69,1,0,0,Timothy Montgomery
C1087,Individual,Matthew,Owens,1984-01-03,M,USA,Colorado,Home,3,No,Website,41,0,0,0,Matthew Owens
C1088,Individual,Nicholas,Stewart,1998-09-26,M,USA,Utah,Home,4,Yes,Agency,27,1,0,0,Nicholas Stewart
C1089,Individual,Madison,Ward,1962-09-17,F,USA,Utah,Home,1,Yes,Website,63,1,0,0,Madison Ward
C1090,Individual,Laura,Moore,1962-09-07,F,Canada,Alberta,Home,3,Yes,Client,63,1,0,0,Laura Moore
C1091,Individual,Arthur,Phillips,1984-07-21,M,USA,Nevada,Home,1,Yes,Agency,41,1,0,0,Arthur Phillips
C1092,Individual,Terry,Adams,1996-11-24,M,USA,Oregon,Investment,2,No,Website,29,0,1,0,Terry Adams
C1093,Individual,Adam,Allen,1980-07-13,M,USA,Oregon,Home,1,Yes,Website,45,1,0,0,Adam Allen
C1094,Individual,Sarah,Cook,1960-02-12,F,USA,Washington,Home,2,Yes,Website,65,1,0,0,Sarah Cook
C1095,Individual,Cynthia,Howard,1940-02-26,F,USA,California,Home,3,No,Agency,85,0,0,0,Cynthia Howard
C1096,Individual,Grace,Edwards,1965-05-20,F,USA,New York,Home,2,No,Client,60,0,0,0,Grace Edwards
C1097,Individual,Teresa,Pierce,1962-07-16,F,Canada,Alberta,Home,3,Yes,Agency,63,1,0,0,Teresa Pierce
C1098,Individual,Paul,Young,1976-10-24,M,USA,California,Investment,3,No,Client,49,0,1,0,Paul Young
C1099,Individual,Joan,Scott,1972-06-26,F,USA,Colorado,Home,3,No,Agency,53,0,0,0,Joan Scott
C1100,Individual,Frank,Thomas,1940-05-14,M,Russia,Novosibirsk,Home,1,No,Website,85,0,0,0,Frank Thomas
C1101,Individual,Matthew,King,1964-01-03,M,Belgium,Flanders,Home,5,No,Website,61,0,0,0,Matthew King
C1102,Company,Harmon,Co,1960-05-06,M,Germany,Berlin,Home,2,No,Agency,65,0,0,1,Harmon Co
C1103,Individual,Jose,Johnson,1961-04-27,M,Belgium,Wallonia,Home,4,No,Agency,64,0,0,0,Jose Johnson
C1104,Individual,Christian,Weaver,1998-10-15,M,USA,Utah,Investment,5,Yes,Website,27,1,1,0,Christian Weaver
C1105,Individual,Roger,Ward,1940-01-14,M,USA,Nevada,Home,3,Yes,Website,85,1,0,0,Roger Ward
C1106,Individual,Sean,Martin,1982-05-16,M,USA,California,Home,1,No,Agency,43,0,0,0,Sean Martin
C1107,Individual,Frank,Hayes,1948-01-15,M,Canada,British Columbia,Home,1,No,Website,77,0,0,0,Frank Hayes
C1108,Individual,Helen,Ward,1994-01-12,F,Australia,South Australia,Home,4,No,Website,31,0,0,0,Helen Ward
C1109,Individual,Rebecca,Anderson,1967-09-05,F,USA,California,Home,1,Yes,Client,58,1,0,0,Rebecca Anderson
C1110,Individual,Harold,Watson,1977-05-12,M,USA,New York,Home,5,Yes,Website,48,1,0,0,Harold Watson
C1111,Company,Corvus,Co,1967-01-23,M,USA,California,Home,4,Yes,Website,58,1,0,1,Corvus Co
C1112,Individual,Donald,Green,1982-01-05,M,USA,Nevada,Investment,3,Yes,Website,43,1,1,0,Donald Green
C1113,Individual,Brenda,Martin,1974-08-18,F,USA,Texas,Investment,2,No,Client,51,0,1,0,Brenda Martin
C1114,Individual,Cheryl,Wood,1992-02-04,F,USA,California,Home,3,No,Website,33,0,0,0,Cheryl Wood
C1115,Individual,Joseph,Bell,1973-10-24,M,USA,Colorado,Home,3,Yes,Agency,52,1,0,0,Joseph Bell
C1116,Individual,Angela,Freeman,1991-12-17,F,USA,California,Home,1,Yes,Agency,34,1,0,0,Angela Freeman
C1117,Individual,Rebecca,Patterson,1955-02-23,F,Mexico,Mexico City,Home,5,Yes,Website,70,1,0,0,Rebecca Patterson
C1118,Company,Caldera,Co,1969-04-26,M,UK,Scotland,Investment,2,Yes,Website,56,1,1,1,Caldera Co
C1119,Individual,Larry,Green,1941-03-14,M,USA,Oregon,Home,1,Yes,Website,84,1,0,0,Larry Green
C1120,Individual,Kathleen,Carter,1979-07-16,F,USA,Arizona,Home,1,No,Website,46,0,0,0,Kathleen Carter
C1121,Individual,Carolyn,Gray,1985-06-02,F,USA,California,Home,1,No,Client,40,0,0,0,Carolyn Gray
C1122,Individual,Judith,Evans,1942-10-04,F,USA,California,Home,4,No,Website,83,0,0,0,Judith Evans
C1123,Individual,Robert,Pierce,1951-03-11,M,USA,Virginia,Home,5,No,Agency,74,0,0,0,Robert Pierce
C1124,Individual,Sharon,Murray,1976-02-04,F,USA,Oregon,Investment,5,Yes,Website,49,1,1,0,Sharon Murray
C1125,Individual,Ronald,Price,1941-02-03,M,USA,Oregon,Home,3,No,Agency,84,0,0,0,Ronald Price
C1126,Company,Elara,Co,1983-02-16,M,USA,Virginia,Home,1,Yes,Website,42,1,0,1,Elara Co
C1127,Individual,Ann,Cooper,1943-06-15,F,UK,England,Investment,1,No,Website,82,0,1,0,Ann Cooper
C1128,Individual,Brian,Montgomery,1983-12-05,M,USA,California,Investment,1,No,Website,42,0,1,0,Brian Montgomery
C1129,Individual,Martha,Hansen,1945-09-03,F,USA,Colorado,Investment,5,No,Agency,80,0,1,0,Martha Hansen
C1130,Individual,Tiffany,Parker,1987-03-01,F,USA,Arizona,Home,5,No,Website,38,0,0,0,Tiffany Parker
C1131,Individual,Cheryl,Kim,1984-05-28,F,USA,California,Investment,3,No,Website,41,0,1,0,Cheryl Kim
C1132,Individual,Terry,Roberts,1982-01-21,M,USA,New York,Home,2,Yes,Website,43,1,0,0,Terry Roberts
C1133,Individual,Jason,Hansen,1993-01-21,M,USA,Oregon,Investment,3,No,Website,32,0,1,0,Jason Hansen
C1134,Individual,Dorothy,Bennett,1943-10-10,F,USA,California,Investment,1,No,Website,82,0,1,0,Dorothy Bennett
C1135,Individual,Melissa,Phillips,1999-09-22,F,Russia,Moscow Oblast,Investment,5,Yes,Client,26,1,1,0,Melissa Phillips
C1136,Individual,Shirley,Weaver,1965-04-27,F,USA,California,Home,3,Yes,Agency,60,1,0,0,Shirley Weaver
C1137,Individual,Carol,Price,1986-12-24,F,USA,Nevada,Home,4,Yes,Agency,39,1,0,0,Carol Price
C1138,Individual,George,Green,1964-08-24,M,USA,Oregon,Home,1,No,Website,61,0,0,0,George Green
C1139,Individual,Tiffany,Green,1996-03-03,F,USA,California,Home,4,Yes,Client,29,1,0,0,Tiffany Green
C1140,Individual,Billy,Jackson,1976-07-01,M,USA,Florida,Home,1,Yes,Website,49,1,0,0,Billy Jackson
C1141,Individual,Kimberly,Montgomery,2000-01-26,F,USA,Arizona,Investment,3,No,Website,25,0,1,0,Kimberly Montgomery
C1142,Individual,Julia,Hughes,1948-03-10,F,USA,Colorado,Home,2,Yes,Agency,77,1,0,0,Julia Hughes
C1143,Individual,Michael,Garcia,1994-09-10,M,USA,Arizona,Home,2,Yes,Website,31,1,0,0,Michael Garcia
C1144,Individual,Diane,Young,1978-11-10,F,USA,Georgia,Investment,4,No,Client,47,0,1,0,Diane Young
C1145,Individual,Ethan,King,1993-04-04,M,USA,Nevada,Home,5,No,Website,32,0,0,0,Ethan King
C1146,Individual,Richard,Weaver,1991-03-14,M,USA,California,Investment,2,No,Website,34,0,1,0,Richard Weaver
C1147,Individual,Brittany,Edwards,1978-02-09,F,USA,Utah,Home,3,No,Website,47,0,0,0,Brittany Edwards
C1148,Individual,Joshua,Rogers,1991-07-15,M,Australia,New South Wales,Home,1,Yes,Agency,34,1,0,0,Joshua Rogers
C1149,Individual,Kimberly,Thomas,1980-03-06,F,Russia,Tatarstan,Home,3,No,Agency,45,0,0,0,Kimberly Thomas
C1150,Individual,Tiffany,Cook,1992-11-08,F,USA,Nevada,Investment,4,No,Agency,33,0,1,0,Tiffany Cook
C1151,Individual,Tyler,Anderson,1963-12-14,M,USA,Arizona,Investment,2,No,Website,62,0,1,0,Tyler Anderson
C1152,Individual,Jason,Williams,1977-09-16,M,USA,Georgia,Home,1,No,Website,48,0,0,0,Jason Williams
C1153,Individual,Scott,Sanders,1991-09-14,M,USA,California,Home,1,No,Website,34,0,0,0,Scott Sanders
C1154,Individual,Jerry,Brown,1956-07-12,M,USA,Utah,Home,5,Yes,Agency,69,1,0,0,Jerry Brown
C1155,Individual,William,Young,1977-03-03,M,USA,California,Home,5,No,Website,48,0,0,0,William Young
C1156,Individual,Dorothy,Kim,1956-05-16,F,USA,Virginia,Home,4,No,Agency,69,0,0,0,Dorothy Kim
C1157,Individual,Kenneth,Davis,1944-11-02,M,Canada,Alberta,Investment,2,No,Website,81,0,1,0,Kenneth Davis
C1158,Individual,Joan,Pierce,1955-05-19,F,USA,California,Investment,2,No,Website,70,0,1,0,Joan Pierce
C1159,Individual,Gerald,Howard,1940-03-24,M,USA,Nevada,Investment,1,Yes,Website,85,1,1,0,Gerald Howard
C1160,Individual,Walter,Griffin,1980-11-21,M,USA,Florida,Home,2,Yes,Website,45,1,0,0,Walter Griffin
C1161,Individual,Stephen,White,1994-02-12,M,Canada,Alberta,Investment,3,Yes,Website,31,1,1,0,Stephen White
C1162,Individual,Charles,Nelson,1962-01-25,M,USA,California,Investment,2,No,Website,63,0,1,0,Charles Nelson
C1163,Individual,Noah,Morales,1998-10-26,M,USA,California,Home,3,Yes,Website,27,1,0,0,Noah Morales
C1164,Individual,Emma,Watson,1968-04-11,F,Belgium,Wallonia,Home,3,Yes,Agency,57,1,0,0,Emma Watson
C1165,Individual,Victoria,Alexander,1994-09-26,F,Russia,Moscow Oblast,Home,1,No,Website,31,0,0,0,Victoria Alexander
C1166,Individual,Scott,Hall,1991-11-15,M,USA,New York,Investment,1,No,Website,34,0,1,0,Scott Hall
C1167,Individual,Kevin,Alexander,1967-12-20,M,UK,Scotland,Home,3,No,Website,58,0,0,0,Kevin Alexander
C1168,Individual,Brittany,Reyes,1998-12-25,F,Germany,Hamburg,Home,2,Yes,Agency,27,1,0,0,Brittany Reyes
C1169,Individual,Noah,Bryant,1994-01-05,M,Russia,Saint Petersburg,Home,5,Yes,Agency,31,1,0,0,Noah Bryant
C1170,Individual,Amanda,Collins,1990-02-09,F,USA,Nevada,Home,1,Yes,Website,35,1,0,0,Amanda Collins
C1171,Individual,Anna,Patterson,1984-08-21,F,USA,California,Investment,4,Yes,Website,41,1,1,0,Anna Patterson
C1172,Individual,Victoria,Freeman,1942-11-05,F,USA,Nevada,Home,5,No,Website,83,0,0,0,Victoria Freeman
C1173,Individual,Cheryl,Price,1984-11-02,F,Canada,Manitoba,Investment,1,No,Website,41,0,1,0,Cheryl Price
C1174,Individual,Kenneth,White,1982-07-06,M,USA,Nevada,Home,2,No,Agency,43,0,0,0,Kenneth White
C1175,Individual,Evelyn,Long,1959-09-27,F,USA,California,Home,2,No,Website,66,0,0,0,Evelyn Long
C1176,Individual,Lauren,Baker,1975-06-03,F,USA,California,Investment,4,Yes,Agency,50,1,1,0,Lauren Baker
C1177,Individual,Larry,Sanders,1998-09-05,M,USA,California,Investment,2,No,Agency,27,0,1,0,Larry Sanders
C1178,Individual,Jessica,Richardson,1950-07-16,F,USA,California,Home,1,No,Agency,75,0,0,0,Jessica Richardson
C1179,Individual,Melissa,Anderson,1991-02-09,F,USA,California,Home,4,No,Agency,34,0,0,0,Melissa Anderson
C1180,Individual,Deborah,Miller,1995-07-11,F,Belgium,Brussels,Home,2,Yes,Website,30,1,0,0,Deborah Miller
C1181,Individual,Judith,Hansen,1956-03-23,F,USA,Nevada,Investment,5,No,Website,69,0,1,0,Judith Hansen
C1182,Individual,Christopher,Murray,1961-03-11,M,Germany,Bavaria,Investment,3,Yes,Website,64,1,1,0,Christopher Murray
C1183,Individual,Carl,Rogers,1993-11-14,M,USA,Arizona,Investment,1,No,Website,32,0,1,0,Carl Rogers
C1184,Individual,David,Nelson,1953-04-14,M,France,Ile-de-France,Home,2,No,Website,72,0,0,0,David Nelson
C1185,Individual,Ronald,Peterson,2000-06-27,M,USA,California,Home,3,No,Website,25,0,0,0,Ronald Peterson
C1186,Individual,Victoria,Bennett,1978-06-27,F,USA,Nevada,Home,3,Yes,Website,47,1,0,0,Victoria Bennett
C1187,Individual,Melissa,Pierce,1962-03-18,F,USA,Nevada,Home,4,No,Website,63,0,0,0,Melissa Pierce
C1188,Individual,Matthew,White,1995-11-01,M,Canada,Alberta,Home,1,No,Client,30,0,0,0,Matthew White
C1189,Individual,Peter,Alexander,1963-01-22,M,USA,Florida,Home,2,Yes,Client,62,1,0,0,Peter Alexander
C1190,Individual,Sandra,Baker,1946-08-04,F,USA,Texas,Home,4,No,Client,79,0,0,0,Sandra Baker
C1191,Individual,Mary,Cox,1950-04-17,F,USA,California,Investment,3,No,Website,75,0,1,0,Mary Cox
C1192,Individual,Adam,Jones,2000-01-05,M,USA,Florida,Home,5,No,Website,25,0,0,0,Adam Jones
C1193,Individual,Amy,Owens,1975-04-20,F,UK,England,Home,1,No,Website,50,0,0,0,Amy Owens
C1194,Individual,Melissa,Brooks,1943-06-17,F,USA,Colorado,Home,1,No,Website,82,0,0,0,Melissa Brooks
C1195,Individual,Anna,Pierce,1990-06-07,F,USA,California,Home,4,Yes,Agency,35,1,0,0,Anna Pierce
C1196,Individual,William,Freeman,1955-09-03,M,USA,Nevada,Home,2,No,Agency,70,0,0,0,William Freeman
C1197,Individual,Deborah,Roberts,1959-04-10,F,USA,Arizona,Home,4,No,Website,66,0,0,0,Deborah Roberts
C1198,Individual,Lisa,Young,1960-01-21,F,USA,New York,Home,1,No,Agency,65,0,0,0,Lisa Young
C1199,Individual,Justin,Campbell,1943-03-03,M,USA,Colorado,Home,2,No,Website,82,0,0,0,Justin Campbell
C1200,Individual,Henry,Taylor,1969-11-03,M,USA,Utah,Home,4,No,Agency,56,0,0,0,Henry Taylor
C1201,Individual,Timothy,Stewart,2000-03-22,M,USA,Oregon,Investment,1,Yes,Website,25,1,1,0,Timothy Stewart
C1202,Company,Telnox,Co,1985-05-09,M,Canada,Quebec,Investment,5,Yes,Website,40,1,1,1,Telnox Co
C1203,Individual,Ashley,Green,1962-01-18,F,USA,Arizona,Home,2,Yes,Website,63,1,0,0,Ashley Green
C1204,Individual,William,Reed,1992-04-03,M,Mexico,Puebla,Investment,2,Yes,Website,33,1,1,0,William Reed
C1205,Individual,Patrick,Pierce,1959-05-15,M,Belgium,Flanders,Home,4,No,Website,66,0,0,0,Patrick Pierce
C1206,Individual,Melissa,Baker,1957-12-09,F,USA,California,Investment,5,No,Website,68,0,1,0,Melissa Baker
C1207,Individual,Lauren,Price,1973-10-24,F,USA,Texas,Home,5,Yes,Agency,52,1,0,0,Lauren Price
C1208,Individual,Noah,Ward,1977-11-27,M,USA,Colorado,Home,1,No,Website,48,0,0,0,Noah Ward
C1209,Individual,Tiffany,Kim,1978-07-01,F,USA,California,Home,4,Yes,Website,47,1,0,0,Tiffany Kim
C1210,Individual,Dennis,Cox,1991-06-04,M,USA,California,Investment,1,No,Website,34,0,1,0,Dennis Cox
C1211,Individual,Kathleen,Owens,1996-07-10,F,Canada,British Columbia,Home,5,Yes,Website,29,1,0,0,Kathleen Owens
C1212,Individual,Lawrence,Gray,1957-07-11,M,USA,California,Home,1,No,Agency,68,0,0,0,Lawrence Gray
C1213,Individual,Ruth,Martin,1993-08-06,F,Canada,Manitoba,Home,5,No,Website,32,0,0,0,Ruth Martin
C1214,Individual,Jennifer,Peterson,2000-08-10,F,USA,Florida,Home,1,No,Agency,25,0,0,0,Jennifer Peterson
C1215,Individual,Charles,Patterson,1994-07-24,M,USA,California,Home,3,No,Website,31,0,0,0,Charles Patterson
C1216,Individual,Martha,Jordan,1997-07-10,F,France,Normandy,Home,4,No,Website,28,0,0,0,Martha Jordan
C1217,Individual,William,Carter,1997-01-05,M,USA,California,Investment,4,Yes,Website,28,1,1,0,William Carter
C1218,Individual,Teresa,Smith,1941-12-28,F,USA,California,Home,1,Yes,Website,84,1,0,0,Teresa Smith
C1219,Individual,Danielle,Howard,1983-12-06,F,USA,Arizona,Home,1,Yes,Website,42,1,0,0,Danielle Howard
C1220,Individual,Christina,Martin,1967-09-08,F,USA,Colorado,Investment,4,Yes,Website,58,1,1,0,Christina Martin
C1221,Individual,Cynthia,Thomas,1984-05-23,F,USA,Nevada,Investment,2,No,Agency,41,0,1,0,Cynthia Thomas
C1222,Individual,Christopher,Taylor,1969-01-07,M,USA,Utah,Home,4,No,Website,56,0,0,0,Christopher Taylor
C1223,Individual,Sharon,Stone,1952-09-17,F,USA,Washington,Home,4,No,Website,73,0,0,0,Sharon Stone
C1224,Individual,Paul,Carter,1942-06-13,M,USA,New York,Investment,5,Yes,Client,83,1,1,0,Paul Carter
C1225,Individual,Larry,James,1990-11-10,M,USA,Oregon,Home,2,No,Website,35,0,0,0,Larry James
C1226,Individual,Michael,Sanders,1989-05-01,M,USA,Utah,Home,4,No,Website,36,0,0,0,Michael Sanders
C1227,Individual,Alexander,Reyes,1987-03-13,M,USA,Colorado,Home,3,Yes,Agency,38,1,0,0,Alexander Reyes
C1228,Individual,Joseph,Howard,1954-07-07,M,USA,California,Home,2,No,Website,71,0,0,0,Joseph Howard
C1229,Individual,Madison,Reyes,1994-11-02,F,UK,Scotland,Home,1,Yes,Website,31,1,0,0,Madison Reyes
C1230,Individual,Lawrence,Parker,1985-02-18,M,USA,California,Home,5,No,Client,40,0,0,0,Lawrence Parker
C1231,Individual,Betty,Carter,1954-12-09,F,USA,California,Home,2,No,Agency,71,0,0,0,Betty Carter
C1232,Individual,Mary,Jackson,1989-09-23,F,Canada,British Columbia,Home,3,No,Website,36,0,0,0,Mary Jackson
C1233,Individual,Brian,Scott,1979-08-05,M,USA,Utah,Home,4,No,Website,46,0,0,0,Brian Scott
C1234,Individual,Karen,King,1957-01-20,F,USA,Colorado,Investment,1,No,Website,68,0,1,0,Karen King
C1235,Individual,Michael,Morales,1957-05-27,M,USA,Arizona,Home,2,No,Website,68,0,0,0,Michael Morales
C1236,Individual,Brandon,Cook,1972-08-24,M,USA,Arizona,Home,4,Yes,Website,53,1,0,0,Brandon Cook
C1237,Individual,Helen,Cook,1943-09-25,F,UK,Wales,Investment,4,Yes,Website,82,1,1,0,Helen Cook
C1238,Individual,Joshua,Bennett,1946-04-22,M,USA,Nevada,Home,1,Yes,Agency,79,1,0,0,Joshua Bennett
C1239,Individual,Catherine,Adams,1953-02-07,F,USA,Oregon,Home,3,No,Agency,72,0,0,0,Catherine Adams
C1240,Individual,Gloria,Wright,1984-11-12,F,USA,Nevada,Investment,4,Yes,Website,41,1,1,0,Gloria Wright
C1241,Individual,Danielle,Martin,1973-08-19,F,USA,California,Home,1,No,Agency,52,0,0,0,Danielle Martin
C1242,Individual,Gerald,Collins,1961-09-22,M,USA,California,Home,3,Yes,Website,64,1,0,0,Gerald Collins
C1243,Individual,Jeffrey,Edwards,1948-10-04,M,USA,Colorado,Home,1,No,Website,77,0,0,0,Jeffrey Edwards
C1244,Individual,Joseph,Phillips,1992-06-10,M,USA,Utah,Investment,5,Yes,Website,33,1,1,0,Joseph Phillips
C1245,Individual,Edward,Reyes,1963-02-10,M,USA,California,Home,3,Yes,Agency,62,1,0,0,Edward Reyes
C1246,Individual,Joyce,Jackson,1943-05-10,F,Canada,Alberta,Home,2,No,Agency,82,0,0,0,Joyce Jackson
C1247,Individual,Judy,Moore,1957-04-09,F,USA,Nevada,Investment,2,No,Website,68,0,1,0,Judy Moore
C1248,Individual,Sara,Scott,1976-07-04,F,USA,Arizona,Home,3,No,Agency,49,0,0,0,Sara Scott
C1249,Individual,Janet,James,1971-07-14,F,USA,California,Investment,1,No,Website,54,0,1,0,Janet James
C1250,Individual,Jordan,Stewart,1950-04-19,M,USA,Nevada,Home,5,No,Agency,75,0,0,0,Jordan Stewart
C1251,Individual,Aaron,Thompson,1975-11-01,M,USA,Texas,Investment,5,No,Website,50,0,1,0,Aaron Thompson
C1252,Individual,Margaret,Cook,1962-02-27,F,USA,Arizona,Home,3,Yes,Website,63,1,0,0,Margaret Cook
C1253,Individual,Jason,Flores,1991-09-24,M,USA,California,Home,2,No,Agency,34,0,0,0,Jason Flores
C1254,Individual,Ethan,Freeman,1956-04-04,M,USA,California,Home,5,Yes,Agency,69,1,0,0,Ethan Freeman
C1255,Individual,Mark,Patterson,1999-09-15,M,USA,California,Home,3,No,Agency,26,0,0,0,Mark Patterson
C1256,Company,Triton,Co,1972-02-18,F,USA,California,Investment,4,No,Agency,53,0,1,1,Triton Co
C1257,Individual,Michael,Scott,1991-12-22,M,USA,California,Home,5,Yes,Agency,34,1,0,0,Michael Scott
C1258,Individual,Betty,Stone,1969-06-22,F,USA,Nevada,Home,1,No,Website,56,0,0,0,Betty Stone
C1259,Individual,William,Edwards,1971-02-19,M,USA,California,Investment,3,Yes,Agency,54,1,1,0,William Edwards
C1260,Individual,Elizabeth,Ward,1992-08-24,F,USA,California,Home,2,No,Agency,33,0,0,0,Elizabeth Ward
C1261,Individual,Patrick,Kim,1976-09-03,M,USA,Utah,Home,3,No,Client,49,0,0,0,Patrick Kim
C1262,Individual,Dorothy,Evans,1950-11-10,F,USA,California,Investment,4,No,Agency,75,0,1,0,Dorothy Evans
C1263,Individual,Lawrence,Alexander,1951-11-17,M,USA,California,Investment,3,No,Agency,74,0,1,0,Lawrence Alexander
C1264,Individual,Sarah,Garcia,1999-12-06,F,USA,California,Investment,1,No,Agency,26,0,1,0,Sarah Garcia
C1265,Individual,Gary,White,1943-03-24,M,USA,Washington,Home,1,Yes,Agency,82,1,0,0,Gary White
C1266,Individual,Christopher,Hughes,1952-06-20,M,UK,England,Home,2,No,Website,73,0,0,0,Christopher Hughes
C1267,Individual,Dorothy,Peterson,1965-04-07,F,USA,Colorado,Home,3,Yes,Website,60,1,0,0,Dorothy Peterson
C1268,Individual,Gloria,Green,1995-10-01,F,UK,Northern Ireland,Investment,1,Yes,Website,30,1,1,0,Gloria Green
C1269,Individual,Jack,Bennett,1964-09-28,M,USA,California,Home,5,No,Website,61,0,0,0,Jack Bennett
C1270,Individual,Cheryl,Ward,1978-10-18,F,USA,Texas,Home,4,No,Agency,47,0,0,0,Cheryl Ward
C1271,Individual,Noah,Anderson,1992-09-10,M,USA,California,Home,2,Yes,Agency,33,1,0,0,Noah Anderson
C1272,Individual,Ryan,Collins,1941-05-13,M,France,Occitanie,Home,1,Yes,Website,84,1,0,0,Ryan Collins
C1273,Individual,Gerald,Jordan,1968-05-13,M,Canada,Alberta,Home,5,No,Website,57,0,0,0,Gerald Jordan
C1274,Individual,Linda,Jones,1979-07-09,F,USA,California,Investment,1,Yes,Website,46,1,1,0,Linda Jones
C1275,Individual,Jessica,Roberts,1969-02-26,F,USA,Georgia,Investment,1,No,Website,56,0,1,0,Jessica Roberts
C1276,Individual,Arthur,Griffin,1940-03-09,M,Australia,Victoria,Home,1,Yes,Agency,85,1,0,0,Arthur Griffin
C1277,Individual,Lauren,Griffin,1981-04-01,F,USA,California,Investment,2,No,Agency,44,0,1,0,Lauren Griffin
C1278,Individual,Arthur,Griffin,1997-07-25,M,USA,Utah,Home,4,No,Website,28,0,0,0,Arthur Griffin
C1279,Individual,Peter,Martin,1943-10-12,M,USA,California,Home,4,Yes,Website,82,1,0,0,Peter Martin
C1280,Individual,Jacob,Bennett,1953-09-19,M,USA,Texas,Home,2,Yes,Website,72,1,0,0,Jacob Bennett
C1281,Individual,Deborah,Edwards,1998-06-12,F,Canada,Manitoba,Investment,2,Yes,Website,27,1,1,0,Deborah Edwards
C1282,Individual,Ashley,Taylor,1996-05-18,F,USA,Colorado,Investment,3,Yes,Agency,29,1,1,0,Ashley Taylor
C1283,Individual,Janice,Collins,1945-11-08,F,USA,New York,Home,3,No,Agency,80,0,0,0,Janice Collins
C1284,Individual,Patrick,Bennett,1955-10-16,M,USA,California,Home,2,No,Website,70,0,0,0,Patrick Bennett
C1285,Individual,Steven,Cox,1954-03-02,M,USA,Utah,Home,4,Yes,Website,71,1,0,0,Steven Cox
C1286,Individual,Stephen,Evans,1963-07-10,M,USA,California,Home,5,No,Agency,62,0,0,0,Stephen Evans
C1287,Individual,Diane,Hughes,1998-04-07,F,USA,California,Investment,4,No,Website,27,0,1,0,Diane Hughes
C1288,Individual,Sean,Cooper,1941-01-20,M,Belgium,Wallonia,Home,3,No,Agency,84,0,0,0,Sean Cooper
C1289,Individual,Samuel,Freeman,1973-07-26,M,Mexico,Jalisco,Investment,1,Yes,Agency,52,1,1,0,Samuel Freeman
C1290,Individual,Teresa,Long,1973-10-24,F,USA,Washington,Home,3,Yes,Website,52,1,0,0,Teresa Long
C1291,Individual,Paul,Johnson,1983-11-09,M,USA,California,Investment,5,Yes,Website,42,1,1,0,Paul Johnson
C1292,Individual,Jordan,Evans,1977-05-22,M,USA,Texas,Investment,5,Yes,Website,48,1,1,0,Jordan Evans
C1293,Individual,Anna,Wright,1972-08-01,F,USA,California,Home,1,No,Agency,53,0,0,0,Anna Wright
C1294,Individual,Henry,Davis,1963-02-09,M,Canada,Ontario,Investment,3,Yes,Agency,62,1,1,0,Henry Davis
C1295,Individual,Anna,Bryant,1992-04-21,F,USA,California,Investment,1,Yes,Website,33,1,1,0,Anna Bryant
C1296,Individual,Keith,Hughes,1963-06-02,M,USA,Virginia,Home,1,No,Website,62,0,0,0,Keith Hughes
C1297,Company,Vertex,Co,1983-09-06,M,Germany,Berlin,Home,5,No,Website,42,0,0,1,Vertex Co
C1298,Individual,Margaret,Taylor,1968-08-04,F,USA,California,Home,2,No,Agency,57,0,0,0,Margaret Taylor
C1299,Individual,Karen,James,1944-05-05,F,USA,California,Investment,3,No,Website,81,0,1,0,Karen James
C1300,Individual,Judith,Collins,1961-01-06,F,USA,California,Home,2,No,Website,64,0,0,0,Judith Collins
C1301,Individual,Benjamin,Hayes,1955-12-17,M,USA,Virginia,Home,2,No,Agency,70,0,0,0,Benjamin Hayes
C1302,Individual,Jerry,Anderson,1996-04-19,M,USA,Arizona,Investment,5,No,Website,29,0,1,0,Jerry Anderson
C1303,Individual,Christian,Miller,1962-08-22,M,USA,Arizona,Home,3,Yes,Website,63,1,0,0,Christian Miller
C1304,Individual,Angela,Cook,1985-06-08,F,USA,California,Investment,1,No,Website,40,0,1,0,Angela Cook
C1305,Individual,Catherine,Anderson,1978-09-17,F,USA,Georgia,Home,4,No,Website,47,0,0,0,Catherine Anderson
C1306,Individual,Kathleen,Morales,1948-03-18,F,USA,Washington,Home,5,No,Website,77,0,0,0,Kathleen Morales
C1307,Individual,Rachel,Rogers,1993-02-14,F,USA,Colorado,Home,5,No,Agency,32,0,0,0,Rachel Rogers
C1308,Individual,Timothy,Sanders,2000-03-04,M,USA,California,Investment,5,No,Agency,25,0,1,0,Timothy Sanders
C1309,Individual,David,Reyes,1999-12-06,M,USA,California,Home,5,No,Website,26,0,0,0,David Reyes
C1310,Individual,Ann,Roberts,1955-05-04,F,USA,New York,Home,5,No,Agency,70,0,0,0,Ann Roberts
C1311,Individual,Christopher,Ward,1940-08-14,M,UK,England,Home,4,Yes,Client,85,1,0,0,Christopher Ward
C1312,Individual,Timothy,Stone,1942-09-03,M,USA,New York,Home,5,No,Website,83,0,0,0,Timothy Stone
C1313,Individual,Heather,Reed,1972-03-17,F,Australia,Western Australia,Investment,3,No,Website,53,0,1,0,Heather Reed
C1314,Individual,Rachel,Miller,1964-09-17,F,USA,Arizona,Home,3,No,Website,61,0,0,0,Rachel Miller
C1315,Individual,Joshua,Garcia,1948-12-24,M,USA,Colorado,Home,3,No,Agency,77,0,0,0,Joshua Garcia
C1316,Individual,Emma,King,1993-05-09,F,USA,Colorado,Home,2,Yes,Website,32,1,0,0,Emma King
C1317,Company,Atlas,Co,1973-11-27,M,USA,Utah,Home,2,Yes,Website,52,1,0,1,Atlas Co
C1318,Individual,William,Montgomery,1943-01-18,M,USA,Texas,Home,1,No,Website,82,0,0,0,William Montgomery
C1319,Individual,Grace,James,1954-08-17,F,USA,Florida,Home,3,Yes,Client,71,1,0,0,Grace James
C1320,Individual,Peter,Reyes,1969-05-03,M,USA,California,Investment,1,No,Website,56,0,1,0,Peter Reyes
C1321,Individual,Christopher,Reed,1990-09-11,M,USA,Colorado,Investment,5,No,Client,35,0,1,0,Christopher Reed
C1322,Individual,Barbara,Reyes,1994-12-26,F,USA,California,Home,5,No,Agency,31,0,0,0,Barbara Reyes
C1323,Individual,Nicholas,Moore,1963-07-28,M,USA,Utah,Home,3,No,Website,62,0,0,0,Nicholas Moore
C1324,Individual,Carl,Edwards,1992-04-21,M,USA,Arizona,Investment,2,Yes,Agency,33,1,1,0,Carl Edwards
C1325,Individual,George,Jones,1974-12-09,M,Canada,Alberta,Home,5,Yes,Agency,51,1,0,0,George Jones
C1326,Individual,Brandon,Mitchell,1944-05-22,M,USA,Colorado,Investment,4,No,Website,81,0,1,0,Brandon Mitchell
C1327,Individual,Betty,Carter,1993-05-14,F,USA,California,Home,4,Yes,Website,32,1,0,0,Betty Carter
C1328,Individual,Sandra,Cooper,1956-07-23,F,USA,Washington,Home,4,No,Website,69,0,0,0,Sandra Cooper
C1329,Individual,Scott,Parker,1968-04-28,M,USA,California,Investment,3,Yes,Agency,57,1,1,0,Scott Parker
C1330,Individual,Kelly,James,1975-05-02,F,USA,Colorado,Investment,2,No,Agency,50,0,1,0,Kelly James
C1331,Individual,Christina,Bennett,1986-10-06,F,USA,California,Investment,1,No,Agency,39,0,1,0,Christina Bennett
C1332,Individual,Michael,Howard,1995-12-11,M,USA,Washington,Investment,5,Yes,Agency,30,1,1,0,Michael Howard
C1333,Individual,Jack,Hansen,1988-03-27,M,USA,Nevada,Investment,2,Yes,Website,37,1,1,0,Jack Hansen
C1334,Individual,Victoria,Nelson,1965-12-08,F,USA,California,Home,5,Yes,Agency,60,1,0,0,Victoria Nelson
C1335,Individual,Elizabeth,Hall,1982-05-01,F,USA,Oregon,Investment,2,Yes,Website,43,1,1,0,Elizabeth Hall
C1336,Individual,Joyce,Thompson,1948-12-09,F,USA,California,Home,5,No,Client,77,0,0,0,Joyce Thompson
C1337,Individual,Jennifer,Johnson,1953-09-20,F,USA,California,Investment,5,No,Website,72,0,1,0,Jennifer Johnson
C1338,Individual,Christine,James,1968-12-01,F,USA,California,Home,2,Yes,Website,57,1,0,0,Christine James
C1339,Company,Rexon,Co,1961-02-24,M,USA,Nevada,Home,4,Yes,Website,64,1,0,1,Rexon Co
C1340,Company,Forsyte,Co,1988-12-05,M,USA,Colorado,Home,5,No,Website,37,0,0,1,Forsyte Co
C1341,Individual,Julie,Cox,1952-09-23,F,USA,Colorado,Home,5,Yes,Website,73,1,0,0,Julie Cox
C1342,Individual,Maria,Griffin,1964-02-21,F,USA,California,Home,1,Yes,Agency,61,1,0,0,Maria Griffin
C1343,Individual,Megan,Turner,1995-03-13,F,Canada,Ontario,Home,5,No,Agency,30,0,0,0,Megan Turner
C1344,Individual,Carl,Phillips,1974-05-24,M,USA,Florida,Home,1,No,Agency,51,0,0,0,Carl Phillips
C1345,Individual,Mary,Parker,1956-04-25,F,USA,Texas,Home,5,No,Website,69,0,0,0,Mary Parker
C1346,Company,Triton,Co,1987-03-18,F,USA,Colorado,Investment,4,No,Agency,38,0,1,1,Triton Co
C1347,Individual,Mark,James,1956-02-13,M,USA,Washington,Home,2,No,Client,69,0,0,0,Mark James
C1348,Individual,Peter,Harris,1998-07-16,M,USA,Oregon,Home,4,Yes,Client,27,1,0,0,Peter Harris
C1349,Individual,Joyce,Johnson,1982-02-14,F,USA,Virginia,Investment,3,No,Website,43,0,1,0,Joyce Johnson
C1350,Individual,Julia,King,1991-05-17,F,Germany,Hamburg,Home,5,No,Website,34,0,0,0,Julia King
C1351,Individual,Judith,Long,1987-06-24,F,Australia,South Australia,Home,2,No,Client,38,0,0,0,Judith Long
C1352,Individual,Benjamin,Gray,1989-03-16,M,USA,California,Home,2,Yes,Agency,36,1,0,0,Benjamin Gray
C1353,Individual,Debra,Jackson,1997-10-15,F,Canada,Alberta,Home,1,No,Agency,28,0,0,0,Debra Jackson
C1354,Individual,Patrick,Johnson,1941-04-09,M,USA,Florida,Home,5,No,Website,84,0,0,0,Patrick Johnson
C1355,Individual,Shirley,Owens,1966-11-22,F,USA,California,Investment,2,Yes,Client,59,1,1,0,Shirley Owens
C1356,Individual,Jonathan,Morales,1994-03-26,M,USA,Oregon,Investment,4,No,Agency,31,0,1,0,Jonathan Morales
C1357,Individual,Danielle,Patterson,1987-03-01,F,USA,California,Home,5,Yes,Website,38,1,0,0,Danielle Patterson
C1358,Individual,Gregory,Taylor,1943-01-05,M,USA,Texas,Home,4,No,Agency,82,0,0,0,Gregory Taylor
C1359,Individual,Gary,Owens,1975-07-25,M,USA,Virginia,Home,3,No,Agency,50,0,0,0,Gary Owens
C1360,Individual,Billy,Nelson,1990-11-27,M,USA,Virginia,Home,4,No,Agency,35,0,0,0,Billy Nelson
C1361,Individual,Ashley,Owens,1943-07-21,F,USA,California,Home,3,No,Client,82,0,0,0,Ashley Owens
C1362,Individual,Laura,Jordan,1965-04-13,F,USA,California,Investment,1,Yes,Agency,60,1,1,0,Laura Jordan
C1363,Individual,James,Stone,1981-06-04,M,USA,Georgia,Home,5,Yes,Agency,44,1,0,0,James Stone
C1364,Individual,Andrea,Watson,1998-12-23,F,USA,California,Investment,1,No,Website,27,0,1,0,Andrea Watson
C1365,Individual,Tiffany,Sanders,1969-03-16,F,Belgium,Brussels,Investment,5,Yes,Website,56,1,1,0,Tiffany Sanders
C1366,Individual,George,Thompson,1995-07-27,M,USA,California,Home,1,No,Website,30,0,0,0,George Thompson
C1367,Individual,Stephanie,Jordan,1953-01-11,F,Germany,Berlin,Home,2,No,Client,72,0,0,0,Stephanie Jordan
C1368,Individual,Jose,Gray,1947-11-22,M,USA,California,Home,5,Yes,Client,78,1,0,0,Jose Gray
C1369,Individual,Peter,Garcia,1983-10-07,M,France,Brittany,Home,4,Yes,Agency,42,1,0,0,Peter Garcia
C1370,Individual,Frank,Evans,1965-06-04,M,USA,Colorado,Investment,1,No,Agency,60,0,1,0,Frank Evans
C1371,Individual,Timothy,Thomas,1989-06-19,M,UK,England,Home,2,Yes,Website,36,1,0,0,Timothy Thomas
C1372,Individual,Lisa,Turner,1981-11-21,F,USA,Washington,Investment,2,No,Website,44,0,1,0,Lisa Turner
C1373,Individual,Melissa,Evans,1992-10-11,F,USA,California,Home,3,Yes,Website,33,1,0,0,Melissa Evans
C1374,Company,Quasar,Co,1990-01-25,M,France,Ile-de-France,Home,3,Yes,Agency,35,1,0,1,Quasar Co
C1375,Individual,Carolyn,Flores,1972-11-22,F,USA,California,Investment,4,Yes,Agency,53,1,1,0,Carolyn Flores
C1376,Individual,Carolyn,Edwards,1987-06-23,F,USA,Arizona,Investment,3,Yes,Agency,38,1,1,0,Carolyn Edwards
C1377,Individual,Laura,Long,1984-01-04,F,USA,Utah,Investment,2,No,Website,41,0,1,0,Laura Long
C1378,Individual,Maria,Morales,1976-11-19,F,USA,California,Investment,1,No,Website,49,0,1,0,Maria Morales
C1379,Individual,Kevin,Gray,1970-06-11,M,UK,Scotland,Home,2,No,Website,55,0,0,0,Kevin Gray
C1380,Individual,Michael,Hughes,1949-10-15,M,Canada,Alberta,Investment,4,No,Website,76,0,1,0,Michael Hughes
C1381,Individual,Eric,Cox,1962-06-16,M,Germany,Hesse,Home,3,Yes,Website,63,1,0,0,Eric Cox
C1382,Individual,Adam,James,1951-05-19,M,USA,Oregon,Home,2,No,Website,74,0,0,0,Adam James
C1383,Individual,Noah,Moore,1992-11-11,M,USA,California,Home,2,No,Agency,33,0,0,0,Noah Moore
C1384,Individual,Mary,Young,1988-03-10,F,USA,California,Home,2,Yes,Agency,37,1,0,0,Mary Young
C1385,Individual,Kenneth,Owens,1946-06-01,M,USA,California,Home,1,No,Agency,79,0,0,0,Kenneth Owens
C1386,Individual,Harold,Howard,1947-08-23,M,USA,Washington,Home,4,Yes,Website,78,1,0,0,Harold Howard
C1387,Individual,Jose,Reed,1943-05-27,M,Germany,Hamburg,Investment,4,No,Website,82,0,1,0,Jose Reed
C1388,Individual,Hannah,Stone,1999-04-20,F,USA,Washington,Home,3,No,Website,26,0,0,0,Hannah Stone
C1389,Individual,Jordan,Montgomery,1952-07-03,M,UK,Scotland,Home,2,No,Website,73,0,0,0,Jordan Montgomery
C1390,Individual,Lauren,Thomas,1979-07-21,F,USA,Nevada,Home,3,No,Website,46,0,0,0,Lauren Thomas
C1391,Individual,Barbara,Campbell,1974-03-06,F,USA,Utah,Home,1,No,Website,51,0,0,0,Barbara Campbell
C1392,Individual,Jose,Johnson,1990-06-05,M,USA,Colorado,Home,4,Yes,Agency,35,1,0,0,Jose Johnson
C1393,Individual,Virginia,Miller,1981-07-09,F,Mexico,Baja California,Investment,1,No,Agency,44,0,1,0,Virginia Miller
C1394,Individual,Debra,Hansen,1977-02-26,F,USA,Nevada,Home,4,No,Website,48,0,0,0,Debra Hansen
C1395,Individual,Megan,Campbell,1988-09-27,F,Canada,Alberta,Investment,4,No,Website,37,0,1,0,Megan Campbell
C1396,Individual,Steven,Foster,1971-06-02,M,Canada,Manitoba,Investment,3,Yes,Website,54,1,1,0,Steven Foster
C1397,Individual,Linda,Chavez,1983-03-10,F,USA,Nevada,Home,4,No,Website,42,0,0,0,Linda Chavez
C1398,Individual,Alexander,Jones,1966-12-13,M,USA,California,Home,5,Yes,Website,59,1,0,0,Alexander Jones
C1399,Individual,Lauren,Evans,1978-08-23,F,Canada,British Columbia,Home,5,No,Agency,47,0,0,0,Lauren Evans
C1400,Individual,Maria,Jones,1991-10-24,F,UK,Northern Ireland,Home,4,No,Client,34,0,0,0,Maria Jones
C1401,Individual,Virginia,Brooks,1999-03-24,F,USA,Virginia,Investment,1,No,Website,26,0,1,0,Virginia Brooks
C1402,Individual,Helen,Jordan,1968-09-28,F,USA,Utah,Home,3,No,Agency,57,0,0,0,Helen Jordan
C1403,Individual,Pamela,Scott,1983-09-22,F,USA,Oregon,Home,2,No,Website,42,0,0,0,Pamela Scott
C1404,Individual,Sharon,Williams,1950-07-22,F,USA,California,Home,4,No,Agency,75,0,0,0,Sharon Williams
C1405,Individual,Ryan,Williams,1955-06-08,M,USA,Oregon,Home,5,No,Agency,70,0,0,0,Ryan Williams
C1406,Individual,Sara,Wood,1970-09-01,F,USA,California,Home,3,No,Website,55,0,0,0,Sara Wood
C1407,Individual,Sharon,Hansen,1956-03-22,F,USA,California,Home,1,No,Agency,69,0,0,0,Sharon Hansen
C1408,Company,Grandis,Co,1963-11-13,F,USA,California,Home,2,No,Agency,62,0,0,1,Grandis Co
C1409,Individual,Katherine,Price,1957-08-01,F,USA,Oregon,Investment,2,No,Website,68,0,1,0,Katherine Price
C1410,Individual,Jennifer,Edwards,1965-12-16,F,USA,Nevada,Home,2,No,Agency,60,0,0,0,Jennifer Edwards
C1411,Individual,Anthony,Watson,1987-04-04,M,USA,California,Home,2,No,Client,38,0,0,0,Anthony Watson
C1412,Company,Optima,Co,1985-06-28,F,USA,Nevada,Home,2,No,Agency,40,0,0,1,Optima Co
C1413,Individual,Margaret,Rogers,1968-09-18,F,USA,California,Home,4,No,Agency,57,0,0,0,Margaret Rogers
C1414,Individual,Michelle,Wright,1975-05-01,F,USA,Florida,Home,4,No,Website,50,0,0,0,Michelle Wright
C1415,Individual,Tyler,Murray,1959-07-14,M,USA,California,Investment,1,No,Website,66,0,1,0,Tyler Murray
C1416,Individual,Bryan,Peterson,1954-07-01,M,USA,Oregon,Home,2,No,Agency,71,0,0,0,Bryan Peterson
C1417,Individual,Dennis,Williams,1953-10-26,M,UK,Scotland,Home,5,No,Website,72,0,0,0,Dennis Williams
C1418,Individual,Kyle,Cox,1954-04-06,M,USA,Ohio,Investment,2,No,Website,71,0,1,0,Kyle Cox
C1419,Individual,Jason,Peterson,1971-08-08,M,Germany,Hamburg,Investment,4,Yes,Website,54,1,1,0,Jason Peterson
C1420,Company,Terova,Co,1981-10-20,M,UK,Wales,Home,5,No,Website,44,0,0,1,Terova Co
C1421,Individual,James,Jones,1957-11-14,M,USA,Colorado,Home,1,No,Website,68,0,0,0,James Jones
C1422,Individual,Billy,Hansen,1955-01-15,M,USA,Florida,Investment,1,Yes,Website,70,1,1,0,Billy Hansen
C1423,Individual,Jack,Brooks,1955-09-21,M,UK,Northern Ireland,Home,4,Yes,Website,70,1,0,0,Jack Brooks
C1424,Individual,Judy,Harris,1954-03-12,F,USA,Utah,Home,2,Yes,Agency,71,1,0,0,Judy Harris
C1425,Individual,Raymond,Taylor,1971-12-16,M,Belgium,Flanders,Home,3,No,Website,54,0,0,0,Raymond Taylor
C1426,Individual,Christina,Campbell,1964-05-20,F,USA,Washington,Home,2,No,Website,61,0,0,0,Christina Campbell
C1427,Individual,Julia,Richardson,1955-05-10,F,Australia,Victoria,Home,5,No,Website,70,0,0,0,Julia Richardson
C1428,Individual,Nicole,Allen,1953-12-05,F,USA,Oregon,Home,4,Yes,Agency,72,1,0,0,Nicole Allen
C1429,Individual,Jesse,Stewart,1991-10-01,M,USA,Nevada,Investment,5,No,Agency,34,0,1,0,Jesse Stewart
C1430,Individual,Patrick,Allen,1963-09-11,M,USA,Nevada,Home,4,No,Website,62,0,0,0,Patrick Allen
C1431,Individual,Melissa,Griffin,1943-07-01,F,Germany,Hesse,Home,3,Yes,Website,82,1,0,0,Melissa Griffin
C1432,Individual,Larry,Weaver,1951-12-26,M,USA,Utah,Home,3,No,Agency,74,0,0,0,Larry Weaver
C1433,Individual,Christian,Mitchell,1953-04-12,M,Germany,Hamburg,Home,4,No,Website,72,0,0,0,Christian Mitchell
C1434,Company,Terova,Co,1985-06-25,F,USA,California,Investment,5,No,Agency,40,0,1,1,Terova Co
C1435,Individual,Zachary,Morales,1967-04-08,M,USA,Texas,Investment,2,No,Agency,58,0,1,0,Zachary Morales
C1436,Individual,Kyle,Wright,1998-10-09,M,USA,California,Home,2,No,Website,27,0,0,0,Kyle Wright
C1437,Individual,Gerald,Stewart,1997-04-08,M,USA,Arizona,Investment,5,No,Agency,28,0,1,0,Gerald Stewart
C1438,Individual,Benjamin,Taylor,1988-08-04,M,USA,California,Home,2,Yes,Agency,37,1,0,0,Benjamin Taylor
C1439,Individual,Helen,Morales,2000-10-14,F,USA,Virginia,Home,2,No,Agency,25,0,0,0,Helen Morales
C1440,Individual,Mary,Phillips,1952-07-20,F,USA,Colorado,Investment,2,No,Agency,73,0,1,0,Mary Phillips
C1441,Individual,Helen,Campbell,1945-09-08,F,USA,California,Investment,5,No,Website,80,0,1,0,Helen Campbell
C1442,Individual,Timothy,Foster,2000-06-17,M,USA,Colorado,Home,2,Yes,Client,25,1,0,0,Timothy Foster
C1443,Individual,Betty,Hughes,1979-11-22,F,USA,Florida,Home,2,No,Website,46,0,0,0,Betty Hughes
C1444,Individual,Frank,Alexander,1981-06-25,M,USA,Colorado,Home,3,No,Website,44,0,0,0,Frank Alexander
C1445,Individual,Gregory,Hall,1988-07-26,M,USA,Florida,Home,5,No,Website,37,0,0,0,Gregory Hall
C1446,Individual,Amber,Gray,1951-12-09,F,USA,Ohio,Home,4,No,Website,74,0,0,0,Amber Gray
C1447,Individual,Janet,Rogers,1972-05-14,F,USA,Nevada,Investment,4,Yes,Client,53,1,1,0,Janet Rogers
C1448,Individual,Henry,Ward,1959-03-15,M,Russia,Tatarstan,Home,1,No,Website,66,0,0,0,Henry Ward
C1449,Individual,Nicole,Cox,1999-06-14,F,USA,California,Investment,5,No,Website,26,0,1,0,Nicole Cox
C1450,Individual,Pamela,White,1996-04-06,F,USA,Virginia,Home,5,No,Website,29,0,0,0,Pamela White
C1451,Individual,Hannah,Turner,1983-10-19,F,USA,California,Home,1,No,Website,42,0,0,0,Hannah Turner
C1452,Individual,Kelly,Edwards,1993-08-05,F,Belgium,Wallonia,Home,3,No,Client,32,0,0,0,Kelly Edwards
C1453,Individual,Kenneth,Stone,1981-10-07,M,USA,California,Home,2,No,Agency,44,0,0,0,Kenneth Stone
C1454,Individual,Ann,Kim,1948-05-23,F,USA,California,Investment,1,No,Client,77,0,1,0,Ann Kim
C1455,Individual,Christina,Nelson,1989-06-15,F,USA,Colorado,Home,3,Yes,Agency,36,1,0,0,Christina Nelson
C1456,Company,Quasar,Co,1992-06-26,F,USA,Oregon,Investment,1,Yes,Website,33,1,1,1,Quasar Co
C1457,Individual,Julie,Foster,1949-01-27,F,USA,California,Home,3,Yes,Agency,76,1,0,0,Julie Foster
C1458,Individual,Keith,Reed,1950-09-16,M,USA,Arizona,Home,1,No,Website,75,0,0,0,Keith Reed
C1459,Individual,Terry,Hall,1949-09-28,M,USA,Arizona,Home,5,No,Website,76,0,0,0,Terry Hall
C1460,Individual,Pamela,Long,1972-12-05,F,UK,England,Home,1,Yes,Agency,53,1,0,0,Pamela Long
C1461,Individual,Gloria,Reyes,1944-01-13,F,USA,California,Home,5,No,Website,81,0,0,0,Gloria Reyes
C1462,Individual,Virginia,Allen,1984-04-19,F,Germany,Hamburg,Investment,3,No,Agency,41,0,1,0,Virginia Allen
C1463,Individual,Lawrence,Ward,1943-12-28,M,USA,California,Home,2,Yes,Website,82,1,0,0,Lawrence Ward
C1464,Individual,Terry,Weaver,1940-01-25,M,USA,Arizona,Home,1,No,Website,85,0,0,0,Terry Weaver
C1465,Individual,Edward,Stewart,1990-07-09,M,USA,Ohio,Home,3,Yes,Website,35,1,0,0,Edward Stewart
C1466,Individual,Ashley,Howard,1999-08-28,F,Belgium,Flanders,Investment,2,No,Website,26,0,1,0,Ashley Howard
C1467,Individual,Rebecca,Adams,1951-07-19,F,USA,California,Home,5,No,Client,74,0,0,0,Rebecca Adams
C1468,Individual,Jason,Martin,1940-08-24,M,Canada,Manitoba,Home,3,No,Website,85,0,0,0,Jason Martin
C1469,Individual,Keith,Richardson,1970-05-17,M,USA,Colorado,Home,1,No,Website,55,0,0,0,Keith Richardson
C1470,Individual,Alexander,Richardson,1940-05-27,M,USA,Colorado,Investment,3,Yes,Agency,85,1,1,0,Alexander Richardson
C1471,Individual,Judith,Williams,1940-05-24,F,UK,Northern Ireland,Home,1,Yes,Website,85,1,0,0,Judith Williams
C1472,Individual,Paul,Flores,1991-03-23,M,USA,Washington,Home,1,No,Website,34,0,0,0,Paul Flores
C1473,Individual,Maria,Freeman,1974-03-14,F,USA,California,Home,2,No,Agency,51,0,0,0,Maria Freeman
C1474,Individual,Kevin,Brown,1969-04-10,M,USA,Oregon,Home,3,No,Website,56,0,0,0,Kevin Brown
C1475,Individual,Raymond,Brown,1944-08-02,M,Mexico,Jalisco,Home,4,Yes,Agency,81,1,0,0,Raymond Brown
C1476,Individual,Kevin,Jackson,2000-06-08,M,USA,Nevada,Home,1,No,Agency,25,0,0,0,Kevin Jackson
C1477,Company,Zynex,Co,1968-04-10,F,USA,California,Investment,1,No,Agency,57,0,1,1,Zynex Co
C1478,Individual,Emily,Reed,1958-09-12,F,Canada,British Columbia,Investment,1,No,Agency,67,0,1,0,Emily Reed
C1479,Individual,Paul,Carter,1968-03-26,M,USA,California,Investment,1,No,Website,57,0,1,0,Paul Carter
C1480,Individual,Danielle,White,1985-04-09,F,USA,Virginia,Investment,3,No,Client,40,0,1,0,Danielle White
C1481,Company,Caldera,Co,1984-12-04,F,USA,Arizona,Investment,3,No,Website,41,0,1,1,Caldera Co
C1482,Individual,Kimberly,Murray,1953-01-24,F,USA,Oregon,Home,2,Yes,Website,72,1,0,0,Kimberly Murray
C1483,Individual,Gary,Hall,1975-06-01,M,USA,Colorado,Home,3,Yes,Agency,50,1,0,0,Gary Hall
C1484,Individual,Christina,Nelson,1971-10-09,F,USA,Colorado,Home,3,No,Client,54,0,0,0,Christina Nelson
C1485,Individual,Rachel,Scott,1984-06-26,F,USA,Washington,Investment,4,No,Website,41,0,1,0,Rachel Scott
C1486,Individual,Madison,Campbell,1996-06-14,F,UK,Wales,Home,5,Yes,Website,29,1,0,0,Madison Campbell
C1487,Individual,Sandra,Martin,1965-12-10,F,USA,New York,Home,3,No,Agency,60,0,0,0,Sandra Martin
C1488,Individual,Keith,Scott,1975-09-07,M,USA,Florida,Investment,2,No,Website,50,0,1,0,Keith Scott
C1489,Individual,Gloria,Montgomery,1951-03-19,F,USA,Arizona,Home,5,No,Agency,74,0,0,0,Gloria Montgomery
C1490,Individual,Dennis,Hall,1994-11-06,M,UK,Wales,Investment,5,Yes,Client,31,1,1,0,Dennis Hall
C1491,Individual,Rebecca,Evans,1997-07-10,F,USA,Georgia,Home,4,No,Agency,28,0,0,0,Rebecca Evans
C1492,Individual,Mary,Taylor,1984-12-18,F,Germany,Bavaria,Home,2,No,Agency,41,0,0,0,Mary Taylor
C1493,Individual,Thomas,Bennett,1992-03-16,M,USA,Washington,Home,4,Yes,Agency,33,1,0,0,Thomas Bennett
C1494,Individual,Nicholas,Cooper,1996-04-09,M,USA,New York,Home,1,No,Client,29,0,0,0,Nicholas Cooper
C1495,Individual,Jason,Hughes,1991-11-09,M,Denmark,Capital Region,Home,1,No,Website,34,0,0,0,Jason Hughes
C1496,Individual,Bryan,Patterson,1986-11-15,M,USA,Florida,Home,5,No,Agency,39,0,0,0,Bryan Patterson
C1497,Individual,Samuel,Parker,1940-01-13,M,USA,California,Investment,4,No,Agency,85,0,1,0,Samuel Parker
C1498,Individual,Nicole,Carter,1967-02-03,F,Mexico,Puebla,Investment,5,No,Website,58,0,1,0,Nicole Carter
C1499,Individual,Lauren,Gray,1997-11-04,F,Russia,Saint Petersburg,Home,3,Yes,Agency,28,1,0,0,Lauren Gray
C1500,Individual,Shirley,Ward,1995-01-04,F,Australia,Victoria,Home,2,No,Agency,30,0,0,0,Shirley Ward
C1501,Individual,Brenda,White,1951-12-16,F,USA,Oregon,Investment,4,No,Agency,74,0,1,0,Brenda White
C1502,Individual,Elizabeth,Weaver,1994-10-27,F,UK,Wales,Home,5,Yes,Website,31,1,0,0,Elizabeth Weaver
C1503,Company,Triton,Co,1986-08-21,M,USA,Arizona,Investment,5,No,Website,39,0,1,1,Triton Co
C1504,Individual,Patrick,Hughes,1946-08-19,M,USA,California,Home,4,No,Website,79,0,0,0,Patrick Hughes
C1505,Individual,William,Cook,1994-05-14,M,USA,Virginia,Home,3,No,Agency,31,0,0,0,William Cook
C1506,Individual,Larry,Price,1950-01-11,M,USA,Utah,Investment,3,No,Website,75,0,1,0,Larry Price
C1507,Individual,Joyce,Cooper,1951-03-28,F,USA,Florida,Home,3,No,Agency,74,0,0,0,Joyce Cooper
C1508,Individual,Benjamin,Morris,1994-12-03,M,UK,Scotland,Home,3,No,Agency,31,0,0,0,Benjamin Morris
C1509,Individual,Rebecca,Campbell,1946-12-16,F,USA,California,Home,3,No,Website,79,0,0,0,Rebecca Campbell
C1510,Company,Altira,Co,1962-12-01,M,USA,California,Home,5,No,Agency,63,0,0,1,Altira Co
C1511,Individual,Ann,Hansen,1989-07-20,F,France,Provence,Home,2,Yes,Website,36,1,0,0,Ann Hansen
C1512,Individual,Anna,Young,1955-06-18,F,USA,Nevada,Home,4,Yes,Client,70,1,0,0,Anna Young
C1513,Individual,Danielle,Morales,1995-06-08,F,USA,Florida,Home,2,No,Website,30,0,0,0,Danielle Morales
C1514,Individual,Linda,Bryant,1986-12-08,F,USA,New York,Home,4,No,Website,39,0,0,0,Linda Bryant
C1515,Individual,Angela,Williams,1946-10-16,F,USA,Nevada,Investment,5,No,Website,79,0,1,0,Angela Williams
C1516,Individual,Grace,Wood,1953-05-23,F,USA,Texas,Home,4,No,Website,72,0,0,0,Grace Wood
C1517,Individual,Benjamin,Chavez,1978-02-23,M,USA,California,Investment,2,No,Agency,47,0,1,0,Benjamin Chavez
C1518,Individual,Teresa,Rogers,1994-10-08,F,Australia,Victoria,Home,5,Yes,Agency,31,1,0,0,Teresa Rogers
C1519,Individual,Kyle,Freeman,1972-08-19,M,USA,California,Home,1,No,Agency,53,0,0,0,Kyle Freeman
C1520,Individual,Patrick,Griffin,1945-12-05,M,USA,Utah,Home,1,No,Website,80,0,0,0,Patrick Griffin
C1521,Individual,Bryan,Foster,1973-12-25,M,USA,Nevada,Home,4,No,Agency,52,0,0,0,Bryan Foster
C1522,Individual,Debra,Mitchell,1964-09-14,F,USA,Washington,Home,5,No,Website,61,0,0,0,Debra Mitchell
C1523,Company,Horizon,Co,1981-07-22,M,Australia,Victoria,Investment,3,No,Website,44,0,1,1,Horizon Co
C1524,Individual,Jordan,Wilson,1967-07-24,M,USA,Virginia,Home,2,No,Client,58,0,0,0,Jordan Wilson
C1525,Individual,Timothy,Brown,1959-08-24,M,USA,California,Home,1,No,Agency,66,0,0,0,Timothy Brown
C1526,Individual,Victoria,Howard,1956-08-05,F,USA,California,Home,3,No,Website,69,0,0,0,Victoria Howard
C1527,Individual,Martha,Thomas,1989-05-13,F,USA,California,Home,1,No,Agency,36,0,0,0,Martha Thomas
C1528,Individual,Jennifer,Weaver,1997-09-02,F,Germany,Hamburg,Home,1,Yes,Website,28,1,0,0,Jennifer Weaver
C1529,Company,Helios,Co,1989-04-19,M,USA,California,Home,4,No,Website,36,0,0,1,Helios Co
C1530,Individual,Sarah,Wright,1988-11-20,F,USA,California,Home,2,No,Website,37,0,0,0,Sarah Wright
C1531,Individual,Bryan,Cox,1964-03-15,M,France,Brittany,Investment,2,No,Website,61,0,1,0,Bryan Cox
C1532,Individual,Linda,Freeman,1998-09-26,F,USA,Texas,Home,3,Yes,Website,27,1,0,0,Linda Freeman
C1533,Individual,Anthony,Bryant,1988-10-05,M,Canada,British Columbia,Home,4,No,Agency,37,0,0,0,Anthony Bryant
C1534,Individual,Sandra,Pierce,1996-06-08,F,USA,California,Home,4,Yes,Website,29,1,0,0,Sandra Pierce
C1535,Individual,Jeremy,Stone,1994-09-03,M,UK,England,Investment,3,No,Agency,31,0,1,0,Jeremy Stone
C1536,Individual,Sara,Baker,1982-06-05,F,USA,Washington,Home,3,No,Website,43,0,0,0,Sara Baker
C1537,Individual,Lisa,Foster,1999-08-04,F,USA,Arizona,Home,5,No,Website,26,0,0,0,Lisa Foster
C1538,Individual,Jessica,Kim,1947-01-07,F,USA,California,Investment,5,No,Website,78,0,1,0,Jessica Kim
C1539,Individual,Terry,Brown,1997-05-13,M,USA,Nevada,Home,1,No,Agency,28,0,0,0,Terry Brown
C1540,Individual,Roger,Cox,1957-12-02,M,USA,California,Home,2,Yes,Client,68,1,0,0,Roger Cox
C1541,Individual,Carl,Adams,1964-11-20,M,USA,California,Home,2,No,Website,61,0,0,0,Carl Adams
C1542,Individual,Gary,Cook,1989-07-27,M,USA,Nevada,Home,1,Yes,Website,36,1,0,0,Gary Cook
C1543,Individual,Virginia,Peterson,1955-11-10,F,USA,New York,Investment,3,No,Agency,70,0,1,0,Virginia Peterson
C1544,Individual,Heather,Evans,1947-04-27,F,Russia,Tatarstan,Home,3,No,Website,78,0,0,0,Heather Evans
C1545,Individual,Elizabeth,Price,1992-11-23,F,USA,California,Investment,1,Yes,Website,33,1,1,0,Elizabeth Price
C1546,Individual,Sarah,Scott,1966-06-06,F,Mexico,Puebla,Home,4,Yes,Agency,59,1,0,0,Sarah Scott
C1547,Individual,Margaret,Martin,1975-04-03,F,USA,Florida,Home,2,Yes,Agency,50,1,0,0,Margaret Martin
C1548,Company,Telnox,Co,1967-12-26,M,USA,California,Home,2,Yes,Website,58,1,0,1,Telnox Co
C1549,Individual,Gary,Reyes,1961-06-15,M,Mexico,Nuevo Leon,Home,4,No,Client,64,0,0,0,Gary Reyes
C1550,Individual,Jason,Rogers,1998-10-01,M,USA,California,Home,2,No,Agency,27,0,0,0,Jason Rogers
C1551,Individual,Aaron,Howard,1991-05-17,M,USA,California,Home,2,No,Agency,34,0,0,0,Aaron Howard
C1552,Individual,Peter,Wilson,1947-04-20,M,USA,California,Investment,2,Yes,Agency,78,1,1,0,Peter Wilson
C1553,Company,Horizon,Co,1990-03-27,M,USA,Utah,Home,4,No,Agency,35,0,0,1,Horizon Co
C1554,Individual,Gregory,Cox,1998-03-04,M,Germany,Bavaria,Home,1,No,Website,27,0,0,0,Gregory Cox
C1555,Individual,Julia,Martin,1946-04-25,F,UK,England,Home,5,No,Website,79,0,0,0,Julia Martin
C1556,Individual,Grace,Wood,1982-11-20,F,USA,Colorado,Investment,2,No,Agency,43,0,1,0,Grace Wood
C1557,Individual,Joan,Griffin,1942-03-15,F,USA,New York,Home,2,Yes,Website,83,1,0,0,Joan Griffin
C1558,Individual,Tyler,Phillips,1944-03-12,M,Mexico,Baja California,Home,4,No,Website,81,0,0,0,Tyler Phillips
C1559,Individual,Sara,Mitchell,1975-03-27,F,UK,England,Home,2,No,Website,50,0,0,0,Sara Mitchell
C1560,Individual,Christina,Hughes,1940-07-15,F,USA,California,Home,4,Yes,Client,85,1,0,0,Christina Hughes
C1561,Individual,Jeffrey,Green,1964-04-28,M,Mexico,Nuevo Leon,Investment,5,No,Agency,61,0,1,0,Jeffrey Green
C1562,Individual,Maria,Morris,1987-07-05,F,USA,California,Home,4,No,Client,38,0,0,0,Maria Morris
C1563,Individual,Susan,Baker,1987-06-18,F,USA,Utah,Home,5,No,Website,38,0,0,0,Susan Baker
C1564,Individual,Jason,Wood,1964-11-06,M,USA,Washington,Investment,5,No,Website,61,0,1,0,Jason Wood
C1565,Individual,Kenneth,Bennett,1980-08-08,M,Mexico,Jalisco,Home,4,No,Agency,45,0,0,0,Kenneth Bennett
C1566,Individual,Anthony,Wilson,1995-01-01,M,USA,California,Home,3,No,Website,30,0,0,0,Anthony Wilson
C1567,Individual,Frank,Wilson,1977-10-11,M,USA,Georgia,Home,4,No,Client,48,0,0,0,Frank Wilson
C1568,Individual,Betty,Owens,1990-03-06,F,USA,California,Home,5,No,Website,35,0,0,0,Betty Owens
C1569,Individual,Pamela,Turner,1993-11-05,F,USA,California,Investment,1,Yes,Website,32,1,1,0,Pamela Turner
C1570,Individual,Amanda,Williams,1963-12-27,F,USA,Ohio,Home,5,No,Website,62,0,0,0,Amanda Williams
C1571,Individual,Ethan,Morales,1978-06-03,M,USA,California,Home,2,No,Website,47,0,0,0,Ethan Morales
C1572,Individual,Donald,Baker,1960-06-10,M,Australia,Queensland,Home,3,No,Agency,65,0,0,0,Donald Baker
C1573,Individual,Amanda,Richardson,1946-05-07,F,USA,California,Home,1,No,Website,79,0,0,0,Amanda Richardson
C1574,Individual,Gary,Morris,1984-08-14,M,USA,California,Home,4,No,Website,41,0,0,0,Gary Morris
C1575,Individual,Paul,Freeman,2000-12-19,M,USA,California,Home,2,No,Website,25,0,0,0,Paul Freeman
C1576,Individual,Heather,Cook,1977-09-28,F,USA,Nevada,Investment,3,Yes,Website,48,1,1,0,Heather Cook
C1577,Individual,Ethan,Edwards,1983-02-15,M,Germany,Bavaria,Home,3,No,Website,42,0,0,0,Ethan Edwards
C1578,Individual,Mark,Turner,1996-03-12,M,USA,California,Investment,2,No,Website,29,0,1,0,Mark Turner
C1579,Individual,Robert,Bell,1945-10-03,M,USA,Arizona,Investment,4,No,Website,80,0,1,0,Robert Bell
C1580,Individual,Jordan,Martin,1997-12-05,M,USA,Georgia,Investment,1,Yes,Website,28,1,1,0,Jordan Martin
C1581,Individual,James,Reyes,1950-11-08,M,USA,California,Investment,1,No,Website,75,0,1,0,James Reyes
C1582,Individual,Harold,Baker,1955-08-20,M,France,Ile-de-France,Home,4,Yes,Client,70,1,0,0,Harold Baker
C1583,Individual,Peter,Scott,1968-01-03,M,USA,California,Home,2,No,Agency,57,0,0,0,Peter Scott
C1584,Company,Nexus,Co,1985-08-12,M,France,Brittany,Investment,1,Yes,Website,40,1,1,1,Nexus Co
C1585,Individual,Kevin,Watson,1960-10-10,M,Canada,Ontario,Home,5,No,Website,65,0,0,0,Kevin Watson
C1586,Individual,Carolyn,Roberts,1967-01-21,F,Germany,Berlin,Home,3,No,Website,58,0,0,0,Carolyn Roberts
C1587,Individual,Carl,Cooper,1943-12-02,M,Canada,Quebec,Investment,4,Yes,Agency,82,1,1,0,Carl Cooper
C1588,Individual,Patricia,Thomas,1980-10-25,F,USA,Utah,Investment,5,No,Website,45,0,1,0,Patricia Thomas
C1589,Individual,Christina,Ward,1953-08-12,F,USA,California,Investment,4,No,Agency,72,0,1,0,Christina Ward
C1590,Company,Elara,Co,1979-06-19,F,USA,Oregon,Home,1,No,Website,46,0,0,1,Elara Co
C1591,Individual,Christine,Brooks,1971-08-15,F,USA,California,Investment,4,No,Website,54,0,1,0,Christine Brooks
C1592,Individual,Heather,Allen,1975-06-01,F,USA,Texas,Investment,2,Yes,Agency,50,1,1,0,Heather Allen
C1593,Individual,Anthony,Williams,1975-08-05,M,USA,California,Home,1,No,Website,50,0,0,0,Anthony Williams
C1594,Individual,Kathleen,Green,1969-10-24,F,USA,Colorado,Home,2,No,Agency,56,0,0,0,Kathleen Green
C1595,Individual,Charles,Reed,1955-08-20,M,USA,California,Home,5,No,Website,70,0,0,0,Charles Reed
C1596,Individual,Frank,Hall,1979-11-10,M,Germany,Berlin,Investment,4,No,Website,46,0,1,0,Frank Hall
C1597,Individual,Rachel,Cox,1949-12-28,F,USA,Nevada,Investment,4,Yes,Website,76,1,1,0,Rachel Cox
C1598,Individual,Angela,Adams,1940-06-23,F,USA,Georgia,Home,4,Yes,Agency,85,1,0,0,Angela Adams
C1599,Individual,Stephanie,Thompson,1980-11-19,F,USA,Virginia,Investment,5,Yes,Website,45,1,1,0,Stephanie Thompson
C1600,Individual,Jennifer,Rogers,1968-02-13,F,Belgium,Wallonia,Home,5,No,Website,57,0,0,0,Jennifer Rogers
C1601,Individual,Tiffany,Parker,1996-08-13,F,Russia,Krasnodar Krai,Home,3,No,Website,29,0,0,0,Tiffany Parker
C1602,Individual,Harold,Turner,1986-11-01,M,USA,Nevada,Investment,4,No,Website,39,0,1,0,Harold Turner
C1603,Individual,Hannah,Rogers,1962-09-07,F,UK,England,Home,5,No,Website,63,0,0,0,Hannah Rogers
C1604,Individual,Ronald,Kim,1949-09-10,M,USA,Texas,Home,4,No,Website,76,0,0,0,Ronald Kim
C1605,Individual,Joshua,Collins,1999-01-21,M,UK,England,Investment,4,Yes,Website,26,1,1,0,Joshua Collins
C1606,Individual,Zachary,Howard,1965-03-20,M,USA,Washington,Home,1,Yes,Agency,60,1,0,0,Zachary Howard
C1607,Individual,Emma,Hall,1963-03-11,F,USA,California,Home,3,No,Agency,62,0,0,0,Emma Hall
C1608,Individual,Heather,Pierce,1999-11-14,F,UK,England,Home,4,Yes,Website,26,1,0,0,Heather Pierce
C1609,Individual,Justin,Reed,1964-10-02,M,USA,California,Investment,2,No,Website,61,0,1,0,Justin Reed
C1610,Individual,Kenneth,White,1967-03-23,M,USA,California,Investment,3,No,Website,58,0,1,0,Kenneth White
C1611,Individual,Sarah,Bryant,1975-09-02,F,USA,Nevada,Investment,4,No,Website,50,0,1,0,Sarah Bryant
C1612,Individual,Jason,Price,1990-02-25,M,USA,California,Home,1,No,Agency,35,0,0,0,Jason Price
C1613,Individual,Ryan,Griffin,1998-01-08,M,Denmark,Southern Denmark,Home,2,Yes,Agency,27,1,0,0,Ryan Griffin
C1614,Individual,Julie,Williams,1968-05-16,F,USA,Utah,Investment,4,No,Website,57,0,1,0,Julie Williams
C1615,Individual,Jason,Mitchell,1963-08-01,M,USA,Utah,Home,5,No,Agency,62,0,0,0,Jason Mitchell
C1616,Individual,Aaron,Nelson,1991-09-01,M,UK,Wales,Investment,5,Yes,Website,34,1,1,0,Aaron Nelson
C1617,Individual,Michelle,Baker,1952-10-09,F,USA,California,Home,3,No,Website,73,0,0,0,Michelle Baker
C1618,Individual,Linda,Price,1962-11-22,F,USA,Washington,Home,2,Yes,Website,63,1,0,0,Linda Price
C1619,Individual,Jason,Baker,1952-10-24,M,Belgium,Wallonia,Home,2,No,Website,73,0,0,0,Jason Baker
C1620,Individual,Jacob,Morales,1944-05-07,M,USA,California,Home,1,Yes,Website,81,1,0,0,Jacob Morales
C1621,Individual,Carl,Wood,1954-06-15,M,USA,Oregon,Investment,2,No,Agency,71,0,1,0,Carl Wood
C1622,Individual,Angela,Taylor,1961-02-01,F,USA,Oregon,Home,1,Yes,Website,64,1,0,0,Angela Taylor
C1623,Individual,Julia,Hall,1994-01-12,F,USA,Oregon,Home,4,No,Website,31,0,0,0,Julia Hall
C1624,Individual,Jennifer,Stewart,1951-01-04,F,USA,California,Home,4,Yes,Website,74,1,0,0,Jennifer Stewart
C1625,Individual,Harold,Wright,2000-02-03,M,Australia,Western Australia,Home,4,No,Agency,25,0,0,0,Harold Wright
C1626,Individual,Jennifer,Morales,1970-02-24,F,France,Provence,Home,2,Yes,Website,55,1,0,0,Jennifer Morales
C1627,Individual,David,Bryant,1973-08-14,M,USA,California,Investment,1,No,Website,52,0,1,0,David Bryant
C1628,Company,Lumina,Co,1993-10-13,F,France,Normandy,Home,4,Yes,Website,32,1,0,1,Lumina Co
C1629,Individual,Stephanie,Roberts,1956-08-26,F,USA,Utah,Home,5,No,Agency,69,0,0,0,Stephanie Roberts
C1630,Company,Grandis,Co,1994-05-06,F,USA,Virginia,Investment,1,Yes,Website,31,1,1,1,Grandis Co
C1631,Individual,Joan,Patterson,1966-03-12,F,UK,Northern Ireland,Home,5,No,Website,59,0,0,0,Joan Patterson
C1632,Individual,Victoria,Wright,1963-07-12,F,USA,California,Investment,3,Yes,Agency,62,1,1,0,Victoria Wright
C1633,Individual,Sara,Bennett,1977-07-03,F,Canada,Ontario,Home,2,No,Website,48,0,0,0,Sara Bennett
C1634,Individual,Sara,King,1944-01-11,F,USA,Georgia,Investment,2,No,Website,81,0,1,0,Sara King
C1635,Individual,Lawrence,Moore,1948-04-27,M,France,Brittany,Home,1,No,Website,77,0,0,0,Lawrence Moore
C1636,Company,Zynex,Co,1987-01-10,F,USA,Arizona,Home,5,Yes,Website,38,1,0,1,Zynex Co
C1637,Individual,Jacob,Cook,1969-02-11,M,Mexico,Nuevo Leon,Home,5,No,Agency,56,0,0,0,Jacob Cook
C1638,Individual,Cynthia,Peterson,1978-12-14,F,France,Occitanie,Investment,1,Yes,Agency,47,1,1,0,Cynthia Peterson
C1639,Individual,Ronald,Smith,1943-09-26,M,USA,Colorado,Home,1,No,Website,82,0,0,0,Ronald Smith
C1640,Individual,Helen,Adams,1966-11-04,F,USA,California,Home,1,Yes,Website,59,1,0,0,Helen Adams
C1641,Individual,Charles,Phillips,1972-02-14,M,USA,Utah,Home,1,No,Agency,53,0,0,0,Charles Phillips
C1642,Individual,Maria,Adams,1981-07-20,F,Canada,British Columbia,Home,5,No,Website,44,0,0,0,Maria Adams
C1643,Individual,Carl,Rogers,1978-01-09,M,France,Ile-de-France,Home,4,No,Agency,47,0,0,0,Carl Rogers
C1644,Individual,Megan,Freeman,1944-06-22,F,USA,California,Home,1,No,Client,81,0,0,0,Megan Freeman
C1645,Individual,Shirley,Chavez,1995-02-08,F,Australia,New South Wales,Investment,1,No,Website,30,0,1,0,Shirley Chavez
C1646,Individual,Billy,Patterson,1998-06-10,M,USA,Washington,Investment,4,Yes,Agency,27,1,1,0,Billy Patterson
C1647,Individual,Paul,Stone,1945-11-25,M,USA,Ohio,Home,4,Yes,Agency,80,1,0,0,Paul Stone
C1648,Individual,Julia,Wood,1949-09-21,F,Australia,New South Wales,Home,3,No,Website,76,0,0,0,Julia Wood
C1649,Individual,Melissa,Price,1982-03-02,F,USA,Oregon,Home,4,Yes,Agency,43,1,0,0,Melissa Price
C1650,Individual,Edward,Griffin,1969-04-01,M,USA,Washington,Investment,2,No,Website,56,0,1,0,Edward Griffin
C1651,Individual,Ryan,Bell,1945-11-19,M,USA,California,Investment,4,No,Website,80,0,1,0,Ryan Bell
C1652,Individual,Paul,Weaver,1964-01-15,M,USA,Nevada,Investment,4,Yes,Client,61,1,1,0,Paul Weaver
C1653,Individual,Sara,White,1974-08-02,F,USA,Colorado,Investment,4,Yes,Website,51,1,1,0,Sara White
C1654,Individual,Judith,Brooks,1968-04-05,F,USA,California,Home,1,No,Website,57,0,0,0,Judith Brooks
C1655,Individual,Sara,Cox,1965-05-16,F,USA,Texas,Investment,2,No,Website,60,0,1,0,Sara Cox
C1656,Individual,Jacob,Baker,1991-05-05,M,Belgium,Wallonia,Investment,4,Yes,Website,34,1,1,0,Jacob Baker
C1657,Individual,Donald,Kim,1958-05-19,M,USA,California,Home,2,No,Website,67,0,0,0,Donald Kim
C1658,Individual,Ronald,Patterson,1970-08-07,M,USA,California,Home,5,No,Agency,55,0,0,0,Ronald Patterson
C1659,Individual,Joshua,Thompson,1946-09-05,M,Denmark,Zealand,Home,4,No,Website,79,0,0,0,Joshua Thompson
C1660,Individual,Henry,Richardson,1940-04-27,M,USA,Nevada,Home,4,Yes,Website,85,1,0,0,Henry Richardson
C1661,Individual,Ronald,Cox,1975-08-20,M,USA,Washington,Home,4,No,Agency,50,0,0,0,Ronald Cox
C1662,Individual,Gary,Montgomery,1967-05-16,M,Russia,Tatarstan,Home,4,No,Website,58,0,0,0,Gary Montgomery
C1663,Individual,Joshua,Garcia,1977-05-13,M,USA,Colorado,Investment,3,No,Agency,48,0,1,0,Joshua Garcia
C1664,Individual,Judith,Hayes,1969-07-25,F,France,Occitanie,Investment,5,No,Agency,56,0,1,0,Judith Hayes
C1665,Individual,Harold,Bell,1995-12-16,M,USA,Arizona,Home,5,No,Website,30,0,0,0,Harold Bell
C1666,Individual,Brenda,Edwards,1962-09-08,F,USA,Ohio,Home,2,No,Website,63,0,0,0,Brenda Edwards
C1667,Individual,Stephanie,Cook,1967-11-14,F,USA,California,Investment,4,No,Agency,58,0,1,0,Stephanie Cook
C1668,Individual,Scott,Green,1957-11-12,M,Australia,Victoria,Home,5,No,Website,68,0,0,0,Scott Green
C1669,Individual,Steven,Collins,1960-04-07,M,Canada,Alberta,Investment,3,Yes,Agency,65,1,1,0,Steven Collins
C1670,Individual,Angela,Watson,1970-12-09,F,USA,Colorado,Home,3,Yes,Website,55,1,0,0,Angela Watson
C1671,Individual,Ashley,Howard,1948-09-13,F,USA,California,Home,3,No,Agency,77,0,0,0,Ashley Howard
C1672,Individual,Jacqueline,Morales,1974-04-09,F,USA,Nevada,Investment,4,No,Website,51,0,1,0,Jacqueline Morales
C1673,Individual,Katherine,Martin,1992-03-04,F,USA,Washington,Home,1,Yes,Website,33,1,0,0,Katherine Martin
C1674,Individual,Emily,Jackson,1941-12-22,F,USA,California,Home,5,Yes,Website,84,1,0,0,Emily Jackson
C1675,Individual,Emma,Reyes,1985-04-08,F,Canada,Alberta,Investment,5,No,Website,40,0,1,0,Emma Reyes
C1676,Individual,Amy,Allen,1999-09-19,F,USA,Washington,Home,2,No,Website,26,0,0,0,Amy Allen
C1677,Individual,Kevin,Thomas,1964-12-20,M,USA,Texas,Home,1,Yes,Website,61,1,0,0,Kevin Thomas
C1678,Individual,Gary,Sanders,1961-03-06,M,USA,California,Home,1,Yes,Agency,64,1,0,0,Gary Sanders
C1679,Individual,Christina,Nelson,1986-02-28,F,USA,Nevada,Investment,4,No,Website,39,0,1,0,Christina Nelson
C1680,Individual,Danielle,Howard,1999-09-25,F,USA,California,Investment,4,No,Agency,26,0,1,0,Danielle Howard
C1681,Individual,Carl,Alexander,1961-07-27,M,USA,Oregon,Home,3,Yes,Client,64,1,0,0,Carl Alexander
C1682,Individual,Amanda,Brooks,1987-04-11,F,USA,Nevada,Home,2,No,Website,38,0,0,0,Amanda Brooks
C1683,Individual,Amber,Patterson,1999-11-19,F,USA,Oregon,Investment,1,No,Client,26,0,1,0,Amber Patterson
C1684,Individual,Grace,Cooper,1977-07-01,F,USA,Colorado,Investment,4,No,Website,48,0,1,0,Grace Cooper
C1685,Individual,Kathleen,Parker,1977-05-16,F,USA,California,Home,5,No,Agency,48,0,0,0,Kathleen Parker
C1686,Individual,David,Howard,1977-01-25,M,USA,California,Investment,2,Yes,Agency,48,1,1,0,David Howard
C1687,Individual,Eric,Anderson,1967-05-15,M,USA,California,Home,4,Yes,Website,58,1,0,0,Eric Anderson
C1688,Individual,Amanda,Flores,1996-04-28,F,USA,Oregon,Home,5,No,Client,29,0,0,0,Amanda Flores
C1689,Individual,Virginia,King,1985-01-26,F,USA,Oregon,Investment,1,Yes,Client,40,1,1,0,Virginia King
C1690,Individual,Terry,Martin,1951-08-18,M,Denmark,North Denmark,Home,2,Yes,Agency,74,1,0,0,Terry Martin
C1691,Individual,Robert,Reed,1946-03-25,M,USA,Arizona,Home,5,No,Website,79,0,0,0,Robert Reed
C1692,Individual,Joseph,Patterson,1991-03-08,M,Canada,Ontario,Home,5,Yes,Agency,34,1,0,0,Joseph Patterson
C1693,Individual,Donald,Turner,1990-11-20,M,Belgium,Flanders,Home,1,No,Website,35,0,0,0,Donald Turner
C1694,Individual,Gloria,Foster,1957-07-18,F,USA,Virginia,Home,5,No,Agency,68,0,0,0,Gloria Foster
C1695,Individual,Tiffany,Peterson,1955-12-13,F,Belgium,Flanders,Home,5,No,Website,70,0,0,0,Tiffany Peterson
C1696,Individual,Emily,Jones,1987-02-20,F,USA,Florida,Home,1,No,Website,38,0,0,0,Emily Jones
C1697,Individual,Maria,Brown,1980-08-07,F,Belgium,Brussels,Home,2,No,Client,45,0,0,0,Maria Brown
C1698,Individual,Zachary,Stone,1950-12-05,M,UK,Northern Ireland,Home,4,Yes,Website,75,1,0,0,Zachary Stone
C1699,Individual,Peter,Phillips,1969-07-15,M,Australia,Western Australia,Home,3,Yes,Agency,56,1,0,0,Peter Phillips
C1700,Individual,Nicholas,Young,1943-11-04,M,USA,Nevada,Home,3,No,Website,82,0,0,0,Nicholas Young
C1701,Individual,Karen,Montgomery,1982-06-27,F,USA,Arizona,Home,1,No,Website,43,0,0,0,Karen Montgomery
C1702,Individual,Frank,Alexander,1990-01-04,M,USA,Washington,Investment,5,Yes,Website,35,1,1,0,Frank Alexander
C1703,Individual,Gerald,Cox,1999-08-13,M,USA,Texas,Investment,4,No,Agency,26,0,1,0,Gerald Cox
C1704,Individual,Susan,Flores,1963-02-15,F,Denmark,Capital Region,Home,4,No,Agency,62,0,0,0,Susan Flores
C1705,Individual,Kenneth,Howard,1979-11-23,M,USA,Virginia,Investment,3,Yes,Website,46,1,1,0,Kenneth Howard
C1706,Individual,Matthew,Jordan,1976-05-13,M,USA,California,Home,3,Yes,Website,49,1,0,0,Matthew Jordan
C1707,Individual,Adam,Allen,1973-09-19,M,USA,Georgia,Home,1,Yes,Website,52,1,0,0,Adam Allen
C1708,Individual,Andrea,Wilson,1986-08-06,F,Germany,Hesse,Home,1,Yes,Agency,39,1,0,0,Andrea Wilson
C1709,Individual,Danielle,Cox,1946-08-09,F,USA,Arizona,Investment,3,No,Agency,79,0,1,0,Danielle Cox
C1710,Individual,Joe,Flores,1957-05-26,M,Canada,Alberta,Investment,2,Yes,Website,68,1,1,0,Joe Flores
C1711,Individual,Debra,Hayes,1981-08-24,F,USA,California,Investment,3,Yes,Website,44,1,1,0,Debra Hayes
C1712,Individual,Ryan,Turner,1971-03-04,M,France,Occitanie,Home,5,No,Website,54,0,0,0,Ryan Turner
C1713,Individual,Julia,Cook,1981-02-08,F,USA,Oregon,Home,1,No,Website,44,0,0,0,Julia Cook
C1714,Individual,Nathan,Brooks,1948-07-05,M,USA,Colorado,Home,3,No,Website,77,0,0,0,Nathan Brooks
C1715,Individual,Hannah,Watson,1963-04-13,F,USA,Florida,Home,3,Yes,Agency,62,1,0,0,Hannah Watson
C1716,Individual,Michelle,Montgomery,1980-10-13,F,USA,California,Home,1,No,Website,45,0,0,0,Michelle Montgomery
C1717,Individual,Martha,Thomas,1941-12-21,F,USA,California,Home,4,Yes,Website,84,1,0,0,Martha Thomas
C1718,Individual,Janet,Peterson,1995-01-06,F,USA,California,Home,1,No,Website,30,0,0,0,Janet Peterson
C1719,Company,Halcyon,Co,1960-05-10,M,USA,Florida,Home,2,No,Agency,65,0,0,1,Halcyon Co
C1720,Individual,Danielle,Kim,1996-10-10,F,USA,California,Home,5,Yes,Website,29,1,0,0,Danielle Kim
C1721,Individual,Carl,Weaver,1986-12-10,M,USA,Nevada,Home,2,No,Agency,39,0,0,0,Carl Weaver
C1722,Individual,Jacqueline,Morris,1982-11-23,F,USA,Nevada,Home,3,No,Website,43,0,0,0,Jacqueline Morris
C1723,Individual,Carol,Allen,1998-02-02,F,Canada,Quebec,Home,2,Yes,Agency,27,1,0,0,Carol Allen
C1724,Individual,Justin,Cook,1956-06-19,M,USA,Virginia,Home,4,No,Website,69,0,0,0,Justin Cook
C1725,Individual,Sharon,Patterson,1959-01-12,F,USA,Nevada,Home,3,Yes,Website,66,1,0,0,Sharon Patterson
C1726,Individual,Diane,Scott,1948-08-15,F,UK,Northern Ireland,Home,3,No,Website,77,0,0,0,Diane Scott
C1727,Individual,Katherine,Morales,1945-12-06,F,USA,New York,Home,3,No,Website,80,0,0,0,Katherine Morales
C1728,Individual,Kimberly,Garcia,1944-03-08,F,USA,Oregon,Home,3,Yes,Client,81,1,0,0,Kimberly Garcia
C1729,Individual,Robert,Richardson,1955-06-26,M,Canada,British Columbia,Home,3,Yes,Website,70,1,0,0,Robert Richardson
C1730,Individual,Jeffrey,Young,1979-11-22,M,Mexico,Puebla,Investment,5,Yes,Agency,46,1,1,0,Jeffrey Young
C1731,Individual,Nathan,Garcia,1971-12-19,M,USA,California,Home,4,Yes,Website,54,1,0,0,Nathan Garcia
C1732,Individual,Megan,Wilson,1970-07-15,F,Canada,Alberta,Investment,2,No,Agency,55,0,1,0,Megan Wilson
C1733,Individual,Helen,Jones,1948-04-22,F,USA,California,Home,3,Yes,Agency,77,1,0,0,Helen Jones
C1734,Individual,Zachary,Roberts,1975-01-14,M,USA,California,Home,5,No,Website,50,0,0,0,Zachary Roberts
C1735,Individual,Amber,Miller,1969-10-07,F,USA,Utah,Investment,3,No,Website,56,0,1,0,Amber Miller
C1736,Individual,Ann,Cook,1989-09-21,F,USA,California,Investment,4,Yes,Website,36,1,1,0,Ann Cook
C1737,Individual,Jennifer,Jackson,1992-12-24,F,USA,California,Investment,3,No,Website,33,0,1,0,Jennifer Jackson
C1738,Individual,Sharon,Hall,1977-02-25,F,USA,California,Home,5,No,Website,48,0,0,0,Sharon Hall
C1739,Individual,Steven,Smith,1985-02-25,M,Russia,Novosibirsk,Investment,3,Yes,Website,40,1,1,0,Steven Smith
C1740,Individual,Ashley,Alexander,1951-09-15,F,USA,California,Home,5,Yes,Website,74,1,0,0,Ashley Alexander
C1741,Individual,Alexander,Wright,1976-04-18,M,USA,Virginia,Home,5,No,Website,49,0,0,0,Alexander Wright
C1742,Company,Crestwood,Co,1988-08-14,F,USA,California,Home,5,No,Agency,37,0,0,1,Crestwood Co
C1743,Individual,Linda,Bell,1946-07-26,F,Belgium,Flanders,Home,1,No,Client,79,0,0,0,Linda Bell
C1744,Individual,Brian,Green,1961-11-16,M,Russia,Krasnodar Krai,Investment,1,No,Website,64,0,1,0,Brian Green
C1745,Individual,Ann,Sanders,1976-06-21,F,USA,California,Home,1,No,Website,49,0,0,0,Ann Sanders
C1746,Individual,Jennifer,Cox,1959-06-14,F,Belgium,Flanders,Home,3,No,Website,66,0,0,0,Jennifer Cox
C1747,Individual,Bryan,Flores,1965-02-19,M,USA,Colorado,Home,5,No,Client,60,0,0,0,Bryan Flores
C1748,Individual,Albert,Jones,1950-11-11,M,USA,California,Home,4,Yes,Website,75,1,0,0,Albert Jones
C1749,Individual,Brandon,Moore,1956-05-27,M,USA,California,Home,3,No,Website,69,0,0,0,Brandon Moore
C1750,Company,Stratos,Co,1991-01-12,M,USA,Colorado,Home,3,No,Website,34,0,0,1,Stratos Co
C1751,Individual,Christine,Scott,1955-02-28,F,USA,Ohio,Home,5,No,Website,70,0,0,0,Christine Scott
C1752,Individual,Jonathan,Cook,1980-02-06,M,USA,California,Investment,1,Yes,Website,45,1,1,0,Jonathan Cook
C1753,Individual,Arthur,Peterson,1945-12-18,M,USA,Georgia,Investment,3,Yes,Website,80,1,1,0,Arthur Peterson
C1754,Individual,Frank,Gray,1995-11-11,M,USA,Virginia,Home,2,Yes,Website,30,1,0,0,Frank Gray
C1755,Individual,Mark,Griffin,1998-08-26,M,USA,Nevada,Home,1,Yes,Website,27,1,0,0,Mark Griffin
C1756,Individual,Daniel,Cook,1990-03-21,M,USA,Utah,Home,1,No,Website,35,0,0,0,Daniel Cook
C1757,Individual,Brian,Hayes,1985-07-01,M,Germany,Bavaria,Home,3,No,Client,40,0,0,0,Brian Hayes
C1758,Individual,Carl,Pierce,1985-01-14,M,USA,Oregon,Investment,4,Yes,Agency,40,1,1,0,Carl Pierce
C1759,Individual,Jose,Stone,1974-10-10,M,USA,California,Investment,1,No,Website,51,0,1,0,Jose Stone
C1760,Individual,Mary,Harris,1975-10-07,F,Belgium,Brussels,Home,2,No,Website,50,0,0,0,Mary Harris
C1761,Individual,Nicholas,Thompson,1955-01-08,M,USA,Washington,Home,1,No,Website,70,0,0,0,Nicholas Thompson
C1762,Individual,Larry,Harris,1964-01-21,M,USA,Virginia,Home,1,No,Website,61,0,0,0,Larry Harris
C1763,Individual,Kimberly,Young,1954-11-26,F,USA,New York,Home,3,No,Website,71,0,0,0,Kimberly Young
C1764,Individual,Kelly,Baker,1946-11-05,F,USA,Nevada,Home,2,No,Agency,79,0,0,0,Kelly Baker
C1765,Individual,Pamela,Reyes,1997-05-01,F,USA,Colorado,Home,1,Yes,Client,28,1,0,0,Pamela Reyes
C1766,Individual,Sharon,Bennett,1993-05-05,F,USA,California,Home,4,No,Website,32,0,0,0,Sharon Bennett
C1767,Individual,Joe,Sanders,1978-05-21,M,USA,Colorado,Home,3,No,Website,47,0,0,0,Joe Sanders
C1768,Individual,Cynthia,Hughes,1943-03-01,F,Russia,Saint Petersburg,Home,4,No,Website,82,0,0,0,Cynthia Hughes
C1769,Company,Forsyte,Co,1985-10-22,M,USA,Oregon,Home,1,Yes,Client,40,1,0,1,Forsyte Co
C1770,Individual,Betty,Parker,1945-11-17,F,USA,Washington,Home,1,Yes,Agency,80,1,0,0,Betty Parker
C1771,Company,Atlas,Co,1975-06-22,M,USA,Georgia,Home,3,Yes,Client,50,1,0,1,Atlas Co
C1772,Company,Forsyte,Co,1975-01-13,F,Canada,Alberta,Investment,5,Yes,Agency,50,1,1,1,Forsyte Co
C1773,Individual,Kenneth,Williams,1980-12-25,M,USA,Nevada,Investment,3,Yes,Agency,45,1,1,0,Kenneth Williams
C1774,Individual,Frank,James,1984-12-26,M,USA,Oregon,Home,4,No,Agency,41,0,0,0,Frank James
C1775,Individual,Betty,Howard,1970-10-07,F,USA,California,Home,3,No,Agency,55,0,0,0,Betty Howard
C1776,Individual,Martha,Mitchell,1973-09-01,F,France,Occitanie,Home,1,No,Website,52,0,0,0,Martha Mitchell
C1777,Individual,Jason,Long,1974-09-24,M,USA,California,Investment,5,No,Client,51,0,1,0,Jason Long
C1778,Individual,Jeffrey,Cox,1994-01-09,M,USA,Georgia,Investment,4,Yes,Website,31,1,1,0,Jeffrey Cox
C1779,Individual,Sharon,Thomas,1979-04-20,F,USA,California,Home,5,No,Client,46,0,0,0,Sharon Thomas
C1780,Individual,Richard,Patterson,1956-05-18,M,USA,Utah,Investment,1,No,Website,69,0,1,0,Richard Patterson
C1781,Individual,Betty,Thomas,1968-10-08,F,USA,California,Home,4,No,Website,57,0,0,0,Betty Thomas
C1782,Individual,Ann,King,1999-12-04,F,UK,England,Investment,1,No,Website,26,0,1,0,Ann King
C1783,Individual,Jacob,Garcia,1954-03-07,M,USA,California,Home,3,No,Website,71,0,0,0,Jacob Garcia
C1784,Individual,Albert,Moore,1998-02-24,M,Australia,Western Australia,Home,3,No,Client,27,0,0,0,Albert Moore
C1785,Individual,Lauren,Allen,1956-02-27,F,USA,Colorado,Home,1,Yes,Website,69,1,0,0,Lauren Allen
C1786,Individual,Adam,White,1995-03-07,M,USA,California,Home,1,No,Website,30,0,0,0,Adam White
C1787,Individual,Stephen,Flores,1955-09-22,M,USA,Georgia,Investment,5,No,Agency,70,0,1,0,Stephen Flores
C1788,Individual,Zachary,James,1989-10-27,M,USA,California,Home,3,No,Website,36,0,0,0,Zachary James
C1789,Individual,Edward,Brooks,1982-07-25,M,USA,Colorado,Home,5,Yes,Agency,43,1,0,0,Edward Brooks
C1790,Individual,Jacob,Hansen,1940-02-18,M,USA,Nevada,Investment,5,No,Client,85,0,1,0,Jacob Hansen
C1791,Individual,Gerald,Scott,1966-04-26,M,USA,California,Home,5,No,Agency,59,0,0,0,Gerald Scott
C1792,Individual,Terry,Pierce,1995-06-17,M,USA,California,Home,3,No,Agency,30,0,0,0,Terry Pierce
C1793,Individual,Richard,James,1969-04-05,M,USA,Utah,Investment,1,No,Website,56,0,1,0,Richard James
C1794,Individual,Douglas,Chavez,1995-12-25,M,USA,Colorado,Home,3,No,Website,30,0,0,0,Douglas Chavez
C1795,Individual,William,Brown,1945-12-01,M,USA,California,Home,5,Yes,Website,80,1,0,0,William Brown
C1796,Individual,Betty,Hughes,1950-09-21,F,USA,California,Investment,5,Yes,Client,75,1,1,0,Betty Hughes
C1797,Individual,Katherine,Howard,1957-02-26,F,USA,Oregon,Home,3,Yes,Website,68,1,0,0,Katherine Howard
C1798,Individual,Bryan,Peterson,1966-08-10,M,USA,Arizona,Investment,1,Yes,Website,59,1,1,0,Bryan Peterson
C1799,Individual,Cheryl,Freeman,1950-01-11,F,USA,Colorado,Home,5,No,Agency,75,0,0,0,Cheryl Freeman
C1800,Individual,James,Campbell,1944-04-13,M,USA,Oregon,Home,1,No,Client,81,0,0,0,James Campbell
C1801,Individual,Jose,Howard,1964-02-08,M,USA,California,Home,5,Yes,Website,61,1,0,0,Jose Howard
C1802,Individual,Jack,Morris,1948-03-26,M,USA,Nevada,Investment,1,No,Client,77,0,1,0,Jack Morris
C1803,Individual,Susan,Bennett,1987-04-14,F,Canada,Quebec,Investment,5,No,Agency,38,0,1,0,Susan Bennett
C1804,Individual,Albert,Kim,1989-03-03,M,USA,California,Home,1,No,Website,36,0,0,0,Albert Kim
C1805,Individual,Austin,Kim,1953-01-09,M,UK,Northern Ireland,Investment,3,No,Website,72,0,1,0,Austin Kim
C1806,Individual,Martha,Turner,1967-04-13,F,Australia,New South Wales,Investment,2,No,Agency,58,0,1,0,Martha Turner
C1807,Individual,Angela,Allen,1957-02-05,F,France,Brittany,Home,5,No,Website,68,0,0,0,Angela Allen
C1808,Individual,Victoria,Stewart,1990-01-08,F,USA,Washington,Investment,2,No,Client,35,0,1,0,Victoria Stewart
C1809,Individual,Laura,White,1981-05-03,F,USA,New York,Home,4,Yes,Agency,44,1,0,0,Laura White
C1810,Individual,Maria,Collins,1945-01-06,F,USA,Texas,Home,3,No,Agency,80,0,0,0,Maria Collins
C1811,Individual,Stephanie,Williams,1958-02-16,F,USA,California,Home,3,Yes,Agency,67,1,0,0,Stephanie Williams
C1812,Individual,Ryan,White,1977-04-18,M,France,Provence,Home,5,Yes,Website,48,1,0,0,Ryan White
C1813,Individual,Walter,Jordan,1947-12-02,M,Germany,Hamburg,Investment,3,Yes,Website,78,1,1,0,Walter Jordan
C1814,Individual,Scott,Roberts,1987-04-07,M,Denmark,North Denmark,Home,2,No,Website,38,0,0,0,Scott Roberts
C1815,Individual,Aaron,Carter,1949-03-26,M,USA,California,Home,5,No,Agency,76,0,0,0,Aaron Carter
C1816,Individual,Sean,Miller,1962-04-08,M,Canada,Quebec,Home,2,No,Website,63,0,0,0,Sean Miller
C1817,Individual,Cynthia,Garcia,1944-07-28,F,USA,Virginia,Home,1,No,Agency,81,0,0,0,Cynthia Garcia
C1818,Individual,Christine,Wood,1994-08-17,F,USA,Washington,Investment,5,Yes,Website,31,1,1,0,Christine Wood
C1819,Individual,William,Brown,1963-02-11,M,Russia,Krasnodar Krai,Home,1,No,Website,62,0,0,0,William Brown
C1820,Individual,Nicholas,Howard,1979-08-21,M,France,Provence,Home,3,No,Website,46,0,0,0,Nicholas Howard
C1821,Individual,Adam,Smith,1944-10-22,M,USA,Nevada,Home,5,No,Website,81,0,0,0,Adam Smith
C1822,Individual,Frank,Weaver,1996-02-28,M,USA,Oregon,Investment,5,Yes,Website,29,1,1,0,Frank Weaver
C1823,Individual,Jacob,Watson,1967-08-11,M,USA,Oregon,Home,4,Yes,Website,58,1,0,0,Jacob Watson
C1824,Individual,Jeffrey,Weaver,1962-09-05,M,USA,California,Home,3,No,Website,63,0,0,0,Jeffrey Weaver
C1825,Individual,Eric,Jones,1956-12-28,M,Mexico,Nuevo Leon,Home,2,No,Agency,69,0,0,0,Eric Jones
C1826,Individual,Jack,Williams,1951-06-08,M,USA,Ohio,Home,4,No,Client,74,0,0,0,Jack Williams
C1827,Individual,Donald,Thompson,1973-01-02,M,USA,New York,Home,5,Yes,Website,52,1,0,0,Donald Thompson
C1828,Individual,William,Wood,1991-11-15,M,USA,California,Investment,2,Yes,Website,34,1,1,0,William Wood
C1829,Individual,Rachel,Ward,1997-07-17,F,USA,California,Home,5,Yes,Agency,28,1,0,0,Rachel Ward
C1830,Individual,Virginia,Owens,1959-03-20,F,USA,Arizona,Home,3,No,Website,66,0,0,0,Virginia Owens
C1831,Individual,Janice,Smith,1950-09-15,F,Russia,Tatarstan,Home,3,No,Website,75,0,0,0,Janice Smith
C1832,Individual,Henry,Garcia,1987-04-21,M,USA,Oregon,Investment,1,Yes,Website,38,1,1,0,Henry Garcia
C1833,Individual,Jennifer,Weaver,1948-01-17,F,USA,Arizona,Investment,1,Yes,Website,77,1,1,0,Jennifer Weaver
C1834,Individual,Zachary,Phillips,1963-03-13,M,Belgium,Flanders,Investment,5,No,Agency,62,0,1,0,Zachary Phillips
C1835,Individual,Nicole,Pierce,1959-10-25,F,Canada,Alberta,Investment,4,Yes,Agency,66,1,1,0,Nicole Pierce
C1836,Individual,Judy,Wood,1960-10-08,F,USA,California,Investment,1,Yes,Website,65,1,1,0,Judy Wood
C1837,Individual,Julia,Freeman,1950-04-06,F,USA,California,Home,2,Yes,Client,75,1,0,0,Julia Freeman
C1838,Individual,Joyce,Morales,1965-01-14,F,Canada,Alberta,Investment,1,No,Agency,60,0,1,0,Joyce Morales
C1839,Individual,Kyle,Gray,1943-01-21,M,USA,California,Investment,2,No,Agency,82,0,1,0,Kyle Gray
C1840,Individual,Gerald,Weaver,1986-06-22,M,UK,England,Investment,3,No,Website,39,0,1,0,Gerald Weaver
C1841,Individual,Austin,Williams,1947-05-27,M,USA,New York,Home,4,No,Website,78,0,0,0,Austin Williams
C1842,Company,Rexon,Co,1978-10-08,M,Canada,Alberta,Home,3,Yes,Agency,47,1,0,1,Rexon Co
C1843,Individual,Jose,Stone,1952-06-18,M,Germany,Hesse,Home,4,No,Website,73,0,0,0,Jose Stone
C1844,Individual,Grace,Howard,1978-07-21,F,USA,Ohio,Home,1,No,Agency,47,0,0,0,Grace Howard
C1845,Individual,Joshua,Green,1949-09-11,M,USA,California,Investment,1,Yes,Website,76,1,1,0,Joshua Green
C1846,Individual,Sara,Allen,1985-10-26,F,Russia,Novosibirsk,Home,5,Yes,Agency,40,1,0,0,Sara Allen
C1847,Individual,Brian,Griffin,1952-04-01,M,USA,Utah,Home,4,No,Website,73,0,0,0,Brian Griffin
C1848,Individual,Sarah,Davis,1993-07-17,F,USA,California,Home,2,No,Website,32,0,0,0,Sarah Davis
C1849,Individual,Joseph,Wilson,1976-09-02,M,Canada,Alberta,Investment,3,Yes,Website,49,1,1,0,Joseph Wilson
C1850,Individual,Gregory,Miller,1971-07-25,M,USA,New York,Investment,5,Yes,Agency,54,1,1,0,Gregory Miller
C1851,Individual,Kimberly,Miller,1954-06-08,F,UK,England,Home,3,Yes,Agency,71,1,0,0,Kimberly Miller
C1852,Individual,Julie,Hall,1997-12-15,F,USA,Virginia,Home,4,No,Website,28,0,0,0,Julie Hall
C1853,Individual,Jennifer,Owens,1949-02-24,F,USA,Virginia,Investment,4,No,Website,76,0,1,0,Jennifer Owens
C1854,Company,Rexon,Co,1960-03-23,M,France,Ile-de-France,Investment,1,No,Client,65,0,1,1,Rexon Co
C1855,Individual,Gloria,Hansen,1984-02-07,F,USA,California,Home,2,Yes,Website,41,1,0,0,Gloria Hansen
C1856,Company,Altira,Co,1994-05-24,M,USA,Virginia,Home,2,No,Website,31,0,0,1,Altira Co
C1857,Individual,Walter,Johnson,1987-03-22,M,USA,California,Investment,2,Yes,Website,38,1,1,0,Walter Johnson
C1858,Individual,Amy,Hayes,1958-06-05,F,USA,Colorado,Home,5,No,Website,67,0,0,0,Amy Hayes
C1859,Individual,Zachary,Taylor,1943-11-18,M,USA,California,Home,5,Yes,Client,82,1,0,0,Zachary Taylor
C1860,Company,Caldera,Co,1970-07-17,F,USA,California,Home,4,Yes,Agency,55,1,0,1,Caldera Co
C1861,Individual,Nathan,Evans,1982-01-08,M,USA,California,Investment,3,Yes,Website,43,1,1,0,Nathan Evans
C1862,Individual,Joshua,Long,1953-08-22,M,USA,California,Home,1,Yes,Website,72,1,0,0,Joshua Long
C1863,Individual,Megan,Hansen,1948-03-04,F,UK,Scotland,Home,3,No,Website,77,0,0,0,Megan Hansen
C1864,Individual,Hannah,Weaver,1972-04-25,F,USA,New York,Home,5,Yes,Website,53,1,0,0,Hannah Weaver
C1865,Individual,Sean,Rogers,1974-01-11,M,USA,Arizona,Investment,4,No,Website,51,0,1,0,Sean Rogers
C1866,Individual,Joyce,Martin,1971-08-23,F,USA,Nevada,Home,2,No,Agency,54,0,0,0,Joyce Martin
C1867,Individual,Robert,Richardson,1952-01-13,M,USA,California,Home,2,Yes,Website,73,1,0,0,Robert Richardson
C1868,Individual,Michelle,Thomas,1975-11-28,F,UK,Wales,Home,1,No,Website,50,0,0,0,Michelle Thomas
C1869,Individual,Margaret,Campbell,1975-10-05,F,Mexico,Nuevo Leon,Home,5,No,Client,50,0,0,0,Margaret Campbell
C1870,Individual,Lawrence,Moore,1980-10-13,M,USA,Washington,Investment,1,No,Agency,45,0,1,0,Lawrence Moore
C1871,Individual,Amy,Reyes,1961-10-18,F,USA,Texas,Home,1,Yes,Website,64,1,0,0,Amy Reyes
C1872,Individual,Raymond,Jones,1940-10-23,M,Mexico,Mexico City,Home,5,No,Client,85,0,0,0,Raymond Jones
C1873,Individual,Cheryl,Collins,1959-03-10,F,Canada,British Columbia,Home,5,No,Agency,66,0,0,0,Cheryl Collins
C1874,Individual,Justin,Cooper,1972-11-18,M,USA,Colorado,Investment,1,No,Agency,53,0,1,0,Justin Cooper
C1875,Individual,Melissa,Roberts,1943-09-13,F,USA,Nevada,Home,2,No,Client,82,0,0,0,Melissa Roberts
C1876,Company,Bravada,Co,1981-03-17,M,USA,Ohio,Investment,4,Yes,Website,44,1,1,1,Bravada Co
C1877,Individual,Walter,Bryant,1961-09-16,M,USA,Arizona,Home,5,No,Agency,64,0,0,0,Walter Bryant
C1878,Individual,Paul,Rogers,1967-10-07,M,USA,Washington,Home,5,No,Agency,58,0,0,0,Paul Rogers
C1879,Individual,Deborah,Roberts,1977-01-23,F,USA,New York,Home,3,No,Website,48,0,0,0,Deborah Roberts
C1880,Individual,Joan,Morales,1998-01-22,F,USA,California,Home,5,Yes,Client,27,1,0,0,Joan Morales
C1881,Individual,Brenda,Phillips,1989-09-13,F,USA,Oregon,Home,2,Yes,Website,36,1,0,0,Brenda Phillips
C1882,Individual,Deborah,Turner,1960-03-22,F,USA,Virginia,Investment,3,No,Website,65,0,1,0,Deborah Turner
C1883,Individual,Sean,Peterson,1941-02-11,M,USA,California,Home,1,No,Agency,84,0,0,0,Sean Peterson
C1884,Individual,Terry,Bell,1954-08-06,M,USA,Nevada,Home,5,Yes,Website,71,1,0,0,Terry Bell
C1885,Individual,Ryan,Bell,1967-10-26,M,Germany,Hamburg,Home,1,Yes,Agency,58,1,0,0,Ryan Bell
C1886,Individual,Maria,Richardson,1999-11-16,F,USA,California,Home,5,No,Website,26,0,0,0,Maria Richardson
C1887,Individual,Emma,Campbell,1986-01-07,F,USA,Oregon,Investment,1,No,Agency,39,0,1,0,Emma Campbell
C1888,Individual,Donald,Griffin,1962-08-06,M,USA,California,Home,3,No,Website,63,0,0,0,Donald Griffin
C1889,Individual,Matthew,Richardson,1987-07-10,M,USA,California,Home,4,Yes,Website,38,1,0,0,Matthew Richardson
C1890,Individual,Mark,Nelson,1954-03-12,M,Canada,Ontario,Home,4,No,Client,71,0,0,0,Mark Nelson
C1891,Individual,Gary,James,1972-06-02,M,USA,Oregon,Home,2,No,Agency,53,0,0,0,Gary James
C1892,Individual,Nancy,Jones,1951-06-06,F,USA,Nevada,Investment,5,Yes,Agency,74,1,1,0,Nancy Jones
C1893,Individual,Ann,Davis,1962-12-27,F,USA,Washington,Home,1,Yes,Website,63,1,0,0,Ann Davis
C1894,Individual,Joyce,Hall,1944-03-11,F,USA,Texas,Investment,4,No,Website,81,0,1,0,Joyce Hall
C1895,Company,Caldera,Co,1969-01-07,M,USA,Nevada,Investment,4,No,Agency,56,0,1,1,Caldera Co
C1896,Individual,Andrew,Bryant,1955-06-17,M,USA,Virginia,Investment,3,No,Agency,70,0,1,0,Andrew Bryant
C1897,Individual,Catherine,Rogers,1950-12-27,F,Canada,Ontario,Home,2,No,Website,75,0,0,0,Catherine Rogers
C1898,Individual,Daniel,James,1979-01-05,M,USA,New York,Home,1,Yes,Website,46,1,0,0,Daniel James
C1899,Individual,Joe,Mitchell,1996-04-05,M,UK,England,Home,3,No,Website,29,0,0,0,Joe Mitchell
C1900,Individual,Rachel,Griffin,1998-09-07,F,UK,England,Investment,4,No,Client,27,0,1,0,Rachel Griffin
C1901,Individual,Justin,Stewart,1982-09-17,M,Canada,British Columbia,Home,4,No,Agency,43,0,0,0,Justin Stewart
C1902,Company,Grandis,Co,1980-11-09,M,USA,Colorado,Investment,2,No,Agency,45,0,1,1,Grandis Co
C1903,Individual,Nicole,Bennett,1991-12-01,F,USA,Nevada,Home,2,No,Website,34,0,0,0,Nicole Bennett
C1904,Individual,Christian,Nelson,1949-03-23,M,USA,Texas,Home,2,Yes,Website,76,1,0,0,Christian Nelson
C1905,Individual,James,Morris,1961-02-02,M,USA,Virginia,Home,1,No,Website,64,0,0,0,James Morris
C1906,Individual,Michelle,Adams,1955-09-15,F,USA,California,Home,2,No,Agency,70,0,0,0,Michelle Adams
C1907,Individual,Kyle,Wright,1950-03-12,M,USA,Colorado,Home,3,No,Website,75,0,0,0,Kyle Wright
C1908,Individual,Andrea,Moore,1976-03-28,F,USA,California,Home,2,No,Website,49,0,0,0,Andrea Moore
C1909,Individual,Heather,Pierce,1985-12-04,F,USA,California,Investment,2,No,Agency,40,0,1,0,Heather Pierce
C1910,Company,Telnox,Co,1985-10-04,M,USA,California,Home,2,Yes,Agency,40,1,0,1,Telnox Co
C1911,Individual,Noah,Murray,1989-01-11,M,USA,California,Home,5,No,Agency,36,0,0,0,Noah Murray
C1912,Individual,Amanda,Jackson,1954-07-26,F,USA,Utah,Investment,1,No,Website,71,0,1,0,Amanda Jackson
C1913,Individual,Gary,King,1980-11-12,M,France,Provence,Home,5,No,Website,45,0,0,0,Gary King
C1914,Individual,Brenda,Gray,1993-08-24,F,UK,Scotland,Home,4,Yes,Website,32,1,0,0,Brenda Gray
C1915,Individual,Angela,Williams,1964-06-09,F,USA,Arizona,Investment,4,No,Client,61,0,1,0,Angela Williams
C1916,Individual,Zachary,Weaver,1948-10-15,M,USA,California,Investment,2,No,Website,77,0,1,0,Zachary Weaver
C1917,Individual,Angela,Montgomery,1971-09-16,F,Australia,New South Wales,Home,2,No,Client,54,0,0,0,Angela Montgomery
C1918,Individual,Dorothy,Murray,1940-09-17,F,USA,California,Home,1,No,Client,85,0,0,0,Dorothy Murray
C1919,Company,Vantage,Co,1968-01-19,F,USA,Nevada,Investment,1,No,Website,57,0,1,1,Vantage Co
C1920,Individual,Jonathan,Pierce,1969-10-26,M,Germany,North Rhine-Westphalia,Home,5,No,Agency,56,0,0,0,Jonathan Pierce
C1921,Individual,Carolyn,Adams,1956-12-24,F,France,Provence,Home,5,No,Website,69,0,0,0,Carolyn Adams
C1922,Individual,Jessica,Garcia,1988-01-09,F,USA,California,Home,1,No,Agency,37,0,0,0,Jessica Garcia
C1923,Individual,Sarah,Cooper,1947-03-07,F,Mexico,Jalisco,Investment,1,Yes,Client,78,1,1,0,Sarah Cooper
C1924,Individual,Joe,Cooper,1958-01-03,M,USA,California,Home,3,No,Client,67,0,0,0,Joe Cooper
C1925,Individual,Jordan,Baker,1942-01-19,M,USA,Colorado,Home,2,No,Agency,83,0,0,0,Jordan Baker
C1926,Individual,Joshua,Watson,1997-11-05,M,Mexico,Puebla,Home,1,Yes,Website,28,1,0,0,Joshua Watson
C1927,Individual,Victoria,Long,1952-11-05,F,USA,California,Investment,1,Yes,Website,73,1,1,0,Victoria Long
C1928,Individual,Paul,Scott,1998-02-20,M,Australia,New South Wales,Home,4,Yes,Client,27,1,0,0,Paul Scott
C1929,Individual,Angela,Baker,1941-10-24,F,Mexico,Jalisco,Home,1,Yes,Agency,84,1,0,0,Angela Baker
C1930,Individual,Rachel,Adams,1966-01-22,F,USA,Colorado,Investment,3,No,Agency,59,0,1,0,Rachel Adams
C1931,Individual,Melissa,Jackson,1995-05-01,F,USA,Utah,Home,5,Yes,Website,30,1,0,0,Melissa Jackson
C1932,Individual,Dorothy,Allen,1962-05-13,F,USA,California,Investment,2,No,Website,63,0,1,0,Dorothy Allen
C1933,Company,Oasis,Co,1994-04-05,F,Australia,Queensland,Home,1,No,Client,31,0,0,1,Oasis Co
C1934,Individual,Noah,Montgomery,1978-03-25,M,France,Ile-de-France,Investment,4,Yes,Client,47,1,1,0,Noah Montgomery
C1935,Individual,Ashley,Young,1983-04-14,F,USA,Arizona,Home,5,No,Website,42,0,0,0,Ashley Young
C1936,Individual,Jeffrey,Brown,1984-02-24,M,Russia,Krasnodar Krai,Home,1,Yes,Agency,41,1,0,0,Jeffrey Brown
C1937,Individual,Ashley,Richardson,1961-03-16,F,USA,Arizona,Home,3,Yes,Website,64,1,0,0,Ashley Richardson
C1938,Individual,Peter,Anderson,1973-07-28,M,Canada,Quebec,Home,4,Yes,Website,52,1,0,0,Peter Anderson
C1939,Individual,Gloria,White,1979-06-09,F,USA,Florida,Investment,1,Yes,Agency,46,1,1,0,Gloria White
C1940,Individual,Barbara,Turner,1997-02-01,F,Canada,Manitoba,Home,4,No,Agency,28,0,0,0,Barbara Turner
C1941,Individual,Maria,James,1943-05-20,F,USA,Nevada,Home,5,No,Client,82,0,0,0,Maria James
C1942,Company,Stratos,Co,1984-11-10,F,USA,Nevada,Home,2,Yes,Agency,41,1,0,1,Stratos Co
C1943,Individual,Eric,Long,1973-01-04,M,USA,Arizona,Home,1,No,Website,52,0,0,0,Eric Long
C1944,Individual,Henry,Pierce,1986-02-15,M,USA,California,Investment,1,No,Website,39,0,1,0,Henry Pierce
C1945,Individual,Sean,Johnson,1967-02-26,M,Mexico,Mexico City,Investment,3,No,Website,58,0,1,0,Sean Johnson
C1946,Individual,Mark,Bell,1955-01-15,M,USA,California,Home,1,No,Agency,70,0,0,0,Mark Bell
C1947,Individual,Walter,Mitchell,1979-02-02,M,USA,Nevada,Home,3,No,Website,46,0,0,0,Walter Mitchell
C1948,Individual,Melissa,Harris,1955-04-01,F,USA,Arizona,Home,2,No,Agency,70,0,0,0,Melissa Harris
C1949,Individual,Christina,James,1955-07-20,F,USA,Colorado,Home,2,Yes,Agency,70,1,0,0,Christina James
C1950,Individual,Edward,Weaver,1975-03-27,M,USA,Ohio,Home,4,No,Agency,50,0,0,0,Edward Weaver
C1951,Individual,Alexander,Murray,1996-09-08,M,USA,Utah,Home,1,Yes,Website,29,1,0,0,Alexander Murray
C1952,Company,Optima,Co,1992-05-06,M,USA,Nevada,Home,3,No,Agency,33,0,0,1,Optima Co
C1953,Individual,Donald,Miller,1972-10-16,M,Germany,Bavaria,Home,1,Yes,Website,53,1,0,0,Donald Miller
C1954,Individual,Judy,Roberts,1966-09-03,F,Australia,Western Australia,Investment,3,No,Website,59,0,1,0,Judy Roberts
C1955,Individual,Benjamin,Wright,1998-05-20,M,Canada,Quebec,Home,1,No,Website,27,0,0,0,Benjamin Wright
C1956,Individual,Julie,Weaver,1967-08-21,F,USA,Oregon,Home,2,No,Agency,58,0,0,0,Julie Weaver
C1957,Individual,Adam,Howard,1962-09-24,M,USA,California,Home,4,Yes,Website,63,1,0,0,Adam Howard
C1958,Individual,Susan,Foster,1970-10-09,F,USA,California,Home,3,No,Website,55,0,0,0,Susan Foster
C1959,Individual,Judy,Morales,1942-02-20,F,USA,Texas,Home,1,No,Website,83,0,0,0,Judy Morales
C1960,Individual,Dorothy,Brown,1987-08-02,F,USA,Colorado,Home,2,Yes,Website,38,1,0,0,Dorothy Brown
C1961,Individual,William,Campbell,1994-09-26,M,USA,California,Home,5,No,Agency,31,0,0,0,William Campbell
C1962,Individual,Kimberly,Harris,1995-08-01,F,Mexico,Puebla,Home,5,No,Agency,30,0,0,0,Kimberly Harris
C1963,Company,Terova,Co,1968-03-01,M,USA,Texas,Home,5,No,Website,57,0,0,1,Terova Co
C1964,Individual,Kevin,Martin,1972-06-17,M,USA,Virginia,Home,5,No,Agency,53,0,0,0,Kevin Martin
C1965,Individual,Sean,Wright,1997-01-09,M,USA,California,Home,4,No,Agency,28,0,0,0,Sean Wright
C1966,Individual,Ronald,Howard,1964-02-10,M,Canada,British Columbia,Home,1,No,Agency,61,0,0,0,Ronald Howard
C1967,Individual,Roger,Bryant,1957-10-09,M,USA,Oregon,Investment,4,No,Agency,68,0,1,0,Roger Bryant
C1968,Individual,Judy,Griffin,1958-11-02,F,USA,California,Investment,3,Yes,Client,67,1,1,0,Judy Griffin
C1969,Individual,Jesse,James,1993-06-14,M,USA,Colorado,Investment,2,Yes,Agency,32,1,1,0,Jesse James
C1970,Individual,Raymond,Howard,1978-02-25,M,USA,Arizona,Investment,4,Yes,Website,47,1,1,0,Raymond Howard
C1971,Individual,Emma,Jordan,1976-07-18,F,USA,Virginia,Home,5,No,Website,49,0,0,0,Emma Jordan
C1972,Individual,Carol,Wilson,1972-01-05,F,USA,California,Home,4,Yes,Website,53,1,0,0,Carol Wilson
C1973,Company,Oasis,Co,1993-09-13,M,USA,Washington,Home,4,Yes,Agency,32,1,0,1,Oasis Co
C1974,Individual,Keith,Peterson,1950-04-09,M,USA,Nevada,Home,5,Yes,Agency,75,1,0,0,Keith Peterson
C1975,Individual,Dorothy,Campbell,1975-08-05,F,Belgium,Wallonia,Home,4,No,Agency,50,0,0,0,Dorothy Campbell
C1976,Individual,Albert,Wilson,1995-05-03,M,USA,Florida,Home,5,No,Client,30,0,0,0,Albert Wilson
C1977,Individual,Jason,Bennett,1994-04-07,M,USA,Virginia,Home,1,No,Website,31,0,0,0,Jason Bennett
C1978,Company,Summit,Co,1967-02-06,F,USA,California,Investment,5,Yes,Website,58,1,1,1,Summit Co
C1979,Individual,Brian,Richardson,1942-05-25,M,USA,Colorado,Home,3,Yes,Agency,83,1,0,0,Brian Richardson
C1980,Individual,Barbara,Green,1956-05-09,F,USA,Texas,Investment,4,No,Website,69,0,1,0,Barbara Green
C1981,Individual,Sarah,Flores,1992-12-09,F,Canada,Quebec,Home,5,No,Agency,33,0,0,0,Sarah Flores
C1982,Individual,Jose,Long,1947-09-05,M,USA,California,Home,4,Yes,Website,78,1,0,0,Jose Long
C1983,Individual,Ryan,Reed,1961-03-13,M,UK,Northern Ireland,Home,3,No,Website,64,0,0,0,Ryan Reed
C1984,Individual,Jesse,Watson,1956-10-18,M,USA,California,Home,4,No,Website,69,0,0,0,Jesse Watson
C1985,Individual,Gregory,Bell,1963-05-11,M,UK,Scotland,Home,1,Yes,Agency,62,1,0,0,Gregory Bell
C1986,Individual,Thomas,Griffin,1977-04-23,M,USA,New York,Investment,1,No,Website,48,0,1,0,Thomas Griffin
C1987,Individual,Douglas,Davis,1986-10-18,M,Belgium,Wallonia,Investment,5,No,Website,39,0,1,0,Douglas Davis
C1988,Individual,Henry,Thompson,1994-09-19,M,USA,California,Home,5,Yes,Website,31,1,0,0,Henry Thompson
C1989,Individual,William,Montgomery,1959-11-19,M,USA,Texas,Home,3,No,Agency,66,0,0,0,William Montgomery
C1990,Individual,Scott,Howard,1976-11-28,M,USA,Texas,Investment,5,No,Agency,49,0,1,0,Scott Howard
C1991,Individual,Susan,Reed,1950-07-09,F,USA,California,Home,3,No,Website,75,0,0,0,Susan Reed
C1992,Individual,Rachel,Hansen,1943-01-19,F,USA,Texas,Home,3,Yes,Website,82,1,0,0,Rachel Hansen
C1993,Individual,Douglas,Thompson,1985-06-09,M,USA,New York,Home,2,No,Website,40,0,0,0,Douglas Thompson
C1994,Individual,Nicole,Miller,1994-07-21,F,USA,Oregon,Investment,3,Yes,Website,31,1,1,0,Nicole Miller
C1995,Individual,Michelle,Scott,1993-03-05,F,USA,California,Investment,4,No,Agency,32,0,1,0,Michelle Scott
C1996,Individual,Samantha,Brooks,1992-06-20,F,USA,Nevada,Home,1,Yes,Website,33,1,0,0,Samantha Brooks
C1997,Individual,Matthew,Cox,1942-09-27,M,USA,Arizona,Home,4,Yes,Website,83,1,0,0,Matthew Cox
C1998,Individual,Mark,Patterson,1963-09-13,M,USA,Virginia,Home,5,Yes,Website,62,1,0,0,Mark Patterson
C1999,Individual,Lawrence,Montgomery,1944-06-15,M,USA,Ohio,Home,4,Yes,Client,81,1,0,0,Lawrence Montgomery
C2000,Individual,Amanda,James,1996-03-24,F,USA,Georgia,Home,1,Yes,Agency,29,1,0,0,Amanda James
