listing_id,tower_number,transaction_date,unit_category,unit_number,floor_area_sqft,sale_price,listing_status,client_ref,price_per_sqft
1012,1,2024-01-01,Apartment,12,1160.36,300385.62,Sold,C0027,258.87278086111206
1015,1,2024-01-01,Apartment,15,782.25,208930.81,Sold,C0097,267.08956216043464
1021,1,2024-01-01,Apartment,21,756.21,218585.92,Sold,C0113,289.05452189206704
1030,1,2024-01-01,Apartment,30,743.09,246172.68,Sold,C0141,331.2824556917735
2016,2,2024-01-01,Apartment,16,701.66,212265.67,Sold,C0146,302.51926859162563
2018,2,2024-01-01,Apartment,18,927.83,275394.25,Sold,C0023,296.8154187728355
2029,2,2024-01-01,Apartment,29,1109.25,310223.29,Sold,C0040,279.66940725715574
3006,3,2024-01-01,Apartment,6,1132.06,356506.37,Sold,C0007,314.9182640496087
3026,3,2024-01-01,Apartment,26,670.89,212520.83,Sold,C0082,316.7744786775775
3031,3,2024-01-01,Apartment,31,1596.35,407214.29,Sold,C0038,255.09085726814294
3035,3,2024-01-01,Apartment,35,781.07,269278.57,Sold,C0107,344.7560013827186
4039,4,2024-01-01,Apartment,39,785.48,216826.0,Available,,276.0426745429546
5015,5,2024-01-01,Apartment,15,798.5,237680.88,Available,,297.65921102066375
5033,5,2024-01-01,Apartment,33,798.28,240539.35,Sold,C0049,301.32202986420805
5046,5,2024-01-01,Apartment,46,798.28,230216.22,Sold,C0161,288.3903141754773
10005,1,2024-01-01,Apartment,1,748.06,222435.93,Sold,C0396,297.35038633264713
10012,1,2024-01-01,Apartment,2,715.67,199315.51,Sold,C1809,278.50197716824795
10021,1,2024-01-01,Apartment,3,788.73,285972.38,Sold,C1508,362.57322531157683
10032,1,2024-01-01,Apartment,4,633.61,179987.43,Sold,C1572,284.06658670159874
10035,1,2024-01-01,Apartment,4,633.61,166623.12,Available,,262.97425861334256
10052,1,2024-01-01,Apartment,6,740.75,233361.41,Available,,315.03396557543033
10105,1,2024-01-01,Office,13,719.47,211336.04,Sold,C0628,293.73850195282637
10108,1,2024-01-01,Apartment,14,1181.69,347613.48,Sold,C0674,294.16638881601773
10155,1,2024-01-01,Apartment,20,1146.24,336600.53,Sold,C0909,293.65624127582356
10168,1,2024-01-01,Apartment,21,1957.16,487767.54,Sold,C0732,249.22210754358355
10179,1,2024-01-01,Office,22,740.83,232423.05,Sold,C1956,313.73331263582736
10184,1,2024-01-01,Apartment,23,1201.5,322459.21,Sold,C0760,268.380532667499
10186,1,2024-01-01,Office,23,1201.5,399122.68,Available,,332.1869995838535
10199,1,2024-01-01,Apartment,24,1146.11,328475.64,Sold,C0661,286.60044847353225
10208,1,2024-01-01,Office,24,1146.11,347062.19,Sold,C1813,302.8175218783538
10220,1,2024-01-01,Apartment,25,1154.92,372242.47,Sold,C0431,322.31017732829974
10222,1,2024-01-01,Apartment,25,1154.92,384462.57,Sold,C0054,332.89108336508156
10264,1,2024-01-01,Apartment,29,757.2,237620.45,Sold,C1363,313.81464606444797
10284,1,2024-01-01,Apartment,30,753.29,261991.1,Available,,347.7958024134132
10297,1,2024-01-01,Apartment,31,619.78,231461.08,Sold,C1547,373.45683952370194
10333,1,2024-01-01,Apartment,35,1168.59,339117.71,Sold,C0442,290.1939174560796
10335,1,2024-01-01,Apartment,36,613.59,165522.54,Available,,269.7608174839877
20016,2,2024-01-01,Apartment,2,788.72,251478.61,Sold,C1969,318.84396236940864
20040,2,2024-01-01,Apartment,4,1281.85,392174.2,Available,,305.9439091937434
20061,2,2024-01-01,Apartment,8,715.54,188979.3,Sold,C0429,264.1072476730861
20064,2,2024-01-01,Apartment,8,715.54,212960.69,Sold,C1841,297.62234116890744
20067,2,2024-01-01,Apartment,8,715.54,184000.39,Sold,C0116,257.14899236939937
20076,2,2024-01-01,Apartment,9,584.19,194033.05,Sold,C1634,332.1403139389582
20079,2,2024-01-01,Apartment,9,584.19,184956.85,Sold,C1632,316.6039302281792
20086,2,2024-01-01,Office,10,788.79,274454.31,Available,,347.94344502339027
20087,2,2024-01-01,Office,10,788.79,227511.01,Sold,C1189,288.43039338734013
20100,2,2024-01-01,Apartment,11,1625.05,523288.27,Sold,C0962,322.01364265714903
20102,2,2024-01-01,Apartment,11,1625.05,507842.87,Sold,C0040,312.5090735669672
20143,2,2024-01-01,Apartment,17,1397.4,418864.27,Sold,C0102,299.7454343781308
20174,2,2024-01-01,Apartment,20,727.55,223964.08,Sold,C1168,307.83324857398117
20225,2,2024-01-01,Apartment,25,943.48,313123.78,Sold,C1924,331.8817357018697
20231,2,2024-01-01,Apartment,26,1577.79,465488.76,Sold,C1908,295.0258019128021
20232,2,2024-01-01,Apartment,26,1577.79,483760.31,Sold,C0502,306.60627206408964
20234,2,2024-01-01,Apartment,26,1577.79,496217.67,Sold,C1860,314.50172076131804
20250,2,2024-01-01,Apartment,28,650.67,201554.99,Sold,C0533,309.7653034564372
20256,2,2024-01-01,Apartment,29,1107.33,362974.97,Sold,C0791,327.7929524170753
20282,2,2024-01-01,Apartment,33,931.4,340373.72,Sold,C0738,365.44311788705176
20286,2,2024-01-01,Apartment,33,931.4,344306.6,Sold,C0173,369.6656645909384
20367,2,2024-01-01,Apartment,43,1118.94,337252.59,Available,,301.40364094589523
20368,2,2024-01-01,Apartment,43,1118.94,311723.42,Sold,C1310,278.5881459238207
20384,2,2024-01-01,Apartment,46,697.74,191398.42,Sold,C1996,274.31195001003243
20392,2,2024-01-01,Apartment,46,697.74,221686.72,Available,,317.72109954997563
20421,2,2024-01-01,Apartment,47,708.32,199377.29,Sold,C1839,281.4791196069573
20428,2,2024-01-01,Apartment,49,1617.9,485657.59,Sold,C0427,300.1777551146548
20433,2,2024-01-01,Office,50,1604.8,535383.27,Available,,333.6137026420738
20484,2,2024-01-01,Apartment,56,722.22,197039.82,Sold,C0046,272.8252056160173
30016,3,2024-01-01,Apartment,1,689.75,231937.37,Sold,C0374,336.26295034432763
30057,3,2024-01-01,Apartment,6,668.89,203633.01,Sold,C0570,304.43422685344376
30066,3,2024-01-01,Apartment,7,744.01,163682.2,Available,,220.00000000000003
30088,3,2024-01-01,Apartment,9,1125.84,314372.82,Sold,C1977,279.23401193775317
30091,3,2024-01-01,Apartment,9,1125.84,361782.84,Sold,C0182,321.3448092091239
30119,3,2024-01-01,Apartment,10,784.09,245282.25,Sold,C1570,312.8241018250456
30190,3,2024-01-01,Apartment,20,802.97,227392.48,Sold,C0532,283.1892598727225
30203,3,2024-01-01,Apartment,21,1122.15,375891.04,Sold,C1932,334.97396961190566
30214,3,2024-01-01,Apartment,24,776.04,237580.39,Sold,C0866,306.14451574661103
30223,3,2024-01-01,Apartment,25,765.56,208271.84,Sold,C1802,272.0516223418152
30238,3,2024-01-01,Apartment,27,1117.14,331813.63,Sold,C0006,297.02063304509727
30257,3,2024-01-01,Apartment,28,679.93,199964.39,Available,,294.0955539540835
30298,3,2024-01-01,Apartment,36,733.45,255632.56,Available,,348.53440588997205
30344,3,2024-01-01,Office,42,1343.96,384762.61,Sold,C1567,286.2902244114408
30382,3,2024-01-01,Apartment,47,691.09,194477.8,Sold,C0529,281.4073420249171
30388,3,2024-01-01,Apartment,47,691.09,223528.63,Sold,C1639,323.4435891128507
30415,3,2024-01-01,Apartment,49,1174.48,337065.29,Sold,C0778,286.99108541652475
30427,3,2024-01-01,Apartment,49,1174.48,376083.68,Sold,C1001,320.21292827464066
30439,3,2024-01-01,Apartment,51,693.85,221020.03,Sold,C1698,318.54151473661454
30471,3,2024-01-01,Apartment,56,1179.42,375142.73,Sold,C1312,318.0739092096115
30474,3,2024-01-01,Apartment,56,1179.42,353361.5,Sold,C0437,299.60616235098604
30488,3,2024-01-01,Office,57,1607.94,532909.35,Sold,C1012,331.4236538676816
30505,3,2024-01-01,Apartment,58,1588.14,442306.09,Sold,C1652,278.50572997342806
30506,3,2024-01-01,Apartment,58,1588.14,495478.74,Sold,C1788,311.9868147644414
30508,3,2024-01-01,Apartment,59,1353.02,353529.48,Sold,C1379,261.2891753263071
30511,3,2024-01-01,Apartment,59,1353.02,443089.55,Sold,C1262,327.4818923593147
40008,4,2024-01-01,Apartment,1,1615.98,470821.82,Sold,C1267,291.35374200175744
40030,4,2024-01-01,Apartment,3,1630.82,495465.48,Sold,C0699,303.81371334665994
40052,4,2024-01-01,Apartment,5,786.98,242144.72,Sold,C0391,307.68853083941144
40092,4,2024-01-01,Office,12,789.38,253171.59,Sold,C1972,320.7220730193316
40102,4,2024-01-01,Apartment,13,809.06,241164.92,Sold,C0979,298.0803895879169
40126,4,2024-01-01,Apartment,15,760.39,202489.6,Sold,C1314,266.2970317863202
40142,4,2024-01-01,Apartment,17,780.68,242054.22,Available,,310.05561817902344
40154,4,2024-01-01,Apartment,18,1294.91,330997.32,Sold,C0195,255.61415079040242
40173,4,2024-01-01,Office,21,801.66,256392.52,Sold,C0912,319.82700895641545
40186,4,2024-01-01,Apartment,23,1110.99,363974.2,Sold,C1488,327.612489761384
40255,4,2024-01-01,Apartment,30,1307.35,399943.02,Sold,C1304,305.91885876008723
40286,4,2024-01-01,Apartment,33,734.73,207033.36,Sold,C1064,281.78155240700664
40347,4,2024-01-01,Apartment,41,779.87,198773.78,Available,,254.88065959711233
40376,4,2024-01-01,Apartment,45,1160.48,373889.7,Sold,C0490,322.18538880463257
40408,4,2024-01-01,Office,46,800.23,248776.66,Sold,C1127,310.88144658410704
40410,4,2024-01-01,Apartment,47,805.88,216571.38,Sold,C0036,268.7389933985209
40437,4,2024-01-01,Apartment,51,802.11,217380.34,Sold,C0552,271.0106344516338
40439,4,2024-01-01,Office,51,802.11,232641.21,Available,,290.0365411227886
50017,5,2024-01-01,Apartment,4,799.1,259367.12,Sold,C1746,324.5740458015267
50023,5,2024-01-01,Apartment,4,799.1,266288.33,Sold,C0454,333.23530221499186
50028,5,2024-01-01,Apartment,6,775.85,208908.94,Available,,269.2646001160018
50064,5,2024-01-01,Apartment,9,793.56,227070.24,Available,,286.14123695750794
50076,5,2024-01-01,Apartment,10,629.27,194958.35,Sold,C1749,309.81669235781146
50114,5,2024-01-01,Apartment,14,624.96,211361.79,Sold,C1677,338.2005088325653
50154,5,2024-01-01,Apartment,20,804.84,231233.66,Available,,287.3038864867551
50173,5,2024-01-01,Apartment,23,1006.65,269137.96,Sold,C0642,267.36001589430293
50203,5,2024-01-01,Apartment,27,1278.6,366303.84,Sold,C1862,286.4882214922572
50204,5,2024-01-01,Apartment,27,1278.6,396653.03,Sold,C0250,310.2244877209448
50219,5,2024-01-01,Apartment,29,786.28,246088.4,Available,,312.9780739685608
50247,5,2024-01-01,Apartment,32,1051.39,340611.95,Sold,C1967,323.9634674098098
50249,5,2024-01-01,Apartment,33,1787.13,503642.95,Sold,C1588,281.816627777498
50250,5,2024-01-01,Apartment,33,1787.13,499753.6,Sold,C0227,279.64031715655824
50272,5,2024-01-01,Apartment,36,627.56,184648.29,Available,,294.2320893619734
50293,5,2024-01-01,Apartment,39,591.14,165812.56,Available,,280.49626146090606
50314,5,2024-01-01,Apartment,41,630.83,168855.2,Sold,C0999,267.6714804305439
50330,5,2024-01-01,Apartment,42,791.2,212618.56,Sold,C0290,268.7292214357937
50357,5,2024-01-01,Apartment,44,806.03,237203.75,Available,,294.28650298375993
50358,5,2024-01-01,Apartment,44,806.03,261814.63,Sold,C0919,324.8199570735581
50370,5,2024-01-01,Apartment,45,608.89,192992.54,Sold,C0780,316.9579727044294
60019,6,2024-01-01,Office,1,1720.95,580829.46,Available,,337.5051337923821
60028,6,2024-01-01,Apartment,3,605.21,185007.22,Sold,C1928,305.69095024867397
60039,6,2024-01-01,Apartment,4,1925.28,514067.14,Sold,C1274,267.00902725837284
60054,6,2024-01-01,Apartment,5,1617.43,447068.49,Sold,C0613,276.4067007536647
60058,6,2024-01-01,Apartment,5,1617.43,466754.91,Available,,288.57812084603347
60080,6,2024-01-01,Apartment,7,1075.42,342584.5,Available,,318.55879563333394
60088,6,2024-01-01,Apartment,7,1075.42,315829.36,Sold,C1975,293.6800133901173
60131,6,2024-01-01,Apartment,10,942.08,255614.83,Sold,C1695,271.3302798063858
60141,6,2024-01-01,Apartment,12,1678.17,455861.82,Sold,C1710,271.64221741539893
60164,6,2024-01-01,Apartment,14,1890.0,494576.31,Sold,C1470,261.6805873015873
60174,6,2024-01-01,Apartment,15,1392.45,407106.37,Sold,C0715,292.36695752091634
60204,6,2024-01-01,Apartment,19,1542.71,451237.67,Sold,C0159,292.49675570910927
60243,6,2024-01-01,Apartment,24,1159.75,343592.86,Sold,C1452,296.2645915067902
60288,6,2024-01-01,Apartment,32,793.11,276441.24,Sold,C1381,348.5534667322313
60416,6,2024-01-01,Apartment,50,1579.99,530260.93,Available,,335.61030766017507
60469,6,2024-01-01,Apartment,55,562.37,166043.13,Available,,295.2560236143464
70003,7,2024-01-01,Apartment,1,759.04,227804.43,Sold,C1572,300.1217722386172
70062,7,2024-01-01,Apartment,10,1495.37,432295.29,Sold,C1616,289.08918194159304
70079,7,2024-01-01,Apartment,12,804.65,250417.22,Available,,311.2126017523147
70104,7,2024-01-01,Apartment,14,714.65,214564.09,Sold,C0282,300.23660533128105
70138,7,2024-01-01,Apartment,16,1239.87,421526.61,Sold,C0501,339.97645720922355
70157,7,2024-01-01,Apartment,19,751.07,223691.45,Sold,C0200,297.83036201685593
70217,7,2024-01-01,Apartment,24,852.99,260906.28,Sold,C1459,305.8726128090599
70229,7,2024-01-01,Apartment,25,573.8,163464.75,Sold,C0294,284.881056117114
70231,7,2024-01-01,Apartment,25,573.8,159778.3,Available,,278.45643081212967
70241,7,2024-01-01,Apartment,27,768.05,238610.14,Available,,310.6700605429334
70249,7,2024-01-01,Office,28,694.55,222809.93,Sold,C0950,320.7975379742279
70277,7,2024-01-01,Apartment,32,1910.67,625903.82,Sold,C1122,327.58342361579963
70361,7,2024-01-01,Apartment,42,702.08,190215.58,Sold,C0179,270.9314892889699
70364,7,2024-01-01,Apartment,42,702.08,230011.45,Available,,327.61430321330903
70498,7,2024-01-01,Apartment,58,1629.83,450994.89,Sold,C0962,276.7128412165686
80028,8,2024-01-01,Apartment,4,1934.75,592274.66,Sold,C0580,306.12464659516735
80047,8,2024-01-01,Apartment,5,887.23,252418.74,Sold,C1761,284.50203442173955
80059,8,2024-01-01,Apartment,6,1370.17,382048.18,Sold,C1168,278.83268499529254
80089,8,2024-01-01,Apartment,9,1869.81,589033.68,Sold,C0974,315.02328044025865
80099,8,2024-01-01,Apartment,12,1430.46,365031.27,Available,,255.18453504467095
80111,8,2024-01-01,Apartment,14,685.93,227037.75,Sold,C1891,330.99259399647195
80124,8,2024-01-01,Apartment,14,685.93,182975.25,Sold,C1764,266.75498957619584
80147,8,2024-01-01,Office,18,1328.53,413926.08,Sold,C1973,311.56698004561434
80156,8,2024-01-01,Office,20,774.16,195608.73,Sold,C1925,252.67222537976647
80173,8,2024-01-01,Apartment,23,1114.67,355617.53,Available,,319.03391138184395
80179,8,2024-01-01,Apartment,25,1833.58,521184.68,Sold,C0173,284.24430894752345
80188,8,2024-01-01,Apartment,26,1625.38,453762.41,Sold,C0813,279.1731225928706
80271,8,2024-01-01,Apartment,33,1809.87,495423.92,Available,,273.7345334195274
80282,8,2024-01-01,Apartment,33,1809.87,499781.62,Sold,C1515,276.14227541204616
80303,8,2024-01-01,Apartment,35,529.26,151756.68,Available,,286.73370366171633
80307,8,2024-01-01,Apartment,36,673.86,212527.02,Sold,C1235,315.38749888700914
80312,8,2024-01-01,Apartment,36,673.86,204867.41,Sold,C0848,304.02073130917404
80327,8,2024-01-01,Apartment,37,890.65,276605.41,Sold,C0942,310.56577780272835
80339,8,2024-01-01,Apartment,37,890.65,195943.0,Sold,C1940,220.0
80378,8,2024-01-01,Office,45,1185.72,342306.8,Available,,288.69109064534626
80379,8,2024-01-01,Apartment,45,1185.72,364629.72,Sold,C1844,307.5175589515231
80396,8,2024-01-01,Apartment,46,1175.51,296772.64,Sold,C0863,252.46287994147224
80402,8,2024-01-01,Apartment,46,1175.51,283442.68,Sold,C1556,241.12315505610331
80418,8,2024-01-01,Apartment,48,480.99,140920.9,Sold,C0071,292.980935154577
80450,8,2024-01-01,Apartment,53,1891.72,543193.6,Sold,C0806,287.14270610872643
80456,8,2024-01-01,Apartment,54,1699.02,543500.27,Sold,C1880,319.89044861155253
80457,8,2024-01-01,Apartment,54,1699.02,503618.69,Sold,C0998,296.41716401219526
80462,8,2024-01-01,Apartment,55,1300.05,369856.38,Available,,284.49396561670704
80465,8,2024-01-01,Apartment,55,1300.05,484614.3,Sold,C1834,372.7658936194762
80468,8,2024-01-01,Apartment,55,1300.05,434169.98,Sold,C0436,333.9640629206569
80469,8,2024-01-01,Office,55,1300.05,488331.39,Sold,C0141,375.6250836506288
80476,8,2024-01-01,Apartment,56,1874.7,526682.25,Sold,C0570,280.94215074411903
80484,8,2024-01-01,Apartment,56,1874.7,726903.51,Sold,C1673,387.74391102576413
80491,8,2024-01-01,Apartment,57,1949.35,609563.43,Available,,312.7008643906944
90042,9,2024-01-01,Apartment,8,1315.55,455857.85,Available,,346.5150317357759
90065,9,2024-01-01,Apartment,11,559.6,184748.1,Available,,330.1431379556826
90068,9,2024-01-01,Apartment,12,952.38,306226.35,Sold,C0272,321.537989037989
90094,9,2024-01-01,Office,16,924.6,238207.62,Sold,C1485,257.63316028552885
90129,9,2024-01-01,Apartment,20,1664.76,467860.91,Sold,C0866,281.038053533242
90145,9,2024-01-01,Apartment,22,1115.88,352235.9,Sold,C0694,315.657507975768
90157,9,2024-01-01,Apartment,24,914.61,261048.14,Sold,C0191,285.4201681591061
90166,9,2024-01-01,Apartment,26,1038.39,309260.78,Sold,C0466,297.82719402151406
90172,9,2024-01-01,Apartment,26,1038.39,289396.65,Available,,278.6974547135469
90178,9,2024-01-01,Apartment,27,1207.33,381557.37,Available,,316.0340337770121
90184,9,2024-01-01,Office,27,1207.33,380937.24,Sold,C0084,315.5203962462624
90186,9,2024-01-01,Apartment,27,1207.33,355852.39,Sold,C0201,294.743268203391
90195,9,2024-01-01,Apartment,29,1426.22,426817.45,Available,,299.26480486881405
90198,9,2024-01-01,Apartment,29,1426.22,353758.33,Sold,C1814,248.0391033641374
90226,9,2024-01-01,Apartment,33,973.52,286269.59,Sold,C0109,294.05619812638673
90240,9,2024-01-01,Apartment,34,1577.36,411333.06,Sold,C1361,260.77310189176853
90260,9,2024-01-01,Apartment,34,1577.36,455434.65,Available,,288.7322171222803
90276,9,2024-01-01,Apartment,35,1376.88,366792.19,Sold,C0767,266.39372349079076
90359,9,2024-01-01,Apartment,42,605.78,197381.31,Sold,C1884,325.83002079963023
90376,9,2024-01-01,Apartment,44,1351.57,364019.33,Available,,269.3307264884542
90396,9,2024-01-01,Apartment,47,1262.78,383070.84,Sold,C1268,303.3551687546525
90427,9,2024-01-01,Apartment,53,599.72,178627.91,Sold,C0276,297.8521810178083
90428,9,2024-01-01,Apartment,54,1693.18,500160.52,Sold,C1245,295.3971343861846
90430,9,2024-01-01,Apartment,54,1693.18,555003.81,Sold,C1267,327.78783708761034
90440,9,2024-01-01,Apartment,56,1516.4,453127.52,Sold,C1070,298.81793721973094
90444,9,2024-01-01,Apartment,56,1516.4,429681.1,Available,,283.356040622527
90488,9,2024-01-01,Apartment,58,838.34,195149.33,Available,,232.78064985566712
90501,9,2024-01-01,Apartment,58,838.34,236365.7,Sold,C1345,281.9449149509745
90511,9,2024-01-01,Apartment,58,838.34,191641.45,Sold,C1952,228.59633322995444
100053,10,2024-01-01,Apartment,5,1741.96,500277.62,Sold,C0822,287.1923695147994
100077,10,2024-01-01,Apartment,9,1849.4,539103.37,Sold,C0224,291.5017681410187
100086,10,2024-01-01,Apartment,11,1675.44,521136.09,Sold,C1068,311.04431671680277
100110,10,2024-01-01,Apartment,14,1318.01,344813.48,Sold,C1458,261.61674038891965
100139,10,2024-01-01,Apartment,18,1244.03,349877.5,Sold,C0876,281.2452272051317
100145,10,2024-01-01,Apartment,19,948.04,337939.26,Available,,356.4609721108814
100154,10,2024-01-01,Apartment,19,948.04,246873.77,Available,,260.40438167165945
100170,10,2024-01-01,Apartment,22,1116.68,330051.37,Available,,295.56486191209655
100217,10,2024-01-01,Apartment,27,777.35,225796.07,Sold,C0206,290.468990802084
100230,10,2024-01-01,Apartment,28,1606.58,532017.08,Sold,C0878,331.14882545531503
100231,10,2024-01-01,Apartment,28,1606.58,425307.32,Available,,264.7283795391453
100260,10,2024-01-01,Office,31,1499.0,449151.55,Sold,C0568,299.634122748499
100311,10,2024-01-01,Apartment,37,1177.85,413750.47,Sold,C1776,351.27602835675174
100318,10,2024-01-01,Apartment,38,476.64,159970.07,Sold,C0938,335.6203214165828
100319,10,2024-01-01,Apartment,38,476.64,143209.81,Sold,C1301,300.4569696206781
100320,10,2024-01-01,Apartment,38,476.64,156338.43,Sold,C0797,328.0010699899295
100327,10,2024-01-01,Apartment,39,1188.51,335208.16,Available,,282.04067277515543
100330,10,2024-01-01,Apartment,39,1188.51,365737.57,Available,,307.7278020378457
100340,10,2024-01-01,Apartment,41,1750.64,555908.57,Available,,317.54590892473607
100355,10,2024-01-01,Apartment,43,1093.67,366202.32,Sold,C0520,334.8380407252645
100366,10,2024-01-01,Apartment,43,1093.67,338104.13,Sold,C0869,309.14638785008276
100374,10,2024-01-01,Apartment,43,1093.67,307958.64,Sold,C1984,281.58278091197525
100375,10,2024-01-01,Apartment,44,1224.71,332253.48,Sold,C0772,271.29155473540675
100392,10,2024-01-01,Apartment,45,1119.1,284280.68,Sold,C1530,254.02616388169065
100406,10,2024-01-01,Office,47,1047.27,289433.18,Available,,276.3692075587002
110009,11,2024-01-01,Apartment,1,1902.88,623754.36,Sold,C0274,327.7949003615572
110049,11,2024-01-01,Apartment,6,1724.08,576648.23,Available,,334.46721149830637
110054,11,2024-01-01,Apartment,6,1724.08,501939.76,Sold,C0594,291.13484293072247
110061,11,2024-01-01,Apartment,7,1734.79,512135.16,Sold,C0642,295.2144985848431
110100,11,2024-01-01,Apartment,11,1581.88,508552.39,Sold,C1878,321.4860735327585
110130,11,2024-01-01,Apartment,14,524.68,136179.62,Sold,C0207,259.54795303804224
110173,11,2024-01-01,Apartment,18,1562.55,470855.22,Available,,301.3376979936642
110200,11,2024-01-01,Apartment,23,1098.83,324271.22,Sold,C0769,295.1059035519598
110205,11,2024-01-01,Apartment,24,1481.82,460231.54,Sold,C0985,310.58532075420766
110226,11,2024-01-01,Apartment,27,1638.1,432388.36,Sold,C1224,263.957243147549
110233,11,2024-01-01,Office,29,993.51,312573.06,Sold,C0471,314.6149107709032
110246,11,2024-01-01,Apartment,29,993.51,340093.67,Sold,C1521,342.31529627281054
110255,11,2024-01-01,Apartment,30,642.72,178243.97,Sold,C0604,277.32756099078915
110290,11,2024-01-01,Apartment,35,540.82,143000.82,Sold,C0149,264.41481454088233
110299,11,2024-01-01,Office,37,1368.16,451844.69,Sold,C1297,330.25719945035667
110332,11,2024-01-01,Apartment,40,638.97,167129.85,Sold,C1222,261.56134090802385
110338,11,2024-01-01,Apartment,42,808.59,275616.8,Available,,340.86100495925
110351,11,2024-01-01,Apartment,42,808.59,234472.3,Available,,289.97674965062635
110371,11,2024-01-01,Apartment,44,434.38,108921.54,Sold,C0993,250.75173810948937
110380,11,2024-01-01,Apartment,44,434.38,144762.45,Sold,C1167,333.262235830379
110402,11,2024-01-01,Apartment,48,661.7,189978.51,Available,,287.1067099894212
110440,11,2024-01-01,Apartment,52,1397.58,458054.04,Sold,C0448,327.74799295925817
110447,11,2024-01-01,Apartment,52,1397.58,362828.72,Sold,C0212,259.61212953820177
110452,11,2024-01-01,Apartment,52,1397.58,418331.0,Sold,C0320,299.32526223901317
110478,11,2024-01-01,Apartment,56,724.8,221884.06,Sold,C0180,306.1314293598234
110494,11,2024-01-01,Apartment,58,1159.31,317901.09,Sold,C1385,274.21577490058746
110514,11,2024-01-01,Office,61,1299.46,407363.8,Sold,C0056,313.4869869022517
110518,11,2024-01-01,Office,61,1299.46,349404.33,Sold,C0534,268.8842519200283
110525,11,2024-01-01,Office,62,1938.82,656172.49,Available,,338.4390969765115
110551,11,2024-01-01,Apartment,64,1916.26,593841.38,Available,,309.8960370722136
110558,11,2024-01-01,Apartment,65,1427.09,500988.76,Sold,C0861,351.0561772558143
120015,12,2024-01-01,Apartment,2,1285.87,370422.47,Available,,288.07147689890894
120034,12,2024-01-01,Apartment,3,1469.27,546898.19,Available,,372.22443118010983
120056,12,2024-01-01,Apartment,6,1347.8,420572.8,Available,,312.0439234307761
120071,12,2024-01-01,Apartment,8,1803.36,500097.39,Available,,277.31423010380627
120094,12,2024-01-01,Office,12,959.05,288890.05,Sold,C0858,301.22522287680516
120120,12,2024-01-01,Apartment,14,1369.96,445754.21,Sold,C1076,325.3775365704108
120197,12,2024-01-01,Apartment,22,892.67,269005.9,Sold,C0728,301.34977091198317
120237,12,2024-01-01,Apartment,25,1540.51,480266.48,Sold,C0078,311.75810608175215
120271,12,2024-01-01,Apartment,29,688.73,165789.68,Sold,C0615,240.71795914218924
120315,12,2024-01-01,Office,34,1817.64,630134.29,Available,,346.67716929645036
120320,12,2024-01-01,Apartment,35,1690.62,489195.22,Available,,289.3584720398434
120326,12,2024-01-01,Apartment,35,1690.62,371936.4,Sold,C0145,220.00000000000003
120331,12,2024-01-01,Apartment,35,1690.62,530746.82,Available,,313.9362009203724
120351,12,2024-01-01,Apartment,38,1157.23,343865.15,Sold,C0264,297.14503599111674
120373,12,2024-01-01,Apartment,39,1653.93,596471.37,Sold,C0203,360.63882389218406
120383,12,2024-01-01,Office,43,1893.23,595281.62,Sold,C0909,314.4264669374561
120384,12,2024-01-01,Apartment,44,635.36,222895.04,Sold,C1101,350.8169226894989
130031,13,2024-01-01,Apartment,2,1651.02,520934.42,Sold,C1813,315.52277985730035
130033,13,2024-01-01,Apartment,2,1651.02,506031.7,Sold,C1487,306.49640828094147
130039,13,2024-01-01,Apartment,3,979.64,277095.12,Sold,C0696,282.8540280102895
130046,13,2024-01-01,Apartment,4,1629.74,508492.43,Sold,C1220,312.0083142096285
130114,13,2024-01-01,Apartment,14,777.75,202719.39,Sold,C0225,260.64852459016396
130129,13,2024-01-01,Apartment,15,458.29,148440.79,Sold,C1368,323.9014379541338
130145,13,2024-01-01,Apartment,17,1278.95,377532.64,Available,,295.18952265530316
130153,13,2024-01-01,Apartment,17,1278.95,355143.03,Sold,C1529,277.68327925251185
130175,13,2024-01-01,Apartment,20,516.72,136913.45,Sold,C1364,264.9664228208701
130184,13,2024-01-01,Apartment,20,516.72,174535.33,Available,,337.7754489859111
130199,13,2024-01-01,Apartment,22,1811.36,536988.38,Sold,C1659,296.4559115802491
130251,13,2024-01-01,Apartment,29,568.7,150790.34,Sold,C0280,265.1491823457007
130293,13,2024-01-01,Apartment,33,1445.84,443358.25,Sold,C0062,306.64406158357775
130326,13,2024-01-01,Apartment,37,1555.67,500885.96,Sold,C0782,321.97442902415037
130327,13,2024-01-01,Apartment,37,1555.67,546737.23,Available,,351.44807703433247
130333,13,2024-01-01,Apartment,37,1555.67,458458.71,Sold,C1580,294.701774797997
130359,13,2024-01-01,Office,40,571.5,209522.6,Available,,366.6187226596675
130365,13,2024-01-01,Apartment,40,571.5,197250.4,Sold,C1239,345.1450568678915
130385,13,2024-01-01,Apartment,43,1875.83,599817.91,Sold,C1263,319.7613376478679
130445,13,2024-01-01,Apartment,49,572.01,163367.5,Sold,C0726,285.6025244313911
130454,13,2024-01-01,Apartment,51,1253.03,394529.19,Available,,314.8601310423533
130461,13,2024-01-01,Apartment,53,968.77,263567.44,Sold,C1720,272.06399867873694
130503,13,2024-01-01,Apartment,58,1115.72,332388.13,Available,,297.9135715053956
130514,13,2024-01-01,Apartment,59,1434.04,484604.41,Sold,C0316,337.9294929011743
130579,13,2024-01-01,Apartment,67,524.97,187112.07,Available,,356.4243099605692
130590,13,2024-01-01,Apartment,68,1590.69,429908.37,Sold,C1728,270.2653376836467
130597,13,2024-01-01,Apartment,70,750.41,229357.3,Sold,C0562,305.6426486853853
130598,13,2024-01-01,Apartment,70,750.41,226404.55,Sold,C0859,301.70779973614424
130605,13,2024-01-01,Apartment,70,750.41,214317.33,Available,,285.6003118295332
140010,14,2024-01-01,Apartment,2,922.7,288742.14,Sold,C1902,312.93176547090064
140020,14,2024-01-01,Apartment,4,1797.81,562346.6,Available,,312.7953454480729
140038,14,2024-01-01,Apartment,6,1733.36,470883.03,Sold,C0605,271.6591071675821
140039,14,2024-01-01,Office,6,1733.36,605216.52,Sold,C1631,349.15800526145756
140047,14,2024-01-01,Apartment,8,618.89,201483.41,Sold,C0232,325.5560923589006
140065,14,2024-01-01,Apartment,9,803.5,230797.14,Available,,287.2397510889857
140097,14,2024-01-01,Apartment,12,459.44,152649.29,Sold,C1473,332.25076179697027
140110,14,2024-01-01,Apartment,12,459.44,146928.09,Sold,C0283,319.79821086540136
140115,14,2024-01-01,Apartment,13,442.74,134160.06,Sold,C1766,303.0222252337715
140129,14,2024-01-01,Apartment,14,1628.68,417246.26,Sold,C0364,256.18676474199964
140135,14,2024-01-01,Office,15,784.04,217519.47,Sold,C1844,277.43414876792
140138,14,2024-01-01,Apartment,15,784.04,268602.42,Sold,C0495,342.5876485893577
140147,14,2024-01-01,Office,16,915.37,282820.55,Sold,C0140,308.96855916186894
140173,14,2024-01-01,Apartment,18,500.17,135280.4,Sold,C0131,270.46884059419796
140178,14,2024-01-01,Office,18,500.17,174301.38,Sold,C0374,348.4842753463822
140195,14,2024-01-01,Apartment,22,1148.66,332434.49,Sold,C1880,289.41069594135774
140212,14,2024-01-01,Apartment,23,1610.37,479775.72,Sold,C0436,297.92887348870136
140239,14,2024-01-01,Apartment,27,1866.49,605282.42,Sold,C0182,324.2891309356064
140261,14,2024-01-01,Apartment,29,1618.34,478344.13,Sold,C1981,295.57702954879693
140278,14,2024-01-01,Apartment,33,1894.96,566261.62,Sold,C1095,298.82510448769364
140349,14,2024-01-01,Office,42,1350.7,373273.49,Available,,276.35558599244837
140359,14,2024-01-01,Apartment,43,520.49,159253.52,Sold,C1868,305.96845280408843
140388,14,2024-01-01,Apartment,47,917.53,291377.4,Sold,C0191,317.56716401643547
140397,14,2024-01-01,Apartment,48,1941.78,551576.91,Available,,284.0573648920063
140420,14,2024-01-01,Apartment,51,1346.3,336483.03,Sold,C1413,249.93168684542823
140445,14,2024-01-01,Apartment,52,571.74,155288.67,Available,,271.60714660510024
140460,14,2024-01-01,Apartment,55,1415.9,438730.04,Available,,309.859481601808
150002,15,2024-01-01,Office,1,1596.51,481918.59,Sold,C1780,301.85754552116805
150020,15,2024-01-01,Apartment,2,1522.89,451659.51,Sold,C1412,296.58052124578927
150039,15,2024-01-01,Apartment,6,938.57,251588.73,Sold,C1793,268.05537146936297
150044,15,2024-01-01,Apartment,6,938.57,299245.2,Sold,C0002,318.83098756619114
150046,15,2024-01-01,Apartment,7,1113.85,352782.33,Available,,316.7233738833775
150054,15,2024-01-01,Apartment,9,565.48,192609.64,Sold,C0103,340.6126476621631
150135,15,2024-01-01,Apartment,17,562.64,150397.94,Sold,C0897,267.3075856675672
150214,15,2024-01-01,Apartment,24,924.36,295445.16,Available,,319.6213163702453
150278,15,2024-01-01,Apartment,34,1304.22,429339.15,Available,,329.19227584303263
150311,15,2024-01-01,Apartment,35,745.49,251330.42,Sold,C1346,337.1345289675247
150322,15,2024-01-01,Apartment,38,585.57,171414.44,Available,,292.73091176118993
150365,15,2024-01-01,Apartment,44,1713.09,506373.41,Sold,C0907,295.59066365456573
150377,15,2024-01-01,Apartment,48,1403.33,491342.08,Sold,C1311,350.12582927750424
150396,15,2024-01-01,Apartment,50,1841.5,466293.15,Sold,C0882,253.21376595166984
150411,15,2024-01-01,Apartment,52,829.2,274212.09,Sold,C0114,330.6947539797395
150446,15,2024-01-01,Apartment,55,892.75,273200.87,Sold,C1029,306.02169700364044
150454,15,2024-01-01,Apartment,55,892.75,260820.76,Available,,292.1543097171661
150482,15,2024-01-01,Apartment,57,429.34,146531.33,Sold,C1615,341.2943820748125
150487,15,2024-01-01,Apartment,58,1750.89,502145.17,Sold,C0895,286.7942417856062
150499,15,2024-01-01,Apartment,59,1286.47,377298.62,Available,,293.2820975226783
150510,15,2024-01-01,Apartment,60,1033.2,265735.2,Available,,257.19628339140536
160032,16,2024-01-01,Office,5,749.15,244913.49,Sold,C1636,326.92183140893013
160045,16,2024-01-01,Apartment,6,1062.34,340711.24,Sold,C0903,320.7176986652108
160055,16,2024-01-01,Apartment,7,941.57,281344.37,Sold,C1545,298.80345592998924
160056,16,2024-01-01,Apartment,7,941.57,267559.14,Sold,C1734,284.1627706915046
160092,16,2024-01-01,Apartment,10,1608.56,402014.83,Sold,C0092,249.9221850599294
160113,16,2024-01-01,Apartment,12,549.98,164788.04,Available,,299.625513655042
160152,16,2024-01-01,Apartment,19,1163.06,362023.29,Sold,C1675,311.267939745155
160169,16,2024-01-01,Apartment,21,837.95,278052.48,Available,,331.8246673429202
160179,16,2024-01-01,Apartment,22,1575.06,506852.64,Sold,C0575,321.7989409927241
160182,16,2024-01-01,Apartment,22,1575.06,494969.3,Sold,C0535,314.25425063172196
160224,16,2024-01-01,Office,27,1164.55,395005.44,Sold,C1409,339.1914816882058
160240,16,2024-01-01,Apartment,28,1440.71,434559.42,Sold,C0867,301.62865531578177
160245,16,2024-01-01,Apartment,28,1440.71,468372.55,Sold,C1747,325.09842369387314
160258,16,2024-01-01,Apartment,30,1024.75,324503.53,Sold,C1464,316.6660453769212
160273,16,2024-01-01,Office,33,881.17,314026.2,Sold,C0935,356.3741389289241
160279,16,2024-01-01,Apartment,33,881.17,260142.62,Sold,C1449,295.2240997764336
160297,16,2024-01-01,Office,35,629.97,191185.49,Available,,303.4834833404765
160383,16,2024-01-01,Apartment,44,1695.03,489696.05,Available,,288.9011108947924
170043,17,2024-01-01,Apartment,5,1829.38,527700.01,Sold,C0252,288.4583902743006
170054,17,2024-01-01,Apartment,7,1300.91,350173.43,Sold,C0181,269.17575389535017
170141,17,2024-01-01,Office,16,1693.0,441387.41,Sold,C1176,260.7131777909037
170154,17,2024-01-01,Apartment,16,1693.0,502269.25,Sold,C1709,296.67409923213233
170160,17,2024-01-01,Apartment,17,1827.25,443019.3,Sold,C1264,242.4513886988644
170202,17,2024-01-01,Apartment,23,1025.52,282702.48,Available,,275.6674467587175
170208,17,2024-01-01,Apartment,23,1025.52,337329.51,Sold,C0220,328.9350865902177
170232,17,2024-01-01,Office,27,677.24,202422.0,Sold,C1093,298.89256393597543
170248,17,2024-01-01,Apartment,28,1201.04,366605.62,Sold,C1586,305.2401418770399
170260,17,2024-01-01,Office,31,1806.06,569841.56,Sold,C0320,315.5164058779886
170265,17,2024-01-01,Apartment,32,954.54,259309.56,Sold,C1757,271.6591866239236
170293,17,2024-01-01,Apartment,35,1667.01,458755.73,Sold,C0889,275.1967474700212
170306,17,2024-01-01,Apartment,38,721.83,225181.51,Sold,C0548,311.95920091988415
170321,17,2024-01-01,Apartment,39,1341.67,421709.56,Sold,C1968,314.316903560488
170324,17,2024-01-01,Apartment,39,1341.67,423674.34,Available,,315.7813322202926
170343,17,2024-01-01,Apartment,42,691.03,184522.13,Available,,267.0247746118114
170360,17,2024-01-01,Apartment,46,1582.61,485985.1,Available,,307.0782441662823
170377,17,2024-01-01,Apartment,47,1106.83,351467.32,Available,,317.54408536089556
170387,17,2024-01-01,Apartment,48,1833.96,516604.4,Sold,C1499,281.6879321250191
170396,17,2024-01-01,Apartment,48,1833.96,496119.12,Available,,270.5179611332853
170400,17,2024-01-01,Office,48,1833.96,489522.49,Available,,266.92102881196973
170415,17,2024-01-01,Apartment,48,1833.96,550183.44,Available,,299.99751357717724
180039,18,2024-01-01,Apartment,4,1096.58,339363.31,Available,,309.47428368199314
180062,18,2024-01-01,Apartment,7,505.94,158877.31,Available,,314.024014705301
180074,18,2024-01-01,Apartment,9,894.92,259035.41,Available,,289.45091181334647
180086,18,2024-01-01,Apartment,12,1692.5,496160.88,Sold,C1559,293.15266174298375
180092,18,2024-01-01,Office,12,1692.5,439842.21,Sold,C1630,259.8772289512556
180100,18,2024-01-01,Office,14,1742.3,537075.78,Sold,C0644,308.2567755266028
180104,18,2024-01-01,Apartment,14,1742.3,486547.76,Available,,279.25601790736386
180115,18,2024-01-01,Apartment,15,1728.6,539864.09,Sold,C1982,312.31290639824135
180140,18,2024-01-01,Apartment,18,1127.95,407937.44,Available,,361.66269781461943
180153,18,2024-01-01,Apartment,20,1631.48,528510.9,Sold,C0686,323.945681221958
180157,18,2024-01-01,Apartment,21,1790.69,537494.24,Available,,300.1604074407072
180161,18,2024-01-01,Office,21,1790.69,575175.8,Sold,C0560,321.20344671607035
180165,18,2024-01-01,Apartment,22,1108.09,352780.59,Sold,C1435,318.36817406528354
180185,18,2024-01-01,Apartment,25,911.94,234310.7,Sold,C1508,256.9365309121214
180192,18,2024-01-01,Apartment,25,911.94,284149.74,Sold,C0615,311.588196591881
180201,18,2024-01-01,Apartment,26,1147.71,338232.19,Sold,C0401,294.7017887793955
180262,18,2024-01-01,Apartment,30,1795.66,482951.02,Sold,C1351,268.95460165064657
180313,18,2024-01-01,Apartment,36,1089.77,333059.43,Available,,305.6235994751186
180323,18,2024-01-01,Apartment,38,1219.8,342597.24,Sold,C0172,280.8634530250861
180348,18,2024-01-01,Office,40,990.46,258292.3,Sold,C1900,260.78014256002257
180352,18,2024-01-01,Apartment,40,990.46,286888.5,Sold,C1039,289.65177796175516
180378,18,2024-01-01,Apartment,42,1045.42,272247.83,Sold,C0588,260.4195729945859
180381,18,2024-01-01,Apartment,42,1045.42,303555.82,Available,,290.3673356163073
180395,18,2024-01-01,Apartment,45,1627.52,488081.56,Sold,C0325,299.89281852143137
180398,18,2024-01-01,Office,45,1627.52,490429.65,Sold,C0032,301.33555962445934
180402,18,2024-01-01,Apartment,45,1627.52,368888.52,Sold,C1446,226.6568275658671
180406,18,2024-01-01,Apartment,45,1627.52,518136.39,Sold,C0445,318.3594610204483
180414,18,2024-01-01,Apartment,47,520.85,168344.73,Sold,C0294,323.21153883075743
180428,18,2024-01-01,Apartment,48,564.59,146766.78,Sold,C1113,259.95285074124587
180453,18,2024-01-01,Apartment,51,1527.31,416655.75,Sold,C0173,272.80365479175805
180484,18,2024-01-01,Apartment,54,1756.12,544990.2,Sold,C1247,310.3376762408036
180491,18,2024-01-01,Apartment,54,1756.12,585515.42,Sold,C1161,333.4142427624536
180498,18,2024-01-01,Apartment,55,930.04,300267.48,Available,,322.854371854974
180524,18,2024-01-01,Apartment,58,955.23,277619.99,Sold,C0493,290.6315651727856
180536,18,2024-01-01,Apartment,61,1019.7,278150.04,Sold,C0585,272.77634598411294
180545,18,2024-01-01,Apartment,62,1330.41,481595.93,Available,,361.9906119166272
180558,18,2024-01-01,Apartment,65,996.32,302341.1,Sold,C1706,303.4578247952465
180560,18,2024-01-01,Apartment,66,1631.24,548635.7,Sold,C1100,336.3304602633579
180572,18,2024-01-01,Office,66,1631.24,522844.12,Sold,C1109,320.5194330693215
190065,19,2024-01-01,Apartment,10,747.71,235714.9,Sold,C0782,315.24909390004143
190080,19,2024-01-01,Apartment,12,1163.99,351508.85,Sold,C1046,301.98614249263306
190083,19,2024-01-01,Apartment,13,766.61,253393.14,Sold,C1498,330.5372223164321
190112,19,2024-01-01,Apartment,16,1711.98,393988.35,Sold,C0807,230.13607051484246
190132,19,2024-01-01,Apartment,18,1599.44,465791.79,Sold,C0289,291.2217963787325
190139,19,2024-01-01,Apartment,18,1599.44,351876.8,Available,,219.99999999999997
190195,19,2024-01-01,Apartment,24,620.51,163296.22,Sold,C1283,263.16452595445685
190198,19,2024-01-01,Apartment,24,620.51,188692.55,Sold,C0299,304.0926818262397
190209,19,2024-01-01,Apartment,25,996.38,335632.91,Sold,C1275,336.85231538168165
190213,19,2024-01-01,Apartment,26,668.24,194986.69,Sold,C0865,291.79140727882196
190228,19,2024-01-01,Apartment,26,668.24,224209.55,Sold,C0690,335.52249191907094
190229,19,2024-01-01,Apartment,27,1691.96,598112.26,Sold,C0255,353.5026005342916
190260,19,2024-01-01,Office,30,673.27,193435.91,Available,,287.3080784826296
190278,19,2024-01-01,Apartment,32,1048.61,291311.69,Sold,C0399,277.8074689350664
190293,19,2024-01-01,Apartment,35,1099.62,285903.69,Sold,C1779,260.00226441861736
190320,19,2024-01-01,Apartment,39,1237.04,350962.27,Sold,C0851,283.7113351225506
190327,19,2024-01-01,Apartment,39,1237.04,326382.27,Sold,C0859,263.8413228351549
190356,19,2024-01-01,Apartment,42,1137.59,315841.36,Sold,C1715,277.64076688437837
190386,19,2024-01-01,Apartment,43,1697.72,481623.94,Sold,C1515,283.6886765779987
190396,19,2024-01-01,Apartment,44,982.8,330860.72,Sold,C0025,336.6511192511192
190400,19,2024-01-01,Apartment,46,1926.19,539693.29,Sold,C1234,280.1869441747699
190411,19,2024-01-01,Apartment,46,1926.19,479620.3,Sold,C0400,248.99947564881967
200005,20,2024-01-01,Apartment,1,1898.39,563544.96,Sold,C0427,296.8541553632288
200039,20,2024-01-01,Apartment,3,1645.93,564487.75,Sold,C1843,342.9597552751332
200064,20,2024-01-01,Apartment,8,1268.45,329467.14,Sold,C0863,259.7399503330837
200106,20,2024-01-01,Apartment,14,837.37,280575.86,Available,,335.0679627882537
200113,20,2024-01-01,Apartment,15,1805.12,534868.97,Sold,C1509,296.3066001152278
200146,20,2024-01-01,Office,18,1868.01,639415.77,Sold,C1934,342.2978303114009
200156,20,2024-01-01,Apartment,18,1868.01,633040.56,Sold,C0612,338.884995262338
200175,20,2024-01-01,Apartment,19,759.72,205245.22,Available,,270.1590322750487
200222,20,2024-01-01,Apartment,27,993.62,280418.97,Available,,282.2195306052615
200258,20,2024-01-01,Apartment,30,1703.94,448863.27,Available,,263.4266875594211
200282,20,2024-01-01,Apartment,31,1414.44,454693.74,Sold,C1172,321.4655552727581
200283,20,2024-01-01,Office,31,1414.44,419691.92,Sold,C0419,296.71949322700146
200296,20,2024-01-01,Apartment,33,630.53,171217.68,Available,,271.5456520704804
200331,20,2024-01-01,Apartment,36,1484.99,481326.38,Sold,C0766,324.1276910955629
200342,20,2024-01-01,Apartment,37,632.35,177452.66,Sold,C0751,280.624116391239
200369,20,2024-01-01,Apartment,40,428.03,134931.87,Available,,315.2392822932972
200382,20,2024-01-01,Apartment,42,811.56,224917.93,Sold,C1869,277.14270047809157
200385,20,2024-01-01,Apartment,42,811.56,292923.09,Available,,360.9383040070975
200387,20,2024-01-01,Apartment,42,811.56,182390.99,Sold,C1129,224.7412267731283
200391,20,2024-01-01,Apartment,43,1697.49,572810.16,Sold,C0693,337.4453811215383
200406,20,2024-01-01,Office,46,1227.49,377643.05,Sold,C1361,307.6546855778866
200453,20,2024-01-01,Apartment,51,1062.33,286231.25,Sold,C0123,269.4372276034754
200462,20,2024-01-01,Apartment,51,1062.33,283430.39,Sold,C1639,266.8007022300039
200468,20,2024-01-01,Apartment,52,1634.67,454584.32,Available,,278.0893513675543
990004,1,2024-01-01,Apartment,19,798.5,244624.87,Available,,306.3555040701315
990012,3,2024-01-01,Apartment,49,1273.88,427236.1,Available,,335.3817471033378
1019,1,2024-02-01,Apartment,19,827.87,239341.58,Sold,C0005,289.1052701511107
1023,1,2024-02-01,Apartment,23,782.25,261579.89,Sold,C0134,334.39423457973794
1027,1,2024-02-01,Apartment,27,827.87,276759.18,Sold,C0089,334.3027045309046
1045,1,2024-02-01,Apartment,45,756.21,248525.12,Sold,C0002,328.6456407611642
2034,2,2024-02-01,Apartment,34,785.48,252927.84,Sold,C0157,322.0041757905994
2053,2,2024-02-01,Apartment,53,784.19,275812.49,Available,,351.71640801336406
3001,3,2024-02-01,Apartment,1,579.75,171262.65,Sold,C0024,295.40776196636483
3007,3,2024-02-01,Apartment,7,720.7,231552.33,Sold,C0076,321.2880949077286
3020,3,2024-02-01,Apartment,20,781.07,258572.48,Sold,C0017,331.0490481006824
3025,3,2024-02-01,Apartment,25,923.21,296483.14,Sold,C0044,321.1437701064763
3032,3,2024-02-01,Apartment,32,923.21,242740.66,Sold,C0079,262.93114242696674
4011,4,2024-02-01,Apartment,11,794.52,201518.89,Sold,C0004,253.63601923173744
4022,4,2024-02-01,Apartment,22,794.52,263790.81,Sold,C0123,332.0128001812415
5004,5,2024-02-01,Apartment,4,798.5,250415.38,Available,,313.6072385723231
5007,5,2024-02-01,Apartment,7,618.16,211406.87,Available,,341.9937718390061
5016,5,2024-02-01,Apartment,16,798.5,278575.87,Sold,C0052,348.8739762053851
5040,5,2024-02-01,Apartment,40,798.28,228410.05,Sold,C0069,286.1277371348399
10001,1,2024-02-01,Apartment,1,748.06,231594.74,Available,,309.5938026361522
10007,1,2024-02-01,Apartment,2,715.67,229028.48,Available,,320.01967387203604
10031,1,2024-02-01,Apartment,4,633.61,207447.24,Sold,C0192,327.4052492858383
10036,1,2024-02-01,Apartment,4,633.61,223287.36,Sold,C0615,352.4050441123088
10058,1,2024-02-01,Apartment,7,758.88,211877.66,Sold,C0171,279.19784419144
10066,1,2024-02-01,Apartment,8,763.88,250556.69,Sold,C0138,328.0053018798764
10073,1,2024-02-01,Apartment,9,777.56,207500.42,Available,,266.8609753588148
10087,1,2024-02-01,Apartment,12,621.14,163621.66,Available,,263.4215474772193
10092,1,2024-02-01,Apartment,13,719.47,194530.88,Available,,270.38080809484757
10148,1,2024-02-01,Apartment,19,773.17,221601.42,Available,,286.6140952183867
10159,1,2024-02-01,Apartment,20,1146.24,360664.73,Sold,C0753,314.6502739391401
10189,1,2024-02-01,Office,23,1201.5,368692.59,Available,,306.86024968789013
10192,1,2024-02-01,Apartment,23,1201.5,340382.71,Available,,283.29813566375367
10207,1,2024-02-01,Apartment,24,1146.11,383398.48,Available,,334.5215380722618
10214,1,2024-02-01,Apartment,24,1146.11,398853.42,Sold,C0961,348.00622976852134
10224,1,2024-02-01,Apartment,26,828.98,239287.16,Sold,C1220,288.65251272648317
10232,1,2024-02-01,Apartment,26,828.98,228918.45,Sold,C0325,276.14472001737073
10273,1,2024-02-01,Apartment,30,753.29,190139.44,Available,,252.41200600034517
10285,1,2024-02-01,Apartment,30,753.29,220767.06,Sold,C1824,293.07047750534326
10298,1,2024-02-01,Apartment,31,619.78,187245.99,Available,,302.11686404853333
10308,1,2024-02-01,Apartment,32,800.77,242998.88,Sold,C1635,303.4565230965196
10343,1,2024-02-01,Apartment,36,613.59,175243.75,Sold,C1507,285.60398637526686
10353,1,2024-02-01,Apartment,38,1355.85,415465.29,Sold,C1671,306.42422834384337
10359,1,2024-02-01,Apartment,39,742.93,225611.33,Sold,C0480,303.67777583352404
10382,1,2024-02-01,Apartment,44,779.24,256541.2,Sold,C0585,329.2197525794364
10385,1,2024-02-01,Apartment,45,767.46,216966.3,Available,,282.70698147134704
10395,1,2024-02-01,Apartment,46,1153.16,314519.35,Sold,C0198,272.7456294009504
10398,1,2024-02-01,Apartment,46,1153.16,432586.78,Available,,375.13162093725066
10408,1,2024-02-01,Apartment,47,771.08,216275.25,Sold,C1699,280.4835425636769
10412,1,2024-02-01,Apartment,48,1170.93,412010.0,Sold,C0571,351.865611095454
10418,1,2024-02-01,Apartment,48,1170.93,299618.3,Sold,C0906,255.88062480250738
20010,2,2024-02-01,Apartment,2,788.72,261773.41,Available,,331.8965031950502
20034,2,2024-02-01,Apartment,4,1281.85,442491.43,Sold,C1517,345.1975114092913
20036,2,2024-02-01,Apartment,4,1281.85,395263.42,Available,,308.353879159028
20046,2,2024-02-01,Apartment,5,933.95,240226.27,Sold,C1871,257.2153434338026
20099,2,2024-02-01,Apartment,11,1625.05,415188.09,Sold,C0151,255.49250176917636
20132,2,2024-02-01,Apartment,15,1603.33,490688.71,Sold,C0990,306.043490734908
20148,2,2024-02-01,Apartment,17,1397.4,424589.45,Sold,C1792,303.8424574209246
20159,2,2024-02-01,Office,18,784.76,246731.07,Available,,314.4032188184923
20167,2,2024-02-01,Office,19,795.52,272400.92,Sold,C1414,342.41869469026545
20168,2,2024-02-01,Apartment,19,795.52,203418.93,Sold,C1831,255.7056139380531
20179,2,2024-02-01,Apartment,20,727.55,229804.98,Available,,315.8614253315924
20187,2,2024-02-01,Apartment,21,921.38,242967.26,Available,,263.69929887777033
20238,2,2024-02-01,Apartment,26,1577.79,471446.09,Sold,C0823,298.8015451992978
20265,2,2024-02-01,Apartment,31,629.92,186157.43,Sold,C1676,295.52551117602235
20292,2,2024-02-01,Apartment,34,800.26,246812.55,Sold,C1853,308.41545247794465
20318,2,2024-02-01,Apartment,37,780.46,246714.08,Sold,C0859,316.1136765497271
20328,2,2024-02-01,Apartment,39,788.77,222138.43,Available,,281.62636763568594
20336,2,2024-02-01,Office,41,654.93,247881.98,Sold,C1177,378.48621990136354
20374,2,2024-02-01,Office,45,782.2,246500.19,Sold,C1035,315.13703656353874
20386,2,2024-02-01,Apartment,46,697.74,181636.85,Sold,C1864,260.3216814286124
20407,2,2024-02-01,Apartment,47,708.32,175899.44,Available,,248.33329568556584
20422,2,2024-02-01,Apartment,48,788.44,259070.5,Sold,C1500,328.58619552534117
20429,2,2024-02-01,Apartment,49,1617.9,535928.28,Sold,C1940,331.2493231967365
20464,2,2024-02-01,Apartment,55,579.26,193601.25,Available,,334.2216793840417
20472,2,2024-02-01,Office,55,579.26,160912.37,Sold,C0191,277.7895418292304
30004,3,2024-02-01,Apartment,1,689.75,215437.17,Available,,312.34094961942736
30009,3,2024-02-01,Apartment,1,689.75,241026.2,Sold,C0971,349.4399420079739
30068,3,2024-02-01,Apartment,7,744.01,260942.91,Available,,350.7250036961869
30074,3,2024-02-01,Apartment,7,744.01,229899.09,Available,,309.0
30085,3,2024-02-01,Apartment,8,1152.39,395030.38,Sold,C1798,342.7922665069985
30089,3,2024-02-01,Apartment,9,1125.84,260798.04,Sold,C1765,231.64751652099767
30111,3,2024-02-01,Apartment,10,784.09,245109.97,Available,,312.6043821500083
30176,3,2024-02-01,Apartment,19,1602.22,599096.7,Available,,373.91662817840245
30206,3,2024-02-01,Apartment,22,1165.89,335996.76,Sold,C0419,288.189074440985
30213,3,2024-02-01,Apartment,24,776.04,222919.64,Sold,C0288,287.2527704757487
30249,3,2024-02-01,Apartment,28,679.93,218529.92,Sold,C0530,321.4006147691675
30268,3,2024-02-01,Office,29,666.0,202901.68,Sold,C0147,304.6571771771772
30287,3,2024-02-01,Apartment,34,768.76,266737.65,Available,,346.9712914303554
30393,3,2024-02-01,Apartment,48,783.39,258311.5,Sold,C0633,329.73550849513015
30408,3,2024-02-01,Apartment,49,1174.48,406698.29,Sold,C1644,346.27945133165315
30410,3,2024-02-01,Apartment,49,1174.48,333111.95,Sold,C0379,283.62505108643825
30444,3,2024-02-01,Apartment,51,693.85,196234.42,Sold,C0478,282.81965842761406
30467,3,2024-02-01,Apartment,56,1179.42,364650.23,Sold,C0897,309.17758728866727
30470,3,2024-02-01,Apartment,56,1179.42,342855.34,Available,,290.69825846602566
30472,3,2024-02-01,Apartment,56,1179.42,341971.22,Sold,C0273,289.94863577012427
30484,3,2024-02-01,Apartment,57,1607.94,626247.03,Sold,C0039,389.4716407328632
30500,3,2024-02-01,Apartment,58,1588.14,485910.88,Sold,C0964,305.96224514211593
40005,4,2024-02-01,Apartment,1,1615.98,421094.2,Available,,260.58131907573113
40027,4,2024-02-01,Apartment,3,1630.82,449305.8,Sold,C1935,275.5091303761298
40053,4,2024-02-01,Office,5,786.98,276785.44,Sold,C1367,351.7058120917939
40103,4,2024-02-01,Apartment,13,809.06,238462.47,Sold,C0838,294.74015524188565
40125,4,2024-02-01,Apartment,14,1322.66,406088.42,Sold,C1123,307.0240424598914
40146,4,2024-02-01,Apartment,18,1294.91,330128.52,Sold,C1819,254.9432161308508
40159,4,2024-02-01,Apartment,19,1063.07,273344.88,Available,,257.1278278946824
40170,4,2024-02-01,Apartment,21,801.66,234238.08,Sold,C1053,292.1913030461792
40204,4,2024-02-01,Apartment,26,790.05,262773.49,Sold,C0737,332.6036200240491
40232,4,2024-02-01,Apartment,27,1130.51,337265.88,Sold,C1569,298.330735685664
40239,4,2024-02-01,Apartment,29,776.79,204741.22,Sold,C1015,263.57344970970274
40244,4,2024-02-01,Apartment,29,776.79,235315.07,Sold,C1009,302.93267163583465
40322,4,2024-02-01,Apartment,39,743.73,249775.93,Available,,335.84221424441665
40325,4,2024-02-01,Office,39,743.73,188265.35,Sold,C1501,253.1366893899668
40341,4,2024-02-01,Apartment,40,780.74,226025.07,Sold,C0446,289.50107590234904
40381,4,2024-02-01,Apartment,45,1160.48,385102.0,Available,,331.84716668964563
40396,4,2024-02-01,Apartment,45,1160.48,348106.05,Sold,C1380,299.96729801461464
40400,4,2024-02-01,Apartment,46,800.23,217297.0,Sold,C0546,271.54318133536606
40403,4,2024-02-01,Apartment,46,800.23,252741.45,Sold,C0650,315.83600964722643
40413,4,2024-02-01,Office,48,1621.39,432946.6,Sold,C1789,267.0218762913303
40419,4,2024-02-01,Office,49,739.7,200232.66,Available,,270.6944166554008
40423,4,2024-02-01,Office,49,739.7,271334.13,Available,,366.81645261592536
50016,5,2024-02-01,Apartment,4,799.1,224492.48,Sold,C0440,280.93164810411713
50041,5,2024-02-01,Apartment,8,782.15,250802.41,Available,,320.65768714440964
50042,5,2024-02-01,Apartment,8,782.15,251843.7,Sold,C0402,321.98900466662406
50069,5,2024-02-01,Apartment,10,629.27,167605.4,Sold,C0524,266.348944014493
50088,5,2024-02-01,Apartment,11,1058.56,322270.39,Available,,304.4422517382104
50092,5,2024-02-01,Apartment,11,1058.56,366010.6,Sold,C1281,345.762734280532
50131,5,2024-02-01,Apartment,17,798.74,247494.01,Sold,C0354,309.85553496757393
50137,5,2024-02-01,Apartment,18,1267.03,348464.51,Sold,C0055,275.0246718704372
50177,5,2024-02-01,Office,23,1006.65,312643.26,Sold,C0936,310.57791685292807
50209,5,2024-02-01,Apartment,27,1278.6,339394.02,Available,,265.44190520882216
50226,5,2024-02-01,Apartment,30,794.93,216358.57,Available,,272.1731095819758
50275,5,2024-02-01,Apartment,36,627.56,192979.14,Sold,C1542,307.5070750207152
50280,5,2024-02-01,Apartment,36,627.56,179866.96,Sold,C0505,286.61316846197974
50316,5,2024-02-01,Apartment,41,630.83,194865.61,Available,,308.9035239287922
50320,5,2024-02-01,Apartment,42,791.2,237927.19,Available,,300.7168731041456
50345,5,2024-02-01,Apartment,44,806.03,260008.44,Sold,C1224,322.5791099586864
50369,5,2024-02-01,Apartment,45,608.89,152795.03,Available,,250.94028478050222
50373,5,2024-02-01,Apartment,45,608.89,175491.09,Sold,C0617,288.21476785626305
50399,5,2024-02-01,Apartment,47,1241.14,344983.8,Sold,C0465,277.95720063812297
50404,5,2024-02-01,Office,47,1241.14,423673.58,Sold,C1867,341.3584124272846
50430,5,2024-02-01,Apartment,50,1261.07,314928.35,Sold,C1810,249.73106171743044
50440,5,2024-02-01,Apartment,52,1755.18,578028.54,Sold,C0309,329.32721430280657
60004,6,2024-02-01,Apartment,1,1720.95,445409.0,Sold,C1842,258.8157703593945
60034,6,2024-02-01,Apartment,3,605.21,168558.2,Sold,C0228,278.51192148179973
60060,6,2024-02-01,Apartment,5,1617.43,436787.87,Sold,C1141,270.0505555109031
60075,6,2024-02-01,Apartment,7,1075.42,300722.76,Available,,279.6328504212308
60085,6,2024-02-01,Apartment,7,1075.42,301361.61,Available,,280.2268973982258
60108,6,2024-02-01,Apartment,9,1194.12,329559.53,Sold,C0320,275.98526948715374
60170,6,2024-02-01,Apartment,15,1392.45,377789.49,Sold,C0534,271.3127868146073
60187,6,2024-02-01,Apartment,17,1502.18,409549.01,Sold,C0885,272.6364417047225
60196,6,2024-02-01,Apartment,19,1542.71,481017.54,Available,,311.80036429400207
60216,6,2024-02-01,Apartment,20,1897.17,616363.69,Available,,324.88585103074575
60232,6,2024-02-01,Apartment,22,1656.54,518178.17,Sold,C1273,312.80752049452474
60247,6,2024-02-01,Apartment,25,1086.43,309997.56,Sold,C0873,285.33597194481007
60255,6,2024-02-01,Apartment,26,1538.47,522654.07,Sold,C0569,339.7232770219764
60262,6,2024-02-01,Apartment,27,830.65,303119.09,Sold,C0174,364.9179437789683
60295,6,2024-02-01,Apartment,33,1131.0,344027.61,Sold,C0864,304.1800265251989
60333,6,2024-02-01,Apartment,37,1721.96,450279.0,Sold,C0610,261.49213686729075
60365,6,2024-02-01,Apartment,41,940.72,260940.86,Sold,C0657,277.384195084616
60391,6,2024-02-01,Apartment,46,1870.54,625384.45,Sold,C0670,334.33364162220533
60412,6,2024-02-01,Office,50,1579.99,503351.9,Sold,C0125,318.5791682225837
60414,6,2024-02-01,Apartment,50,1579.99,443496.6,Sold,C1098,280.6958271887797
60418,6,2024-02-01,Apartment,51,1476.63,488398.75,Sold,C1574,330.752287302845
60436,6,2024-02-01,Apartment,51,1476.63,387086.2,Sold,C1332,262.141633313694
70009,7,2024-02-01,Apartment,2,1478.43,498858.03,Sold,C0835,337.4241797041456
70018,7,2024-02-01,Apartment,3,888.5,220771.71,Sold,C1207,248.47688238604388
70038,7,2024-02-01,Apartment,6,1232.31,364484.54,Sold,C0590,295.7734174030885
70052,7,2024-02-01,Office,9,926.11,247542.1,Sold,C1188,267.2923302847394
70073,7,2024-02-01,Office,11,834.5,238056.63,Sold,C0765,285.26857998801677
70081,7,2024-02-01,Apartment,12,804.65,234661.19,Available,,291.63138010315043
70102,7,2024-02-01,Apartment,13,604.6,173890.35,Sold,C1825,287.61222295732716
70107,7,2024-02-01,Apartment,14,714.65,199934.81,Sold,C1888,279.76605331281047
70129,7,2024-02-01,Office,15,602.92,171413.4,Available,,284.30538048165596
70149,7,2024-02-01,Office,18,703.28,202165.96,Sold,C1117,287.4615515868502
70205,7,2024-02-01,Office,23,1222.69,423809.45,Sold,C1649,346.62052523534174
70221,7,2024-02-01,Apartment,24,852.99,230863.47,Available,,270.652024056554
70244,7,2024-02-01,Apartment,27,768.05,231142.92,Available,,300.94775079747416
70255,7,2024-02-01,Apartment,28,694.55,212583.8,Sold,C1756,306.07414872939313
70279,7,2024-02-01,Apartment,33,1266.64,372583.37,Available,,294.15095844123033
70303,7,2024-02-01,Apartment,36,1748.75,539246.07,Sold,C0589,308.3608691922802
70330,7,2024-02-01,Apartment,39,1298.32,432044.48,Sold,C0746,332.77195144494425
70360,7,2024-02-01,Apartment,42,702.08,201870.11,Available,,287.5314921376481
70367,7,2024-02-01,Apartment,43,498.61,134300.91,Sold,C1169,269.3506147088907
70382,7,2024-02-01,Office,43,498.61,177534.71,Sold,C1953,356.0592647560217
70407,7,2024-02-01,Apartment,48,533.35,172251.51,Sold,C0368,322.96148870347804
70408,7,2024-02-01,Apartment,48,533.35,155737.3,Sold,C0932,291.99831255273267
70419,7,2024-02-01,Apartment,49,1383.05,427566.1,Sold,C0235,309.1472470264994
70441,7,2024-02-01,Apartment,52,1281.14,405665.29,Sold,C1906,316.6439967528919
70508,7,2024-02-01,Apartment,58,1629.83,503113.61,Sold,C1811,308.6908511930692
70514,7,2024-02-01,Apartment,59,765.3,200421.6,Sold,C1883,261.8863190905528
80067,8,2024-02-01,Office,7,1352.74,449983.92,Sold,C1318,332.64627348936233
80083,8,2024-02-01,Apartment,9,1869.81,582311.86,Sold,C0311,311.4283590311315
80154,8,2024-02-01,Apartment,20,774.16,209735.82,Sold,C0217,270.9205073886535
80162,8,2024-02-01,Apartment,21,1501.64,468640.92,Sold,C0339,312.08606590128124
80165,8,2024-02-01,Apartment,21,1501.64,486911.94,Available,,324.2534429024267
80201,8,2024-02-01,Office,28,1431.61,495114.94,Available,,345.8448460125314
80254,8,2024-02-01,Apartment,31,1253.18,405445.85,Sold,C1991,323.5336104949009
80257,8,2024-02-01,Apartment,31,1253.18,425894.16,Sold,C0268,339.8507476978566
80264,8,2024-02-01,Apartment,32,1410.88,413926.67,Sold,C1631,293.3819105806305
80274,8,2024-02-01,Apartment,33,1809.87,619858.51,Available,,342.487863769221
80288,8,2024-02-01,Apartment,33,1809.87,586005.8,Available,,323.7833656560969
80314,8,2024-02-01,Office,37,890.65,231540.88,Available,,259.9684275529108
80351,8,2024-02-01,Apartment,41,610.26,183933.28,Sold,C1847,301.40150099957395
80368,8,2024-02-01,Office,44,1862.29,528253.73,Sold,C1843,283.6581466903651
80389,8,2024-02-01,Apartment,46,1175.51,379271.26,Available,,322.6440098340295
80394,8,2024-02-01,Apartment,46,1175.51,362475.15,Sold,C0140,308.35564988813366
80495,8,2024-02-01,Apartment,57,1949.35,661652.26,Sold,C1475,339.4219919460333
80498,8,2024-02-01,Apartment,58,1448.59,461206.0,Sold,C1798,318.382703180334
80500,8,2024-02-01,Apartment,58,1448.59,403486.07,Sold,C0771,278.53710849860903
90017,9,2024-02-01,Apartment,4,1139.87,334770.85,Available,,293.692131558862
90054,9,2024-02-01,Apartment,9,1391.22,446754.19,Sold,C1641,321.12404220755883
90059,9,2024-02-01,Apartment,10,1172.34,314905.23,Sold,C1175,268.61254414248424
90067,9,2024-02-01,Office,12,952.38,282067.46,Available,,296.17112917112917
90070,9,2024-02-01,Apartment,12,952.38,286978.17,Sold,C0143,301.3273798273798
90071,9,2024-02-01,Apartment,12,952.38,329573.31,Sold,C1157,346.05232155232153
90093,9,2024-02-01,Apartment,16,924.6,259062.01,Available,,280.18820030283365
90096,9,2024-02-01,Apartment,16,924.6,241264.21,Sold,C1426,260.93901146441704
90108,9,2024-02-01,Office,17,1481.32,454264.31,Sold,C1741,306.66183539005755
90170,9,2024-02-01,Apartment,26,1038.39,297132.68,Sold,C0243,286.14747830776486
90173,9,2024-02-01,Apartment,26,1038.39,278732.11,Sold,C0147,268.4271901693968
90190,9,2024-02-01,Apartment,28,1931.82,560165.35,Sold,C1463,289.9676729716019
90205,9,2024-02-01,Office,30,1250.17,401575.56,Sold,C1083,321.2167625202972
90212,9,2024-02-01,Apartment,31,1052.27,285509.27,Sold,C0818,271.3270073270169
90238,9,2024-02-01,Apartment,34,1577.36,487674.6,Sold,C0637,309.17140031444944
90251,9,2024-02-01,Apartment,34,1577.36,404127.79,Sold,C0872,256.20517193284985
90262,9,2024-02-01,Apartment,34,1577.36,401074.47,Available,,254.26945656032865
90264,9,2024-02-01,Office,34,1577.36,573336.74,Sold,C1412,363.47868590556374
90324,9,2024-02-01,Apartment,39,1839.34,564258.4,Available,,306.77221177161374
90360,9,2024-02-01,Office,43,1908.91,551266.41,Sold,C1386,288.78596162207754
90364,9,2024-02-01,Office,43,1908.91,578538.26,Sold,C0997,303.0725702102247
90365,9,2024-02-01,Apartment,43,1908.91,579686.7,Sold,C1732,303.6741910304833
90447,9,2024-02-01,Apartment,56,1516.4,432303.16,Available,,285.0851754154576
90463,9,2024-02-01,Apartment,57,1198.57,353174.47,Sold,C0622,294.66319864505203
90483,9,2024-02-01,Apartment,58,838.34,278010.89,Sold,C0349,331.6206908891381
90494,9,2024-02-01,Apartment,58,838.34,242090.36,Sold,C0190,288.773480926593
90530,9,2024-02-01,Apartment,62,1263.44,419687.28,Sold,C1038,332.17824352561263
90537,9,2024-02-01,Apartment,62,1263.44,387129.95,Sold,C0979,306.4094456404736
100016,10,2024-02-01,Apartment,4,1765.37,534131.64,Sold,C0257,302.56073231107365
100040,10,2024-02-01,Apartment,5,1741.96,591831.53,Sold,C1948,339.75035592091666
100045,10,2024-02-01,Apartment,5,1741.96,560195.06,Sold,C0024,321.5889343038876
100050,10,2024-02-01,Apartment,5,1741.96,586817.19,Available,,336.87179384141996
100092,10,2024-02-01,Apartment,11,1675.44,509478.53,Sold,C0730,304.08640715274794
100100,10,2024-02-01,Apartment,12,852.74,249297.36,Sold,C1442,292.34861739803455
100104,10,2024-02-01,Apartment,14,1318.01,335251.84,Sold,C1072,254.36213685783872
100113,10,2024-02-01,Apartment,15,1948.32,603778.82,Sold,C0485,309.8971524184939
100138,10,2024-02-01,Apartment,18,1244.03,407871.0,Available,,327.86267212205496
100162,10,2024-02-01,Office,20,1264.43,472251.6,Sold,C1455,373.4897147331208
100174,10,2024-02-01,Apartment,23,912.32,241562.75,Sold,C1672,264.77853165555945
100178,10,2024-02-01,Apartment,24,708.64,251362.44,Available,,354.71105215624294
100216,10,2024-02-01,Office,27,777.35,200393.81,Available,,257.79096931883964
100225,10,2024-02-01,Apartment,28,1606.58,554352.77,Sold,C1137,345.05145713254245
100240,10,2024-02-01,Apartment,29,486.78,150872.25,Available,,309.9392949587083
100250,10,2024-02-01,Apartment,30,1559.4,395419.06,Sold,C0839,253.57128382711298
100277,10,2024-02-01,Apartment,32,1661.46,494550.09,Sold,C1545,297.6599436640064
100287,10,2024-02-01,Apartment,33,1010.7,309658.36,Sold,C1127,306.3800930048481
100289,10,2024-02-01,Apartment,34,1435.44,451060.97,Sold,C1396,314.231852254361
100305,10,2024-02-01,Apartment,36,1920.65,547817.26,Sold,C0439,285.2249290604743
100386,10,2024-02-01,Office,44,1224.71,449002.59,Sold,C0678,366.6195180899968
100399,10,2024-02-01,Apartment,46,1525.34,440318.57,Sold,C0357,288.66912950555286
100403,10,2024-02-01,Apartment,47,1047.27,299414.37,Sold,C1954,285.89988255177747
100414,10,2024-02-01,Office,50,1138.32,378281.56,Available,,332.31565816290674
100423,10,2024-02-01,Apartment,50,1138.32,298598.28,Sold,C0629,262.3148850938225
110035,11,2024-02-01,Office,4,1414.25,438900.24,Sold,C1468,310.3413399328266
110070,11,2024-02-01,Apartment,8,1001.41,274171.11,Available,,273.7850730470037
110077,11,2024-02-01,Apartment,9,904.49,228258.16,Available,,252.36117591128703
110091,11,2024-02-01,Apartment,10,1519.64,449749.3,Sold,C0296,295.95779263509775
110105,11,2024-02-01,Apartment,12,1754.75,572512.32,Available,,326.2643225530702
110110,11,2024-02-01,Apartment,13,474.93,145190.73,Sold,C0127,305.70974669951363
110111,11,2024-02-01,Apartment,13,474.93,155082.84,Sold,C0988,326.53831090897603
110151,11,2024-02-01,Apartment,15,1385.68,401057.84,Available,,289.4303446683217
110162,11,2024-02-01,Apartment,17,1946.06,568732.24,Sold,C0017,292.24804990596385
110170,11,2024-02-01,Apartment,18,1562.55,464407.3,Available,,297.2111612428402
110183,11,2024-02-01,Apartment,20,570.62,137803.15,Sold,C1341,241.497231081981
110186,11,2024-02-01,Apartment,20,570.62,146420.07,Sold,C0977,256.59820896568647
110198,11,2024-02-01,Apartment,23,1098.83,316820.96,Sold,C0900,288.3257282746194
110231,11,2024-02-01,Apartment,28,868.85,252018.84,Available,,290.0602405478506
110252,11,2024-02-01,Apartment,30,642.72,195607.16,Sold,C1467,304.34273089370174
110256,11,2024-02-01,Apartment,30,642.72,220468.16,Sold,C1998,343.0236494896689
110268,11,2024-02-01,Apartment,32,1285.87,405581.66,Available,,315.4142020577508
110277,11,2024-02-01,Apartment,34,680.07,160844.99,Sold,C1939,236.51240313497138
110278,11,2024-02-01,Apartment,34,680.07,210801.14,Sold,C1617,309.96976781801874
110318,11,2024-02-01,Apartment,38,788.47,266440.1,Available,,337.92040280543324
110319,11,2024-02-01,Apartment,38,788.47,239301.8,Available,,303.5014648623283
110323,11,2024-02-01,Apartment,38,788.47,213928.44,Sold,C1153,271.32096338478317
110328,11,2024-02-01,Apartment,39,1816.63,527323.78,Sold,C1690,290.27582942041033
110340,11,2024-02-01,Office,42,808.59,279490.72,Sold,C1264,345.6519620574085
110362,11,2024-02-01,Apartment,43,810.65,272425.15,Sold,C1666,336.05766977117133
110377,11,2024-02-01,Apartment,44,434.38,135325.56,Available,,311.53727151342144
110382,11,2024-02-01,Apartment,44,434.38,121290.66,Available,,279.22708227818964
110393,11,2024-02-01,Apartment,46,1798.85,539324.57,Sold,C0918,299.8163104205465
110399,11,2024-02-01,Apartment,47,1456.74,432160.1,Available,,296.662479234455
110401,11,2024-02-01,Apartment,47,1456.74,526240.58,Available,,361.24536979831674
110430,11,2024-02-01,Apartment,51,1318.98,398457.32,Available,,302.0950431393956
110434,11,2024-02-01,Apartment,52,1397.58,352401.08,Sold,C1791,252.1509180154267
110503,11,2024-02-01,Apartment,60,1295.04,423474.91,Sold,C1551,326.9975521991599
110521,11,2024-02-01,Apartment,61,1299.46,381636.61,Sold,C0607,293.68861681005956
120003,12,2024-02-01,Apartment,1,839.95,217050.04,Sold,C0291,258.40828620751233
120016,12,2024-02-01,Apartment,2,1285.87,402461.19,Sold,C1922,312.98746374050256
120055,12,2024-02-01,Apartment,5,495.04,130153.08,Sold,C0333,262.91426955397543
120075,12,2024-02-01,Apartment,9,857.88,255383.06,Sold,C1856,297.6908891686483
120162,12,2024-02-01,Apartment,18,1702.66,527049.84,Sold,C1559,309.544970810379
120231,12,2024-02-01,Office,24,1306.75,423036.11,Sold,C0817,323.7314788597666
120244,12,2024-02-01,Apartment,26,557.9,198532.55,Sold,C1201,355.8568739917548
120268,12,2024-02-01,Apartment,28,1563.65,435197.19,Available,,278.32135708118824
120308,12,2024-02-01,Office,34,1817.64,588363.08,Available,,323.6961554543253
120385,12,2024-02-01,Apartment,44,635.36,164217.44,Sold,C0688,258.4636111810627
120394,12,2024-02-01,Apartment,46,1736.02,458985.23,Sold,C0154,264.3893676340134
120405,12,2024-02-01,Apartment,47,1528.05,383671.53,Sold,C1640,251.08571709040936
130021,13,2024-02-01,Apartment,2,1651.02,522366.74,Sold,C1694,316.3903162893242
130116,13,2024-02-01,Apartment,14,777.75,252155.48,Sold,C0173,324.2114818386371
130123,13,2024-02-01,Office,15,458.29,143990.03,Available,,314.1897706692269
130135,13,2024-02-01,Apartment,15,458.29,144083.93,Available,,314.39466276811623
130155,13,2024-02-01,Apartment,18,1820.34,594617.02,Available,,326.6516255205072
130221,13,2024-02-01,Apartment,25,633.86,185804.91,Available,,293.1324109424794
130252,13,2024-02-01,Apartment,29,568.7,186326.2,Sold,C1102,327.6353085985581
130253,13,2024-02-01,Apartment,30,1777.51,531809.36,Available,,299.1878301669189
130296,13,2024-02-01,Apartment,33,1445.84,417694.59,Available,,288.89406158357775
130323,13,2024-02-01,Apartment,36,1061.26,295619.47,Sold,C1832,278.55517969206414
130324,13,2024-02-01,Apartment,37,1555.67,443868.07,Available,,285.322767682092
130354,13,2024-02-01,Apartment,39,1054.77,280107.39,Sold,C1808,265.5625302198584
130373,13,2024-02-01,Apartment,41,1168.7,339690.34,Sold,C0253,290.65657568238214
130374,13,2024-02-01,Apartment,41,1168.7,351530.2,Available,,300.7873705826987
130443,13,2024-02-01,Office,49,572.01,196398.29,Sold,C1481,343.347651264838
130447,13,2024-02-01,Office,50,1469.09,520703.06,Sold,C1392,354.43918344008875
130470,13,2024-02-01,Apartment,53,968.77,267056.16,Sold,C1275,275.6651836865303
130489,13,2024-02-01,Apartment,56,606.9,204268.81,Sold,C1162,336.5773768330862
130492,13,2024-02-01,Apartment,57,1717.49,573220.3,Available,,333.7546652382256
130507,13,2024-02-01,Apartment,59,1434.04,373228.01,Available,,260.2633190148113
130531,13,2024-02-01,Apartment,60,1401.81,433286.92,Sold,C1836,309.0910465754988
130550,13,2024-02-01,Apartment,63,1623.8,503380.47,Sold,C0415,310.001521123291
130553,13,2024-02-01,Apartment,64,792.66,258606.95,Available,,326.25205005929405
130566,13,2024-02-01,Apartment,66,1283.8,370346.72,Sold,C1295,288.4769590278859
130602,13,2024-02-01,Apartment,70,750.41,207425.57,Available,,276.41631907890354
130606,13,2024-02-01,Apartment,70,750.41,209844.72,Available,,279.6400900840874
140040,14,2024-02-01,Apartment,7,641.37,188463.78,Sold,C1020,293.84564292062305
140063,14,2024-02-01,Apartment,8,618.89,173044.31,Available,,279.60430771219444
140094,14,2024-02-01,Apartment,12,459.44,141454.76,Available,,307.8851645481456
140104,14,2024-02-01,Apartment,12,459.44,138008.71,Sold,C0970,300.38462040745253
140145,14,2024-02-01,Apartment,15,784.04,245553.02,Sold,C1691,313.18940360185707
140149,14,2024-02-01,Apartment,16,915.37,331782.88,Sold,C0863,362.4576728536002
140153,14,2024-02-01,Apartment,16,915.37,227003.78,Available,,247.99128221374963
140160,14,2024-02-01,Office,17,686.6,258061.02,Sold,C0031,375.85351004951934
140168,14,2024-02-01,Apartment,17,686.6,206669.27,Sold,C1362,301.0038887270609
140188,14,2024-02-01,Apartment,21,1560.87,505990.58,Available,,324.17214758436006
140225,14,2024-02-01,Apartment,24,1205.25,366849.92,Sold,C1200,304.37661895872225
140244,14,2024-02-01,Apartment,28,486.35,171063.35,Sold,C1471,351.7288989410918
140262,14,2024-02-01,Apartment,29,1618.34,490221.54,Available,,302.9162845879111
140265,14,2024-02-01,Apartment,29,1618.34,425122.86,Sold,C1570,262.6906954039324
140282,14,2024-02-01,Apartment,33,1894.96,604547.34,Sold,C0874,319.02907713091565
140288,14,2024-02-01,Apartment,33,1894.96,599891.42,Sold,C0409,316.5720754000085
140304,14,2024-02-01,Apartment,35,1152.84,349385.29,Sold,C1550,303.0648572221644
140306,14,2024-02-01,Apartment,35,1152.84,350392.89,Available,,303.93887269699184
140316,14,2024-02-01,Apartment,37,1469.73,406638.17,Available,,276.67542337708284
140345,14,2024-02-01,Apartment,41,543.61,149919.38,Sold,C0405,275.7848089623075
140357,14,2024-02-01,Apartment,43,520.49,158596.58,Sold,C1028,304.7062959903168
140422,14,2024-02-01,Apartment,51,1346.3,500190.62,Sold,C0727,371.52983733194685
140450,14,2024-02-01,Apartment,53,1493.72,491592.98,Sold,C1402,329.1065125994162
150006,15,2024-02-01,Apartment,1,1596.51,537350.96,Sold,C1567,336.5785118790361
150016,15,2024-02-01,Apartment,2,1522.89,564438.29,Sold,C0199,370.636283644912
150051,15,2024-02-01,Office,8,1056.46,368058.42,Sold,C1576,348.3884103515514
150092,15,2024-02-01,Apartment,14,1832.17,574884.08,Sold,C1001,313.77223729239097
150112,15,2024-02-01,Apartment,16,1692.61,404581.32,Sold,C0478,239.02808089282235
150137,15,2024-02-01,Apartment,17,562.64,184006.79,Available,,327.0417851556946
150138,15,2024-02-01,Apartment,17,562.64,161202.01,Available,,286.5100419451159
150144,15,2024-02-01,Apartment,17,562.64,145618.18,Sold,C0437,258.8123489264894
150159,15,2024-02-01,Apartment,21,1271.25,367447.17,Available,,289.04398820059
150187,15,2024-02-01,Apartment,23,1279.23,446463.88,Sold,C1245,349.00985749239777
150216,15,2024-02-01,Apartment,24,924.36,270962.44,Sold,C1704,293.13518542559177
150248,15,2024-02-01,Apartment,30,1523.22,397859.23,Available,,261.1961699557516
150254,15,2024-02-01,Office,30,1523.22,574838.1,Sold,C1438,377.38350336786544
150265,15,2024-02-01,Apartment,31,1901.65,473479.09,Sold,C0461,248.98329871427444
150274,15,2024-02-01,Apartment,32,1338.63,436593.99,Sold,C1150,326.14986217251965
150281,15,2024-02-01,Apartment,34,1304.22,396890.26,Sold,C1562,304.31235527748385
150301,15,2024-02-01,Apartment,35,745.49,236366.58,Sold,C0979,317.0620397322566
150303,15,2024-02-01,Apartment,35,745.49,200227.78,Sold,C1321,268.58546727655636
150321,15,2024-02-01,Apartment,37,763.09,254595.83,Sold,C1123,333.6380112437589
150393,15,2024-02-01,Office,50,1841.5,579649.56,Sold,C0019,314.7703285365192
150398,15,2024-02-01,Apartment,50,1841.5,629261.99,Sold,C0730,341.7116426825957
150406,15,2024-02-01,Apartment,51,1689.08,410092.17,Sold,C0930,242.79025860231604
150413,15,2024-02-01,Office,52,829.2,275828.72,Sold,C0831,332.64438012542206
150449,15,2024-02-01,Apartment,55,892.75,261235.71,Available,,292.61910949313915
150471,15,2024-02-01,Apartment,57,429.34,139826.6,Sold,C1680,325.67801742208974
150496,15,2024-02-01,Apartment,58,1750.89,578952.08,Sold,C1688,330.6615949602773
150516,15,2024-02-01,Office,60,1033.2,383627.2,Sold,C0499,371.30003871467284
160080,16,2024-02-01,Apartment,9,1524.04,414540.9,Available,,272.00132542452957
160086,16,2024-02-01,Apartment,10,1608.56,536362.57,Sold,C0146,333.442687869896
160088,16,2024-02-01,Apartment,10,1608.56,461116.22,Sold,C0439,286.66398517929076
160094,16,2024-02-01,Apartment,10,1608.56,439467.59,Sold,C1776,273.20559382304674
160104,16,2024-02-01,Apartment,11,1288.42,413006.8,Sold,C1933,320.55292528833763
160109,16,2024-02-01,Apartment,11,1288.42,399439.17,Sold,C1762,310.0224849039909
160127,16,2024-02-01,Apartment,14,660.84,191795.51,Sold,C0454,290.22987409963076
160164,16,2024-02-01,Apartment,21,837.95,266754.6,Sold,C1138,318.3419058416373
160173,16,2024-02-01,Apartment,21,837.95,255581.66,Sold,C0965,305.0082463154126
160183,16,2024-02-01,Apartment,22,1575.06,443913.41,Sold,C0468,281.8390474013688
160198,16,2024-02-01,Office,25,853.37,252105.14,Sold,C1946,295.42301697973915
160218,16,2024-02-01,Apartment,27,1164.55,377256.14,Sold,C1112,323.9501438323816
160222,16,2024-02-01,Apartment,27,1164.55,344197.65,Available,,295.56279249495515
160229,16,2024-02-01,Apartment,28,1440.71,357442.82,Sold,C1216,248.10185255880782
160252,16,2024-02-01,Apartment,29,489.49,141541.69,Sold,C0266,289.16155590512574
160256,16,2024-02-01,Apartment,29,489.49,140776.38,Sold,C1233,287.59807146213404
160292,16,2024-02-01,Apartment,35,629.97,193715.82,Sold,C0137,307.50007143197297
160294,16,2024-02-01,Apartment,35,629.97,165950.58,Sold,C0577,263.42616315062617
160341,16,2024-02-01,Apartment,41,1001.72,290115.22,Sold,C0259,289.6170786247654
160376,16,2024-02-01,Apartment,43,1185.4,384995.65,Sold,C1874,324.78121309262696
170023,17,2024-02-01,Apartment,2,1738.5,446275.9,Sold,C0984,256.7016968651136
170030,17,2024-02-01,Office,2,1738.5,497904.58,Available,,286.3989531205062
170042,17,2024-02-01,Apartment,5,1829.38,596863.29,Sold,C0199,326.2653412631602
170055,17,2024-02-01,Apartment,7,1300.91,448573.99,Sold,C1892,344.81554450346295
170057,17,2024-02-01,Apartment,7,1300.91,347722.15,Sold,C1018,267.29147289205247
170072,17,2024-02-01,Apartment,9,1505.53,476639.92,Available,,316.59277463750306
170092,17,2024-02-01,Apartment,11,596.22,195941.56,Available,,328.6396967562309
170101,17,2024-02-01,Apartment,12,451.91,124905.01,Sold,C0557,276.39355181341415
170129,17,2024-02-01,Apartment,15,1365.73,401356.84,Sold,C1118,293.87714994911147
170138,17,2024-02-01,Apartment,16,1693.0,462143.05,Sold,C0279,272.97285883047846
170164,17,2024-02-01,Apartment,17,1827.25,495320.72,Sold,C1872,271.074412368313
170186,17,2024-02-01,Office,20,792.27,306527.75,Sold,C0228,386.8980902974996
170247,17,2024-02-01,Apartment,28,1201.04,355954.45,Sold,C0248,296.37185272763605
170254,17,2024-02-01,Office,29,594.46,181678.15,Sold,C1005,305.61879689129626
170255,17,2024-02-01,Apartment,30,1200.23,325438.37,Available,,271.14667188788815
170288,17,2024-02-01,Apartment,35,1667.01,479534.09,Available,,287.66119579366654
170292,17,2024-02-01,Apartment,35,1667.01,518973.54,Sold,C0317,311.3199920816312
170320,17,2024-02-01,Apartment,39,1341.67,367529.08,Sold,C1114,273.9340374309629
170329,17,2024-02-01,Apartment,41,1422.93,433490.47,Sold,C0196,304.64637754492486
170359,17,2024-02-01,Apartment,46,1582.61,503584.0,Sold,C0705,318.19841906723707
170390,17,2024-02-01,Apartment,48,1833.96,486678.57,Sold,C1014,265.3703297781849
170428,17,2024-02-01,Apartment,49,1283.67,386354.65,Sold,C0174,300.97661392725547
180035,18,2024-02-01,Apartment,4,1096.58,325420.36,Sold,C0152,296.75934268361635
180048,18,2024-02-01,Apartment,5,883.32,248479.35,Available,,281.3016234207309
180069,18,2024-02-01,Apartment,9,894.92,279700.41,Sold,C1553,312.5423613283869
180093,18,2024-02-01,Apartment,12,1692.5,593053.61,Sold,C0657,350.40095125553916
180096,18,2024-02-01,Apartment,13,537.4,150684.73,Sold,C0064,280.3958503907704
180101,18,2024-02-01,Apartment,14,1742.3,508866.01,Available,,292.0656660735809
180107,18,2024-02-01,Apartment,14,1742.3,553861.15,Sold,C1544,317.8908052574184
180175,18,2024-02-01,Apartment,23,1659.02,567272.16,Sold,C0230,341.9320803848055
180186,18,2024-02-01,Apartment,25,911.94,241281.34,Sold,C1782,264.58027940434675
180189,18,2024-02-01,Office,25,911.94,270290.23,Sold,C0192,296.39036559422766
180196,18,2024-02-01,Apartment,25,911.94,331203.98,Available,,363.18615259775856
180207,18,2024-02-01,Apartment,26,1147.71,373730.03,Sold,C0441,325.6310653388051
180231,18,2024-02-01,Apartment,29,578.36,164194.34,Sold,C0656,283.8964312884708
180243,18,2024-02-01,Office,30,1795.66,578903.83,Available,,322.3905583462348
180250,18,2024-02-01,Apartment,30,1795.66,577066.55,Available,,321.36738023902075
180257,18,2024-02-01,Apartment,30,1795.66,584942.34,Sold,C0674,325.7533942951338
180368,18,2024-02-01,Apartment,41,852.83,280416.46,Sold,C1461,328.8069838068548
180376,18,2024-02-01,Office,42,1045.42,261647.78,Available,,250.28005968892884
180379,18,2024-02-01,Apartment,42,1045.42,302608.38,Sold,C0961,289.4610587132444
180440,18,2024-02-01,Apartment,49,1457.92,478633.51,Sold,C0242,328.29888471246704
180446,18,2024-02-01,Apartment,50,854.74,258314.7,Sold,C0681,302.21435758242274
180520,18,2024-02-01,Apartment,58,955.23,262721.0,Sold,C1669,275.0342849366121
180523,18,2024-02-01,Apartment,58,955.23,292435.58,Sold,C1476,306.1415365932812
180525,18,2024-02-01,Apartment,58,955.23,257922.89,Available,,270.01129570888685
180529,18,2024-02-01,Apartment,60,1488.67,467587.82,Sold,C1722,314.0976979451457
180538,18,2024-02-01,Apartment,61,1019.7,276712.17,Sold,C1518,271.3662547808179
180547,18,2024-02-01,Apartment,62,1330.41,397198.34,Available,,298.55333318300376
180549,18,2024-02-01,Apartment,63,1855.14,639093.49,Sold,C0219,344.4987925439589
180555,18,2024-02-01,Office,64,893.66,281995.9,Sold,C1618,315.55166394378176
180561,18,2024-02-01,Apartment,66,1631.24,462495.17,Available,,283.52368137122676
190008,19,2024-02-01,Apartment,3,1468.68,531728.48,Available,,362.0451561946782
190054,19,2024-02-01,Apartment,8,974.77,309910.82,Sold,C0343,317.93225068477693
190069,19,2024-02-01,Apartment,10,747.71,206570.93,Available,,276.27145551082634
190090,19,2024-02-01,Apartment,13,766.61,238904.76,Sold,C0155,311.6379384563207
190091,19,2024-02-01,Apartment,13,766.61,238204.01,Sold,C1182,310.7238491540679
190105,19,2024-02-01,Apartment,14,630.47,177004.8,Sold,C0253,280.7505511761067
190108,19,2024-02-01,Apartment,15,538.06,175560.33,Sold,C1929,326.2839274430361
190113,19,2024-02-01,Apartment,16,1711.98,463890.78,Available,,270.96740616128693
190125,19,2024-02-01,Apartment,17,574.75,151955.73,Sold,C0710,264.38578512396697
190144,19,2024-02-01,Apartment,19,1697.73,459889.21,Available,,270.88477555323874
190158,19,2024-02-01,Apartment,20,1772.03,530253.96,Available,,299.23531768649514
190182,19,2024-02-01,Apartment,22,935.25,236887.92,Available,,253.28834001603852
190203,19,2024-02-01,Apartment,25,996.38,336027.12,Sold,C1736,337.24795760653564
190214,19,2024-02-01,Apartment,26,668.24,212529.4,Available,,318.0435172991739
190254,19,2024-02-01,Apartment,29,1657.84,440219.48,Sold,C0469,265.5379771268639
190257,19,2024-02-01,Apartment,29,1657.84,483936.27,Sold,C1760,291.9077052067751
190330,19,2024-02-01,Apartment,39,1237.04,308610.09,Sold,C0881,249.47462491107808
190354,19,2024-02-01,Office,41,1657.19,528026.75,Sold,C0208,318.62776748592495
190368,19,2024-02-01,Apartment,42,1137.59,391167.45,Available,,343.8562663173903
190370,19,2024-02-01,Apartment,42,1137.59,276356.31,Sold,C1565,242.9313812533514
190380,19,2024-02-01,Apartment,43,1697.72,539440.64,Sold,C0338,317.74417453997125
190398,19,2024-02-01,Apartment,46,1926.19,579694.24,Available,,300.95382075496184
190415,19,2024-02-01,Apartment,47,1126.37,399681.67,Available,,354.84047870593145
190432,19,2024-02-01,Apartment,50,1227.01,363010.65,Sold,C1500,295.8497893252704
200013,20,2024-02-01,Office,1,1898.39,634424.32,Sold,C0175,334.19071950442213
200044,20,2024-02-01,Apartment,5,802.5,237460.12,Available,,295.90046105919004
200067,20,2024-02-01,Apartment,8,1268.45,362803.25,Sold,C0914,286.02093105758996
200068,20,2024-02-01,Apartment,8,1268.45,410418.36,Sold,C1556,323.5589577831211
200070,20,2024-02-01,Apartment,8,1268.45,336141.69,Available,,265.0019236075525
200092,20,2024-02-01,Apartment,13,1587.57,480775.4,Sold,C0890,302.83729221388666
200111,20,2024-02-01,Apartment,15,1805.12,589254.84,Available,,326.43527300124094
200179,20,2024-02-01,Apartment,19,759.72,290649.55,Sold,C1011,382.5745669457168
200189,20,2024-02-01,Apartment,20,1110.23,305301.94,Sold,C1570,274.9898129216469
200216,20,2024-02-01,Apartment,26,1941.62,704808.48,Sold,C1062,363.00021631421185
200227,20,2024-02-01,Apartment,28,463.13,119668.45,Sold,C1193,258.39062466262175
200228,20,2024-02-01,Apartment,29,1844.16,577676.3,Sold,C1410,313.2463018393198
200233,20,2024-02-01,Apartment,29,1844.16,561035.94,Sold,C1740,304.22302837064024
200234,20,2024-02-01,Office,29,1844.16,582397.59,Sold,C1524,315.8064321967725
200245,20,2024-02-01,Apartment,30,1703.94,513840.39,Sold,C0981,301.5601429627804
200278,20,2024-02-01,Apartment,31,1414.44,464582.73,Sold,C1693,328.45700772036986
200281,20,2024-02-01,Apartment,31,1414.44,379009.7,Sold,C1044,267.9574248465824
200297,20,2024-02-01,Apartment,33,630.53,148065.52,Sold,C1071,234.82708197865287
200301,20,2024-02-01,Apartment,33,630.53,194243.69,Sold,C1979,308.06415237974403
200311,20,2024-02-01,Apartment,34,858.93,304644.38,Sold,C1721,354.67893774812853
200343,20,2024-02-01,Apartment,37,632.35,196134.77,Sold,C0583,310.16805566537516
200351,20,2024-02-01,Apartment,38,1499.47,421726.61,Available,,281.2504484918004
200354,20,2024-02-01,Apartment,38,1499.47,512763.16,Sold,C0727,341.9629335698613
200357,20,2024-02-01,Apartment,38,1499.47,465555.5,Sold,C0948,310.48003627948543
200366,20,2024-02-01,Apartment,40,428.03,143176.47,Sold,C1166,334.50101628390536
200371,20,2024-02-01,Apartment,40,428.03,125080.47,Sold,C1083,292.22360582202185
200380,20,2024-02-01,Apartment,41,541.22,156812.31,Sold,C1768,289.7385721148516
200384,20,2024-02-01,Apartment,42,811.56,233649.53,Sold,C0007,287.90173246586824
200386,20,2024-02-01,Apartment,42,811.56,259226.88,Sold,C1512,319.41800975898275
200420,20,2024-02-01,Apartment,48,860.8,242873.08,Available,,282.148094795539
200423,20,2024-02-01,Apartment,48,860.8,275715.45,Sold,C0852,320.301405669145
200476,20,2024-02-01,Apartment,54,589.61,176827.38,Available,,299.90566645748885
990002,1,2024-02-01,Office,3,713.71,217787.71,Available,,305.14874388757335
1014,1,2024-03-01,Apartment,14,743.09,206445.42,Sold,C0005,277.82021020334014
2002,2,2024-03-01,Apartment,2,587.28,209280.91,Sold,C0071,356.35626958180086
2008,2,2024-03-01,Apartment,8,701.66,204286.67,Sold,C0084,291.1476641108229
2050,2,2024-03-01,Apartment,50,957.53,297008.97,Sold,C0126,310.18241726107794
2056,2,2024-03-01,Apartment,56,1400.95,460001.26,Sold,C0115,328.34951996859274
3042,3,2024-03-01,Apartment,42,781.07,213942.56,Sold,C0117,273.90958556851496
3055,3,2024-03-01,Apartment,55,1222.34,380809.52,Sold,C0095,311.5414041919597
4005,4,2024-03-01,Apartment,5,1121.95,344530.89,Sold,C0060,307.08221400240654
4012,4,2024-03-01,Apartment,12,1121.95,290031.26,Sold,C0008,258.50640402870005
4015,4,2024-03-01,Apartment,15,789.25,228937.9,Available,,290.07019322141275
4016,4,2024-03-01,Apartment,16,794.52,244820.67,Sold,C0159,308.1365730252228
5005,5,2024-03-01,Apartment,5,798.5,219252.89,Available,,274.58095178459615
5051,5,2024-03-01,Apartment,51,790.54,249591.99,Sold,C0031,315.72341690490043
10002,1,2024-03-01,Apartment,1,748.06,207185.26,Sold,C1201,276.96342539368504
10008,1,2024-03-01,Apartment,2,715.67,206865.62,Available,,289.0516858328559
10020,1,2024-03-01,Apartment,3,788.73,241066.59,Sold,C1816,305.6389258681678
10023,1,2024-03-01,Apartment,3,788.73,218169.81,Available,,276.6089916701533
10056,1,2024-03-01,Apartment,7,758.88,255508.22,Available,,336.6912028252161
10070,1,2024-03-01,Apartment,8,763.88,244367.92,Sold,C0398,319.90354505943344
10084,1,2024-03-01,Apartment,11,1429.46,428135.82,Available,,299.50877953912664
10129,1,2024-03-01,Office,15,765.0,246104.84,Sold,C0614,321.7056732026144
10145,1,2024-03-01,Office,18,716.85,191842.01,Sold,C1711,267.6180651461254
10152,1,2024-03-01,Office,19,773.17,210138.18,Available,,271.7878086319956
10193,1,2024-03-01,Apartment,23,1201.5,363926.58,Sold,C1403,302.8935330836455
10248,1,2024-03-01,Office,29,757.2,296499.93,Available,,391.5741283676703
10262,1,2024-03-01,Apartment,29,757.2,232300.88,Sold,C1815,306.78932910723717
10280,1,2024-03-01,Apartment,30,753.29,227882.99,Sold,C0383,302.5169456650161
10314,1,2024-03-01,Office,34,1469.14,389720.64,Sold,C0589,265.27127435098083
10344,1,2024-03-01,Apartment,37,758.3,250392.67,Sold,C1682,330.2026506659634
10384,1,2024-03-01,Apartment,44,779.24,205819.02,Sold,C1518,264.12789384528514
20005,2,2024-03-01,Apartment,1,706.3,225864.51,Sold,C0554,319.7855160696588
20025,2,2024-03-01,Apartment,3,645.84,197536.0,Sold,C0050,305.85903629381886
20039,2,2024-03-01,Apartment,4,1281.85,368876.36,Sold,C1826,287.7687404922573
20058,2,2024-03-01,Apartment,7,733.14,234998.1,Sold,C1057,320.53645961207957
20130,2,2024-03-01,Apartment,15,1603.33,457348.2,Sold,C0902,285.248950621519
20146,2,2024-03-01,Apartment,17,1397.4,437131.04,Available,,312.81740374982104
20149,2,2024-03-01,Apartment,17,1397.4,444157.13,Sold,C0580,317.84537712895377
20156,2,2024-03-01,Apartment,18,784.76,270820.0,Sold,C0893,345.0991385901422
20178,2,2024-03-01,Apartment,20,727.55,242793.08,Available,,333.71325682083705
20184,2,2024-03-01,Apartment,21,921.38,231332.06,Sold,C1318,251.07128437778115
20188,2,2024-03-01,Apartment,22,653.41,217830.91,Sold,C0010,333.3755375644695
20191,2,2024-03-01,Apartment,22,653.41,195438.27,Sold,C0422,299.1051101146294
20221,2,2024-03-01,Apartment,24,785.12,258112.54,Available,,328.75552781740373
20235,2,2024-03-01,Apartment,26,1577.79,480760.06,Sold,C1339,304.7047198930149
20247,2,2024-03-01,Apartment,27,1211.51,374385.59,Available,,309.0239370702677
20276,2,2024-03-01,Apartment,33,931.4,306514.94,Sold,C1583,329.090551857419
20291,2,2024-03-01,Apartment,34,800.26,257660.89,Sold,C0887,321.9714717716742
20312,2,2024-03-01,Apartment,37,780.46,204935.44,Sold,C0331,262.5828870153499
20334,2,2024-03-01,Apartment,41,654.93,213396.12,Sold,C1902,325.83042462553254
20335,2,2024-03-01,Apartment,41,654.93,191283.55,Sold,C0356,292.06716748354785
20345,2,2024-03-01,Apartment,41,654.93,193321.5,Available,,295.1788740781458
20412,2,2024-03-01,Apartment,47,708.32,262911.79,Sold,C0179,371.17657273548673
20475,2,2024-03-01,Apartment,55,579.26,164554.88,Sold,C1691,284.07775437627316
30019,3,2024-03-01,Apartment,2,672.64,191316.11,Available,,284.4257106327307
30021,3,2024-03-01,Apartment,2,672.64,231519.07,Sold,C1799,344.1946211941009
30031,3,2024-03-01,Office,4,719.96,206964.98,Sold,C0638,287.46733151841767
30044,3,2024-03-01,Apartment,5,701.19,223214.09,Available,,318.33610005847197
30072,3,2024-03-01,Apartment,7,744.01,233424.36,Available,,313.73820244351555
30078,3,2024-03-01,Apartment,7,744.01,219227.88,Available,,294.65716858644373
30081,3,2024-03-01,Apartment,7,744.01,218746.42,Available,,294.0100536283115
30084,3,2024-03-01,Apartment,8,1152.39,319956.38,Sold,C0612,277.64591848245817
30096,3,2024-03-01,Apartment,9,1125.84,321342.19,Sold,C1758,285.4243853478292
30099,3,2024-03-01,Office,9,1125.84,371216.71,Sold,C0581,329.7242148084986
30128,3,2024-03-01,Apartment,11,1283.1,435547.39,Sold,C0572,339.4492946769543
30142,3,2024-03-01,Office,14,788.59,296993.27,Sold,C0409,376.6130308525343
30149,3,2024-03-01,Apartment,16,1587.26,518272.25,Sold,C0812,326.52007232589494
30173,3,2024-03-01,Apartment,19,1602.22,472857.1,Available,,295.126199897642
30216,3,2024-03-01,Apartment,24,776.04,227449.53,Sold,C0937,293.0899567032627
30245,3,2024-03-01,Apartment,28,679.93,217963.49,Sold,C1611,320.56754371773565
30250,3,2024-03-01,Apartment,28,679.93,216148.29,Sold,C0328,317.8978571323519
30265,3,2024-03-01,Apartment,29,666.0,218049.7,Sold,C1389,327.40195195195196
30302,3,2024-03-01,Apartment,36,733.45,192882.85,Sold,C0517,262.98023041788804
30328,3,2024-03-01,Office,40,678.71,194496.6,Available,,286.5680482091025
30412,3,2024-03-01,Apartment,49,1174.48,362193.44,Sold,C1885,308.3862134731966
30475,3,2024-03-01,Apartment,56,1179.42,392025.92,Sold,C1342,332.38873344525274
30491,3,2024-03-01,Apartment,57,1607.94,508433.93,Available,,316.2020535592124
30509,3,2024-03-01,Apartment,59,1353.02,382435.3,Sold,C0435,282.6531019497125
40046,4,2024-03-01,Apartment,5,786.98,270996.22,Available,,344.3495641566494
40051,4,2024-03-01,Apartment,5,786.98,188167.85,Available,,239.10118427406033
40057,4,2024-03-01,Apartment,5,786.98,185668.22,Sold,C0043,235.92495362016822
40084,4,2024-03-01,Apartment,11,802.79,235793.94,Available,,293.7180831848927
40088,4,2024-03-01,Apartment,11,802.79,255309.07,Sold,C1911,318.0272175786943
40127,4,2024-03-01,Apartment,15,760.39,228311.87,Available,,300.2562763844869
40160,4,2024-03-01,Apartment,19,1063.07,320367.69,Sold,C0528,301.3608605265881
40195,4,2024-03-01,Apartment,25,1310.16,419280.43,Sold,C0676,320.02231025218293
40219,4,2024-03-01,Apartment,26,790.05,250104.08,Sold,C1701,316.5674071261313
40227,4,2024-03-01,Apartment,26,790.05,185592.46,Sold,C0485,234.9122966900829
40260,4,2024-03-01,Apartment,31,793.1,244330.47,Sold,C1549,308.07019291388224
40261,4,2024-03-01,Apartment,31,793.1,243759.15,Available,,307.3498297818686
40276,4,2024-03-01,Apartment,32,1328.09,357485.43,Available,,269.1725937248229
40280,4,2024-03-01,Apartment,33,734.73,202634.18,Sold,C1184,275.7940740135832
40285,4,2024-03-01,Apartment,33,734.73,258544.89,Sold,C0411,351.8910211914581
40303,4,2024-03-01,Office,36,736.77,287413.06,Available,,390.0987553782049
40324,4,2024-03-01,Apartment,39,743.73,244835.95,Available,,329.20004571551505
40329,4,2024-03-01,Apartment,39,743.73,218908.24,Available,,294.33832170276844
40339,4,2024-03-01,Apartment,40,780.74,232130.98,Sold,C1877,297.32174603581217
40340,4,2024-03-01,Apartment,40,780.74,245584.03,Sold,C0878,314.5528985321618
40360,4,2024-03-01,Apartment,43,1616.99,445861.0,Sold,C1636,275.73516224590134
40368,4,2024-03-01,Office,44,799.67,258779.74,Sold,C1126,323.60816336738907
40370,4,2024-03-01,Office,44,799.67,262882.87,Sold,C0568,328.73919241687196
40377,4,2024-03-01,Apartment,45,1160.48,292085.01,Sold,C1291,251.69327347304565
40395,4,2024-03-01,Apartment,45,1160.48,374768.98,Sold,C1450,322.9430752791948
40401,4,2024-03-01,Apartment,46,800.23,224540.77,Available,,280.5952913537358
40402,4,2024-03-01,Apartment,46,800.23,229238.37,Available,,286.4656036389538
40424,4,2024-03-01,Apartment,49,739.7,177310.11,Sold,C1942,239.70543463566307
40425,4,2024-03-01,Apartment,49,739.7,192833.65,Sold,C0146,260.6916993375693
40427,4,2024-03-01,Office,49,739.7,264395.14,Sold,C0439,357.4356360686765
40441,4,2024-03-01,Apartment,51,802.11,234587.05,Sold,C1296,292.46244280709624
50066,5,2024-03-01,Apartment,9,793.56,224958.55,Sold,C1138,283.4802031352387
50070,5,2024-03-01,Apartment,10,629.27,201409.8,Sold,C1111,320.0689688051234
50089,5,2024-03-01,Apartment,11,1058.56,351625.35,Sold,C1213,332.1732825725514
50118,5,2024-03-01,Apartment,15,1050.95,407054.73,Sold,C0929,387.3207383795613
50125,5,2024-03-01,Apartment,16,1060.08,266175.15,Sold,C0274,251.08968191079921
50197,5,2024-03-01,Office,26,1272.4,371144.72,Available,,291.68871424080476
50217,5,2024-03-01,Office,28,1247.24,346348.71,Available,,277.6921121837016
50218,5,2024-03-01,Apartment,29,786.28,220273.72,Sold,C0038,280.14666531006765
50268,5,2024-03-01,Apartment,36,627.56,188574.81,Sold,C1131,300.4888934922557
50288,5,2024-03-01,Apartment,37,1790.7,543777.59,Sold,C0150,303.66761043167475
50297,5,2024-03-01,Apartment,39,591.14,189258.23,Available,,320.1580505464019
50339,5,2024-03-01,Apartment,43,802.72,222121.91,Sold,C0634,276.71156816822804
50398,5,2024-03-01,Apartment,47,1241.14,389142.71,Sold,C1612,313.53651481702303
50407,5,2024-03-01,Office,47,1241.14,343513.68,Sold,C0149,276.7727089611164
50432,5,2024-03-01,Apartment,50,1261.07,424910.39,Sold,C1242,336.94433298706656
50436,5,2024-03-01,Apartment,51,1029.59,299112.38,Sold,C0279,290.5160112277703
60007,6,2024-03-01,Office,1,1720.95,526612.91,Sold,C0366,306.0012841744385
60017,6,2024-03-01,Apartment,1,1720.95,606381.67,Sold,C1416,352.3528690548825
60025,6,2024-03-01,Apartment,2,1338.63,330643.23,Available,,247.00121019251023
60036,6,2024-03-01,Apartment,4,1925.28,627613.85,Sold,C0336,325.98575272168205
60051,6,2024-03-01,Apartment,4,1925.28,616403.86,Sold,C1770,320.1632282057675
60087,6,2024-03-01,Office,7,1075.42,349579.55,Sold,C1136,325.06327760316896
60097,6,2024-03-01,Apartment,7,1075.42,342823.42,Available,,318.78095999702435
60110,6,2024-03-01,Apartment,9,1194.12,285826.45,Sold,C1398,239.36158007570432
60117,6,2024-03-01,Apartment,10,942.08,275335.38,Available,,292.26326851222825
60140,6,2024-03-01,Apartment,12,1678.17,603518.77,Sold,C0152,359.629101938421
60153,6,2024-03-01,Apartment,12,1678.17,526810.49,Sold,C0497,313.9196207773944
60154,6,2024-03-01,Office,12,1678.17,487577.71,Sold,C1551,290.54130987921366
60192,6,2024-03-01,Apartment,19,1542.71,432448.91,Sold,C0091,280.3176941875012
60211,6,2024-03-01,Office,20,1897.17,606682.76,Available,,319.78302418865997
60229,6,2024-03-01,Apartment,21,833.23,263803.73,Sold,C0081,316.603734863123
60281,6,2024-03-01,Apartment,31,1768.9,503303.34,Sold,C1027,284.528995420883
60285,6,2024-03-01,Apartment,31,1768.9,512554.33,Sold,C0716,289.75879360054273
60297,6,2024-03-01,Office,33,1131.0,327382.45,Sold,C1486,289.46282051282054
60302,6,2024-03-01,Office,33,1131.0,317284.62,Sold,C0717,280.53458885941643
60343,6,2024-03-01,Apartment,38,698.21,219187.03,Sold,C1896,313.9270849744346
60351,6,2024-03-01,Apartment,39,744.54,258105.88,Sold,C1257,346.66489375990545
60352,6,2024-03-01,Apartment,39,744.54,211395.87,Available,,283.92815698283505
60377,6,2024-03-01,Apartment,43,1492.81,446977.08,Available,,299.4199395770393
60382,6,2024-03-01,Apartment,43,1492.81,370550.39,Available,,248.22341088283173
60405,6,2024-03-01,Apartment,49,1167.52,329620.0,Sold,C0156,282.3249280526244
60422,6,2024-03-01,Apartment,51,1476.63,496395.55,Available,,336.16786195594017
60423,6,2024-03-01,Apartment,51,1476.63,491669.54,Sold,C1078,332.9673242450715
60443,6,2024-03-01,Apartment,53,1170.96,376208.61,Sold,C0686,321.28220434515265
60451,6,2024-03-01,Apartment,53,1170.96,353358.62,Sold,C1201,301.76830976292956
60465,6,2024-03-01,Apartment,55,562.37,174861.74,Sold,C0870,310.93717659192345
70010,7,2024-03-01,Apartment,3,888.5,283696.07,Available,,319.2977715250422
70045,7,2024-03-01,Apartment,7,1071.02,326619.69,Available,,304.9613359227652
70064,7,2024-03-01,Apartment,10,1495.37,447358.85,Sold,C1613,299.1626487090152
70097,7,2024-03-01,Apartment,13,604.6,179048.25,Sold,C1733,296.14331789612964
70098,7,2024-03-01,Office,13,604.6,163386.52,Sold,C1170,270.2390340721138
70105,7,2024-03-01,Apartment,14,714.65,210334.7,Sold,C0614,294.31847757643607
70123,7,2024-03-01,Office,15,602.92,195057.54,Sold,C0909,323.52142904531286
70140,7,2024-03-01,Apartment,17,1586.15,495861.04,Available,,312.61926047347345
70151,7,2024-03-01,Apartment,18,703.28,196588.07,Sold,C0334,279.5303008758958
70182,7,2024-03-01,Apartment,21,1528.62,475699.15,Available,,311.19516295743875
70185,7,2024-03-01,Apartment,21,1528.62,355573.01,Sold,C1461,232.6104656487551
70233,7,2024-03-01,Apartment,26,717.0,205825.01,Sold,C0785,287.064170153417
70243,7,2024-03-01,Apartment,27,768.05,230070.22,Sold,C1815,299.5510969337934
70256,7,2024-03-01,Apartment,28,694.55,207109.9,Available,,298.1929306745375
70259,7,2024-03-01,Apartment,28,694.55,222388.39,Available,,320.19061262688075
70278,7,2024-03-01,Apartment,33,1266.64,399124.74,Available,,315.10511273921554
70314,7,2024-03-01,Apartment,38,1755.26,450762.7,Sold,C1247,256.8067978533095
70327,7,2024-03-01,Office,38,1755.26,564037.73,Sold,C1700,321.341413807641
70337,7,2024-03-01,Apartment,40,1138.18,308622.38,Sold,C0088,271.15428139661566
70429,7,2024-03-01,Apartment,50,502.02,140625.05,Available,,280.1184215768296
70436,7,2024-03-01,Apartment,51,648.27,150856.46,Sold,C0062,232.7062180881423
70443,7,2024-03-01,Apartment,52,1281.14,345268.92,Sold,C0841,269.501319137643
70456,7,2024-03-01,Apartment,54,1940.69,585559.25,Sold,C1152,301.7273495509329
70497,7,2024-03-01,Apartment,58,1629.83,537546.81,Sold,C0151,329.81771718522793
70505,7,2024-03-01,Apartment,58,1629.83,476167.41,Sold,C1316,292.15771583539384
70511,7,2024-03-01,Apartment,59,765.3,250106.9,Sold,C1502,326.8089638050438
80018,8,2024-03-01,Apartment,2,1097.36,325789.31,Sold,C1013,296.88462309542905
80023,8,2024-03-01,Office,3,1736.05,545199.56,Available,,314.0460009792345
80026,8,2024-03-01,Apartment,4,1934.75,523161.71,Available,,270.4027445406383
80057,8,2024-03-01,Apartment,6,1370.17,438095.92,Sold,C0559,319.73836823167926
80069,8,2024-03-01,Apartment,8,1552.34,479097.62,Sold,C0010,308.62930801242
80072,8,2024-03-01,Apartment,8,1552.34,398037.98,Sold,C0651,256.4115979746705
80100,8,2024-03-01,Apartment,12,1430.46,446838.6,Sold,C1162,312.37406149070927
80105,8,2024-03-01,Apartment,13,660.3,180436.9,Sold,C1924,273.265031046494
80108,8,2024-03-01,Apartment,14,685.93,222752.92,Available,,324.7458487017626
80109,8,2024-03-01,Apartment,14,685.93,238726.2,Sold,C1032,348.0328896534632
80130,8,2024-03-01,Apartment,15,534.85,154353.28,Sold,C0341,288.591717303917
80158,8,2024-03-01,Apartment,20,774.16,240718.43,Sold,C1359,310.94144621266923
80164,8,2024-03-01,Apartment,21,1501.64,510510.6,Available,,339.96870088703014
80171,8,2024-03-01,Apartment,22,1495.57,464608.3,Sold,C0738,310.65633838603344
80194,8,2024-03-01,Apartment,26,1625.38,497984.45,Sold,C1298,306.3803233705349
80210,8,2024-03-01,Apartment,28,1431.61,418833.33,Sold,C0851,292.5610536389101
80285,8,2024-03-01,Apartment,33,1809.87,459972.28,Sold,C1393,254.14658511384798
80308,8,2024-03-01,Apartment,36,673.86,198802.46,Sold,C0827,295.0204196717419
80321,8,2024-03-01,Apartment,37,890.65,255348.83,Available,,286.6994105428619
80333,8,2024-03-01,Apartment,37,890.65,270409.23,Sold,C1500,303.60885869870316
80346,8,2024-03-01,Apartment,39,1290.89,349511.46,Sold,C0762,270.7523181680856
80433,8,2024-03-01,Apartment,50,913.15,267101.26,Available,,292.50534961397364
80486,8,2024-03-01,Apartment,56,1874.7,497024.24,Available,,265.1220141889369
80496,8,2024-03-01,Apartment,57,1949.35,538507.2,Sold,C0612,276.2496216687614
90011,9,2024-03-01,Apartment,1,832.35,261588.76,Sold,C0581,314.2773592839551
90022,9,2024-03-01,Apartment,4,1139.87,347482.45,Available,,304.84392957091603
90030,9,2024-03-01,Apartment,6,1821.59,493931.35,Sold,C1570,271.15396439374393
90038,9,2024-03-01,Apartment,7,697.68,223777.94,Sold,C1980,320.7458147001491
90079,9,2024-03-01,Office,12,952.38,320191.49,Sold,C1524,336.2014007014007
90088,9,2024-03-01,Apartment,14,1445.3,473439.58,Sold,C1422,327.571839756452
90111,9,2024-03-01,Apartment,17,1481.32,446979.46,Sold,C1941,301.7440255987903
90148,9,2024-03-01,Apartment,23,901.21,293975.04,Sold,C1445,326.20037505131984
90150,9,2024-03-01,Apartment,23,901.21,267578.12,Sold,C1721,296.9098434327182
90174,9,2024-03-01,Apartment,26,1038.39,321101.26,Sold,C0298,309.2299232465644
90182,9,2024-03-01,Apartment,27,1207.33,358447.56,Sold,C0583,296.8927799358916
90185,9,2024-03-01,Apartment,27,1207.33,347435.71,Sold,C1282,287.77195133062213
90191,9,2024-03-01,Apartment,28,1931.82,592109.47,Available,,306.5034371732356
90201,9,2024-03-01,Apartment,29,1426.22,414854.52,Sold,C0026,290.87694745551175
90211,9,2024-03-01,Apartment,30,1250.17,357647.97,Sold,C1873,286.07946919218983
90252,9,2024-03-01,Apartment,34,1577.36,510570.33,Available,,323.686621950601
90259,9,2024-03-01,Apartment,34,1577.36,423148.15,Sold,C0180,268.26352259471525
90278,9,2024-03-01,Apartment,35,1376.88,397654.23,Sold,C1163,288.8081967927488
90280,9,2024-03-01,Apartment,35,1376.88,356213.53,Sold,C1793,258.7106574283888
90288,9,2024-03-01,Apartment,36,1582.79,548231.59,Available,,346.37039026023666
90344,9,2024-03-01,Apartment,40,1090.32,294967.99,Sold,C1327,270.53341220925967
90349,9,2024-03-01,Apartment,41,1488.32,517878.0,Available,,347.96145990109653
90387,9,2024-03-01,Apartment,46,662.32,230643.48,Sold,C0897,348.2357168740186
90426,9,2024-03-01,Office,53,599.72,208791.69,Available,,348.14861935569934
90474,9,2024-03-01,Apartment,58,838.34,287917.8,Sold,C0016,343.4379845885917
90481,9,2024-03-01,Apartment,58,838.34,251397.07,Available,,299.8748359853997
90532,9,2024-03-01,Apartment,62,1263.44,373157.22,Available,,295.3501709618185
90534,9,2024-03-01,Apartment,62,1263.44,425904.8,Sold,C0744,337.09934781232187
100008,10,2024-03-01,Apartment,2,1830.46,599456.66,Available,,327.48962555860277
100037,10,2024-03-01,Apartment,5,1741.96,555912.87,Sold,C0443,319.1306746423569
100082,10,2024-03-01,Apartment,10,1196.84,290993.55,Sold,C0329,243.1348801844858
100084,10,2024-03-01,Office,10,1196.84,478630.37,Sold,C0676,399.9117425888172
100142,10,2024-03-01,Apartment,18,1244.03,353047.58,Sold,C0187,283.79346157247016
100146,10,2024-03-01,Apartment,19,948.04,242911.97,Available,,256.2254440740897
100150,10,2024-03-01,Apartment,19,948.04,269363.17,Sold,C0868,284.12637652419727
100156,10,2024-03-01,Apartment,20,1264.43,301503.93,Available,,238.45047175407097
100169,10,2024-03-01,Apartment,22,1116.68,327199.09,Available,,293.0106118135903
100173,10,2024-03-01,Office,23,912.32,255006.99,Sold,C1045,279.51485224482633
100184,10,2024-03-01,Apartment,25,1487.17,392319.37,Sold,C0928,263.80263856855635
100202,10,2024-03-01,Apartment,26,1294.85,457406.52,Sold,C1329,353.25058500984676
100208,10,2024-03-01,Office,26,1294.85,460542.58,Available,,355.6725334980886
100234,10,2024-03-01,Apartment,28,1606.58,419982.23,Sold,C0498,261.4138293766884
100241,10,2024-03-01,Apartment,29,486.78,133870.43,Available,,275.01218209458074
100254,10,2024-03-01,Apartment,30,1559.4,406955.39,Sold,C1895,260.96921251763496
100297,10,2024-03-01,Apartment,35,1675.74,426658.82,Sold,C0777,254.60919951782498
100322,10,2024-03-01,Apartment,38,476.64,128340.87,Sold,C1091,269.2616440080564
100325,10,2024-03-01,Apartment,39,1188.51,342681.32,Sold,C1762,288.3285121707011
100339,10,2024-03-01,Office,41,1750.64,543773.78,Sold,C1051,310.61427820682724
100354,10,2024-03-01,Apartment,42,1757.51,578560.91,Available,,329.19352379218327
100362,10,2024-03-01,Apartment,43,1093.67,344051.81,Sold,C0945,314.5846644783161
100367,10,2024-03-01,Apartment,43,1093.67,290190.09,Available,,265.3360611519014
100379,10,2024-03-01,Apartment,44,1224.71,348889.77,Sold,C1138,284.8754154044631
100384,10,2024-03-01,Apartment,44,1224.71,372739.71,Sold,C0524,304.349364339313
100398,10,2024-03-01,Office,46,1525.34,511655.42,Sold,C0468,335.43696487340526
110080,11,2024-03-01,Apartment,10,1519.64,441125.61,Available,,290.2829683346055
110097,11,2024-03-01,Apartment,10,1519.64,498260.56,Sold,C1205,327.880655944829
110144,11,2024-03-01,Apartment,15,1385.68,444474.88,Available,,320.7630044454708
110160,11,2024-03-01,Apartment,17,1946.06,509668.52,Sold,C0784,261.8976393328058
110169,11,2024-03-01,Apartment,18,1562.55,428394.86,Available,,274.1639371540111
110235,11,2024-03-01,Apartment,29,993.51,296167.83,Available,,298.10251532445574
110238,11,2024-03-01,Apartment,29,993.51,303617.21,Sold,C0214,305.600557618947
110259,11,2024-03-01,Apartment,31,1232.68,348352.52,Sold,C0660,282.5976895869163
110264,11,2024-03-01,Apartment,32,1285.87,374418.94,Sold,C0955,291.179466042446
110265,11,2024-03-01,Apartment,32,1285.87,337234.79,Available,,262.26196271784863
110267,11,2024-03-01,Apartment,32,1285.87,404760.62,Sold,C1889,314.7756927216593
110280,11,2024-03-01,Apartment,34,680.07,223039.63,Available,,327.9656947078977
110335,11,2024-03-01,Apartment,41,1125.56,378675.72,Sold,C1244,336.4331710437471
110379,11,2024-03-01,Apartment,44,434.38,130303.65,Available,,299.9761729361389
110391,11,2024-03-01,Apartment,46,1798.85,530573.34,Available,,294.95140784390026
110398,11,2024-03-01,Apartment,47,1456.74,490933.95,Available,,337.0086288562132
110425,11,2024-03-01,Apartment,50,948.72,271454.23,Available,,286.126812969053
110441,11,2024-03-01,Apartment,52,1397.58,371257.45,Sold,C0248,265.6430758883213
110457,11,2024-03-01,Apartment,52,1397.58,396446.03,Sold,C1421,283.66607278295345
110479,11,2024-03-01,Apartment,56,724.8,223047.2,Sold,C0875,307.7362030905078
110488,11,2024-03-01,Apartment,57,1008.58,311573.77,Sold,C0241,308.92320886791333
110502,11,2024-03-01,Office,60,1295.04,390199.46,Sold,C0497,301.30301766740797
110511,11,2024-03-01,Apartment,61,1299.46,416775.71,Sold,C0345,320.72992627706896
110513,11,2024-03-01,Apartment,61,1299.46,390999.79,Sold,C1470,300.89405599248914
110519,11,2024-03-01,Apartment,61,1299.46,407851.43,Sold,C1294,313.8622427777692
110535,11,2024-03-01,Apartment,62,1938.82,559747.82,Sold,C1526,288.70540844431144
110547,11,2024-03-01,Apartment,64,1916.26,670575.87,Sold,C0705,349.93991942638263
110560,11,2024-03-01,Office,65,1427.09,415621.37,Sold,C1352,291.23697173969407
110561,11,2024-03-01,Apartment,65,1427.09,434714.68,Available,,304.61616296099055
120011,12,2024-03-01,Apartment,1,839.95,238111.34,Sold,C1338,283.4827549258884
120023,12,2024-03-01,Apartment,3,1469.27,367608.78,Sold,C1745,250.19824810960546
120043,12,2024-03-01,Apartment,4,1559.34,455532.2,Sold,C0591,292.1314145728321
120047,12,2024-03-01,Apartment,4,1559.34,550180.2,Sold,C0122,352.8288891454077
120048,12,2024-03-01,Apartment,5,495.04,175885.99,Sold,C0174,355.29652149321265
120083,12,2024-03-01,Apartment,10,1642.26,440939.43,Sold,C0346,268.4955061926857
120084,12,2024-03-01,Apartment,10,1642.26,491470.69,Sold,C0658,299.26484844056364
120089,12,2024-03-01,Apartment,12,959.05,275447.01,Sold,C1486,287.2081851832543
120136,12,2024-03-01,Office,16,1523.02,415409.21,Sold,C0376,272.75361452902786
120192,12,2024-03-01,Apartment,22,892.67,308919.06,Sold,C1494,346.0618817704191
120205,12,2024-03-01,Office,23,1094.46,340450.25,Sold,C0926,311.06687316119366
120208,12,2024-03-01,Apartment,23,1094.46,311524.51,Sold,C0125,284.63763865285165
120257,12,2024-03-01,Office,27,871.52,254211.77,Sold,C1645,291.68782127776757
120287,12,2024-03-01,Apartment,33,1232.2,365743.18,Sold,C0182,296.8212790131472
120314,12,2024-03-01,Apartment,34,1817.64,556062.8,Sold,C1520,305.9257058603464
120324,12,2024-03-01,Apartment,35,1690.62,482594.96,Sold,C1080,285.4544250038448
120342,12,2024-03-01,Apartment,38,1157.23,386019.24,Available,,333.5717532383364
120343,12,2024-03-01,Apartment,38,1157.23,322224.02,Available,,278.44423321206676
120356,12,2024-03-01,Apartment,38,1157.23,331792.26,Sold,C1733,286.71245992585744
120386,12,2024-03-01,Apartment,44,635.36,193403.07,Sold,C0753,304.3991910098212
120396,12,2024-03-01,Apartment,47,1528.05,561731.1,Sold,C0732,367.6130362226367
120397,12,2024-03-01,Office,47,1528.05,487713.6,Available,,319.17384902326495
130012,13,2024-03-01,Apartment,1,1899.92,555343.32,Sold,C0293,292.2982651901132
130013,13,2024-03-01,Office,1,1899.92,559085.68,Available,,294.2680112846857
130015,13,2024-03-01,Apartment,1,1899.92,602930.85,Available,,317.34538822687267
130060,13,2024-03-01,Apartment,5,441.3,150544.43,Available,,341.13852254702016
130068,13,2024-03-01,Apartment,8,1449.43,415155.52,Available,,286.42674706608807
130069,13,2024-03-01,Apartment,8,1449.43,377664.86,Available,,260.56095154647
130073,13,2024-03-01,Apartment,9,1448.68,483003.01,Sold,C0294,333.4090413341801
130098,13,2024-03-01,Apartment,11,1678.3,459184.89,Available,,273.60119764046954
130134,13,2024-03-01,Apartment,15,458.29,132839.83,Sold,C1635,289.8597612865216
130144,13,2024-03-01,Apartment,16,1772.88,615781.65,Available,,347.3340835251117
130191,13,2024-03-01,Apartment,20,516.72,122058.89,Available,,236.21862904474375
130192,13,2024-03-01,Apartment,20,516.72,164585.63,Sold,C0223,318.519952779068
130218,13,2024-03-01,Office,25,633.86,154903.56,Sold,C0219,244.3813460385574
130234,13,2024-03-01,Apartment,27,885.68,260227.69,Sold,C0698,293.81683000632285
130236,13,2024-03-01,Apartment,28,1173.72,379531.13,Sold,C1724,323.3574702654807
130239,13,2024-03-01,Office,28,1173.72,340602.26,Sold,C0571,290.190386122755
130242,13,2024-03-01,Apartment,28,1173.72,330077.14,Sold,C1109,281.22306853423305
130262,13,2024-03-01,Apartment,30,1777.51,567793.82,Sold,C0932,319.4321382158187
130267,13,2024-03-01,Apartment,31,627.57,179742.54,Sold,C1969,286.41034466274675
130302,13,2024-03-01,Office,33,1445.84,500020.84,Sold,C0307,345.834144856969
130341,13,2024-03-01,Office,38,656.42,218673.2,Available,,333.13000822644045
130342,13,2024-03-01,Apartment,38,656.42,209354.32,Available,,318.9334877060419
130358,13,2024-03-01,Apartment,40,571.5,163504.49,Sold,C0960,286.0970953630796
130383,13,2024-03-01,Apartment,43,1875.83,597724.45,Sold,C1883,318.64531967182523
130384,13,2024-03-01,Apartment,43,1875.83,663848.64,Sold,C1624,353.8959500594404
130386,13,2024-03-01,Apartment,43,1875.83,607539.65,Sold,C1944,323.8777767708161
130402,13,2024-03-01,Apartment,45,986.91,337352.78,Sold,C0321,341.8272993484715
130405,13,2024-03-01,Office,45,986.91,303252.26,Sold,C0289,307.2744829822375
130423,13,2024-03-01,Apartment,47,1874.35,461566.83,Sold,C0627,246.25434417264654
130440,13,2024-03-01,Apartment,48,1728.84,592737.69,Sold,C0045,342.8528319566877
130457,13,2024-03-01,Office,52,1916.1,705490.95,Sold,C1283,368.1910912791608
130487,13,2024-03-01,Apartment,56,606.9,170509.9,Sold,C1697,280.95221618058986
130505,13,2024-03-01,Apartment,59,1434.04,428248.91,Available,,298.6310772363393
130523,13,2024-03-01,Office,60,1401.81,429243.97,Available,,306.2069538667865
130525,13,2024-03-01,Apartment,60,1401.81,400297.87,Available,,285.5578644752142
130539,13,2024-03-01,Apartment,62,452.68,139864.72,Sold,C0233,308.97039851550767
130541,13,2024-03-01,Office,63,1623.8,528523.4,Sold,C1787,325.48552777435646
140001,14,2024-03-01,Apartment,1,1750.63,519772.07,Available,,296.9057253674391
140011,14,2024-03-01,Apartment,3,645.76,184463.78,Sold,C0356,285.65377229930624
140012,14,2024-03-01,Apartment,3,645.76,174761.92,Available,,270.62983151635285
140014,14,2024-03-01,Apartment,3,645.76,192114.05,Sold,C0691,297.5006968533201
140067,14,2024-03-01,Apartment,9,803.5,240826.44,Sold,C0025,299.72176726820163
140107,14,2024-03-01,Apartment,12,459.44,120742.29,Sold,C0175,262.8031734285217
140181,14,2024-03-01,Office,20,1224.91,413091.69,Sold,C1714,337.24248312120886
140185,14,2024-03-01,Apartment,20,1224.91,365006.8,Sold,C1799,297.9866275889657
140200,14,2024-03-01,Apartment,22,1148.66,316929.07,Available,,275.9119931050093
140203,14,2024-03-01,Apartment,22,1148.66,389899.07,Available,,339.43818884613376
140207,14,2024-03-01,Apartment,22,1148.66,375880.49,Available,,327.23389862970765
140216,14,2024-03-01,Apartment,23,1610.37,524135.1,Sold,C0662,325.4749529611207
140227,14,2024-03-01,Apartment,24,1205.25,389395.46,Sold,C0297,323.0827297241236
140229,14,2024-03-01,Apartment,25,586.85,208143.52,Sold,C1958,354.67925364232764
140238,14,2024-03-01,Apartment,27,1866.49,550819.24,Sold,C1765,295.1096657362215
140315,14,2024-03-01,Apartment,37,1469.73,427134.73,Sold,C1422,290.6212229457111
140348,14,2024-03-01,Apartment,41,543.61,176130.89,Sold,C0139,324.00229944261514
140389,14,2024-03-01,Office,47,917.53,333493.87,Sold,C0406,363.46917267010343
140409,14,2024-03-01,Apartment,49,1231.75,335648.24,Sold,C0751,272.49704891414655
140412,14,2024-03-01,Apartment,49,1231.75,414334.38,Sold,C0084,336.37863202760303
140424,14,2024-03-01,Apartment,51,1346.3,476875.98,Available,,354.21227066775606
150028,15,2024-03-01,Apartment,3,748.99,226867.23,Sold,C1406,302.897542023258
150040,15,2024-03-01,Apartment,6,938.57,287742.14,Available,,306.5750450152892
150059,15,2024-03-01,Apartment,9,565.48,187366.27,Sold,C0633,331.3402242342788
150069,15,2024-03-01,Apartment,10,1072.95,320276.47,Sold,C0677,298.50083414884193
150074,15,2024-03-01,Apartment,11,1437.62,415669.45,Sold,C0379,289.13721984947347
150078,15,2024-03-01,Apartment,12,992.68,320644.43,Sold,C0370,323.0088548172624
150091,15,2024-03-01,Apartment,14,1832.17,567823.18,Sold,C0210,309.91839185228446
150139,15,2024-03-01,Office,17,562.64,172358.52,Sold,C1230,306.33890231764536
150232,15,2024-03-01,Apartment,26,961.01,299573.55,Sold,C0397,311.72781760855764
150293,15,2024-03-01,Apartment,35,745.49,241073.25,Sold,C1490,323.3755650645884
150294,15,2024-03-01,Apartment,35,745.49,221231.3,Available,,296.75958094675985
150305,15,2024-03-01,Apartment,35,745.49,211139.96,Available,,283.22306134220446
150371,15,2024-03-01,Apartment,47,1358.77,416396.32,Sold,C1053,306.4509225255194
150373,15,2024-03-01,Apartment,47,1358.77,456444.2,Sold,C0832,335.9245494086564
150378,15,2024-03-01,Apartment,48,1403.33,398619.31,Sold,C0073,284.0524395544883
150390,15,2024-03-01,Apartment,49,460.17,124485.23,Sold,C0676,270.5200904013734
150392,15,2024-03-01,Apartment,50,1841.5,524955.14,Sold,C1068,285.0693130600054
150415,15,2024-03-01,Apartment,52,829.2,215779.63,Sold,C1620,260.2262783405692
150439,15,2024-03-01,Apartment,55,892.75,270028.95,Sold,C0187,302.4687202464296
150445,15,2024-03-01,Office,55,892.75,327308.85,Sold,C0868,366.62990758891067
150451,15,2024-03-01,Apartment,55,892.75,282707.26,Available,,316.6701316157939
150455,15,2024-03-01,Apartment,55,892.75,244256.2,Sold,C1455,273.5997759731168
160053,16,2024-03-01,Apartment,7,941.57,256919.71,Sold,C1527,272.86310099089815
160069,16,2024-03-01,Apartment,8,986.18,306939.29,Sold,C1396,311.24063558376764
160103,16,2024-03-01,Office,11,1288.42,475185.8,Sold,C0797,368.81280948758945
160126,16,2024-03-01,Apartment,14,660.84,197899.51,Sold,C1443,299.46660311119183
160161,16,2024-03-01,Office,21,837.95,262430.93,Sold,C1912,313.1820872367086
160168,16,2024-03-01,Apartment,21,837.95,247793.15,Sold,C1111,295.7135270600871
160187,16,2024-03-01,Apartment,23,594.14,175786.75,Sold,C1954,295.8675564681725
160194,16,2024-03-01,Apartment,24,1077.77,387724.0,Sold,C1444,359.7465136346345
160211,16,2024-03-01,Apartment,26,1458.08,429318.55,Sold,C1320,294.44101146713484
160238,16,2024-03-01,Apartment,28,1440.71,442981.99,Sold,C0606,307.47477979607277
160266,16,2024-03-01,Office,32,431.76,118779.75,Sold,C0430,275.10596164535855
160274,16,2024-03-01,Office,33,881.17,271991.93,Sold,C1186,308.67134605127274
160283,16,2024-03-01,Apartment,34,743.19,203467.1,Available,,273.7753468157537
160295,16,2024-03-01,Apartment,35,629.97,185697.91,Sold,C1116,294.77262409321077
160339,16,2024-03-01,Office,41,1001.72,256680.04,Sold,C1870,256.23930838956994
160343,16,2024-03-01,Apartment,41,1001.72,249056.03,Sold,C0712,248.62838917062652
160369,16,2024-03-01,Apartment,42,1496.62,450818.61,Sold,C0052,301.224499204875
160373,16,2024-03-01,Office,42,1496.62,491362.13,Sold,C0789,328.31455546498114
160382,16,2024-03-01,Apartment,44,1695.03,496232.48,Sold,C1063,292.75734352784315
160389,16,2024-03-01,Apartment,45,1653.49,564972.81,Sold,C1187,341.68504798940427
170013,17,2024-03-01,Office,1,530.28,203115.86,Available,,383.03511352493024
170027,17,2024-03-01,Apartment,2,1738.5,521203.39,Sold,C0352,299.80062697727925
170071,17,2024-03-01,Apartment,9,1505.53,477594.44,Available,,317.2267839232696
170089,17,2024-03-01,Apartment,11,596.22,169300.68,Sold,C0573,283.95672738250977
170122,17,2024-03-01,Apartment,14,1646.02,510061.69,Available,,309.8757548510954
170171,17,2024-03-01,Office,18,554.84,195199.56,Available,,351.81234229687834
170177,17,2024-03-01,Apartment,19,1712.06,521526.56,Available,,304.61932408910906
170221,17,2024-03-01,Apartment,26,929.59,299902.76,Available,,322.61831560150176
170230,17,2024-03-01,Apartment,27,677.24,216050.75,Sold,C0229,319.01652294607527
170275,17,2024-03-01,Office,33,1532.89,471065.82,Sold,C1090,307.30569055835707
170289,17,2024-03-01,Apartment,35,1667.01,481753.89,Sold,C0180,288.99280148289455
170311,17,2024-03-01,Apartment,39,1341.67,404921.22,Sold,C1858,301.8038862015249
170341,17,2024-03-01,Apartment,42,691.03,206013.07,Sold,C0245,298.1246400301
170345,17,2024-03-01,Apartment,44,1176.0,315288.62,Sold,C0119,268.1025680272109
170361,17,2024-03-01,Office,46,1582.61,446411.88,Sold,C0714,282.0732081814219
170368,17,2024-03-01,Apartment,46,1582.61,423220.61,Sold,C0159,267.4193958081903
170394,17,2024-03-01,Apartment,48,1833.96,596755.57,Sold,C1338,325.3918133438024
170409,17,2024-03-01,Apartment,48,1833.96,584468.16,Sold,C0129,318.6918798665184
170416,17,2024-03-01,Apartment,48,1833.96,499955.33,Sold,C0836,272.60972431241686
170421,17,2024-03-01,Apartment,49,1283.67,390434.77,Available,,304.15509437783857
170442,17,2024-03-01,Office,51,1375.52,351201.87,Sold,C1604,255.32298330813074
170450,17,2024-03-01,Apartment,52,1742.3,427748.64,Sold,C0980,245.5080296160248
180033,18,2024-03-01,Office,4,1096.58,354647.51,Available,,323.4123456564957
180042,18,2024-03-01,Apartment,4,1096.58,293089.05,Available,,267.2755749694505
180064,18,2024-03-01,Apartment,7,505.94,170848.18,Sold,C0018,337.6846661659485
180067,18,2024-03-01,Apartment,8,1196.23,352252.67,Available,,294.4690151559482
180085,18,2024-03-01,Apartment,12,1692.5,568157.47,Sold,C1366,335.69126735598223
180094,18,2024-03-01,Apartment,13,537.4,159539.68,Sold,C1082,296.87324153330854
180121,18,2024-03-01,Apartment,16,1360.96,415468.55,Sold,C0483,305.2760918763226
180131,18,2024-03-01,Apartment,17,1195.81,330089.65,Sold,C0125,276.03854291233563
180152,18,2024-03-01,Apartment,20,1631.48,521158.55,Sold,C0456,319.4391288891068
180166,18,2024-03-01,Office,22,1108.09,368466.6,Sold,C0459,332.5240729543629
180170,18,2024-03-01,Apartment,22,1108.09,318794.23,Available,,287.6970552933426
180174,18,2024-03-01,Apartment,23,1659.02,585205.19,Sold,C1854,352.741491965136
180236,18,2024-03-01,Apartment,29,578.36,168573.3,Sold,C1520,291.4677709385158
180253,18,2024-03-01,Apartment,30,1795.66,601135.7,Sold,C0628,334.7714489379949
180365,18,2024-03-01,Apartment,41,852.83,248815.13,Sold,C0093,291.752318750513
180367,18,2024-03-01,Apartment,41,852.83,237658.55,Available,,278.67048532532857
180369,18,2024-03-01,Office,41,852.83,242946.74,Sold,C1813,284.871240458239
180375,18,2024-03-01,Apartment,42,1045.42,353052.34,Sold,C0666,337.7133974861778
180424,18,2024-03-01,Apartment,48,564.59,173539.43,Sold,C1255,307.3724826865513
180459,18,2024-03-01,Apartment,52,1424.54,433951.65,Sold,C0611,304.6258090330914
180462,18,2024-03-01,Office,52,1424.54,496697.45,Sold,C1103,348.67216785769443
180482,18,2024-03-01,Apartment,53,1806.7,588124.15,Sold,C1196,325.52396634748436
180495,18,2024-03-01,Apartment,55,930.04,261196.03,Available,,280.8438669304546
180532,18,2024-03-01,Apartment,60,1488.67,454295.97,Sold,C0601,305.1690233564188
180550,18,2024-03-01,Office,63,1855.14,498692.85,Sold,C0989,268.8168278404864
180579,18,2024-03-01,Office,66,1631.24,490155.8,Sold,C0623,300.48049336700916
190013,19,2024-03-01,Apartment,3,1468.68,475687.12,Available,,323.88751804341314
190031,19,2024-03-01,Apartment,5,1408.42,378575.21,Sold,C0957,268.7942588148422
190045,19,2024-03-01,Apartment,7,973.6,298606.04,Sold,C1211,306.70299917830727
190052,19,2024-03-01,Apartment,8,974.77,297376.84,Sold,C1057,305.07385331924456
190082,19,2024-03-01,Office,12,1163.99,360132.52,Sold,C1189,309.3948573441353
190093,19,2024-03-01,Apartment,14,630.47,192642.44,Sold,C0855,305.5536980347994
190099,19,2024-03-01,Apartment,14,630.47,168566.58,Sold,C1610,267.36653607626056
190114,19,2024-03-01,Apartment,16,1711.98,568399.09,Sold,C1883,332.0126929052909
190133,19,2024-03-01,Apartment,18,1599.44,510536.52,Sold,C0198,319.1970439653879
190183,19,2024-03-01,Apartment,22,935.25,303814.9,Sold,C1392,324.848863940123
190187,19,2024-03-01,Apartment,22,935.25,274056.55,Available,,293.03025928896017
190191,19,2024-03-01,Apartment,23,1592.45,487133.91,Available,,305.9021696128607
190202,19,2024-03-01,Apartment,25,996.38,305776.06,Sold,C1720,306.88699090708366
190207,19,2024-03-01,Apartment,25,996.38,334332.79,Sold,C1482,335.5474718480901
190247,19,2024-03-01,Apartment,29,1657.84,461132.73,Sold,C1369,278.15273488394536
190294,19,2024-03-01,Apartment,35,1099.62,299960.88,Sold,C1295,272.7859442352813
190308,19,2024-03-01,Apartment,37,1565.26,481455.34,Sold,C1016,307.5880939907747
190316,19,2024-03-01,Apartment,38,1106.86,352268.42,Sold,C1903,318.2592378439911
190336,19,2024-03-01,Apartment,40,893.49,293177.61,Available,,328.1263472450727
190349,19,2024-03-01,Apartment,41,1657.19,432957.19,Sold,C0072,261.25983743565916
190360,19,2024-03-01,Apartment,42,1137.59,318648.6,Sold,C1723,280.10847493385137
190387,19,2024-03-01,Apartment,44,982.8,292985.74,Sold,C0793,298.11328856328856
200003,20,2024-03-01,Apartment,1,1898.39,476858.88,Available,,251.19120939322266
200008,20,2024-03-01,Apartment,1,1898.39,535687.32,Sold,C0924,282.1798049926516
200055,20,2024-03-01,Apartment,6,1401.0,363033.03,Sold,C0191,259.1242184154176
200060,20,2024-03-01,Apartment,7,1757.4,531964.0,Available,,302.6994423580289
200095,20,2024-03-01,Apartment,13,1587.57,388883.52,Available,,244.95519567641114
200115,20,2024-03-01,Apartment,16,645.44,194146.19,Sold,C1480,300.79665034705005
200121,20,2024-03-01,Apartment,16,645.44,175483.91,Sold,C0998,271.8826072136837
200150,20,2024-03-01,Apartment,18,1868.01,521163.23,Sold,C1061,278.99381159629763
200152,20,2024-03-01,Apartment,18,1868.01,549203.19,Sold,C0297,294.00441646457995
200177,20,2024-03-01,Apartment,19,759.72,205910.43,Sold,C1822,271.0346311799084
200180,20,2024-03-01,Apartment,19,759.72,230825.85,Sold,C0306,303.8301611119886
200230,20,2024-03-01,Apartment,29,1844.16,524713.99,Sold,C1781,284.52736747353805
200250,20,2024-03-01,Apartment,30,1703.94,556645.52,Available,,326.6814089697994
200261,20,2024-03-01,Apartment,30,1703.94,489773.72,Sold,C0092,287.43601300515274
200265,20,2024-03-01,Apartment,30,1703.94,559367.69,Sold,C0488,328.2789828280338
200277,20,2024-03-01,Apartment,31,1414.44,422082.56,Available,,298.4096603602839
200284,20,2024-03-01,Apartment,32,1630.81,488058.16,Sold,C1658,299.27346533317797
200300,20,2024-03-01,Apartment,33,630.53,180667.53,Sold,C1802,286.53280573485796
200306,20,2024-03-01,Apartment,33,630.53,227379.46,Sold,C0216,360.6164020744453
200334,20,2024-03-01,Office,37,632.35,193209.9,Sold,C0147,305.54265833794574
200336,20,2024-03-01,Office,37,632.35,192543.44,Available,,304.4887166917055
200338,20,2024-03-01,Apartment,37,632.35,173375.36,Sold,C0949,274.17626314540996
200355,20,2024-03-01,Apartment,38,1499.47,369423.51,Sold,C0476,246.36939051798302
200360,20,2024-03-01,Apartment,39,1106.36,347422.89,Sold,C1099,314.0233649083481
200372,20,2024-03-01,Apartment,40,428.03,128695.37,Sold,C0517,300.66904188958716
200439,20,2024-03-01,Office,49,880.76,273129.18,Available,,310.10624914846267
200493,20,2024-03-01,Apartment,57,445.15,131159.48,Sold,C0503,294.6410872739526
990005,1,2024-03-01,Apartment,42,618.38,163162.88,Available,,263.85536401565383
990006,1,2024-03-01,Apartment,47,1479.72,401302.82,Available,,271.20186251452975
1003,1,2024-04-01,Office,3,717.05,193660.62,Sold,C0041,270.0796597168956
1029,1,2024-04-01,Apartment,29,756.21,246331.9,Sold,C0153,325.7453617381415
1037,1,2024-04-01,Apartment,37,756.21,189194.31,Sold,C0005,250.18752727416987
2025,2,2024-04-01,Apartment,25,927.83,315733.15,Sold,C0039,340.2920254788054
2030,2,2024-04-01,Apartment,30,723.83,214341.34,Sold,C0147,296.1211057845074
3004,3,2024-04-01,Apartment,4,781.07,210038.7,Sold,C0083,268.91149320803515
3012,3,2024-04-01,Apartment,12,781.07,210824.06,Sold,C0021,269.91698567349914
3021,3,2024-04-01,Apartment,21,781.07,225290.22,Sold,C0140,288.43793770084625
3023,3,2024-04-01,Apartment,23,720.81,198591.85,Sold,C0090,275.5120628182184
3034,3,2024-04-01,Apartment,34,781.07,256821.64,Sold,C0066,328.8074564379633
4010,4,2024-04-01,Apartment,10,794.52,223917.34,Sold,C0004,281.8271912601319
4014,4,2024-04-01,Apartment,14,1611.85,482404.31,Available,,299.2861060272358
4033,4,2024-04-01,Apartment,33,789.25,228872.91,Available,,289.9878492239468
4036,4,2024-04-01,Apartment,36,1111.72,322952.56,Available,,290.4981110351527
5025,5,2024-04-01,Apartment,25,618.16,165430.28,Sold,C0110,267.6172511971011
10025,1,2024-04-01,Apartment,3,788.73,189429.24,Available,,240.16994408733024
10076,1,2024-04-01,Apartment,10,1439.52,461793.87,Sold,C0680,320.7971198732911
10101,1,2024-04-01,Apartment,13,719.47,204852.13,Available,,284.7264375165052
10120,1,2024-04-01,Apartment,15,765.0,236590.31,Sold,C1733,309.2683790849673
10157,1,2024-04-01,Apartment,20,1146.24,325612.79,Sold,C1101,284.0703430346175
10164,1,2024-04-01,Apartment,20,1146.24,362045.2,Sold,C1391,315.85462032384146
10170,1,2024-04-01,Apartment,21,1957.16,590672.73,Sold,C0959,301.8009411596395
10249,1,2024-04-01,Apartment,29,757.2,210864.95,Sold,C0027,278.47986001056523
10255,1,2024-04-01,Apartment,29,757.2,233505.91,Sold,C0636,308.3807580559958
10281,1,2024-04-01,Office,30,753.29,210189.54,Sold,C1974,279.02871404107316
10301,1,2024-04-01,Apartment,31,619.78,189688.17,Available,,306.05726225434836
10313,1,2024-04-01,Apartment,34,1469.14,493329.54,Sold,C0731,335.7947778972732
10394,1,2024-04-01,Apartment,46,1153.16,302222.25,Sold,C0923,262.0818013111797
10400,1,2024-04-01,Apartment,46,1153.16,352499.47,Sold,C1408,305.6813191577925
10411,1,2024-04-01,Apartment,47,771.08,217942.69,Sold,C1724,282.64601597758985
10416,1,2024-04-01,Office,48,1170.93,380237.27,Available,,324.7310001451837
20033,2,2024-04-01,Apartment,4,1281.85,394185.4,Sold,C1838,307.5128915239693
20071,2,2024-04-01,Office,8,715.54,240536.23,Sold,C0782,336.16042429493814
20081,2,2024-04-01,Apartment,10,788.79,251366.93,Sold,C0856,318.6740830892887
20101,2,2024-04-01,Apartment,11,1625.05,524458.83,Sold,C1239,322.73396510876586
20127,2,2024-04-01,Apartment,15,1603.33,522425.92,Sold,C0951,325.8380495593546
20158,2,2024-04-01,Apartment,18,784.76,203161.94,Sold,C0803,258.88416840817575
20162,2,2024-04-01,Apartment,19,795.52,228644.73,Sold,C0940,287.41543895816574
20166,2,2024-04-01,Apartment,19,795.52,258950.34,Sold,C0911,325.5107853982301
20198,2,2024-04-01,Apartment,22,653.41,188370.61,Sold,C1736,288.2885324681287
20200,2,2024-04-01,Apartment,22,653.41,212072.03,Sold,C1042,324.5619595659693
20206,2,2024-04-01,Apartment,24,785.12,245459.25,Sold,C0972,312.63915070307723
20208,2,2024-04-01,Apartment,24,785.12,241198.49,Sold,C0865,307.2122605461585
20224,2,2024-04-01,Apartment,25,943.48,279718.78,Sold,C0837,296.4755797685166
20258,2,2024-04-01,Office,30,786.4,222192.46,Available,,282.5438199389624
20264,2,2024-04-01,Office,31,629.92,207895.14,Sold,C1787,330.03419481838966
20271,2,2024-04-01,Apartment,32,925.63,252053.93,Available,,272.3052731653036
20287,2,2024-04-01,Apartment,33,931.4,316411.41,Sold,C1779,339.7159222675542
20366,2,2024-04-01,Apartment,43,1118.94,297309.76,Sold,C1010,265.70661518937567
20383,2,2024-04-01,Apartment,46,697.74,220293.24,Sold,C1393,315.72396594720095
20436,2,2024-04-01,Office,50,1604.8,469493.99,Available,,292.55607552342974
20441,2,2024-04-01,Apartment,51,699.31,211222.37,Sold,C1847,302.04397191517353
20453,2,2024-04-01,Apartment,53,781.27,229990.23,Available,,294.3799582730682
20459,2,2024-04-01,Office,54,924.4,264553.34,Sold,C0364,286.18924707918654
20462,2,2024-04-01,Apartment,55,579.26,174080.92,Sold,C0190,300.52294306529024
20467,2,2024-04-01,Apartment,55,579.26,132052.6,Available,,227.96775195939648
30002,3,2024-04-01,Office,1,689.75,244491.65,Available,,354.46415367886914
30015,3,2024-04-01,Apartment,1,689.75,177365.95,Sold,C1592,257.14527002537153
30035,3,2024-04-01,Apartment,4,719.96,218108.35,Sold,C0998,302.9450941718984
30046,3,2024-04-01,Apartment,5,701.19,247553.22,Sold,C1241,353.0472767723441
30075,3,2024-04-01,Apartment,7,744.01,239700.98,Sold,C0297,322.1744062579804
30082,3,2024-04-01,Office,7,744.01,233812.97,Available,,314.2605206919262
30097,3,2024-04-01,Office,9,1125.84,384498.05,Available,,341.52104206636824
30112,3,2024-04-01,Apartment,10,784.09,250990.12,Available,,320.10371258401454
30140,3,2024-04-01,Apartment,14,788.59,235179.49,Sold,C1641,298.2278370255773
30165,3,2024-04-01,Apartment,19,1602.22,575135.54,Sold,C0387,358.96165320617644
30170,3,2024-04-01,Apartment,19,1602.22,501931.91,Sold,C1334,313.27277777084294
30185,3,2024-04-01,Apartment,20,802.97,218307.77,Sold,C0092,271.8753751696825
30262,3,2024-04-01,Office,29,666.0,191819.72,Available,,288.0175975975976
30280,3,2024-04-01,Apartment,32,777.85,193289.05,Available,,248.4914186539821
30290,3,2024-04-01,Apartment,35,925.48,235978.85,Sold,C0727,254.9799563469767
30297,3,2024-04-01,Apartment,36,733.45,221262.61,Sold,C0721,301.6737473583748
30320,3,2024-04-01,Office,39,1598.95,494106.29,Sold,C0109,309.0192251164827
30333,3,2024-04-01,Apartment,41,965.5,297389.79,Sold,C0637,308.01635422061105
30338,3,2024-04-01,Apartment,41,965.5,294093.07,Available,,304.6018332470223
30421,3,2024-04-01,Apartment,49,1174.48,349911.85,Available,,297.92916865336144
30424,3,2024-04-01,Apartment,49,1174.48,406133.89,Sold,C0197,345.798898235815
30448,3,2024-04-01,Apartment,52,1361.9,438067.15,Sold,C0512,321.6588222336442
30456,3,2024-04-01,Apartment,54,787.64,280404.22,Sold,C0385,356.00556091615454
30466,3,2024-04-01,Office,56,1179.42,355876.81,Sold,C1516,301.73882925505757
30494,3,2024-04-01,Apartment,58,1588.14,470318.22,Sold,C1947,296.1440553099852
30497,3,2024-04-01,Apartment,58,1588.14,503883.42,Available,,317.27896784918204
30503,3,2024-04-01,Apartment,58,1588.14,527792.52,Sold,C0491,332.3337489138237
40006,4,2024-04-01,Apartment,1,1615.98,420547.0,Available,,260.2427010235275
40029,4,2024-04-01,Apartment,3,1630.82,409260.76,Sold,C1191,250.95397407439205
40032,4,2024-04-01,Apartment,3,1630.82,437490.2,Sold,C0743,268.26394083957763
40071,4,2024-04-01,Apartment,7,786.36,221476.9,Sold,C0380,281.6482272750394
40095,4,2024-04-01,Apartment,12,789.38,225288.47,Available,,285.3992627125086
40113,4,2024-04-01,Office,14,1322.66,402065.13,Sold,C1346,303.98222521282867
40130,4,2024-04-01,Apartment,15,760.39,223972.29,Sold,C0116,294.5492313155092
40147,4,2024-04-01,Apartment,18,1294.91,398132.74,Available,,307.4597771273679
40150,4,2024-04-01,Apartment,18,1294.91,410633.67,Available,,317.1136758539203
40165,4,2024-04-01,Apartment,20,1609.62,508674.04,Sold,C1637,316.0211975497322
40167,4,2024-04-01,Apartment,21,801.66,222533.72,Available,,277.5911483671382
40174,4,2024-04-01,Office,21,801.66,188091.56,Available,,234.62759773470052
40200,4,2024-04-01,Office,25,1310.16,383474.01,Available,,292.6925032057153
40212,4,2024-04-01,Apartment,26,790.05,198798.52,Sold,C0551,251.62777039427885
40274,4,2024-04-01,Apartment,32,1328.09,374897.07,Available,,282.2828799253063
40308,4,2024-04-01,Apartment,37,800.13,202671.27,Sold,C1329,253.2979265869296
40317,4,2024-04-01,Apartment,39,743.73,221683.93,Available,,298.0704422303793
40348,4,2024-04-01,Apartment,42,738.34,212626.79,Sold,C0626,287.9795080857058
40357,4,2024-04-01,Apartment,43,1616.99,502283.18,Sold,C1965,310.6285011039029
40375,4,2024-04-01,Apartment,45,1160.48,353716.12,Sold,C1315,304.80156486970907
40393,4,2024-04-01,Apartment,45,1160.48,325916.69,Sold,C1545,280.84645146835794
40433,4,2024-04-01,Apartment,50,791.37,212987.49,Sold,C0092,269.1376852799575
50011,5,2024-04-01,Apartment,3,1008.42,274700.0,Sold,C0640,272.40633862874597
50020,5,2024-04-01,Apartment,4,799.1,240782.75,Sold,C1335,301.3174195970467
50126,5,2024-04-01,Apartment,16,1060.08,351963.25,Sold,C0821,332.0157440947853
50128,5,2024-04-01,Apartment,16,1060.08,314004.62,Sold,C0867,296.2084182325862
50136,5,2024-04-01,Apartment,18,1267.03,388279.66,Available,,306.4486713021791
50152,5,2024-04-01,Apartment,20,804.84,236529.85,Available,,293.88431240991997
50155,5,2024-04-01,Apartment,21,1253.3,354747.82,Sold,C1441,283.0510013564191
50156,5,2024-04-01,Apartment,21,1253.3,413945.61,Sold,C0430,330.28453682278786
50198,5,2024-04-01,Apartment,26,1272.4,419673.85,Available,,329.8285523420308
50254,5,2024-04-01,Apartment,33,1787.13,526484.43,Available,,294.5977237246311
50255,5,2024-04-01,Apartment,33,1787.13,534650.14,Sold,C1240,299.1668988825659
50309,5,2024-04-01,Apartment,41,630.83,187580.54,Sold,C1158,297.3551352979408
50321,5,2024-04-01,Apartment,42,791.2,284304.85,Sold,C1882,359.3337335692618
50331,5,2024-04-01,Apartment,42,791.2,199373.42,Sold,C1803,251.98865015166837
50347,5,2024-04-01,Apartment,44,806.03,214508.42,Sold,C1753,266.12957334094267
50348,5,2024-04-01,Apartment,44,806.03,236709.69,Available,,293.6735481309629
50362,5,2024-04-01,Apartment,44,806.03,221300.8,Sold,C1892,274.5565301539645
50367,5,2024-04-01,Apartment,45,608.89,190247.1,Sold,C0231,312.44904662582735
50421,5,2024-04-01,Apartment,48,788.04,187890.53,Available,,238.42765595655044
50448,5,2024-04-01,Apartment,52,1755.18,499350.78,Sold,C1056,284.5011793662189
60057,6,2024-04-01,Apartment,5,1617.43,484144.21,Sold,C1769,299.3293125513933
60114,6,2024-04-01,Apartment,10,942.08,274210.46,Sold,C1421,291.06918733016306
60130,6,2024-04-01,Apartment,10,942.08,288826.04,Sold,C0618,306.583347486413
60143,6,2024-04-01,Apartment,12,1678.17,524014.23,Available,,312.2533652728865
60167,6,2024-04-01,Apartment,14,1890.0,664163.23,Available,,351.4091164021164
60191,6,2024-04-01,Apartment,19,1542.71,404151.5,Sold,C1203,261.975030952026
60246,6,2024-04-01,Apartment,25,1086.43,286554.21,Sold,C0683,263.75763739955636
60265,6,2024-04-01,Apartment,28,1723.12,455284.06,Sold,C1081,264.22075073123176
60283,6,2024-04-01,Apartment,31,1768.9,634487.77,Sold,C1596,358.6905817174515
60287,6,2024-04-01,Apartment,31,1768.9,472632.83,Available,,267.19024817683305
60303,6,2024-04-01,Apartment,33,1131.0,298567.95,Sold,C1601,263.98580901856764
60316,6,2024-04-01,Apartment,34,1353.81,371216.81,Sold,C0355,274.20155708703584
60325,6,2024-04-01,Office,36,463.91,136874.58,Available,,295.0455476277726
60329,6,2024-04-01,Apartment,37,1721.96,486688.21,Sold,C1019,282.63618783247
60347,6,2024-04-01,Apartment,39,744.54,176852.97,Sold,C0143,237.53320170843745
60361,6,2024-04-01,Apartment,41,940.72,249552.12,Available,,265.277787226805
60364,6,2024-04-01,Apartment,41,940.72,300750.03,Sold,C1630,319.7019623267285
60404,6,2024-04-01,Apartment,48,1521.71,421254.04,Sold,C1265,276.829382733898
60406,6,2024-04-01,Apartment,49,1167.52,323753.1,Available,,277.2998321227902
60419,6,2024-04-01,Apartment,51,1476.63,468946.28,Available,,317.5787299458903
60435,6,2024-04-01,Apartment,51,1476.63,488968.82,Sold,C0176,331.1383488077582
60452,6,2024-04-01,Apartment,53,1170.96,414855.4,Sold,C0396,354.28656828585093
60454,6,2024-04-01,Apartment,53,1170.96,324077.45,Sold,C1731,276.76218658194983
70007,7,2024-04-01,Apartment,2,1478.43,444913.24,Sold,C1897,300.93629052440764
70020,7,2024-04-01,Office,4,1309.78,344296.22,Available,,262.8656873673441
70037,7,2024-04-01,Office,6,1232.31,396712.69,Sold,C0398,321.9260494518425
70043,7,2024-04-01,Office,7,1071.02,313618.17,Sold,C0394,292.8219547720864
70055,7,2024-04-01,Apartment,9,926.11,280803.92,Sold,C0335,303.2079558583753
70060,7,2024-04-01,Apartment,9,926.11,267786.7,Available,,289.15215255207266
70063,7,2024-04-01,Apartment,10,1495.37,460690.42,Sold,C0254,308.0778803908063
70117,7,2024-04-01,Apartment,15,602.92,201530.37,Sold,C0104,334.25723147349566
70135,7,2024-04-01,Apartment,16,1239.87,305375.05,Sold,C1391,246.29602297015012
70136,7,2024-04-01,Apartment,16,1239.87,358673.87,Sold,C0567,289.28344907127365
70144,7,2024-04-01,Apartment,17,1586.15,551658.47,Sold,C1674,347.7971629417142
70158,7,2024-04-01,Apartment,19,751.07,223785.43,Sold,C0608,297.9554901673612
70161,7,2024-04-01,Apartment,19,751.07,224382.59,Available,,298.7505691879585
70187,7,2024-04-01,Apartment,21,1528.62,498875.48,Sold,C1460,326.3567662335963
70196,7,2024-04-01,Office,22,1914.21,610973.17,Sold,C0696,319.17771299909623
70207,7,2024-04-01,Apartment,23,1222.69,379938.8,Sold,C0707,310.7400894748464
70227,7,2024-04-01,Apartment,25,573.8,138490.04,Sold,C1266,241.35594283722554
70242,7,2024-04-01,Apartment,27,768.05,211931.46,Available,,275.9344573920969
70248,7,2024-04-01,Apartment,28,694.55,155369.51,Sold,C1333,223.69809228997195
70250,7,2024-04-01,Apartment,28,694.55,199045.18,Available,,286.58149881218054
70258,7,2024-04-01,Apartment,28,694.55,199191.81,Sold,C0242,286.79261392268376
70261,7,2024-04-01,Apartment,29,441.65,131583.82,Sold,C1974,297.9368730895506
70271,7,2024-04-01,Apartment,31,839.7,271388.77,Available,,323.19729665356675
70333,7,2024-04-01,Apartment,39,1298.32,442394.76,Sold,C1671,340.7440076406433
70334,7,2024-04-01,Apartment,39,1298.32,385882.05,Sold,C1898,297.21644124715016
70352,7,2024-04-01,Apartment,41,1093.92,364226.86,Available,,332.955664033933
70355,7,2024-04-01,Apartment,41,1093.92,281147.2,Sold,C0825,257.0089220418312
70356,7,2024-04-01,Apartment,41,1093.92,379238.43,Sold,C1784,346.6783951294427
70373,7,2024-04-01,Apartment,43,498.61,149833.02,Sold,C0923,300.50143398648237
70379,7,2024-04-01,Apartment,43,498.61,154582.17,Sold,C1706,310.02621287178357
70394,7,2024-04-01,Office,45,1150.93,342279.05,Available,,297.3934557271076
70406,7,2024-04-01,Apartment,48,533.35,153688.18,Sold,C1190,288.1563326146058
70431,7,2024-04-01,Apartment,50,502.02,149925.94,Sold,C1670,298.64535277478984
70448,7,2024-04-01,Apartment,53,884.87,278252.51,Sold,C0267,314.4558070677049
70453,7,2024-04-01,Apartment,54,1940.69,553424.9,Available,,285.16914087257624
70465,7,2024-04-01,Apartment,54,1940.69,647952.49,Available,,333.8773786642895
70503,7,2024-04-01,Apartment,58,1629.83,476397.0,Sold,C1451,292.29858328782757
70506,7,2024-04-01,Apartment,58,1629.83,486893.64,Sold,C0253,298.7389114202095
70512,7,2024-04-01,Apartment,59,765.3,227054.61,Sold,C0494,296.6870638965112
80002,8,2024-04-01,Office,1,1109.29,346488.23,Available,,312.3513508640662
80003,8,2024-04-01,Apartment,1,1109.29,351694.47,Sold,C0593,317.0446591964229
80011,8,2024-04-01,Apartment,2,1097.36,299663.63,Sold,C0990,273.07686629729534
80029,8,2024-04-01,Apartment,4,1934.75,614698.11,Sold,C0319,317.7144902442176
80040,8,2024-04-01,Apartment,5,887.23,275377.06,Sold,C0840,310.378436256664
80044,8,2024-04-01,Apartment,5,887.23,221714.59,Sold,C0193,249.89528081782626
80080,8,2024-04-01,Office,9,1869.81,610377.15,Sold,C1482,326.4380605516069
80084,8,2024-04-01,Apartment,9,1869.81,578906.36,Sold,C0972,309.6070509837898
80132,8,2024-04-01,Apartment,16,424.09,131603.98,Sold,C0469,310.3208752859063
80146,8,2024-04-01,Apartment,17,1109.27,349029.42,Sold,C0791,314.6478494865993
80163,8,2024-04-01,Apartment,21,1501.64,441301.66,Available,,293.8797980874244
80198,8,2024-04-01,Apartment,27,1376.34,406150.37,Sold,C1144,295.0945042649345
80223,8,2024-04-01,Office,29,1848.51,511233.23,Sold,C0649,276.5650334593808
80227,8,2024-04-01,Apartment,30,1070.46,306041.99,Sold,C1218,285.89764213515684
80231,8,2024-04-01,Apartment,30,1070.46,235501.2,Available,,220.0
80249,8,2024-04-01,Apartment,31,1253.18,275699.6,Available,,219.99999999999997
80258,8,2024-04-01,Apartment,31,1253.18,399164.03,Sold,C1723,318.52090681306754
80262,8,2024-04-01,Office,32,1410.88,346676.36,Sold,C0605,245.7164039464731
80265,8,2024-04-01,Office,32,1410.88,515392.69,Sold,C1020,365.29874262871397
80279,8,2024-04-01,Office,33,1809.87,538355.66,Sold,C1457,297.4554305005332
80280,8,2024-04-01,Office,33,1809.87,489875.78,Sold,C0338,270.6690425279164
80356,8,2024-04-01,Apartment,42,1473.68,442814.98,Sold,C1531,300.4824520927202
80365,8,2024-04-01,Apartment,43,1490.59,436987.95,Sold,C0026,293.16441811631637
80371,8,2024-04-01,Apartment,44,1862.29,627189.08,Sold,C0364,336.78378770223753
80373,8,2024-04-01,Apartment,45,1185.72,380522.29,Sold,C1154,320.9208666464258
80393,8,2024-04-01,Apartment,46,1175.51,258612.2,Available,,220.0
80399,8,2024-04-01,Apartment,46,1175.51,342972.27,Sold,C0648,291.76465534108604
80478,8,2024-04-01,Apartment,56,1874.7,559192.3,Available,,298.2836187123273
80480,8,2024-04-01,Apartment,56,1874.7,573384.23,Sold,C0871,305.8538592841521
80494,8,2024-04-01,Apartment,57,1949.35,640625.73,Sold,C1958,328.6355605714725
90020,9,2024-04-01,Apartment,4,1139.87,274381.78,Sold,C1011,240.71322168317445
90052,9,2024-04-01,Apartment,9,1391.22,462260.49,Available,,332.2698710484323
90127,9,2024-04-01,Apartment,19,1866.15,556972.3,Sold,C0288,298.46062749511026
90140,9,2024-04-01,Apartment,21,1261.65,396212.06,Available,,314.0427693892918
90147,9,2024-04-01,Office,22,1115.88,340207.59,Sold,C0781,304.87829336487795
90158,9,2024-04-01,Apartment,25,1904.38,525171.0,Sold,C0406,275.7700668984131
90177,9,2024-04-01,Office,26,1038.39,320835.08,Available,,308.9735841061643
90188,9,2024-04-01,Office,28,1931.82,654058.01,Available,,338.57088652151856
90229,9,2024-04-01,Office,33,973.52,272266.08,Sold,C1957,279.671788971978
90230,9,2024-04-01,Apartment,33,973.52,280634.41,Sold,C1750,288.2677397485414
90254,9,2024-04-01,Apartment,34,1577.36,430669.69,Sold,C0852,273.0319584622407
90265,9,2024-04-01,Apartment,34,1577.36,439028.9,Available,,278.33145255363394
90312,9,2024-04-01,Office,38,1260.31,362582.49,Sold,C0677,287.6930993168348
90317,9,2024-04-01,Apartment,38,1260.31,385383.39,Sold,C1644,305.78460061413466
90326,9,2024-04-01,Apartment,39,1839.34,609191.54,Available,,331.20115911142045
90338,9,2024-04-01,Apartment,40,1090.32,303695.54,Sold,C0210,278.5379888473109
90386,9,2024-04-01,Apartment,46,662.32,181906.01,Sold,C1516,274.64973124773525
90408,9,2024-04-01,Apartment,52,1126.02,311089.65,Sold,C0308,276.27364522832636
90419,9,2024-04-01,Apartment,53,599.72,191147.09,Sold,C1788,318.7272227039285
90499,9,2024-04-01,Apartment,58,838.34,221521.62,Available,,264.2383996946346
90514,9,2024-04-01,Apartment,59,1697.13,516408.12,Sold,C1150,304.28318396351483
100010,10,2024-04-01,Office,3,1197.61,384227.84,Sold,C1346,320.8288507944991
100013,10,2024-04-01,Apartment,3,1197.61,379579.45,Available,,316.9474620285402
100030,10,2024-04-01,Apartment,4,1765.37,516625.88,Sold,C0116,292.6445334405819
100039,10,2024-04-01,Apartment,5,1741.96,523772.88,Sold,C0787,300.6801993157133
100052,10,2024-04-01,Apartment,5,1741.96,545645.2,Sold,C0030,313.2363544513077
100057,10,2024-04-01,Apartment,6,842.66,265328.29,Available,,314.8699238126884
100068,10,2024-04-01,Office,9,1849.4,473924.67,Available,,256.2586081972531
100114,10,2024-04-01,Apartment,15,1948.32,582247.45,Available,,298.84590313706167
100123,10,2024-04-01,Apartment,16,1169.15,368589.72,Sold,C0053,315.2629859299491
100133,10,2024-04-01,Office,17,647.35,217055.88,Available,,335.29911176334286
100175,10,2024-04-01,Apartment,23,912.32,278456.63,Sold,C1680,305.2181581024202
100176,10,2024-04-01,Apartment,23,912.32,283901.3,Sold,C0046,311.1860969835145
100210,10,2024-04-01,Apartment,26,1294.85,325892.41,Available,,251.68352318801405
100246,10,2024-04-01,Office,30,1559.4,535562.09,Available,,343.44112479158645
100249,10,2024-04-01,Office,30,1559.4,468935.42,Sold,C1965,300.7152879312556
100298,10,2024-04-01,Office,35,1675.74,579919.91,Sold,C1909,346.06795206893673
100309,10,2024-04-01,Office,37,1177.85,437137.05,Sold,C0092,371.1313410026744
100323,10,2024-04-01,Apartment,38,476.64,119975.43,Available,,251.7107880161128
100326,10,2024-04-01,Apartment,39,1188.51,361601.95,Sold,C1347,304.24813421847523
100332,10,2024-04-01,Apartment,39,1188.51,415564.76,Sold,C0810,349.6518834507072
100333,10,2024-04-01,Office,39,1188.51,311647.12,Sold,C0169,262.21665783207544
100334,10,2024-04-01,Apartment,39,1188.51,431549.73,Sold,C0157,363.1014715904788
100352,10,2024-04-01,Apartment,42,1757.51,550619.53,Available,,313.2952472532162
100365,10,2024-04-01,Apartment,43,1093.67,290620.22,Available,,265.72935163257654
100370,10,2024-04-01,Apartment,43,1093.67,296758.78,Sold,C1384,271.34215988369436
100371,10,2024-04-01,Office,43,1093.67,379557.46,Sold,C1849,347.0493476094251
100377,10,2024-04-01,Office,44,1224.71,354725.86,Sold,C1912,289.6406986143658
100426,10,2024-04-01,Apartment,50,1138.32,380233.97,Sold,C1677,334.03082612973503
110005,11,2024-04-01,Apartment,1,1902.88,563216.05,Sold,C0804,295.98085533507106
110008,11,2024-04-01,Apartment,1,1902.88,619032.93,Sold,C0809,325.3136981838056
110019,11,2024-04-01,Apartment,3,1479.84,490074.4,Available,,331.167153205752
110043,11,2024-04-01,Apartment,5,1723.2,474018.4,Sold,C0507,275.0803156917363
110081,11,2024-04-01,Apartment,10,1519.64,570302.17,Sold,C1002,375.2876799768366
110086,11,2024-04-01,Apartment,10,1519.64,398549.19,Sold,C1478,262.2655299939459
110152,11,2024-04-01,Apartment,15,1385.68,467662.76,Sold,C0362,337.49694013047747
110213,11,2024-04-01,Apartment,25,1802.24,563932.05,Sold,C0352,312.90618896484375
110216,11,2024-04-01,Apartment,26,490.37,127535.46,Available,,260.08006199400455
110227,11,2024-04-01,Apartment,27,1638.1,533052.17,Sold,C0750,325.40880898602046
110271,11,2024-04-01,Apartment,32,1285.87,335848.08,Sold,C0033,261.18354110446626
110292,11,2024-04-01,Apartment,36,1752.38,556269.12,Sold,C1229,317.43635512845384
110295,11,2024-04-01,Apartment,36,1752.38,484226.87,Sold,C1135,276.3252662093838
110298,11,2024-04-01,Apartment,36,1752.38,493489.81,Sold,C0395,281.61118592999236
110300,11,2024-04-01,Apartment,37,1368.16,398828.22,Available,,291.5070021050169
110308,11,2024-04-01,Apartment,38,788.47,243478.99,Available,,308.7993075196266
110316,11,2024-04-01,Apartment,38,788.47,205406.56,Sold,C1439,260.5128413256053
110322,11,2024-04-01,Apartment,38,788.47,251730.82,Sold,C0279,319.2649308153766
110337,11,2024-04-01,Apartment,42,808.59,214864.23,Sold,C1842,265.72704337179533
110348,11,2024-04-01,Apartment,42,808.59,250716.18,Sold,C1416,310.0658924795013
110423,11,2024-04-01,Apartment,50,948.72,235489.44,Sold,C1777,248.2180622312168
110429,11,2024-04-01,Apartment,51,1318.98,348008.75,Sold,C0719,263.8468740996831
110435,11,2024-04-01,Apartment,52,1397.58,387772.79,Sold,C0975,277.4601740150832
110450,11,2024-04-01,Office,52,1397.58,431012.78,Sold,C0704,308.3993617538889
110451,11,2024-04-01,Office,52,1397.58,488040.25,Sold,C1589,349.20380228681006
110459,11,2024-04-01,Apartment,53,1069.19,273648.12,Available,,255.939655253042
110489,11,2024-04-01,Apartment,57,1008.58,326858.35,Sold,C0215,324.077762795217
110499,11,2024-04-01,Apartment,59,782.92,240569.01,Sold,C1858,307.2715092218873
110516,11,2024-04-01,Apartment,61,1299.46,356283.42,Available,,274.1780585781786
110548,11,2024-04-01,Apartment,64,1916.26,622467.75,Available,,324.83470405894815
110549,11,2024-04-01,Apartment,64,1916.26,606614.22,Sold,C0714,316.56154175320677
110553,11,2024-04-01,Apartment,64,1916.26,548573.88,Sold,C0447,286.27319883523114
110556,11,2024-04-01,Apartment,65,1427.09,419700.56,Available,,294.0953688975468
120018,12,2024-04-01,Apartment,2,1285.87,344289.15,Sold,C0526,267.74802273946824
120070,12,2024-04-01,Apartment,8,1803.36,551021.09,Available,,305.55246317984205
120115,12,2024-04-01,Apartment,14,1369.96,369810.4,Sold,C1506,269.9424800724109
120126,12,2024-04-01,Apartment,15,1456.98,419994.84,Sold,C0599,288.2639706790759
120143,12,2024-04-01,Apartment,16,1523.02,535623.53,Sold,C0901,351.68515843521425
120155,12,2024-04-01,Apartment,17,1428.55,462687.49,Available,,323.88610129151937
120191,12,2024-04-01,Apartment,22,892.67,287870.29,Sold,C0111,322.4823170936628
120194,12,2024-04-01,Apartment,22,892.67,302299.24,Available,,338.6461290286444
120196,12,2024-04-01,Apartment,22,892.67,275571.27,Available,,308.70452686883175
120238,12,2024-04-01,Apartment,25,1540.51,508725.94,Sold,C0843,330.2321568831101
120264,12,2024-04-01,Apartment,28,1563.65,494567.75,Sold,C0479,316.29057014037664
120280,12,2024-04-01,Apartment,30,622.2,198851.29,Sold,C0195,319.59384442301507
120291,12,2024-04-01,Apartment,33,1232.2,356644.67,Sold,C1597,289.437323486447
120297,12,2024-04-01,Office,33,1232.2,403361.09,Sold,C0896,327.35034085375753
120323,12,2024-04-01,Apartment,35,1690.62,478604.48,Sold,C0185,283.0940601672759
120337,12,2024-04-01,Apartment,37,1681.78,540633.13,Sold,C0628,321.46483487733235
120357,12,2024-04-01,Apartment,38,1157.23,339572.46,Sold,C1170,293.4355832462
120376,12,2024-04-01,Office,40,1562.24,510060.4,Sold,C0104,326.4929844326096
120382,12,2024-04-01,Apartment,42,596.21,186738.87,Sold,C0102,313.2098924875463
120387,12,2024-04-01,Apartment,44,635.36,192057.65,Sold,C0603,302.2816198690506
120411,12,2024-04-01,Apartment,47,1528.05,410486.46,Sold,C0200,268.6341808186905
130011,13,2024-04-01,Apartment,1,1899.92,501892.72,Sold,C0516,264.1651859025643
130047,13,2024-04-01,Apartment,4,1629.74,527379.3,Available,,323.597199553303
130070,13,2024-04-01,Office,8,1449.43,474592.55,Sold,C0445,327.4339223004905
130083,13,2024-04-01,Apartment,10,1314.38,477256.95,Sold,C0455,363.10423926109644
130096,13,2024-04-01,Apartment,11,1678.3,453899.37,Sold,C0330,270.45186796162784
130124,13,2024-04-01,Apartment,15,458.29,109548.52,Sold,C0611,239.03755264134062
130150,13,2024-04-01,Apartment,17,1278.95,412844.86,Sold,C1247,322.7998436217209
130165,13,2024-04-01,Apartment,19,758.69,216204.88,Available,,284.9713058034243
130178,13,2024-04-01,Apartment,20,516.72,136142.93,Available,,263.4752477163647
130223,13,2024-04-01,Apartment,25,633.86,179447.57,Sold,C0198,283.1028460543338
130237,13,2024-04-01,Apartment,28,1173.72,356486.11,Available,,303.7232985720615
130250,13,2024-04-01,Apartment,29,568.7,175980.46,Sold,C0623,309.44339722173373
130257,13,2024-04-01,Apartment,30,1777.51,431607.94,Sold,C0667,242.81604041608767
130275,13,2024-04-01,Apartment,32,1114.07,342505.69,Sold,C1110,307.43641781934707
130304,13,2024-04-01,Office,33,1445.84,450616.46,Available,,311.6641260443756
130331,13,2024-04-01,Apartment,37,1555.67,442624.97,Sold,C1739,284.5236907570371
130339,13,2024-04-01,Office,38,656.42,198464.63,Available,,302.3439718472929
130352,13,2024-04-01,Apartment,39,1054.77,320895.67,Available,,304.23283749063773
130390,13,2024-04-01,Apartment,43,1875.83,601046.95,Sold,C0951,320.4165356135684
130393,13,2024-04-01,Apartment,43,1875.83,448684.49,Available,,239.19251211463725
130401,13,2024-04-01,Apartment,45,986.91,293100.75,Sold,C0902,296.98832720308843
130421,13,2024-04-01,Apartment,47,1874.35,519323.63,Sold,C0679,277.0686531330862
130426,13,2024-04-01,Apartment,47,1874.35,552935.09,Sold,C1495,295.00098167364683
130427,13,2024-04-01,Apartment,47,1874.35,603155.94,Sold,C0893,321.79472350414807
130433,13,2024-04-01,Apartment,47,1874.35,471507.8,Available,,251.55803345159657
130436,13,2024-04-01,Apartment,48,1728.84,454474.49,Sold,C1951,262.87828254783557
130441,13,2024-04-01,Apartment,49,572.01,139828.56,Sold,C1593,244.45125085225783
130459,13,2024-04-01,Apartment,53,968.77,320906.8,Sold,C0299,331.2517935113598
130468,13,2024-04-01,Apartment,53,968.77,354588.81,Available,,366.0196021759551
130473,13,2024-04-01,Apartment,53,968.77,289176.49,Sold,C0972,298.49860131919854
130475,13,2024-04-01,Apartment,54,1029.15,332090.73,Available,,322.68447748141665
130483,13,2024-04-01,Apartment,56,606.9,192486.8,Sold,C1330,317.163947932114
130495,13,2024-04-01,Apartment,57,1717.49,486561.68,Sold,C1924,283.2981152728691
130497,13,2024-04-01,Apartment,58,1115.72,319673.49,Available,,286.5176657225827
130530,13,2024-04-01,Office,60,1401.81,468196.39,Sold,C0067,333.9941860879863
130532,13,2024-04-01,Apartment,61,1333.63,406850.28,Sold,C0407,305.0698319623884
130562,13,2024-04-01,Apartment,65,612.66,169224.66,Sold,C0738,276.21300558221526
130584,13,2024-04-01,Apartment,67,524.97,169367.25,Sold,C0481,322.62272129835986
140015,14,2024-04-01,Apartment,4,1797.81,515152.93,Sold,C1987,286.54470160918004
140032,14,2024-04-01,Apartment,5,424.34,115887.11,Available,,273.09966064947923
140045,14,2024-04-01,Apartment,7,641.37,192436.66,Available,,300.04000810764455
140143,14,2024-04-01,Apartment,15,784.04,257066.62,Available,,327.8743686546605
140151,14,2024-04-01,Office,16,915.37,319620.31,Sold,C1773,349.17061953090007
140152,14,2024-04-01,Office,16,915.37,288465.73,Available,,315.1356609895452
140223,14,2024-04-01,Apartment,24,1205.25,345686.53,Sold,C1934,286.8172827214271
140336,14,2024-04-01,Apartment,40,532.44,151228.65,Sold,C1066,284.0294681090827
140354,14,2024-04-01,Apartment,43,520.49,146968.53,Sold,C0419,282.36571307806105
140355,14,2024-04-01,Apartment,43,520.49,167318.39,Sold,C1658,321.46321735287904
140362,14,2024-04-01,Apartment,43,520.49,144623.04,Sold,C0860,277.8594017176123
140432,14,2024-04-01,Apartment,51,1346.3,404594.57,Sold,C1166,300.5233380375845
140444,14,2024-04-01,Apartment,52,571.74,163741.56,Sold,C0818,286.3916465526288
150007,15,2024-04-01,Apartment,1,1596.51,527403.68,Sold,C1171,330.34787129426064
150019,15,2024-04-01,Apartment,2,1522.89,443338.93,Sold,C0144,291.11684363282967
150021,15,2024-04-01,Apartment,2,1522.89,463948.75,Sold,C0504,304.6502045453053
150023,15,2024-04-01,Apartment,3,748.99,232738.11,Available,,310.73593772947567
150045,15,2024-04-01,Apartment,7,1113.85,339062.68,Sold,C1096,304.4060510840778
150084,15,2024-04-01,Apartment,13,653.54,198883.96,Sold,C0798,304.31796064510206
150096,15,2024-04-01,Apartment,15,522.71,153702.37,Sold,C0095,294.0490329245662
150131,15,2024-04-01,Apartment,17,562.64,174634.6,Sold,C1628,310.38425991753166
150147,15,2024-04-01,Apartment,18,567.74,176372.47,Sold,C1342,310.65711417198014
150185,15,2024-04-01,Office,23,1279.23,377637.01,Available,,295.20649922218837
150203,15,2024-04-01,Office,23,1279.23,381854.67,Sold,C0619,298.50352946694494
150213,15,2024-04-01,Office,24,924.36,278376.64,Sold,C1191,301.1560863732745
150229,15,2024-04-01,Apartment,26,961.01,259608.83,Sold,C1246,270.14165305251765
150230,15,2024-04-01,Apartment,26,961.01,262059.22,Available,,272.69146002643055
150231,15,2024-04-01,Apartment,26,961.01,321694.85,Sold,C0353,334.7466207427602
150237,15,2024-04-01,Apartment,28,1567.93,502064.98,Sold,C0391,320.20879758662693
150246,15,2024-04-01,Apartment,29,1748.18,454773.23,Available,,260.1409637451521
150264,15,2024-04-01,Apartment,31,1901.65,599081.0,Sold,C0486,315.03220887124337
150267,15,2024-04-01,Apartment,31,1901.65,586616.23,Available,,308.4774958588594
150299,15,2024-04-01,Apartment,35,745.49,216924.99,Available,,290.98309836483384
150308,15,2024-04-01,Apartment,35,745.49,223449.69,Sold,C0527,299.7353284416961
150340,15,2024-04-01,Apartment,39,1713.42,520387.17,Available,,303.7125573414574
150362,15,2024-04-01,Apartment,44,1713.09,518036.13,Sold,C0528,302.39866556923454
150368,15,2024-04-01,Apartment,45,1911.06,558806.02,Sold,C1637,292.406319006206
150372,15,2024-04-01,Apartment,47,1358.77,381303.7,Available,,280.6241674455574
150400,15,2024-04-01,Apartment,50,1841.5,556838.33,Sold,C1771,302.3830192777627
150402,15,2024-04-01,Office,50,1841.5,548477.55,Available,,297.84281835460223
150475,15,2024-04-01,Apartment,57,429.34,125292.1,Sold,C0470,291.8248940233848
150479,15,2024-04-01,Apartment,57,429.34,137541.82,Sold,C0928,320.3564075092002
150480,15,2024-04-01,Apartment,57,429.34,124270.9,Sold,C1088,289.44635952857874
160031,16,2024-04-01,Apartment,5,749.15,218027.25,Sold,C0794,291.03283721551094
160046,16,2024-04-01,Apartment,6,1062.34,295791.28,Sold,C1489,278.43372178398636
160073,16,2024-04-01,Apartment,9,1524.04,508776.17,Sold,C0556,333.83386918978505
160105,16,2024-04-01,Apartment,11,1288.42,290542.49,Available,,225.5029338259263
160129,16,2024-04-01,Apartment,14,660.84,189045.87,Sold,C1840,286.06904848374796
160141,16,2024-04-01,Apartment,17,836.32,256437.11,Sold,C0377,306.6255859001339
160199,16,2024-04-01,Apartment,25,853.37,281656.8,Available,,330.05238056177274
160243,16,2024-04-01,Office,28,1440.71,401828.82,Sold,C0354,278.9102734068619
160248,16,2024-04-01,Apartment,29,489.49,163436.83,Sold,C0055,333.89207133955745
160270,16,2024-04-01,Apartment,33,881.17,287687.55,Sold,C0507,326.4835956739335
160277,16,2024-04-01,Apartment,33,881.17,320824.87,Sold,C1373,364.089642180283
160306,16,2024-04-01,Apartment,35,629.97,170560.58,Available,,270.7439719351715
160328,16,2024-04-01,Apartment,38,431.83,142662.45,Sold,C0934,330.36715837250773
160336,16,2024-04-01,Office,40,688.81,212720.73,Sold,C0786,308.8235217258751
160363,16,2024-04-01,Office,42,1496.62,469434.95,Available,,313.6634215766193
170037,17,2024-04-01,Apartment,4,448.67,134841.47,Sold,C1224,300.5359618427798
170066,17,2024-04-01,Apartment,8,1297.3,408314.89,Sold,C0617,314.7420719956834
170077,17,2024-04-01,Apartment,10,1059.07,330112.83,Available,,311.7006713437261
170115,17,2024-04-01,Apartment,13,916.9,274356.57,Sold,C1534,299.2219107863453
170117,17,2024-04-01,Apartment,14,1646.02,475302.44,Sold,C1297,288.7586056062502
170150,17,2024-04-01,Apartment,16,1693.0,525796.95,Sold,C1222,310.57114589486116
170182,17,2024-04-01,Apartment,20,792.27,244945.04,Sold,C1666,309.16864200335743
170211,17,2024-04-01,Office,24,894.72,311703.16,Sold,C1650,348.38067775393415
170224,17,2024-04-01,Apartment,26,929.59,255120.03,Sold,C1797,274.4436041695801
170239,17,2024-04-01,Apartment,27,677.24,183228.95,Sold,C1791,270.5524629378064
170241,17,2024-04-01,Office,27,677.24,201016.28,Sold,C1582,296.81690390408124
170259,17,2024-04-01,Office,31,1806.06,617233.28,Available,,341.75679656268346
170264,17,2024-04-01,Office,32,954.54,342915.63,Available,,359.24699855427747
170269,17,2024-04-01,Apartment,32,954.54,272169.11,Sold,C1707,285.1311731305131
170278,17,2024-04-01,Apartment,33,1532.89,575664.65,Sold,C1417,375.54204802692954
170309,17,2024-04-01,Office,38,721.83,197541.36,Sold,C0403,273.66742861892686
170393,17,2024-04-01,Apartment,48,1833.96,535553.54,Sold,C1269,292.0202948810225
170406,17,2024-04-01,Apartment,48,1833.96,518130.19,Sold,C1830,282.5198968352636
170417,17,2024-04-01,Apartment,48,1833.96,626692.98,Sold,C1433,341.7157298959628
170418,17,2024-04-01,Office,48,1833.96,674268.09,Sold,C1198,367.6569227245959
170439,17,2024-04-01,Office,51,1375.52,415531.04,Sold,C0833,302.0901477259509
170449,17,2024-04-01,Apartment,52,1742.3,537510.16,Sold,C1381,308.50608965160995
180007,18,2024-04-01,Apartment,1,1379.64,437818.55,Sold,C0783,317.3426038676756
180053,18,2024-04-01,Apartment,6,840.25,241961.7,Sold,C0372,287.96393930377866
180084,18,2024-04-01,Apartment,11,507.04,157025.94,Available,,309.6914247396655
180098,18,2024-04-01,Apartment,14,1742.3,489746.26,Available,,281.09180967686393
180172,18,2024-04-01,Apartment,22,1108.09,326697.81,Available,,294.82967087510946
180191,18,2024-04-01,Office,25,911.94,319887.69,Sold,C0602,350.77712349496676
180198,18,2024-04-01,Apartment,25,911.94,277921.61,Sold,C0209,304.75865736780923
180211,18,2024-04-01,Apartment,27,650.82,174509.72,Available,,268.1382256230601
180212,18,2024-04-01,Apartment,27,650.82,182266.87,Sold,C0050,280.05726621800187
180232,18,2024-04-01,Apartment,29,578.36,192263.39,Sold,C0335,332.4285738986099
180254,18,2024-04-01,Apartment,30,1795.66,553662.07,Available,,308.33346513259744
180271,18,2024-04-01,Apartment,32,1512.9,391108.87,Sold,C0484,258.51600898935817
180272,18,2024-04-01,Apartment,32,1512.9,478922.56,Sold,C0916,316.55929671491833
180302,18,2024-04-01,Apartment,36,1089.77,360807.72,Sold,C0083,331.0861190893491
180316,18,2024-04-01,Apartment,36,1089.77,333843.01,Sold,C0567,306.3426319315085
180341,18,2024-04-01,Apartment,39,662.88,175812.42,Sold,C1956,265.2251086169443
180344,18,2024-04-01,Apartment,39,662.88,202760.5,Sold,C0608,305.8781378228337
180357,18,2024-04-01,Apartment,40,990.46,368358.25,Sold,C0525,371.9062354865416
180373,18,2024-04-01,Apartment,41,852.83,253379.8,Sold,C1487,297.10469847449076
180433,18,2024-04-01,Apartment,49,1457.92,461448.14,Available,,316.5112900570676
180472,18,2024-04-01,Apartment,53,1806.7,499227.25,Sold,C1236,276.31994797143966
180474,18,2024-04-01,Apartment,53,1806.7,579753.4,Sold,C0731,320.8907953727791
180483,18,2024-04-01,Apartment,53,1806.7,524447.11,Sold,C0177,290.27902252725966
180485,18,2024-04-01,Apartment,54,1756.12,508227.88,Sold,C0442,289.4038448397604
180497,18,2024-04-01,Apartment,55,930.04,231475.7,Available,,248.88789729474004
180501,18,2024-04-01,Office,55,930.04,262939.01,Sold,C1503,282.7179583673821
180505,18,2024-04-01,Apartment,56,1311.59,361624.36,Sold,C1364,275.7144839469651
180507,18,2024-04-01,Apartment,56,1311.59,448282.99,Sold,C0684,341.7859163305606
180530,18,2024-04-01,Apartment,60,1488.67,461412.78,Sold,C1659,309.94967319822393
180544,18,2024-04-01,Apartment,62,1330.41,366764.33,Available,,275.67767079321413
180557,18,2024-04-01,Apartment,65,996.32,310519.6,Available,,311.6665328408543
180562,18,2024-04-01,Apartment,66,1631.24,507703.53,Available,,311.23778843088695
180574,18,2024-04-01,Office,66,1631.24,477545.71,Available,,292.7501226061156
190014,19,2024-04-01,Apartment,4,1225.38,342245.42,Sold,C1744,279.2973771401524
190035,19,2024-04-01,Apartment,6,1067.81,304055.72,Sold,C1657,284.74702428334626
190038,19,2024-04-01,Office,7,973.6,367468.14,Sold,C0124,377.4323541495481
190053,19,2024-04-01,Office,8,974.77,279169.46,Sold,C1522,286.3952111780215
190109,19,2024-04-01,Apartment,15,538.06,160523.29,Sold,C1502,298.33715570754197
190169,19,2024-04-01,Office,21,477.75,179270.66,Sold,C1414,375.23947671376243
190174,19,2024-04-01,Apartment,21,477.75,158607.61,Sold,C1593,331.9887179487179
190186,19,2024-04-01,Office,22,935.25,317549.96,Available,,339.53484095161724
190196,19,2024-04-01,Apartment,24,620.51,187120.57,Sold,C0651,301.55931411258484
190215,19,2024-04-01,Apartment,26,668.24,149009.73,Sold,C0004,222.98834251167247
190267,19,2024-04-01,Apartment,31,1089.64,312192.36,Sold,C0407,286.5096362101244
190279,19,2024-04-01,Apartment,32,1048.61,326363.04,Sold,C1359,311.2339573339945
190287,19,2024-04-01,Apartment,33,1454.84,404194.49,Available,,277.8274518160073
190338,19,2024-04-01,Office,40,893.49,309197.05,Available,,346.05541192402825
190373,19,2024-04-01,Apartment,42,1137.59,342883.79,Available,,301.41245088300707
190379,19,2024-04-01,Apartment,43,1697.72,518931.48,Sold,C1457,305.6637608086139
190392,19,2024-04-01,Apartment,44,982.8,293683.97,Available,,298.8237382987383
190429,19,2024-04-01,Apartment,49,1004.26,338389.69,Available,,336.9542648318165
200001,20,2024-04-01,Apartment,1,1898.39,736652.27,Sold,C1473,388.04053434752603
200040,20,2024-04-01,Apartment,4,631.75,202971.33,Sold,C0566,321.2842580134547
200098,20,2024-04-01,Office,13,1587.57,550255.37,Available,,346.6022726556939
200108,20,2024-04-01,Apartment,14,837.37,254752.28,Sold,C1714,304.2290504794774
200109,20,2024-04-01,Office,14,837.37,294810.23,Available,,352.0668641102499
200132,20,2024-04-01,Apartment,16,645.44,169762.78,Available,,263.01868492811104
200186,20,2024-04-01,Apartment,20,1110.23,384238.93,Available,,346.08948596236814
200209,20,2024-04-01,Apartment,26,1941.62,563448.9,Sold,C1804,290.19524932788084
200236,20,2024-04-01,Apartment,29,1844.16,466648.29,Sold,C1619,253.0411081467985
200237,20,2024-04-01,Apartment,29,1844.16,575218.75,Sold,C0761,311.91368970154434
200267,20,2024-04-01,Apartment,31,1414.44,479436.79,Available,,338.9587327847063
200279,20,2024-04-01,Apartment,31,1414.44,400106.01,Sold,C1932,282.87238058878427
200309,20,2024-04-01,Apartment,33,630.53,154906.87,Sold,C1445,245.67723978240528
200329,20,2024-04-01,Apartment,36,1484.99,394492.38,Available,,265.65322325402866
200339,20,2024-04-01,Apartment,37,632.35,200206.9,Sold,C1394,316.6077330592235
200347,20,2024-04-01,Apartment,38,1499.47,402705.53,Sold,C0201,268.5652463870568
200365,20,2024-04-01,Apartment,40,428.03,116809.59,Available,,272.9004742658225
200373,20,2024-04-01,Apartment,40,428.03,118965.05,Sold,C1945,277.9362427867206
200413,20,2024-04-01,Apartment,47,590.12,150873.32,Sold,C1171,255.66549176438693
200427,20,2024-04-01,Apartment,48,860.8,292476.39,Sold,C0199,339.7727578996283
200442,20,2024-04-01,Apartment,49,880.76,254985.85,Sold,C1681,289.5066192833462
200464,20,2024-04-01,Apartment,52,1634.67,457871.48,Sold,C1017,280.100252650382
200473,20,2024-04-01,Apartment,54,589.61,211209.42,Sold,C0664,358.21885653228406
200475,20,2024-04-01,Apartment,54,589.61,165450.84,Sold,C0271,280.61064093214156
200478,20,2024-04-01,Apartment,54,589.61,188272.1,Sold,C0677,319.3163277420668
200479,20,2024-04-01,Apartment,54,589.61,181148.12,Sold,C1404,307.23379861264226
200480,20,2024-04-01,Office,54,589.61,208828.68,Sold,C0542,354.1810349213887
990000,1,2024-04-01,Office,10,800.96,264142.16,Sold,C0054,329.78196164602474
990024,5,2024-04-01,Apartment,41,798.28,255337.9,Available,,319.86007415944283
1011,1,2024-05-01,Office,11,827.87,222947.21,Sold,C0128,269.30219720487514
1028,1,2024-05-01,Apartment,28,1160.36,331154.88,Sold,C0005,285.38977558688686
2026,2,2024-05-01,Apartment,26,649.8,198075.99,Sold,C0126,304.82608494921516
2043,2,2024-05-01,Apartment,43,1110.32,355073.4,Sold,C0127,319.79375315224445
2052,2,2024-05-01,Apartment,52,1615.29,484458.03,Sold,C0007,299.92015675203834
3043,3,2024-05-01,Apartment,43,1128.4,299159.14,Sold,C0024,265.11799007444165
4026,4,2024-05-01,Apartment,26,1611.85,506786.66,Available,,314.41304091571794
4046,4,2024-05-01,Apartment,46,791.72,230495.01,Available,,291.13197847723944
4048,4,2024-05-01,Apartment,48,1068.58,346048.04,Available,,323.8391510228528
10011,1,2024-05-01,Apartment,2,715.67,216996.95,Sold,C0230,303.20811267763077
10024,1,2024-05-01,Apartment,3,788.73,223548.52,Sold,C1782,283.42844826493223
10057,1,2024-05-01,Apartment,7,758.88,235151.17,Sold,C0182,309.86607895846515
10100,1,2024-05-01,Apartment,13,719.47,195020.26,Sold,C0765,271.061003238495
10106,1,2024-05-01,Apartment,14,1181.69,362197.78,Available,,306.5082889759582
10114,1,2024-05-01,Apartment,14,1181.69,277837.04,Sold,C0799,235.1183813013565
10117,1,2024-05-01,Apartment,14,1181.69,410180.27,Sold,C1913,347.11326151528743
10126,1,2024-05-01,Apartment,15,765.0,234250.56,Sold,C1759,306.2098823529412
10132,1,2024-05-01,Apartment,16,612.76,199424.86,Sold,C1888,325.4534564919381
10174,1,2024-05-01,Apartment,22,740.83,187644.88,Sold,C1640,253.29006654698108
10182,1,2024-05-01,Apartment,22,740.83,210445.3,Sold,C0608,284.0669249355452
10183,1,2024-05-01,Apartment,22,740.83,240139.8,Sold,C1479,324.1496699647692
10235,1,2024-05-01,Office,27,725.12,251042.18,Sold,C0077,346.20777250661956
10247,1,2024-05-01,Apartment,29,757.2,236373.55,Sold,C1266,312.1679212889593
10287,1,2024-05-01,Apartment,30,753.29,221063.07,Sold,C1995,293.4634337373389
10300,1,2024-05-01,Apartment,31,619.78,185780.26,Sold,C1103,299.7519442382781
10306,1,2024-05-01,Apartment,32,800.77,228232.72,Sold,C0474,285.0165715498832
10351,1,2024-05-01,Apartment,38,1355.85,327248.98,Sold,C1364,241.36075524578678
20018,2,2024-05-01,Apartment,2,788.72,240243.78,Sold,C1289,304.59957906481384
20062,2,2024-05-01,Apartment,8,715.54,232688.53,Sold,C1152,325.1929032618722
20110,2,2024-05-01,Apartment,13,782.33,235637.33,Sold,C0253,301.1994043434356
20125,2,2024-05-01,Apartment,15,1603.33,513464.72,Sold,C0593,320.24893191046135
20126,2,2024-05-01,Apartment,15,1603.33,499600.59,Sold,C0167,311.60184740508817
20160,2,2024-05-01,Office,18,784.76,248958.94,Available,,317.24213772363527
20161,2,2024-05-01,Apartment,19,795.52,277015.0,Sold,C1437,348.2187751407884
20199,2,2024-05-01,Apartment,22,653.41,224133.54,Sold,C1022,343.0212883182076
20209,2,2024-05-01,Apartment,24,785.12,230107.73,Sold,C0004,293.0860632769513
20255,2,2024-05-01,Apartment,29,1107.33,325010.71,Sold,C1790,293.5084482493927
20269,2,2024-05-01,Office,32,925.63,323702.74,Available,,349.7107267482687
20285,2,2024-05-01,Apartment,33,931.4,306852.0,Available,,329.4524371913249
20288,2,2024-05-01,Apartment,34,800.26,253232.44,Sold,C1295,316.4377077449829
20304,2,2024-05-01,Apartment,36,641.72,164198.69,Sold,C1144,255.87279498846848
20322,2,2024-05-01,Apartment,38,710.81,204892.35,Sold,C0881,288.25192386151014
20352,2,2024-05-01,Office,42,786.45,209063.55,Sold,C0268,265.83196643143236
20358,2,2024-05-01,Apartment,42,786.45,223924.47,Sold,C1020,284.72817089452604
20359,2,2024-05-01,Apartment,42,786.45,248975.66,Sold,C1565,316.581677156844
20376,2,2024-05-01,Apartment,45,782.2,208153.09,Available,,266.11236256711834
20388,2,2024-05-01,Apartment,46,697.74,191730.36,Sold,C0025,274.78768595751995
20391,2,2024-05-01,Office,46,697.74,261450.25,Available,,374.71013558058877
20393,2,2024-05-01,Apartment,46,697.74,188000.19,Sold,C1920,269.4416114885201
20444,2,2024-05-01,Apartment,51,699.31,219752.03,Sold,C0110,314.24122349172757
20447,2,2024-05-01,Apartment,52,914.01,250239.86,Sold,C0389,273.7824093828295
30054,3,2024-05-01,Apartment,6,668.89,230249.86,Available,,344.2267936431999
30062,3,2024-05-01,Apartment,7,744.01,189860.96,Available,,255.18603244580046
30070,3,2024-05-01,Apartment,7,744.01,213877.71,Available,,287.46617652988533
30130,3,2024-05-01,Apartment,12,657.47,182618.24,Sold,C1030,277.75904604012345
30135,3,2024-05-01,Apartment,13,754.84,233701.51,Sold,C1713,309.6040352922474
30152,3,2024-05-01,Apartment,17,937.24,310304.6,Sold,C0143,331.08339379454566
30168,3,2024-05-01,Apartment,19,1602.22,545570.25,Available,,340.50895008176155
30174,3,2024-05-01,Apartment,19,1602.22,526180.38,Sold,C1485,328.40707268664727
30192,3,2024-05-01,Office,21,1122.15,364141.62,Available,,324.50351557278435
30196,3,2024-05-01,Apartment,21,1122.15,354543.67,Sold,C1941,315.9503364077886
30219,3,2024-05-01,Apartment,25,765.56,248929.48,Sold,C0692,325.1599874601599
30240,3,2024-05-01,Apartment,27,1117.14,362492.39,Available,,324.48250890667236
30255,3,2024-05-01,Apartment,28,679.93,211362.0,Available,,310.8584707249276
30323,3,2024-05-01,Apartment,40,678.71,197764.69,Available,,291.3831975365031
30351,3,2024-05-01,Office,42,1343.96,450627.91,Available,,335.2986026369832
30383,3,2024-05-01,Apartment,47,691.09,234934.93,Sold,C1325,339.94838588317003
30386,3,2024-05-01,Apartment,47,691.09,212733.58,Available,,307.8232646977962
30403,3,2024-05-01,Apartment,49,1174.48,334121.61,Sold,C1382,284.4847166405558
30420,3,2024-05-01,Apartment,49,1174.48,349203.77,Sold,C0503,297.3262805667189
30446,3,2024-05-01,Apartment,51,693.85,199163.2,Sold,C1386,287.04071485191326
30449,3,2024-05-01,Apartment,52,1361.9,367708.79,Available,,269.99690873045006
30490,3,2024-05-01,Apartment,57,1607.94,512522.53,Available,,318.7448101297312
30492,3,2024-05-01,Apartment,57,1607.94,487171.09,Sold,C0310,302.9784009353583
40020,4,2024-05-01,Apartment,2,1620.07,523966.96,Sold,C0925,323.4224200188881
40021,4,2024-05-01,Apartment,3,1630.82,539711.96,Sold,C0165,330.94514416060633
40025,4,2024-05-01,Apartment,3,1630.82,498856.28,Available,,305.89291276781006
40042,4,2024-05-01,Apartment,4,783.03,240057.11,Sold,C1246,306.5746012285608
40054,4,2024-05-01,Apartment,5,786.98,206258.47,Sold,C1121,262.08857912526366
40059,4,2024-05-01,Apartment,5,786.98,227598.3,Sold,C0513,289.20468118630714
40076,4,2024-05-01,Office,10,1614.62,608055.99,Sold,C1300,376.593867287659
40085,4,2024-05-01,Apartment,11,802.79,235196.88,Sold,C1107,292.9743519475828
40114,4,2024-05-01,Apartment,14,1322.66,398928.35,Sold,C1655,301.61065579967635
40131,4,2024-05-01,Apartment,15,760.39,242012.41,Sold,C0408,318.2740567340444
40132,4,2024-05-01,Apartment,15,760.39,201059.89,Sold,C1069,264.41679927405676
40138,4,2024-05-01,Apartment,16,1128.21,311009.93,Sold,C1627,275.666702121059
40152,4,2024-05-01,Office,18,1294.91,398599.37,Sold,C0822,307.82013421782204
40153,4,2024-05-01,Apartment,18,1294.91,403973.72,Sold,C0068,311.9704998803005
40168,4,2024-05-01,Apartment,21,801.66,262637.35,Available,,327.61688246887707
40192,4,2024-05-01,Office,24,786.05,272856.78,Sold,C1253,347.12394885821516
40207,4,2024-05-01,Apartment,26,790.05,256720.02,Sold,C0730,324.9414847161572
40215,4,2024-05-01,Apartment,26,790.05,277760.89,Sold,C0060,351.57381178406433
40223,4,2024-05-01,Office,26,790.05,266440.01,Sold,C1620,337.2444908550092
40307,4,2024-05-01,Office,37,800.13,215216.2,Sold,C1881,268.97654131203683
40335,4,2024-05-01,Apartment,40,780.74,235532.69,Sold,C1156,301.67877910700105
40365,4,2024-05-01,Apartment,43,1616.99,504517.39,Sold,C0359,312.01021032906823
40420,4,2024-05-01,Apartment,49,739.7,193616.59,Available,,261.75015546843315
50019,5,2024-05-01,Apartment,4,799.1,208960.43,Sold,C1051,261.4947190589413
50052,5,2024-05-01,Apartment,9,793.56,264639.92,Sold,C1384,333.4844498210595
50067,5,2024-05-01,Apartment,10,629.27,156700.2,Sold,C0213,249.01902204141308
50102,5,2024-05-01,Apartment,12,787.5,260674.62,Available,,331.0153904761905
50119,5,2024-05-01,Apartment,15,1050.95,282845.5,Sold,C1216,269.13316523145727
50178,5,2024-05-01,Apartment,23,1006.65,301730.1,Available,,299.7368499478468
50185,5,2024-05-01,Apartment,23,1006.65,334696.9,Sold,C1007,332.4858689713406
50199,5,2024-05-01,Apartment,26,1272.4,372414.34,Available,,292.68652939327256
50211,5,2024-05-01,Apartment,27,1278.6,308068.85,Sold,C1878,240.94231972469888
50220,5,2024-05-01,Office,29,786.28,236804.87,Sold,C1538,301.1711731189907
50240,5,2024-05-01,Apartment,32,1051.39,327070.05,Sold,C0259,311.08347045339974
50243,5,2024-05-01,Apartment,32,1051.39,311645.47,Sold,C0712,296.41281541578286
50246,5,2024-05-01,Apartment,32,1051.39,308068.31,Sold,C1886,293.0105003852043
50256,5,2024-05-01,Office,33,1787.13,512156.34,Sold,C0536,286.58034949891726
50259,5,2024-05-01,Apartment,34,802.33,267723.88,Sold,C0996,333.68299826754577
50260,5,2024-05-01,Apartment,34,802.33,232731.8,Sold,C1887,290.0699213540563
50278,5,2024-05-01,Apartment,36,627.56,178814.53,Sold,C0713,284.93614953151894
50333,5,2024-05-01,Office,42,791.2,236639.12,Available,,299.08887765419615
50359,5,2024-05-01,Apartment,44,806.03,252835.34,Sold,C2000,313.6798134064489
50361,5,2024-05-01,Apartment,44,806.03,246214.1,Sold,C0181,305.46518119672965
50372,5,2024-05-01,Apartment,45,608.89,190719.01,Sold,C1467,313.22407988306594
50379,5,2024-05-01,Apartment,46,1272.95,331278.26,Available,,260.2445186378098
50386,5,2024-05-01,Office,46,1272.95,425609.69,Sold,C1889,334.34910247849484
50391,5,2024-05-01,Apartment,46,1272.95,379974.43,Sold,C0100,298.4991005145528
50395,5,2024-05-01,Apartment,46,1272.95,362373.17,Sold,C1835,284.6719588357752
50397,5,2024-05-01,Apartment,47,1241.14,389944.98,Sold,C1617,314.18291248368433
50402,5,2024-05-01,Apartment,47,1241.14,366304.94,Sold,C1278,295.13587508258536
60015,6,2024-05-01,Apartment,1,1720.95,560677.96,Sold,C0425,325.7956128882303
60031,6,2024-05-01,Apartment,3,605.21,203789.3,Sold,C0993,336.7249384511161
60041,6,2024-05-01,Apartment,4,1925.28,661640.07,Sold,C1561,343.6591404886562
60043,6,2024-05-01,Apartment,4,1925.28,675765.41,Sold,C0226,350.99591228288875
60052,6,2024-05-01,Apartment,5,1617.43,498957.88,Sold,C1279,308.48808294640264
60065,6,2024-05-01,Apartment,6,951.22,251909.19,Sold,C1539,264.82747419103885
60066,6,2024-05-01,Apartment,6,951.22,290766.8,Sold,C0805,305.67776119089166
60100,6,2024-05-01,Apartment,7,1075.42,349992.08,Available,,325.44687656915437
60105,6,2024-05-01,Apartment,8,986.97,300282.89,Available,,304.24723142547396
60109,6,2024-05-01,Apartment,9,1194.12,359774.82,Sold,C1270,301.2886644558336
60135,6,2024-05-01,Apartment,11,1719.85,534355.36,Sold,C0875,310.6988167572753
60148,6,2024-05-01,Office,12,1678.17,515231.68,Sold,C0548,307.0199562618805
60150,6,2024-05-01,Apartment,12,1678.17,430423.76,Sold,C0403,256.4840034084747
60156,6,2024-05-01,Apartment,13,581.47,156674.67,Available,,269.4458355547148
60160,6,2024-05-01,Apartment,13,581.47,200926.35,Sold,C1968,345.54895351436875
60161,6,2024-05-01,Apartment,14,1890.0,598612.25,Sold,C1024,316.7260582010582
60169,6,2024-05-01,Office,15,1392.45,453250.7,Sold,C0475,325.5059068548242
60190,6,2024-05-01,Apartment,19,1542.71,384958.51,Sold,C0278,249.53394351498338
60241,6,2024-05-01,Office,24,1159.75,365063.85,Sold,C1830,314.77805561543437
60298,6,2024-05-01,Apartment,33,1131.0,336860.43,Available,,297.8429973474801
60304,6,2024-05-01,Apartment,33,1131.0,371174.41,Sold,C0218,328.1825022104332
60309,6,2024-05-01,Apartment,34,1353.81,306734.4,Sold,C0059,226.5712322999535
60324,6,2024-05-01,Apartment,36,463.91,150110.49,Sold,C1076,323.57674980060784
60381,6,2024-05-01,Apartment,43,1492.81,554882.17,Sold,C1250,371.7031437356395
60401,6,2024-05-01,Apartment,47,550.99,168571.44,Available,,305.94283017840615
60430,6,2024-05-01,Apartment,51,1476.63,529520.87,Sold,C1960,358.6009155983557
60459,6,2024-05-01,Apartment,53,1170.96,330724.0,Available,,282.43834119013457
70017,7,2024-05-01,Apartment,3,888.5,278826.18,Sold,C1401,313.8167473269555
70023,7,2024-05-01,Apartment,5,1144.09,333120.5,Sold,C0171,291.1663418087738
70041,7,2024-05-01,Office,7,1071.02,296372.05,Available,,276.7194356781386
70050,7,2024-05-01,Apartment,8,1561.28,498082.29,Available,,319.02175778848124
70070,7,2024-05-01,Apartment,10,1495.37,499413.56,Sold,C0185,333.9732373927523
70139,7,2024-05-01,Apartment,16,1239.87,397500.69,Sold,C0732,320.59868373297206
70210,7,2024-05-01,Apartment,23,1222.69,437259.52,Sold,C1259,357.62091781236455
70224,7,2024-05-01,Apartment,25,573.8,223711.79,Available,,389.877640292785
70230,7,2024-05-01,Apartment,25,573.8,203707.73,Sold,C0908,355.01521436040434
70239,7,2024-05-01,Office,27,768.05,224288.36,Sold,C1255,292.0231234945642
70263,7,2024-05-01,Apartment,29,441.65,114846.15,Sold,C0681,260.0388316540247
70280,7,2024-05-01,Apartment,34,1487.05,445823.13,Sold,C1775,299.80372549678896
70304,7,2024-05-01,Apartment,36,1748.75,478202.61,Sold,C1805,273.45395854181555
70318,7,2024-05-01,Apartment,38,1755.26,509258.67,Available,,290.13289769037067
70348,7,2024-05-01,Apartment,41,1093.92,319520.07,Sold,C0086,292.0872367266345
70362,7,2024-05-01,Apartment,42,702.08,198825.02,Sold,C1518,283.1942513673655
70378,7,2024-05-01,Apartment,43,498.61,149009.47,Sold,C1408,298.84974228354827
70387,7,2024-05-01,Apartment,44,1859.83,419927.79,Sold,C0571,225.7882655941672
70470,7,2024-05-01,Apartment,55,601.23,185349.98,Sold,C1739,308.2846498012408
70476,7,2024-05-01,Apartment,55,601.23,153965.78,Sold,C1632,256.0846597807827
70477,7,2024-05-01,Apartment,55,601.23,160509.63,Sold,C0421,266.96876403373085
70479,7,2024-05-01,Apartment,56,1589.6,461908.57,Sold,C0112,290.5816368897836
70490,7,2024-05-01,Apartment,58,1629.83,512459.69,Sold,C0155,314.4252406692723
80020,8,2024-05-01,Apartment,3,1736.05,515896.71,Sold,C0102,297.1669652371764
80041,8,2024-05-01,Apartment,5,887.23,245299.94,Sold,C0803,276.4784103332845
80051,8,2024-05-01,Apartment,5,887.23,259694.81,Available,,292.7029180708497
80087,8,2024-05-01,Apartment,9,1869.81,590633.76,Sold,C0865,315.87902514159197
80094,8,2024-05-01,Apartment,10,737.92,196686.19,Sold,C0090,266.5413459453599
80129,8,2024-05-01,Apartment,15,534.85,146835.08,Sold,C0265,274.53506590632884
80161,8,2024-05-01,Apartment,21,1501.64,448702.07,Sold,C0070,298.8080165685517
80190,8,2024-05-01,Apartment,26,1625.38,434040.89,Available,,267.0396399611168
80193,8,2024-05-01,Apartment,26,1625.38,526678.44,Sold,C0418,324.0340351179416
80202,8,2024-05-01,Apartment,28,1431.61,411435.44,Available,,287.3935219787512
80203,8,2024-05-01,Apartment,28,1431.61,386241.87,Sold,C1124,269.7954540691948
80206,8,2024-05-01,Apartment,28,1431.61,452279.2,Sold,C1903,315.92347077765595
80217,8,2024-05-01,Apartment,29,1848.51,624161.31,Available,,337.65644221562235
80237,8,2024-05-01,Apartment,30,1070.46,345048.44,Available,,322.33660295573867
80239,8,2024-05-01,Office,30,1070.46,380050.07,Sold,C0072,355.03434971881245
80245,8,2024-05-01,Apartment,31,1253.18,357323.56,Available,,285.1334684562473
80246,8,2024-05-01,Office,31,1253.18,399671.51,Sold,C0099,318.9258606106066
80266,8,2024-05-01,Office,32,1410.88,422684.36,Sold,C1565,299.5891642095713
80306,8,2024-05-01,Apartment,36,673.86,220642.17,Sold,C0080,327.4302822544742
80364,8,2024-05-01,Office,43,1490.59,503414.2,Sold,C0458,337.7281479145842
80387,8,2024-05-01,Apartment,46,1175.51,353812.59,Available,,300.98645694209324
80407,8,2024-05-01,Office,47,543.08,165991.05,Available,,305.6475104956912
80421,8,2024-05-01,Apartment,48,480.99,153410.17,Sold,C1362,318.94669327844656
80431,8,2024-05-01,Apartment,50,913.15,251686.03,Sold,C0392,275.6239719651755
80434,8,2024-05-01,Apartment,50,913.15,270241.73,Sold,C1910,295.944510759459
80443,8,2024-05-01,Apartment,52,559.73,151476.69,Available,,270.6245689886195
80453,8,2024-05-01,Apartment,53,1891.72,533253.25,Sold,C0954,281.88804368511194
90047,9,2024-05-01,Office,8,1315.55,401129.35,Available,,304.9138003116567
90078,9,2024-05-01,Apartment,12,952.38,291557.41,Sold,C1740,306.1355866355866
90082,9,2024-05-01,Office,12,952.38,329697.1,Available,,346.18230118230116
90101,9,2024-05-01,Apartment,16,924.6,248353.36,Sold,C1066,268.6062729829115
90141,9,2024-05-01,Apartment,22,1115.88,358332.02,Sold,C1979,321.1205685199125
90152,9,2024-05-01,Apartment,24,914.61,294158.67,Sold,C0006,321.6219700200085
90194,9,2024-05-01,Office,29,1426.22,457069.23,Sold,C0476,320.47596443746403
90223,9,2024-05-01,Office,33,973.52,258281.48,Sold,C1429,265.30680417454187
90279,9,2024-05-01,Apartment,35,1376.88,444270.56,Sold,C0829,322.66469118586946
90284,9,2024-05-01,Office,36,1582.79,507510.6,Sold,C1851,320.6430417174736
90307,9,2024-05-01,Apartment,38,1260.31,398439.84,Available,,316.1443137005975
90315,9,2024-05-01,Apartment,38,1260.31,422763.47,Available,,335.4440336107783
90381,9,2024-05-01,Apartment,45,786.13,186004.47,Available,,236.6077747955173
90385,9,2024-05-01,Apartment,46,662.32,187337.33,Sold,C1178,282.85017816161366
90399,9,2024-05-01,Apartment,48,1264.94,408862.02,Sold,C0020,323.22641390105457
90403,9,2024-05-01,Apartment,50,1938.15,599421.75,Sold,C1012,309.2752108969894
90404,9,2024-05-01,Apartment,51,1816.78,484595.35,Sold,C1221,266.7330937152544
90416,9,2024-05-01,Apartment,53,599.72,167173.35,Available,,278.7523344227306
90442,9,2024-05-01,Office,56,1516.4,484801.23,Sold,C0619,319.70537457135316
90448,9,2024-05-01,Office,56,1516.4,472506.97,Available,,311.5978435768926
100029,10,2024-05-01,Apartment,4,1765.37,449252.81,Sold,C1493,254.48082271705084
100035,10,2024-05-01,Apartment,5,1741.96,522748.14,Available,,300.09193092837955
100036,10,2024-05-01,Apartment,5,1741.96,488491.97,Available,,280.4266286252267
100047,10,2024-05-01,Apartment,5,1741.96,405297.57,Sold,C1819,232.6675526418517
100083,10,2024-05-01,Apartment,10,1196.84,378213.4,Sold,C1253,316.00999298151805
100097,10,2024-05-01,Apartment,12,852.74,263932.63,Available,,309.51125782770833
100126,10,2024-05-01,Apartment,16,1169.15,355085.18,Sold,C1497,303.712252491126
100148,10,2024-05-01,Apartment,19,948.04,274317.28,Sold,C0202,289.35201046369355
100161,10,2024-05-01,Apartment,20,1264.43,381724.58,Available,,301.8945928204804
100252,10,2024-05-01,Apartment,30,1559.4,511932.27,Available,,328.287976144671
100294,10,2024-05-01,Office,34,1435.44,415938.84,Sold,C0556,289.76400267513793
100303,10,2024-05-01,Apartment,36,1920.65,540074.5,Sold,C0146,281.1936063311899
100307,10,2024-05-01,Apartment,36,1920.65,592203.73,Sold,C1299,308.335058443756
100310,10,2024-05-01,Apartment,37,1177.85,399238.3,Sold,C1286,338.9551301099461
100344,10,2024-05-01,Apartment,42,1757.51,528144.96,Sold,C1557,300.5075134707626
100405,10,2024-05-01,Apartment,47,1047.27,372974.76,Sold,C1281,356.14002119797186
100412,10,2024-05-01,Apartment,49,656.17,212548.64,Sold,C0665,323.92312967676065
100417,10,2024-05-01,Apartment,50,1138.32,345524.63,Sold,C1607,303.5391014828871
100429,10,2024-05-01,Apartment,50,1138.32,347148.29,Sold,C1409,304.96546665261087
110042,11,2024-05-01,Apartment,5,1723.2,453922.16,Sold,C1899,263.4181522748375
110072,11,2024-05-01,Office,8,1001.41,318935.71,Sold,C1415,318.48664383219665
110104,11,2024-05-01,Office,12,1754.75,543741.11,Sold,C1425,309.8681350619746
110107,11,2024-05-01,Office,13,474.93,140439.73,Sold,C0038,295.70616722464365
110116,11,2024-05-01,Apartment,13,474.93,152103.81,Sold,C0371,320.2657444254943
110122,11,2024-05-01,Apartment,13,474.93,148565.18,Sold,C1886,312.8148990377529
110125,11,2024-05-01,Apartment,14,524.68,143800.0,Sold,C1967,274.07181520164676
110174,11,2024-05-01,Apartment,18,1562.55,472802.29,Sold,C0238,302.5837829189466
110192,11,2024-05-01,Apartment,22,1755.05,561305.34,Sold,C1845,319.8229907979829
110229,11,2024-05-01,Apartment,28,868.85,269172.9,Sold,C0044,309.803648500892
110240,11,2024-05-01,Apartment,29,993.51,295715.19,Sold,C2000,297.646918501072
110285,11,2024-05-01,Apartment,34,680.07,181508.78,Sold,C1278,266.8972017586425
110312,11,2024-05-01,Apartment,38,788.47,229444.3,Sold,C1118,290.9994039088361
110324,11,2024-05-01,Apartment,38,788.47,245418.89,Sold,C1176,311.25964209164584
110353,11,2024-05-01,Apartment,42,808.59,268620.22,Available,,332.2081895645506
110366,11,2024-05-01,Office,43,810.65,287234.79,Available,,354.32651575895886
110374,11,2024-05-01,Apartment,44,434.38,125951.48,Sold,C1536,289.9569040931903
110381,11,2024-05-01,Apartment,44,434.38,135401.82,Sold,C1274,311.71283208250844
110392,11,2024-05-01,Apartment,46,1798.85,615554.68,Sold,C1356,342.19344581260253
110445,11,2024-05-01,Apartment,52,1397.58,463091.82,Sold,C0375,331.35263813162754
110453,11,2024-05-01,Apartment,52,1397.58,393927.21,Sold,C1270,281.86380028334696
110461,11,2024-05-01,Apartment,54,802.65,232185.85,Sold,C1707,289.27409207001807
110464,11,2024-05-01,Apartment,54,802.65,232180.63,Sold,C1074,289.2675886127204
110465,11,2024-05-01,Apartment,55,1713.32,533336.37,Available,,311.28824154273576
110473,11,2024-05-01,Office,56,724.8,195094.85,Sold,C0618,269.170598785872
110506,11,2024-05-01,Apartment,60,1295.04,356105.59,Sold,C1114,274.97651809982705
110520,11,2024-05-01,Apartment,61,1299.46,364486.91,Available,,280.4910578240192
120019,12,2024-05-01,Office,2,1285.87,431041.65,Sold,C0854,335.2140185244232
120027,12,2024-05-01,Apartment,3,1469.27,417864.27,Available,,284.4026421284039
120049,12,2024-05-01,Apartment,5,495.04,152334.67,Available,,307.7219416612799
120053,12,2024-05-01,Apartment,5,495.04,137406.32,Sold,C1081,277.5660956690368
120059,12,2024-05-01,Apartment,6,1347.8,387519.48,Sold,C0845,287.52001780679626
120068,12,2024-05-01,Apartment,8,1803.36,504493.45,Sold,C0510,279.751935276373
120078,12,2024-05-01,Office,9,857.88,217511.57,Available,,253.54544924698095
120102,12,2024-05-01,Apartment,13,1394.03,375764.01,Sold,C1306,269.55231236056613
120172,12,2024-05-01,Apartment,19,1381.22,360006.15,Available,,260.6435976889996
120184,12,2024-05-01,Apartment,20,1802.21,541188.53,Sold,C1309,300.2916030873206
120204,12,2024-05-01,Apartment,23,1094.46,368892.07,Sold,C0156,337.05395354786833
120210,12,2024-05-01,Office,23,1094.46,411845.93,Sold,C1978,376.3005774537215
120227,12,2024-05-01,Apartment,24,1306.75,377248.32,Sold,C1332,288.69203749760857
120229,12,2024-05-01,Apartment,24,1306.75,336147.76,Available,,257.23953319303615
120230,12,2024-05-01,Office,24,1306.75,456133.0,Sold,C0347,349.05911612779795
120236,12,2024-05-01,Apartment,25,1540.51,505130.37,Available,,327.89814412110275
120249,12,2024-05-01,Office,27,871.52,285485.58,Available,,327.5720350651735
120260,12,2024-05-01,Apartment,27,871.52,279936.12,Sold,C1816,321.2044703506517
120261,12,2024-05-01,Office,27,871.52,288985.79,Sold,C1508,331.5882481182302
120279,12,2024-05-01,Apartment,30,622.2,207963.57,Sold,C0401,334.2391031822565
120292,12,2024-05-01,Apartment,33,1232.2,302543.25,Available,,245.53096088297355
120334,12,2024-05-01,Apartment,35,1690.62,573472.62,Available,,339.2084678993506
120348,12,2024-05-01,Apartment,38,1157.23,365670.99,Sold,C0663,315.98817002670165
130001,13,2024-05-01,Office,1,1899.92,645779.93,Available,,339.8984851993768
130038,13,2024-05-01,Apartment,3,979.64,327860.05,Sold,C1094,334.67401290269896
130043,13,2024-05-01,Apartment,3,979.64,310095.22,Sold,C1904,316.53997386795146
130044,13,2024-05-01,Apartment,3,979.64,310865.62,Sold,C0054,317.3263852027275
130052,13,2024-05-01,Apartment,4,1629.74,410318.25,Available,,251.76914722593787
130092,13,2024-05-01,Apartment,11,1678.3,523652.47,Sold,C1113,312.0136268843473
130140,13,2024-05-01,Apartment,16,1772.88,528190.8,Sold,C0731,297.92811696223094
130142,13,2024-05-01,Apartment,16,1772.88,457508.86,Sold,C1805,258.0596881909661
130169,13,2024-05-01,Apartment,20,516.72,152514.27,Available,,295.1584417092429
130198,13,2024-05-01,Apartment,22,1811.36,605522.07,Sold,C1722,334.29139983217027
130212,13,2024-05-01,Apartment,24,1044.69,357429.62,Sold,C1684,342.139409777063
130222,13,2024-05-01,Apartment,25,633.86,189457.38,Available,,298.8946770580254
130229,13,2024-05-01,Apartment,27,885.68,229554.32,Sold,C1890,259.1842651973625
130243,13,2024-05-01,Apartment,28,1173.72,330183.47,Available,,281.31366083904163
130245,13,2024-05-01,Apartment,28,1173.72,384319.84,Sold,C0857,327.4374126708244
130249,13,2024-05-01,Apartment,29,568.7,160520.27,Sold,C1484,282.2582556708282
130260,13,2024-05-01,Apartment,30,1777.51,485888.28,Sold,C1190,273.35333134553395
130261,13,2024-05-01,Apartment,30,1777.51,589380.74,Sold,C0368,331.57660997687776
130266,13,2024-05-01,Office,31,627.57,179443.23,Sold,C1605,285.933409818825
130271,13,2024-05-01,Apartment,32,1114.07,355169.5,Sold,C0745,318.80357607690723
130300,13,2024-05-01,Apartment,33,1445.84,385937.66,Sold,C1906,266.92971559785315
130318,13,2024-05-01,Office,35,1867.34,654120.74,Sold,C1763,350.2954684203198
130332,13,2024-05-01,Apartment,37,1555.67,444069.92,Sold,C1634,285.45251885039886
130343,13,2024-05-01,Apartment,38,656.42,193572.19,Sold,C0112,294.8907559184669
130353,13,2024-05-01,Apartment,39,1054.77,334166.59,Sold,C0463,316.81465153540586
130388,13,2024-05-01,Apartment,43,1875.83,568196.47,Sold,C0593,302.90403181524977
130400,13,2024-05-01,Apartment,45,986.91,256697.03,Available,,260.10176206543656
130403,13,2024-05-01,Office,45,986.91,357298.42,Available,,362.03749075396945
130434,13,2024-05-01,Apartment,48,1728.84,525419.08,Sold,C0193,303.91423150783186
130435,13,2024-05-01,Apartment,48,1728.84,541585.04,Sold,C1761,313.26498692765097
130449,13,2024-05-01,Apartment,50,1469.09,482069.52,Available,,328.1415842460299
130522,13,2024-05-01,Apartment,60,1401.81,370900.47,Sold,C1760,264.58683416440175
130527,13,2024-05-01,Apartment,60,1401.81,471079.28,Available,,336.0507344076587
130558,13,2024-05-01,Apartment,65,612.66,163574.83,Available,,266.99120229817515
130559,13,2024-05-01,Apartment,65,612.66,186656.42,Sold,C0550,304.6655893970555
130563,13,2024-05-01,Apartment,66,1283.8,388928.18,Sold,C0547,302.9507555694033
130594,13,2024-05-01,Apartment,69,736.95,184597.28,Available,,250.4882013705136
140036,14,2024-05-01,Apartment,6,1733.36,477046.12,Sold,C1319,275.2146813125952
140051,14,2024-05-01,Apartment,8,618.89,190875.59,Sold,C1035,308.41601900176124
140098,14,2024-05-01,Apartment,12,459.44,158892.76,Sold,C1130,345.84006616750827
140112,14,2024-05-01,Apartment,12,459.44,145907.47,Sold,C1847,317.57676736897093
140120,14,2024-05-01,Apartment,13,442.74,160735.05,Sold,C0458,363.0461444640195
140133,14,2024-05-01,Apartment,14,1628.68,518963.51,Sold,C0190,318.6405616818528
140191,14,2024-05-01,Apartment,21,1560.87,504051.85,Sold,C0806,322.930064643436
140218,14,2024-05-01,Office,23,1610.37,590849.87,Sold,C1642,366.90317753062965
140219,14,2024-05-01,Apartment,23,1610.37,501053.0,Sold,C0570,311.14153890099794
140259,14,2024-05-01,Apartment,29,1618.34,424083.22,Available,,262.048284044144
140308,14,2024-05-01,Apartment,35,1152.84,399680.68,Sold,C1532,346.69223829846294
140323,14,2024-05-01,Apartment,38,1170.11,390224.3,Sold,C0913,333.49368862756495
140340,14,2024-05-01,Apartment,40,532.44,151656.02,Available,,284.83213131996087
140346,14,2024-05-01,Apartment,41,543.61,172783.03,Sold,C1941,317.8437298798771
140369,14,2024-05-01,Office,45,1388.61,480678.5,Sold,C0847,346.15802853212926
140370,14,2024-05-01,Apartment,45,1388.61,386196.25,Sold,C1802,278.11714592290133
140372,14,2024-05-01,Office,45,1388.61,343689.96,Sold,C1985,247.50647049927628
140373,14,2024-05-01,Office,45,1388.61,458341.23,Sold,C1926,330.0719640503813
140376,14,2024-05-01,Office,46,1258.99,324485.55,Sold,C0781,257.7348112375793
140423,14,2024-05-01,Apartment,51,1346.3,387224.12,Sold,C0476,287.6209760083191
140447,14,2024-05-01,Apartment,52,571.74,154650.62,Sold,C0958,270.49116731381395
140462,14,2024-05-01,Apartment,55,1415.9,412499.97,Sold,C0109,291.3341125785719
150001,15,2024-05-01,Apartment,1,1596.51,523585.37,Sold,C1591,327.956210734665
150004,15,2024-05-01,Apartment,1,1596.51,435265.83,Available,,272.63583065561755
150010,15,2024-05-01,Apartment,2,1522.89,455019.48,Sold,C0872,298.78683292949586
150012,15,2024-05-01,Apartment,2,1522.89,448686.87,Sold,C1142,294.62854835214625
150036,15,2024-05-01,Apartment,5,769.6,234637.02,Available,,304.8817827442827
150037,15,2024-05-01,Apartment,5,769.6,169312.0,Sold,C1163,220.0
150042,15,2024-05-01,Apartment,6,938.57,278827.02,Sold,C1986,297.0764247738581
150079,15,2024-05-01,Apartment,12,992.68,321109.42,Sold,C0778,323.47727364306724
150093,15,2024-05-01,Office,15,522.71,198889.9,Sold,C1783,380.49759905109903
150100,15,2024-05-01,Apartment,15,522.71,177455.16,Sold,C1327,339.49065447379996
150145,15,2024-05-01,Apartment,17,562.64,172104.74,Available,,305.8878501350775
150146,15,2024-05-01,Apartment,17,562.64,170544.82,Available,,303.11534906867627
150171,15,2024-05-01,Apartment,22,1317.29,397474.25,Sold,C0968,301.73632988939414
150263,15,2024-05-01,Office,31,1901.65,518564.66,Sold,C0380,272.6919569847238
150304,15,2024-05-01,Apartment,35,745.49,244548.78,Available,,328.03763967323505
150313,15,2024-05-01,Apartment,35,745.49,241648.03,Sold,C1031,324.14657473607963
150319,15,2024-05-01,Apartment,36,1424.81,469262.61,Sold,C1879,329.35100820460275
150330,15,2024-05-01,Apartment,38,585.57,173559.11,Sold,C1493,296.3934457024779
150355,15,2024-05-01,Apartment,43,1655.05,459923.31,Available,,277.89088547173804
150358,15,2024-05-01,Apartment,43,1655.05,494886.23,Available,,299.0158786743603
150366,15,2024-05-01,Apartment,44,1713.09,471234.5,Available,,275.07865903134103
150370,15,2024-05-01,Office,46,1672.19,580909.55,Sold,C0740,347.3944647438389
150384,15,2024-05-01,Apartment,48,1403.33,467931.57,Sold,C1047,333.44371601832785
150394,15,2024-05-01,Office,50,1841.5,622128.29,Sold,C0733,337.8377898452349
150401,15,2024-05-01,Office,50,1841.5,487888.3,Sold,C0332,264.9407005158838
150424,15,2024-05-01,Apartment,53,696.04,214855.74,Sold,C0051,308.68303545773233
150428,15,2024-05-01,Apartment,53,696.04,190081.1,Sold,C0053,273.0893339463249
150431,15,2024-05-01,Apartment,53,696.04,225592.91,Sold,C0814,324.10911729210966
150438,15,2024-05-01,Apartment,55,892.75,199337.08,Sold,C1009,223.28432371884625
150452,15,2024-05-01,Apartment,55,892.75,258561.18,Sold,C1549,289.62327639316715
150481,15,2024-05-01,Apartment,57,429.34,129874.21,Available,,302.49734476172733
150484,15,2024-05-01,Apartment,57,429.34,123902.56,Available,,288.5884380677319
150493,15,2024-05-01,Apartment,58,1750.89,489550.72,Sold,C1949,279.6010714550885
160036,16,2024-05-01,Office,5,749.15,212718.4,Available,,283.946339184409
160044,16,2024-05-01,Apartment,6,1062.34,337474.44,Sold,C1291,317.6708398441177
160059,16,2024-05-01,Apartment,8,986.18,298117.48,Sold,C1646,302.2951996592914
160068,16,2024-05-01,Apartment,8,986.18,323321.17,Available,,327.85208582611693
160070,16,2024-05-01,Apartment,8,986.18,339537.58,Sold,C0036,344.29574722667263
160076,16,2024-05-01,Apartment,9,1524.04,465908.64,Sold,C0978,305.7063069210782
160084,16,2024-05-01,Apartment,9,1524.04,413001.32,Sold,C1942,270.9911288417627
160085,16,2024-05-01,Apartment,10,1608.56,481870.89,Available,,299.5666248072811
160090,16,2024-05-01,Apartment,10,1608.56,462942.84,Sold,C1299,287.7995474212961
160134,16,2024-05-01,Apartment,16,1451.17,457255.05,Available,,315.09406203270464
160140,16,2024-05-01,Apartment,17,836.32,271374.98,Available,,324.487014539889
160146,16,2024-05-01,Apartment,18,1432.77,412459.53,Available,,287.8756045980862
160154,16,2024-05-01,Apartment,19,1163.06,386163.72,Sold,C1849,332.0239024641893
160255,16,2024-05-01,Office,29,489.49,142151.84,Sold,C0742,290.40805736582973
160262,16,2024-05-01,Office,31,1336.97,431255.44,Sold,C1468,322.5617927103824
160315,16,2024-05-01,Apartment,37,922.03,241260.03,Available,,261.66180059217163
160316,16,2024-05-01,Apartment,37,922.03,240529.29,Sold,C0768,260.8692667266792
160319,16,2024-05-01,Apartment,38,431.83,125388.18,Sold,C1219,290.3646805455851
160342,16,2024-05-01,Apartment,41,1001.72,309531.73,Sold,C1510,309.0002495707383
170002,17,2024-05-01,Apartment,1,530.28,161563.67,Sold,C0540,304.67615222146793
170067,17,2024-05-01,Apartment,9,1505.53,455786.14,Sold,C1999,302.74132033237464
170068,17,2024-05-01,Office,9,1505.53,427718.82,Sold,C0604,284.09850351703386
170070,17,2024-05-01,Apartment,9,1505.53,396440.12,Sold,C1206,263.32263056863695
170084,17,2024-05-01,Apartment,10,1059.07,320628.77,Sold,C0100,302.74558811032324
170094,17,2024-05-01,Apartment,11,596.22,178359.16,Sold,C1612,299.14991110663846
170108,17,2024-05-01,Apartment,13,916.9,272766.51,Sold,C0149,297.487741302214
170120,17,2024-05-01,Apartment,14,1646.02,568314.74,Sold,C1145,345.26599919806563
170169,17,2024-05-01,Apartment,17,1827.25,515350.54,Sold,C0425,282.0361417430565
170172,17,2024-05-01,Office,18,554.84,176141.69,Available,,317.4639355489871
170199,17,2024-05-01,Apartment,22,1221.66,304607.07,Sold,C1023,249.33866214822453
170206,17,2024-05-01,Apartment,23,1025.52,332480.57,Sold,C1279,324.20681215383416
170213,17,2024-05-01,Apartment,25,939.46,261579.72,Available,,278.4362506120537
170225,17,2024-05-01,Apartment,26,929.59,263358.97,Available,,283.30658677481466
170229,17,2024-05-01,Apartment,27,677.24,207636.64,Sold,C1777,306.5924044651822
170294,17,2024-05-01,Apartment,35,1667.01,479795.84,Sold,C0152,287.8182134480297
170298,17,2024-05-01,Apartment,37,644.06,204381.46,Sold,C0215,317.33295034624103
170326,17,2024-05-01,Office,39,1341.67,427064.4,Sold,C0345,318.3080787376926
170327,17,2024-05-01,Apartment,40,1583.13,555106.11,Sold,C1470,350.6383619791173
170402,17,2024-05-01,Apartment,48,1833.96,622276.58,Sold,C0854,339.3076075814085
170427,17,2024-05-01,Apartment,49,1283.67,425460.03,Available,,331.44034681810746
180014,18,2024-05-01,Office,2,650.96,196014.35,Sold,C0218,301.1158135676539
180018,18,2024-05-01,Apartment,3,524.48,142513.06,Sold,C1306,271.7225823672971
180030,18,2024-05-01,Apartment,4,1096.58,294232.9,Available,,268.318681719528
180045,18,2024-05-01,Apartment,5,883.32,287698.68,Available,,325.7015351175112
180114,18,2024-05-01,Apartment,15,1728.6,556047.5,Sold,C0670,321.6750549577693
180122,18,2024-05-01,Apartment,16,1360.96,385209.7,Available,,283.0426316717611
180123,18,2024-05-01,Apartment,16,1360.96,421724.13,Sold,C0728,309.87253850223374
180135,18,2024-05-01,Apartment,17,1195.81,365604.56,Sold,C1574,305.73800185648224
180178,18,2024-05-01,Apartment,23,1659.02,435031.56,Sold,C1809,262.222010584562
180202,18,2024-05-01,Office,26,1147.71,345920.26,Sold,C0195,301.40040602591245
180227,18,2024-05-01,Apartment,28,514.67,162825.0,Sold,C0680,316.3677696387977
180258,18,2024-05-01,Apartment,30,1795.66,550595.85,Sold,C1105,306.62589242952447
180259,18,2024-05-01,Apartment,30,1795.66,524465.49,Available,,292.0739393871891
180261,18,2024-05-01,Apartment,30,1795.66,514747.26,Sold,C0160,286.6618736286379
180264,18,2024-05-01,Apartment,30,1795.66,601666.05,Sold,C0663,335.06679995099296
180274,18,2024-05-01,Apartment,32,1512.9,366328.69,Sold,C1170,242.13675061140853
180295,18,2024-05-01,Apartment,36,1089.77,297402.36,Available,,272.9037870376318
180297,18,2024-05-01,Apartment,36,1089.77,296702.8,Sold,C1052,272.2618534186113
180303,18,2024-05-01,Apartment,36,1089.77,323040.69,Available,,296.43015498683206
180311,18,2024-05-01,Apartment,36,1089.77,311067.21,Sold,C0603,285.4429925580627
180331,18,2024-05-01,Apartment,38,1219.8,394533.66,Available,,323.4412690605017
180355,18,2024-05-01,Apartment,40,990.46,295510.6,Sold,C0293,298.35692506512123
180362,18,2024-05-01,Apartment,40,990.46,297021.88,Sold,C1472,299.8827615451406
180397,18,2024-05-01,Office,45,1627.52,590130.14,Sold,C0077,362.5947085135667
180408,18,2024-05-01,Apartment,45,1627.52,444502.63,Sold,C1266,273.11653927447895
180411,18,2024-05-01,Apartment,46,1410.38,511036.51,Available,,362.33958933053503
180426,18,2024-05-01,Apartment,48,564.59,162372.88,Sold,C1363,287.59432508546024
180427,18,2024-05-01,Apartment,48,564.59,179567.57,Available,,318.049504950495
180463,18,2024-05-01,Office,52,1424.54,494843.93,Sold,C1368,347.37103205245205
180468,18,2024-05-01,Apartment,53,1806.7,469502.09,Available,,259.86721093706757
180470,18,2024-05-01,Apartment,53,1806.7,595879.26,Sold,C0724,329.8163834615597
180481,18,2024-05-01,Apartment,53,1806.7,577922.22,Sold,C0120,319.8772458072729
180511,18,2024-05-01,Apartment,57,636.39,201438.23,Sold,C1898,316.532676503402
180556,18,2024-05-01,Apartment,64,893.66,248257.94,Sold,C1408,277.79909585300896
190006,19,2024-05-01,Apartment,2,1550.33,439908.0,Available,,283.7512013571304
190076,19,2024-05-01,Apartment,11,1869.93,557814.29,Sold,C0856,298.3075783585482
190085,19,2024-05-01,Apartment,13,766.61,208167.63,Sold,C0463,271.54306622663415
190097,19,2024-05-01,Apartment,14,630.47,179792.45,Sold,C1239,285.1720938347582
190111,19,2024-05-01,Apartment,15,538.06,142969.08,Sold,C0494,265.7121510612199
190128,19,2024-05-01,Apartment,18,1599.44,475402.53,Available,,297.23061196418746
190135,19,2024-05-01,Apartment,18,1599.44,492421.76,Sold,C0393,307.871354974241
190146,19,2024-05-01,Apartment,19,1697.73,536481.69,Available,,315.9994168684066
190148,19,2024-05-01,Apartment,19,1697.73,426901.6,Sold,C1792,251.45435375471953
190162,19,2024-05-01,Office,20,1772.03,508492.65,Sold,C1437,286.95487661044115
190211,19,2024-05-01,Apartment,26,668.24,184466.93,Sold,C0972,276.0489195498623
190233,19,2024-05-01,Office,28,1599.78,568201.89,Available,,355.17501781494957
190262,19,2024-05-01,Apartment,30,673.27,160712.42,Sold,C0067,238.70426426248017
190263,19,2024-05-01,Apartment,30,673.27,183306.76,Available,,272.2633713072022
190273,19,2024-05-01,Office,31,1089.64,310351.72,Sold,C0574,284.8204177526522
190277,19,2024-05-01,Apartment,32,1048.61,312962.3,Sold,C1925,298.45443015038956
190283,19,2024-05-01,Apartment,33,1454.84,456061.7,Sold,C1583,313.4789392647989
190289,19,2024-05-01,Office,34,783.42,238506.76,Sold,C1812,304.44303183477575
190295,19,2024-05-01,Apartment,35,1099.62,337529.18,Available,,306.9507466215602
190318,19,2024-05-01,Apartment,39,1237.04,381910.97,Sold,C1728,308.7296853779991
190353,19,2024-05-01,Office,41,1657.19,438502.98,Sold,C1021,264.60633964723417
190381,19,2024-05-01,Apartment,43,1697.72,498887.12,Sold,C0790,293.8571260278491
190409,19,2024-05-01,Apartment,46,1926.19,546910.59,Sold,C0848,283.9338746437267
200033,20,2024-05-01,Apartment,3,1645.93,500359.24,Available,,303.9978856938023
200041,20,2024-05-01,Apartment,4,631.75,190860.98,Sold,C0438,302.1147289275821
200056,20,2024-05-01,Apartment,6,1401.0,504544.59,Sold,C1692,360.13175588865096
200088,20,2024-05-01,Office,12,856.15,325919.56,Available,,380.6804415114174
200112,20,2024-05-01,Office,15,1805.12,588372.59,Sold,C0788,325.94652433079244
200118,20,2024-05-01,Apartment,16,645.44,225236.42,Sold,C0954,348.96569781854237
200126,20,2024-05-01,Apartment,16,645.44,189004.45,Sold,C0023,292.8303947694596
200143,20,2024-05-01,Apartment,17,1089.33,322504.11,Sold,C0168,296.05731045688634
200148,20,2024-05-01,Apartment,18,1868.01,557469.37,Sold,C1200,298.42954266840115
200185,20,2024-05-01,Apartment,19,759.72,226302.61,Sold,C1981,297.8763360185331
200214,20,2024-05-01,Office,26,1941.62,583770.52,Sold,C0057,300.66157126523217
200221,20,2024-05-01,Apartment,27,993.62,336064.45,Available,,338.22230832712705
200229,20,2024-05-01,Apartment,29,1844.16,628812.33,Sold,C0005,340.97493167621025
200260,20,2024-05-01,Apartment,30,1703.94,547470.63,Available,,321.29689425684
200344,20,2024-05-01,Apartment,37,632.35,178371.29,Sold,C0312,282.07684035739703
200348,20,2024-05-01,Apartment,38,1499.47,484664.3,Sold,C0992,323.2237390544659
200350,20,2024-05-01,Apartment,38,1499.47,476655.47,Available,,317.8826318632583
200392,20,2024-05-01,Apartment,43,1697.49,488991.11,Sold,C1429,288.0671520892612
200397,20,2024-05-01,Apartment,45,1532.67,462288.76,Sold,C1955,301.62315436460557
200424,20,2024-05-01,Apartment,48,860.8,289841.72,Sold,C1575,336.71203531598513
200445,20,2024-05-01,Apartment,50,493.06,171624.15,Sold,C1793,348.079645479252
200452,20,2024-05-01,Apartment,51,1062.33,345373.29,Available,,325.10923159470224
200454,20,2024-05-01,Apartment,51,1062.33,355350.57,Available,,334.5011154725933
200459,20,2024-05-01,Apartment,51,1062.33,272335.56,Sold,C1576,256.3568382705939
200463,20,2024-05-01,Apartment,51,1062.33,324442.59,Available,,305.40659682019714
200481,20,2024-05-01,Apartment,54,589.61,173347.8,Sold,C1644,294.004172249453
990026,5,2024-05-01,Apartment,51,789.25,199216.4,Available,,252.4122901488755
1009,1,2024-06-01,Office,9,1200.82,317196.4,Sold,C0054,264.1498309488517
2007,2,2024-06-01,Apartment,7,723.93,196142.19,Sold,C0125,270.9408230077494
2044,2,2024-06-01,Apartment,44,722.96,250773.15,Sold,C0055,346.8700204713953
3015,3,2024-06-01,Apartment,15,720.7,207281.59,Sold,C0040,287.6114749549049
3051,3,2024-06-01,Apartment,51,1357.16,385447.69,Available,,284.0104998673701
4002,4,2024-06-01,Apartment,2,789.25,231348.93,Available,,293.12503009185934
5018,5,2024-06-01,Apartment,18,1057.92,271227.49,Available,,256.37807206594067
10037,1,2024-06-01,Apartment,4,633.61,211564.72,Available,,333.90369470178814
10038,1,2024-06-01,Office,4,633.61,207099.8,Sold,C0758,326.8568993544925
10048,1,2024-06-01,Apartment,6,740.75,235640.11,Available,,318.11017212284844
10051,1,2024-06-01,Apartment,6,740.75,225076.85,Sold,C1401,303.84994937563283
10060,1,2024-06-01,Office,7,758.88,222419.24,Available,,293.08881509593084
10063,1,2024-06-01,Apartment,8,763.88,274165.11,Sold,C1597,358.91122951248883
10074,1,2024-06-01,Apartment,10,1439.52,349187.69,Sold,C1837,242.57230882516396
10109,1,2024-06-01,Apartment,14,1181.69,375616.46,Sold,C1105,317.8637883031929
10139,1,2024-06-01,Office,18,716.85,219508.45,Sold,C1772,306.2125270279696
10149,1,2024-06-01,Apartment,19,773.17,219291.92,Sold,C0625,283.6270419183362
10165,1,2024-06-01,Office,21,1957.16,526058.84,Sold,C0567,268.7868339839359
10187,1,2024-06-01,Apartment,23,1201.5,276708.33,Sold,C1900,230.30239700374534
10263,1,2024-06-01,Apartment,29,757.2,210506.46,Available,,278.0064183835182
10270,1,2024-06-01,Apartment,29,757.2,224787.88,Sold,C0330,296.8672477548864
10271,1,2024-06-01,Apartment,29,757.2,228687.82,Available,,302.01772319070255
10279,1,2024-06-01,Apartment,30,753.29,243911.06,Sold,C0242,323.7943687026245
10291,1,2024-06-01,Office,31,619.78,200210.02,Sold,C1192,323.03401206879863
10309,1,2024-06-01,Apartment,33,827.74,242694.53,Sold,C0034,293.2014038224563
10387,1,2024-06-01,Apartment,45,767.46,241846.09,Sold,C0105,315.1253355223725
20004,2,2024-06-01,Apartment,1,706.3,233124.97,Sold,C1102,330.06508565765256
20008,2,2024-06-01,Apartment,1,706.3,204997.52,Sold,C0076,290.2414271555996
20020,2,2024-06-01,Apartment,3,645.84,179062.73,Sold,C0745,277.2555586522978
20022,2,2024-06-01,Apartment,3,645.84,186825.58,Sold,C1744,289.2753313514183
20028,2,2024-06-01,Apartment,3,645.84,207709.77,Sold,C0853,321.6118078781122
20073,2,2024-06-01,Office,8,715.54,217319.81,Sold,C1134,303.7144114934176
20119,2,2024-06-01,Apartment,15,1603.33,455712.93,Sold,C1624,284.2290295821821
20120,2,2024-06-01,Apartment,15,1603.33,507748.67,Available,,316.6838205484835
20137,2,2024-06-01,Apartment,17,1397.4,394000.01,Sold,C0393,281.95220409331614
20142,2,2024-06-01,Apartment,17,1397.4,397081.68,Sold,C0360,284.1574924860455
20170,2,2024-06-01,Apartment,20,727.55,247073.99,Sold,C1593,339.5972647927978
20220,2,2024-06-01,Apartment,24,785.12,243597.84,Sold,C1162,310.2682901976768
20241,2,2024-06-01,Apartment,26,1577.79,523520.73,Sold,C0265,331.8063430494552
20266,2,2024-06-01,Apartment,31,629.92,189529.43,Sold,C0217,300.8785718821438
20270,2,2024-06-01,Apartment,32,925.63,255847.44,Sold,C1359,276.4035737821808
20272,2,2024-06-01,Apartment,32,925.63,221533.82,Sold,C0415,239.3330164320517
20283,2,2024-06-01,Apartment,33,931.4,243101.66,Available,,261.00672106506335
20295,2,2024-06-01,Office,35,1391.68,423238.84,Sold,C0813,304.1208036330191
20306,2,2024-06-01,Apartment,36,641.72,209926.73,Available,,327.13135012154834
20326,2,2024-06-01,Apartment,39,788.77,237883.82,Available,,301.58832105683535
20363,2,2024-06-01,Apartment,42,786.45,223297.56,Available,,283.9310318519931
20405,2,2024-06-01,Apartment,47,708.32,197007.65,Sold,C0400,278.1336825163767
20406,2,2024-06-01,Office,47,708.32,188014.56,Sold,C0537,265.4373164671335
20440,2,2024-06-01,Apartment,51,699.31,206388.13,Sold,C0283,295.1311006563613
20490,2,2024-06-01,Apartment,57,789.52,217378.39,Available,,275.32980798459823
20492,2,2024-06-01,Apartment,57,789.52,275548.06,Sold,C1950,349.0070675853683
30023,3,2024-06-01,Apartment,2,672.64,241432.47,Available,,358.9326682921028
30033,3,2024-06-01,Apartment,4,719.96,230528.92,Sold,C0211,320.1968442691261
30041,3,2024-06-01,Apartment,4,719.96,214613.17,Sold,C1149,298.09040780043335
30061,3,2024-06-01,Office,7,744.01,223349.45,Sold,C0871,300.1968387521673
30063,3,2024-06-01,Apartment,7,744.01,234370.71,Sold,C0117,315.0101611537479
30064,3,2024-06-01,Apartment,7,744.01,212281.58,Available,,285.32086934315396
30101,3,2024-06-01,Apartment,9,1125.84,353144.13,Sold,C0292,313.67168514176086
30148,3,2024-06-01,Apartment,15,1230.25,319403.26,Sold,C1399,259.6246779109937
30156,3,2024-06-01,Apartment,18,706.68,229412.62,Sold,C0005,324.63437482311656
30183,3,2024-06-01,Apartment,20,802.97,245079.83,Available,,305.216670610359
30189,3,2024-06-01,Office,20,802.97,192754.81,Sold,C0488,240.05231826842845
30242,3,2024-06-01,Apartment,27,1117.14,332759.79,Sold,C1073,297.867581502766
30263,3,2024-06-01,Apartment,29,666.0,180178.15,Available,,270.5377627627628
30288,3,2024-06-01,Apartment,34,768.76,247152.29,Available,,321.49473177584684
30327,3,2024-06-01,Apartment,40,678.71,240523.77,Sold,C0834,354.3837132206686
30336,3,2024-06-01,Apartment,41,965.5,314592.39,Sold,C1361,325.83365095805283
30345,3,2024-06-01,Office,42,1343.96,439747.03,Available,,327.2024688234769
30373,3,2024-06-01,Apartment,46,1599.81,538098.62,Sold,C1793,336.35157925003597
30436,3,2024-06-01,Apartment,50,713.67,217307.23,Sold,C1971,304.49259461655953
30459,3,2024-06-01,Apartment,54,787.64,226236.28,Sold,C0508,287.233101416891
30510,3,2024-06-01,Apartment,59,1353.02,439606.13,Available,,324.9073406158076
40002,4,2024-06-01,Apartment,1,1615.98,486273.9,Available,,300.9157910370178
40003,4,2024-06-01,Apartment,1,1615.98,419401.36,Sold,C0276,259.5337566058986
40007,4,2024-06-01,Apartment,1,1615.98,542134.93,Sold,C1418,335.4836879169297
40015,4,2024-06-01,Apartment,2,1620.07,531362.61,Sold,C0811,327.98743881437224
40034,4,2024-06-01,Apartment,4,783.03,176619.49,Available,,225.55903349807798
40039,4,2024-06-01,Office,4,783.03,275110.41,Sold,C0382,351.34082985326233
40043,4,2024-06-01,Office,4,783.03,246228.64,Available,,314.45620218893276
40056,4,2024-06-01,Apartment,5,786.98,251554.82,Sold,C1228,319.6457597397647
40093,4,2024-06-01,Office,12,789.38,243288.52,Sold,C1496,308.20203197446097
40098,4,2024-06-01,Apartment,13,809.06,228891.79,Sold,C1038,282.91077299582236
40101,4,2024-06-01,Apartment,13,809.06,230130.03,Sold,C0097,284.44124045188244
40109,4,2024-06-01,Apartment,14,1322.66,381470.55,Sold,C1104,288.41164774015994
40171,4,2024-06-01,Apartment,21,801.66,272945.8,Sold,C0832,340.4757627922062
40178,4,2024-06-01,Apartment,22,737.92,200210.26,Sold,C1311,271.3170262359064
40180,4,2024-06-01,Apartment,22,737.92,230992.44,Sold,C0073,313.0318191673894
40183,4,2024-06-01,Apartment,22,737.92,248198.92,Available,,336.34936036426717
40188,4,2024-06-01,Apartment,23,1110.99,357128.99,Available,,321.45112917307983
40206,4,2024-06-01,Office,26,790.05,239629.75,Sold,C0747,303.3096006581862
40231,4,2024-06-01,Office,27,1130.51,409113.91,Available,,361.8843796162794
40270,4,2024-06-01,Apartment,31,793.1,255651.88,Sold,C1119,322.34507628294034
40273,4,2024-06-01,Office,32,1328.09,425602.22,Sold,C1045,320.4618813484026
40306,4,2024-06-01,Apartment,37,800.13,279019.73,Sold,C1688,348.7179958256783
40313,4,2024-06-01,Apartment,38,800.08,261905.49,Sold,C0600,327.34912758724124
40318,4,2024-06-01,Apartment,39,743.73,227362.44,Sold,C0592,305.7056189746279
40345,4,2024-06-01,Apartment,41,779.87,241306.2,Sold,C1735,309.41849282572736
40352,4,2024-06-01,Apartment,42,738.34,220006.69,Sold,C0196,297.9747677221876
40406,4,2024-06-01,Apartment,46,800.23,244162.91,Available,,305.11591667395624
40411,4,2024-06-01,Apartment,47,805.88,244393.48,Sold,C1322,303.26286792078224
40414,4,2024-06-01,Apartment,48,1621.39,511639.2,Sold,C0978,315.5559119027501
40415,4,2024-06-01,Apartment,49,739.7,244250.08,Sold,C0777,330.2015411653373
40435,4,2024-06-01,Apartment,51,802.11,218500.34,Sold,C1776,272.4069516649836
50026,5,2024-06-01,Apartment,5,821.43,260697.66,Available,,317.3705123991089
50058,5,2024-06-01,Office,9,793.56,250072.13,Sold,C0772,315.1269343212864
50063,5,2024-06-01,Apartment,9,793.56,236222.6,Available,,297.6745299662282
50084,5,2024-06-01,Apartment,11,1058.56,322810.75,Available,,304.9527187877872
50104,5,2024-06-01,Apartment,13,791.13,257161.54,Sold,C0318,325.05598321388396
50145,5,2024-06-01,Apartment,19,819.72,254253.54,Sold,C1962,310.1712048016396
50151,5,2024-06-01,Apartment,20,804.84,202296.39,Sold,C1468,251.34982108245117
50153,5,2024-06-01,Apartment,20,804.84,202928.64,Sold,C0135,252.13538094528107
50167,5,2024-06-01,Apartment,22,1059.78,260715.95,Available,,246.00950197210744
50169,5,2024-06-01,Apartment,22,1059.78,359054.49,Sold,C1159,338.80096812546
50172,5,2024-06-01,Apartment,23,1006.65,272070.17,Sold,C1343,270.2728555108528
50190,5,2024-06-01,Apartment,24,807.02,245591.43,Sold,C0576,304.3188892468588
50214,5,2024-06-01,Apartment,28,1247.24,388946.75,Sold,C0646,311.8459558705622
50239,5,2024-06-01,Apartment,32,1051.39,324712.23,Available,,308.8408963372297
50273,5,2024-06-01,Apartment,36,627.56,160884.82,Available,,256.3656383453375
50301,5,2024-06-01,Apartment,40,1053.41,326386.96,Sold,C1187,309.83848643927814
50322,5,2024-06-01,Apartment,42,791.2,229347.59,Available,,289.8730915065723
50323,5,2024-06-01,Office,42,791.2,264319.55,Sold,C0595,334.07425429726993
50342,5,2024-06-01,Apartment,44,806.03,281332.1,Sold,C0820,349.0342791211245
50408,5,2024-06-01,Apartment,47,1241.14,361880.91,Sold,C1272,291.57138598385353
50410,5,2024-06-01,Apartment,47,1241.14,374761.15,Sold,C1229,301.9491354722271
50412,5,2024-06-01,Apartment,47,1241.14,390460.54,Sold,C1135,314.59830478431115
60037,6,2024-06-01,Apartment,4,1925.28,603075.18,Available,,313.2402455746697
60049,6,2024-06-01,Office,4,1925.28,591434.36,Sold,C0918,307.19394581567354
60064,6,2024-06-01,Apartment,6,951.22,312973.47,Available,,329.02322280860363
60074,6,2024-06-01,Apartment,7,1075.42,336562.17,Sold,C0597,312.9588160904576
60106,6,2024-06-01,Apartment,8,986.97,298751.02,Sold,C1589,302.6951376434948
60116,6,2024-06-01,Apartment,10,942.08,266254.66,Sold,C1707,282.6242569633152
60132,6,2024-06-01,Apartment,10,942.08,312462.36,Sold,C1360,331.67285156249994
60142,6,2024-06-01,Apartment,12,1678.17,486971.08,Sold,C0241,290.1798268351836
60144,6,2024-06-01,Apartment,12,1678.17,501616.65,Sold,C0215,298.9069343391909
60151,6,2024-06-01,Apartment,12,1678.17,516468.06,Sold,C1858,307.75669926169576
60172,6,2024-06-01,Apartment,15,1392.45,380225.91,Sold,C0607,273.0625228913067
60175,6,2024-06-01,Apartment,16,1687.92,583294.59,Sold,C1048,345.5700447888525
60176,6,2024-06-01,Apartment,16,1687.92,539630.58,Available,,319.70151428977675
60188,6,2024-06-01,Apartment,18,1086.3,290813.53,Available,,267.7101445272945
60201,6,2024-06-01,Apartment,19,1542.71,542596.7,Available,,351.7165896377154
60205,6,2024-06-01,Apartment,19,1542.71,421263.63,Sold,C0222,273.06728419469636
60230,6,2024-06-01,Office,21,833.23,249582.36,Sold,C0079,299.53597446083313
60266,6,2024-06-01,Apartment,28,1723.12,454697.17,Available,,263.88015344259253
60278,6,2024-06-01,Apartment,30,552.59,158528.72,Sold,C0510,286.8830778696683
60282,6,2024-06-01,Apartment,31,1768.9,389158.0,Available,,220.0
60293,6,2024-06-01,Office,33,1131.0,285599.91,Available,,252.5198143236074
60300,6,2024-06-01,Office,33,1131.0,357969.1,Sold,C1785,316.5067197170645
60311,6,2024-06-01,Apartment,34,1353.81,404268.31,Sold,C1729,298.6152488163036
60320,6,2024-06-01,Apartment,35,999.85,314469.22,Available,,314.51639745961893
60331,6,2024-06-01,Apartment,37,1721.96,519841.25,Sold,C0599,301.8892715277939
60339,6,2024-06-01,Apartment,37,1721.96,474499.21,Sold,C0376,275.55762619340754
60356,6,2024-06-01,Apartment,40,1640.68,407646.04,Sold,C1366,248.4616378574737
60362,6,2024-06-01,Apartment,41,940.72,338571.79,Sold,C0322,359.90708180967766
60375,6,2024-06-01,Apartment,43,1492.81,510616.13,Sold,C1155,342.0503145075395
60378,6,2024-06-01,Office,43,1492.81,470276.81,Available,,315.0279071013726
60379,6,2024-06-01,Office,43,1492.81,397046.73,Available,,265.9727158848078
60380,6,2024-06-01,Apartment,43,1492.81,463180.98,Sold,C0176,310.27456943616403
60428,6,2024-06-01,Apartment,51,1476.63,409110.59,Available,,277.0569404657903
60431,6,2024-06-01,Apartment,51,1476.63,443662.17,Sold,C1036,300.4558826517137
70025,7,2024-06-01,Apartment,5,1144.09,305670.88,Sold,C0186,267.1738062565008
70032,7,2024-06-01,Apartment,5,1144.09,362755.75,Sold,C0138,317.06924280432486
70034,7,2024-06-01,Apartment,5,1144.09,352076.14,Sold,C0496,307.73465374227555
70040,7,2024-06-01,Apartment,7,1071.02,291584.63,Available,,272.24947246550016
70046,7,2024-06-01,Apartment,8,1561.28,429513.17,Available,,275.10322940151667
70047,7,2024-06-01,Apartment,8,1561.28,491819.7,Sold,C1837,315.0105682516909
70071,7,2024-06-01,Apartment,10,1495.37,469669.56,Sold,C1080,314.08250800805155
70072,7,2024-06-01,Apartment,10,1495.37,440670.26,Sold,C0145,294.68978246186566
70080,7,2024-06-01,Apartment,12,804.65,219643.49,Sold,C1431,272.96773752563223
70096,7,2024-06-01,Apartment,13,604.6,175373.36,Sold,C0916,290.0651008931525
70099,7,2024-06-01,Apartment,13,604.6,191788.99,Sold,C0181,317.2163248428713
70112,7,2024-06-01,Apartment,15,602.92,157355.06,Available,,260.9882903204405
70126,7,2024-06-01,Apartment,15,602.92,180042.93,Sold,C0688,298.61827439793007
70162,7,2024-06-01,Office,19,751.07,268795.74,Sold,C0973,357.8837391987431
70166,7,2024-06-01,Apartment,19,751.07,220051.06,Sold,C0687,292.9834236489275
70172,7,2024-06-01,Apartment,19,751.07,239960.5,Sold,C0516,319.4915254237288
70206,7,2024-06-01,Apartment,23,1222.69,346238.65,Sold,C0186,283.1777883191978
70208,7,2024-06-01,Office,23,1222.69,370617.4,Sold,C0325,303.1164072659464
70238,7,2024-06-01,Apartment,26,717.0,173139.43,Sold,C1919,241.4775871687587
70285,7,2024-06-01,Office,34,1487.05,441928.46,Available,,297.18466763054374
70288,7,2024-06-01,Apartment,35,613.21,196422.95,Available,,320.3192218000359
70294,7,2024-06-01,Apartment,35,613.21,192239.46,Available,,313.496942319923
70300,7,2024-06-01,Apartment,35,613.21,200969.37,Sold,C1236,327.73335398966094
70306,7,2024-06-01,Apartment,36,1748.75,476178.74,Sold,C0883,272.2966347390994
70320,7,2024-06-01,Apartment,38,1755.26,508002.04,Sold,C1302,289.416975262924
70329,7,2024-06-01,Apartment,38,1755.26,531318.81,Sold,C1344,302.7009161035972
70390,7,2024-06-01,Apartment,44,1859.83,531593.91,Sold,C1109,285.8293016028347
70414,7,2024-06-01,Office,48,533.35,160290.77,Sold,C1603,300.5358020061873
70434,7,2024-06-01,Apartment,50,502.02,169117.16,Sold,C0957,336.8733516592965
70452,7,2024-06-01,Apartment,54,1940.69,568937.95,Sold,C1522,293.16271532290057
70461,7,2024-06-01,Apartment,54,1940.69,483718.98,Available,,249.25102927309356
70478,7,2024-06-01,Apartment,56,1589.6,542304.45,Sold,C0856,341.15780699547054
80007,8,2024-06-01,Apartment,1,1109.29,316502.81,Sold,C1660,285.32016875659207
80010,8,2024-06-01,Apartment,2,1097.36,301641.79,Sold,C0321,274.87951993876214
80043,8,2024-06-01,Apartment,5,887.23,254400.82,Sold,C0940,286.73604364144586
80061,8,2024-06-01,Apartment,6,1370.17,415532.62,Sold,C1491,303.270849602604
80081,8,2024-06-01,Apartment,9,1869.81,583919.98,Sold,C0108,312.28840363459386
80091,8,2024-06-01,Apartment,10,737.92,237539.69,Sold,C0752,321.90439343018215
80095,8,2024-06-01,Apartment,11,742.87,229209.8,Sold,C1370,308.546313621495
80103,8,2024-06-01,Apartment,13,660.3,198403.06,Sold,C0255,300.47411782523096
80119,8,2024-06-01,Apartment,14,685.93,213463.01,Sold,C1860,311.20232385228815
80168,8,2024-06-01,Apartment,22,1495.57,445954.78,Sold,C0550,298.1838228902693
80182,8,2024-06-01,Apartment,26,1625.38,555296.53,Sold,C1295,341.64105009290137
80195,8,2024-06-01,Apartment,27,1376.34,375052.48,Sold,C1016,272.4998764840083
80196,8,2024-06-01,Apartment,27,1376.34,413270.23,Sold,C0682,300.267542903643
80228,8,2024-06-01,Apartment,30,1070.46,323302.12,Sold,C1902,302.0216729256581
80252,8,2024-06-01,Apartment,31,1253.18,304765.28,Sold,C1976,243.19353963516815
80259,8,2024-06-01,Apartment,31,1253.18,433975.99,Sold,C0631,346.29980529532867
80276,8,2024-06-01,Apartment,33,1809.87,514705.32,Sold,C1850,284.38800576837014
80283,8,2024-06-01,Apartment,33,1809.87,545577.55,Sold,C0793,301.4457115704443
80286,8,2024-06-01,Apartment,33,1809.87,568415.25,Sold,C1996,314.06413167796586
80305,8,2024-06-01,Apartment,36,673.86,207100.33,Sold,C0166,307.33435728489593
80329,8,2024-06-01,Apartment,37,890.65,266626.12,Sold,C1774,299.36127547296917
80332,8,2024-06-01,Apartment,37,890.65,285851.51,Sold,C1839,320.94707236288104
80353,8,2024-06-01,Apartment,41,610.26,195491.76,Sold,C0110,320.34175597286406
80355,8,2024-06-01,Apartment,42,1473.68,463480.05,Sold,C1766,314.5052182291949
80360,8,2024-06-01,Apartment,43,1490.59,453691.82,Available,,304.37063176326154
80362,8,2024-06-01,Apartment,43,1490.59,411103.5,Available,,275.7991801903944
80395,8,2024-06-01,Apartment,46,1175.51,362891.42,Sold,C1600,308.7097685260015
80398,8,2024-06-01,Apartment,46,1175.51,445068.24,Sold,C1773,378.6171448988099
80406,8,2024-06-01,Apartment,47,543.08,161394.43,Sold,C1859,297.1835272887972
80479,8,2024-06-01,Apartment,56,1874.7,473611.55,Sold,C0168,252.63324798634446
90049,9,2024-06-01,Apartment,8,1315.55,435222.01,Sold,C0874,330.828938466801
90058,9,2024-06-01,Apartment,10,1172.34,311743.31,Sold,C0057,265.91544261903545
90061,9,2024-06-01,Apartment,11,559.6,168433.25,Sold,C1062,300.9886526090064
90072,9,2024-06-01,Apartment,12,952.38,285574.09,Sold,C1193,299.8530943530944
90091,9,2024-06-01,Apartment,15,1732.33,545279.84,Sold,C1293,314.7667245848077
90095,9,2024-06-01,Apartment,16,924.6,259266.94,Sold,C1151,280.4098420938784
90097,9,2024-06-01,Apartment,16,924.6,322492.37,Sold,C0531,348.7912286394116
90098,9,2024-06-01,Apartment,16,924.6,274763.58,Sold,C0952,297.170214146658
90118,9,2024-06-01,Office,18,860.97,247067.76,Sold,C1172,286.96442384752083
90135,9,2024-06-01,Apartment,21,1261.65,409255.12,Sold,C1855,324.3808663258431
90160,9,2024-06-01,Apartment,25,1904.38,579567.49,Sold,C0530,304.333951207217
90187,9,2024-06-01,Apartment,27,1207.33,375316.39,Sold,C0992,310.86479255878675
90202,9,2024-06-01,Apartment,30,1250.17,345570.15,Sold,C0721,276.41852708031706
90237,9,2024-06-01,Apartment,33,973.52,285383.07,Sold,C1686,293.1455645492645
90244,9,2024-06-01,Apartment,34,1577.36,469331.42,Sold,C1336,297.54236192118475
90332,9,2024-06-01,Apartment,39,1839.34,577426.88,Sold,C0326,313.93156240825516
90350,9,2024-06-01,Apartment,41,1488.32,435540.27,Available,,292.6388612663944
90353,9,2024-06-01,Apartment,41,1488.32,448582.79,Available,,301.40211110513866
90355,9,2024-06-01,Apartment,41,1488.32,463001.84,Sold,C1387,311.09024940872933
90380,9,2024-06-01,Apartment,45,786.13,293555.19,Sold,C1554,373.41812422881713
90383,9,2024-06-01,Office,45,786.13,222973.92,Sold,C0963,283.63492043300727
90397,9,2024-06-01,Apartment,47,1262.78,384736.43,Sold,C1128,304.67415543483423
90493,9,2024-06-01,Apartment,58,838.34,242722.37,Sold,C1060,289.5273635994942
90512,9,2024-06-01,Apartment,58,838.34,246465.48,Sold,C1719,293.99227043920126
90515,9,2024-06-01,Office,59,1697.13,556945.98,Sold,C1511,328.1693093634547
90520,9,2024-06-01,Apartment,59,1697.13,534178.9,Sold,C1562,314.75426160635897
90522,9,2024-06-01,Apartment,59,1697.13,450186.35,Sold,C1065,265.2633269107257
90527,9,2024-06-01,Apartment,60,1919.77,543292.36,Sold,C0800,282.9986717158826
100003,10,2024-06-01,Apartment,1,1006.89,334266.66,Sold,C1321,331.97932246819414
100004,10,2024-06-01,Apartment,1,1006.89,312546.55,Available,,310.40783998252044
100009,10,2024-06-01,Apartment,2,1830.46,592851.63,Sold,C0579,323.881226576926
100014,10,2024-06-01,Office,3,1197.61,394120.88,Sold,C1031,329.0895032606608
100020,10,2024-06-01,Apartment,4,1765.37,610483.4,Available,,345.81045333272914
100032,10,2024-06-01,Apartment,4,1765.37,510799.0,Available,,289.3438769209854
100064,10,2024-06-01,Apartment,8,1054.86,310600.71,Sold,C0740,294.44732950344127
100072,10,2024-06-01,Apartment,9,1849.4,570604.36,Available,,308.53485454742076
100089,10,2024-06-01,Apartment,11,1675.44,490797.12,Sold,C0737,292.9362555507807
100125,10,2024-06-01,Apartment,16,1169.15,360551.22,Available,,308.38747808236747
100129,10,2024-06-01,Apartment,17,647.35,208354.22,Sold,C1015,321.8571406503437
100151,10,2024-06-01,Apartment,19,948.04,268237.71,Available,,282.9392325218345
100179,10,2024-06-01,Apartment,24,708.64,169191.18,Sold,C1184,238.7547696997065
100182,10,2024-06-01,Office,25,1487.17,475205.98,Sold,C0411,319.5370939435303
100188,10,2024-06-01,Office,25,1487.17,450549.44,Available,,302.9575905915262
100206,10,2024-06-01,Apartment,26,1294.85,400543.99,Sold,C1943,309.3362088272773
100224,10,2024-06-01,Apartment,28,1606.58,441336.2,Available,,274.70539904642163
100226,10,2024-06-01,Apartment,28,1606.58,441602.33,Sold,C1156,274.87104906073773
100251,10,2024-06-01,Apartment,30,1559.4,448712.69,Sold,C0794,287.7470116711556
100261,10,2024-06-01,Apartment,31,1499.0,388799.01,Sold,C0654,259.3722548365577
100268,10,2024-06-01,Apartment,31,1499.0,344108.77,Sold,C1489,229.5588859239493
100271,10,2024-06-01,Apartment,31,1499.0,448849.01,Sold,C0358,299.4322948632422
100275,10,2024-06-01,Apartment,31,1499.0,403651.55,Sold,C1527,269.2805537024683
100382,10,2024-06-01,Apartment,44,1224.71,327026.78,Available,,267.02385054421046
100388,10,2024-06-01,Apartment,44,1224.71,399400.23,Sold,C1708,326.11820757567097
100428,10,2024-06-01,Apartment,50,1138.32,374160.62,Available,,328.69546349005554
110028,11,2024-06-01,Apartment,3,1479.84,429554.86,Available,,290.2711509352362
110030,11,2024-06-01,Apartment,3,1479.84,398527.61,Sold,C1962,269.3045261649908
110046,11,2024-06-01,Apartment,6,1724.08,459433.77,Sold,C0935,266.48054034615564
110053,11,2024-06-01,Apartment,6,1724.08,543452.8,Sold,C1449,315.2132151640296
110056,11,2024-06-01,Apartment,6,1724.08,537245.49,Available,,311.6128543919076
110079,11,2024-06-01,Apartment,10,1519.64,431989.62,Available,,284.27102471638017
110088,11,2024-06-01,Apartment,10,1519.64,442267.25,Available,,291.03422521123423
110101,11,2024-06-01,Apartment,11,1581.88,471126.35,Available,,297.8268579158975
110119,11,2024-06-01,Office,13,474.93,140986.81,Sold,C0712,296.85808434927253
110121,11,2024-06-01,Apartment,13,474.93,149499.39,Sold,C1106,314.78194681321463
110128,11,2024-06-01,Apartment,14,524.68,148911.72,Available,,283.8143630403294
110148,11,2024-06-01,Apartment,15,1385.68,412137.45,Sold,C0706,297.4261373477282
110179,11,2024-06-01,Office,19,1083.98,439922.56,Sold,C1063,405.8401077510655
110210,11,2024-06-01,Apartment,24,1481.82,384711.43,Sold,C0290,259.6208918762063
110211,11,2024-06-01,Office,25,1802.24,588353.61,Sold,C1803,326.4568592418324
110223,11,2024-06-01,Apartment,27,1638.1,450180.79,Sold,C1829,274.81886942189124
110232,11,2024-06-01,Apartment,29,993.51,312702.74,Sold,C0252,314.7454378919185
110260,11,2024-06-01,Apartment,31,1232.68,278765.3,Sold,C0381,226.1457150274199
110272,11,2024-06-01,Office,33,1632.55,525078.29,Sold,C1374,321.63075556644515
110342,11,2024-06-01,Apartment,42,808.59,235908.73,Sold,C0477,291.75321238204776
110357,11,2024-06-01,Apartment,42,808.59,243379.65,Sold,C0586,300.99265387897447
110390,11,2024-06-01,Apartment,46,1798.85,609149.51,Available,,338.6327431414515
110437,11,2024-06-01,Office,52,1397.58,442272.29,Available,,316.45579501710097
110509,11,2024-06-01,Apartment,61,1299.46,378780.47,Sold,C0986,291.49067304880487
110532,11,2024-06-01,Apartment,62,1938.82,505488.89,Available,,260.7198656915031
110544,11,2024-06-01,Apartment,63,871.7,273288.97,Sold,C0091,313.5126419639784
110550,11,2024-06-01,Apartment,64,1916.26,634786.2,Sold,C1285,331.263085385073
110552,11,2024-06-01,Apartment,64,1916.26,440168.38,Sold,C1558,229.70180455679292
120017,12,2024-06-01,Apartment,2,1285.87,358930.28,Sold,C1273,279.1341893037399
120040,12,2024-06-01,Apartment,4,1559.34,469471.11,Sold,C1198,301.0703951671861
120108,12,2024-06-01,Apartment,13,1394.03,435919.77,Sold,C1963,312.7047265840764
120186,12,2024-06-01,Apartment,20,1802.21,581602.93,Sold,C0457,322.7165147235894
120251,12,2024-06-01,Apartment,27,871.52,238611.29,Sold,C1731,273.7875091793648
120270,12,2024-06-01,Apartment,29,688.73,200881.62,Sold,C0602,291.6696238003281
120274,12,2024-06-01,Office,29,688.73,200846.7,Available,,291.61892178357266
120304,12,2024-06-01,Office,34,1817.64,545190.41,Sold,C1907,299.9441088444356
120306,12,2024-06-01,Apartment,34,1817.64,523608.94,Sold,C1058,288.07076208710197
120341,12,2024-06-01,Apartment,38,1157.23,279656.41,Sold,C0160,241.66017991237695
120350,12,2024-06-01,Apartment,38,1157.23,323296.43,Sold,C0799,279.37093749729956
120369,12,2024-06-01,Apartment,38,1157.23,317102.87,Sold,C1888,274.01888129412475
120390,12,2024-06-01,Office,45,1898.75,498739.47,Available,,262.66726530612243
120403,12,2024-06-01,Apartment,47,1528.05,526514.11,Sold,C1931,344.56602205425213
120414,12,2024-06-01,Office,48,1919.31,564420.33,Sold,C0608,294.0746049361489
130010,13,2024-06-01,Apartment,1,1899.92,619055.13,Sold,C1727,325.83220872457787
130020,13,2024-06-01,Apartment,2,1651.02,566227.62,Sold,C1472,342.9562452302213
130034,13,2024-06-01,Apartment,2,1651.02,486501.61,Sold,C0515,294.6673026371576
130035,13,2024-06-01,Office,3,979.64,312185.78,Sold,C0666,318.67398227920467
130042,13,2024-06-01,Apartment,3,979.64,309331.08,Sold,C0431,315.7599526356621
130049,13,2024-06-01,Apartment,4,1629.74,535134.61,Sold,C0186,328.35581749236076
130061,13,2024-06-01,Apartment,6,1240.96,341255.51,Sold,C0032,274.99315852243427
130090,13,2024-06-01,Apartment,11,1678.3,559863.12,Available,,333.58941786331405
130093,13,2024-06-01,Office,11,1678.3,521531.29,Sold,C1333,310.7497408091521
130108,13,2024-06-01,Apartment,13,585.77,144397.69,Sold,C0681,246.50919302798027
130110,13,2024-06-01,Apartment,14,777.75,241606.12,Sold,C0711,310.64753455480553
130132,13,2024-06-01,Apartment,15,458.29,108069.17,Available,,235.80957472342837
130137,13,2024-06-01,Office,16,1772.88,518419.79,Sold,C0724,292.41673999368254
130151,13,2024-06-01,Apartment,17,1278.95,390044.02,Available,,304.97206302044646
130158,13,2024-06-01,Apartment,18,1820.34,476408.36,Sold,C1302,261.71394354900735
130163,13,2024-06-01,Apartment,19,758.69,241091.13,Sold,C1682,317.7729112022038
130171,13,2024-06-01,Apartment,20,516.72,151275.21,Sold,C1344,292.7605085926614
130200,13,2024-06-01,Apartment,22,1811.36,517206.46,Sold,C1474,285.5348798692695
130211,13,2024-06-01,Apartment,24,1044.69,315392.0,Available,,301.9000851927366
130216,13,2024-06-01,Office,24,1044.69,294139.96,Sold,C1199,281.55717006959003
130217,13,2024-06-01,Apartment,25,633.86,189670.56,Sold,C1212,299.2309973811252
130256,13,2024-06-01,Apartment,30,1777.51,512970.75,Sold,C0390,288.58951567079794
130268,13,2024-06-01,Apartment,31,627.57,176673.88,Sold,C1289,281.52059531207675
130269,13,2024-06-01,Apartment,31,627.57,190482.11,Available,,303.5232882387622
130278,13,2024-06-01,Office,32,1114.07,315459.54,Sold,C0050,283.15953216584234
130282,13,2024-06-01,Apartment,32,1114.07,381358.57,Sold,C1696,342.31113843833873
130290,13,2024-06-01,Apartment,33,1445.84,402845.37,Sold,C1826,278.62375504896806
130357,13,2024-06-01,Apartment,39,1054.77,286456.48,Sold,C1182,271.5819372943864
130407,13,2024-06-01,Apartment,46,1098.38,355579.21,Sold,C0561,323.73059414774485
130413,13,2024-06-01,Apartment,47,1874.35,621956.37,Sold,C0102,331.8250967001894
130418,13,2024-06-01,Apartment,47,1874.35,566173.43,Sold,C1792,302.0638781444234
130472,13,2024-06-01,Apartment,53,968.77,282257.94,Available,,291.35701972604437
130502,13,2024-06-01,Office,58,1115.72,336314.86,Sold,C1821,301.433029792421
130508,13,2024-06-01,Apartment,59,1434.04,483778.35,Sold,C1860,337.35345597054476
130515,13,2024-06-01,Apartment,60,1401.81,407949.15,Sold,C0265,291.01600787553235
130534,13,2024-06-01,Apartment,61,1333.63,321509.99,Available,,241.07885245532867
130552,13,2024-06-01,Office,64,792.66,282563.03,Available,,356.47444049150965
130560,13,2024-06-01,Apartment,65,612.66,210701.37,Sold,C1120,343.91239839388896
130573,13,2024-06-01,Apartment,67,524.97,144901.21,Sold,C1585,276.01807722346035
140003,14,2024-06-01,Apartment,1,1750.63,582490.75,Available,,332.73207359636245
140018,14,2024-06-01,Apartment,4,1797.81,598972.24,Sold,C1848,333.1677096022383
140053,14,2024-06-01,Apartment,8,618.89,196210.89,Available,,317.0367755174587
140061,14,2024-06-01,Apartment,8,618.89,192018.85,Sold,C0249,310.2632939617703
140085,14,2024-06-01,Apartment,11,1431.42,429156.03,Sold,C1034,299.811397074234
140136,14,2024-06-01,Office,15,784.04,245547.57,Sold,C1375,313.18245242589666
140164,14,2024-06-01,Office,17,686.6,229344.35,Sold,C0888,334.0290562190504
140197,14,2024-06-01,Apartment,22,1148.66,357421.36,Sold,C0757,311.16375602876394
140209,14,2024-06-01,Apartment,22,1148.66,311731.32,Sold,C1241,271.3869378232027
140210,14,2024-06-01,Apartment,22,1148.66,324448.32,Available,,282.45809900231575
140211,14,2024-06-01,Apartment,23,1610.37,396708.4,Sold,C0178,246.34611921483886
140254,14,2024-06-01,Apartment,29,1618.34,493102.83,Sold,C0306,304.69668302087325
140264,14,2024-06-01,Apartment,29,1618.34,604849.17,Sold,C0369,373.7466601579397
140310,14,2024-06-01,Apartment,36,1034.47,293495.84,Sold,C0761,283.7161444991155
140334,14,2024-06-01,Apartment,40,532.44,143982.36,Available,,270.419878296146
140385,14,2024-06-01,Apartment,47,917.53,246896.31,Sold,C1073,269.0879971227099
140404,14,2024-06-01,Office,48,1941.78,679222.65,Sold,C0949,349.7938231931527
140406,14,2024-06-01,Apartment,49,1231.75,439396.11,Sold,C1394,356.72507408159123
140456,14,2024-06-01,Apartment,53,1493.72,502441.47,Available,,336.36924590954123
140458,14,2024-06-01,Apartment,55,1415.9,451042.71,Sold,C1429,318.5554841443605
150029,15,2024-06-01,Apartment,4,1110.88,351094.29,Available,,316.0505995247011
150043,15,2024-06-01,Office,6,938.57,313806.17,Sold,C1851,334.3449822602469
150049,15,2024-06-01,Apartment,8,1056.46,329122.79,Sold,C0529,311.53360278666486
150066,15,2024-06-01,Apartment,10,1072.95,329658.3,Available,,307.24479239479933
150101,15,2024-06-01,Apartment,15,522.71,184591.55,Available,,353.14332995351145
150113,15,2024-06-01,Apartment,16,1692.61,528465.5,Sold,C1884,312.21929446239835
150132,15,2024-06-01,Apartment,17,562.64,166635.32,Sold,C1178,296.16685624911133
150170,15,2024-06-01,Apartment,22,1317.29,404667.67,Sold,C1143,307.1971016253065
150178,15,2024-06-01,Apartment,23,1279.23,327686.08,Sold,C1379,256.1588455555295
150191,15,2024-06-01,Apartment,23,1279.23,352169.27,Sold,C1964,275.2978510510229
150193,15,2024-06-01,Apartment,23,1279.23,342309.1,Sold,C0417,267.58995645818186
150224,15,2024-06-01,Apartment,26,961.01,307857.51,Sold,C0382,320.3478735913258
150234,15,2024-06-01,Apartment,26,961.01,312521.87,Sold,C1667,325.2014755309518
150239,15,2024-06-01,Apartment,28,1567.93,495891.03,Available,,316.271153686708
150247,15,2024-06-01,Apartment,30,1523.22,467216.3,Sold,C0043,306.72936279723217
150253,15,2024-06-01,Apartment,30,1523.22,478984.35,Sold,C1454,314.4551345176665
150286,15,2024-06-01,Apartment,34,1304.22,376325.86,Sold,C0340,288.54477005413196
150291,15,2024-06-01,Apartment,35,745.49,239550.24,Sold,C0800,321.33260003487635
150325,15,2024-06-01,Office,38,585.57,205518.01,Available,,350.970865993818
150420,15,2024-06-01,Apartment,52,829.2,268774.73,Sold,C0075,324.1373974915581
150456,15,2024-06-01,Apartment,55,892.75,267942.56,Available,,300.13168300196025
150469,15,2024-06-01,Apartment,56,939.93,294230.82,Sold,C1045,313.03482174204464
150476,15,2024-06-01,Office,57,429.34,163236.34,Sold,C0411,380.2029626869148
150489,15,2024-06-01,Apartment,58,1750.89,496154.56,Sold,C1685,283.3727761309962
150491,15,2024-06-01,Apartment,58,1750.89,566107.2,Sold,C1748,323.3253945136473
150494,15,2024-06-01,Apartment,58,1750.89,493587.18,Sold,C0412,281.90644757808883
160018,16,2024-06-01,Apartment,3,466.91,142187.57,Sold,C1353,304.52885995159664
160037,16,2024-06-01,Office,5,749.15,188763.3,Available,,251.96996596142293
160038,16,2024-06-01,Apartment,5,749.15,194083.34,Sold,C1126,259.07140092104385
160095,16,2024-06-01,Apartment,10,1608.56,386634.67,Sold,C1865,240.36073879743373
160131,16,2024-06-01,Apartment,15,1365.29,424486.73,Available,,310.9132345509013
160133,16,2024-06-01,Office,16,1451.17,512937.54,Available,,353.46481804337185
160150,16,2024-06-01,Apartment,19,1163.06,297657.72,Sold,C0869,255.92636665348303
160157,16,2024-06-01,Apartment,20,1096.33,307824.86,Available,,280.77755785210655
160162,16,2024-06-01,Apartment,21,837.95,231014.3,Available,,275.689838295841
160189,16,2024-06-01,Apartment,23,594.14,197135.73,Available,,331.8001312821894
160239,16,2024-06-01,Apartment,28,1440.71,415762.3,Available,,288.5815327165078
160263,16,2024-06-01,Apartment,31,1336.97,418811.0,Sold,C0135,313.25385012378734
160272,16,2024-06-01,Office,33,881.17,247247.41,Available,,280.58990887115993
160284,16,2024-06-01,Apartment,34,743.19,203322.97,Available,,273.58141255937244
160286,16,2024-06-01,Office,34,743.19,213124.27,Available,,286.7695609467296
160290,16,2024-06-01,Apartment,34,743.19,245867.49,Sold,C0642,330.8272312598393
160332,16,2024-06-01,Apartment,39,1562.93,407201.53,Sold,C0038,260.53727934072543
160346,16,2024-06-01,Apartment,41,1001.72,262731.42,Sold,C1967,262.28029788763325
160357,16,2024-06-01,Apartment,41,1001.72,241353.22,Sold,C1755,240.93880525496147
160359,16,2024-06-01,Office,42,1496.62,463182.68,Sold,C0996,309.48582806590855
160370,16,2024-06-01,Apartment,42,1496.62,452941.86,Sold,C0784,302.6431960016571
160381,16,2024-06-01,Apartment,44,1695.03,518251.94,Sold,C0150,305.7479454640921
160386,16,2024-06-01,Apartment,44,1695.03,432814.05,Sold,C1341,255.34300277871188
170007,17,2024-06-01,Apartment,1,530.28,170715.21,Sold,C0404,321.93409142339897
170019,17,2024-06-01,Apartment,1,530.28,189016.63,Sold,C0920,356.4468394055971
170021,17,2024-06-01,Apartment,1,530.28,156967.94,Available,,296.00954212868675
170034,17,2024-06-01,Office,2,1738.5,548647.34,Available,,315.5866206499856
170040,17,2024-06-01,Apartment,4,448.67,130070.01,Sold,C1753,289.901286023135
170044,17,2024-06-01,Office,5,1829.38,513906.66,Sold,C0471,280.9184860444522
170052,17,2024-06-01,Apartment,7,1300.91,364977.97,Sold,C2000,280.5558954885426
170063,17,2024-06-01,Apartment,8,1297.3,337660.44,Sold,C0780,260.2793802512912
170099,17,2024-06-01,Apartment,12,451.91,129935.43,Sold,C0582,287.5250160430174
170111,17,2024-06-01,Apartment,13,916.9,281293.99,Available,,306.78807939797144
170126,17,2024-06-01,Apartment,15,1365.73,427106.32,Sold,C0098,312.73115476704766
170131,17,2024-06-01,Apartment,15,1365.73,438371.45,Sold,C0655,320.9795860089476
170161,17,2024-06-01,Office,17,1827.25,668066.43,Sold,C0366,365.6130414557395
170176,17,2024-06-01,Apartment,19,1712.06,452486.22,Sold,C0301,264.29343597771106
170188,17,2024-06-01,Apartment,20,792.27,271464.68,Available,,342.64162469865073
170196,17,2024-06-01,Apartment,22,1221.66,393104.03,Sold,C1661,321.77858815054924
170207,17,2024-06-01,Apartment,23,1025.52,355893.16,Sold,C0613,347.0367813401981
170218,17,2024-06-01,Apartment,25,939.46,271393.18,Sold,C0805,288.8821024844059
170222,17,2024-06-01,Apartment,26,929.59,301401.46,Sold,C1436,324.2305317397993
170253,17,2024-06-01,Apartment,29,594.46,186713.93,Available,,314.0899808229317
170258,17,2024-06-01,Apartment,31,1806.06,593745.43,Sold,C1589,328.75177458113245
170301,17,2024-06-01,Apartment,38,721.83,213341.63,Available,,295.5566130529349
170346,17,2024-06-01,Apartment,44,1176.0,358774.09,Sold,C1526,305.08000850340136
170353,17,2024-06-01,Apartment,45,1574.3,459422.09,Sold,C0278,291.8262656418726
170367,17,2024-06-01,Apartment,46,1582.61,467976.15,Available,,295.6989719513968
170388,17,2024-06-01,Apartment,48,1833.96,610984.26,Available,,333.1502650003272
170441,17,2024-06-01,Office,51,1375.52,492541.63,Sold,C0158,358.07667645690356
180001,18,2024-06-01,Apartment,1,1379.64,492067.86,Sold,C0346,356.66395581456027
180012,18,2024-06-01,Apartment,2,650.96,205928.65,Sold,C1601,316.34608885338577
180028,18,2024-06-01,Apartment,4,1096.58,307100.4,Sold,C1288,280.05289171788655
180046,18,2024-06-01,Apartment,5,883.32,285682.29,Sold,C1019,323.4187950006792
180057,18,2024-06-01,Apartment,6,840.25,292899.87,Sold,C0376,348.58657542398095
180071,18,2024-06-01,Apartment,9,894.92,257903.62,Available,,288.18622893666475
180106,18,2024-06-01,Office,14,1742.3,477187.81,Sold,C1155,273.883837456236
180142,18,2024-06-01,Apartment,18,1127.95,342941.15,Sold,C0702,304.03931911875526
180143,18,2024-06-01,Apartment,19,1268.1,332640.41,Sold,C1960,262.3140209762637
180147,18,2024-06-01,Apartment,20,1631.48,487388.83,Sold,C1324,298.74030328290877
180148,18,2024-06-01,Office,20,1631.48,476814.14,Sold,C0347,292.2586485890112
180173,18,2024-06-01,Office,22,1108.09,389967.22,Sold,C1731,351.92738856952053
180188,18,2024-06-01,Apartment,25,911.94,247179.46,Sold,C0479,271.0479417505537
180193,18,2024-06-01,Apartment,25,911.94,304385.12,Sold,C0758,333.77757308594863
180256,18,2024-06-01,Apartment,30,1795.66,508479.12,Available,,283.17115712328615
180294,18,2024-06-01,Apartment,36,1089.77,303758.53,Available,,278.7363663892381
180330,18,2024-06-01,Apartment,38,1219.8,377847.0,Sold,C1640,309.761436301033
180332,18,2024-06-01,Office,38,1219.8,486664.01,Sold,C0334,398.9703312018364
180383,18,2024-06-01,Apartment,43,937.7,253089.26,Sold,C1243,269.9042977498134
180388,18,2024-06-01,Office,44,1334.77,435374.92,Sold,C0054,326.1797313394817
180392,18,2024-06-01,Apartment,44,1334.77,412457.5,Sold,C1649,309.0101665455472
180394,18,2024-06-01,Apartment,44,1334.77,399196.41,Sold,C0707,299.0750541291758
180404,18,2024-06-01,Apartment,45,1627.52,546764.12,Sold,C1183,335.9492479355092
180405,18,2024-06-01,Apartment,45,1627.52,510079.55,Sold,C1160,313.4090825304758
180410,18,2024-06-01,Apartment,46,1410.38,502557.57,Available,,356.327776911187
180415,18,2024-06-01,Apartment,47,520.85,178580.68,Sold,C0908,342.86393395411346
180429,18,2024-06-01,Apartment,49,1457.92,425688.05,Sold,C1333,291.98313350526774
180430,18,2024-06-01,Apartment,49,1457.92,518468.37,Sold,C0950,355.62196142449517
180431,18,2024-06-01,Apartment,49,1457.92,431626.48,Sold,C0330,296.05635425812113
180448,18,2024-06-01,Apartment,50,854.74,226189.65,Sold,C0711,264.6297704565131
180488,18,2024-06-01,Apartment,54,1756.12,496516.32,Sold,C1483,282.7348472769515
180518,18,2024-06-01,Office,58,955.23,305203.86,Sold,C1795,319.5082440878113
180519,18,2024-06-01,Apartment,58,955.23,260647.46,Sold,C1665,272.8635616553081
180535,18,2024-06-01,Office,61,1019.7,292246.65,Sold,C0115,286.6006178287732
180554,18,2024-06-01,Apartment,64,893.66,249869.21,Sold,C0453,279.60209699438263
180565,18,2024-06-01,Office,66,1631.24,480048.34,Sold,C1699,294.28431132144874
180570,18,2024-06-01,Apartment,66,1631.24,377429.44,Sold,C0571,231.3757877442927
190004,19,2024-06-01,Office,2,1550.33,519316.1,Sold,C1546,334.9713286848606
190028,19,2024-06-01,Apartment,5,1408.42,439470.75,Available,,312.0310347765581
190036,19,2024-06-01,Office,7,973.6,279337.8,Sold,C1871,286.9122843056697
190079,19,2024-06-01,Office,11,1869.93,573381.83,Sold,C0074,306.6327776975608
190081,19,2024-06-01,Apartment,12,1163.99,371415.6,Available,,319.0883083188
190147,19,2024-06-01,Apartment,19,1697.73,549823.52,Available,,323.8580457434339
190157,19,2024-06-01,Office,20,1772.03,631156.09,Sold,C1495,356.17686495149627
190175,19,2024-06-01,Office,21,477.75,151676.84,Sold,C0559,317.4816117216117
190216,19,2024-06-01,Apartment,26,668.24,200862.39,Sold,C0974,300.58420627319526
190236,19,2024-06-01,Office,28,1599.78,460945.04,Sold,C1891,288.13026791183785
190240,19,2024-06-01,Apartment,28,1599.78,465355.02,Sold,C1908,290.8868844466114
190246,19,2024-06-01,Apartment,29,1657.84,433825.87,Available,,261.68138662355835
190248,19,2024-06-01,Apartment,29,1657.84,589758.81,Sold,C0823,355.7392812334122
190280,19,2024-06-01,Apartment,32,1048.61,335592.41,Sold,C0415,320.03548507071264
190285,19,2024-06-01,Apartment,33,1454.84,442600.87,Sold,C0550,304.2264922603173
190303,19,2024-06-01,Office,36,855.94,251313.61,Sold,C0813,293.6112461153819
190312,19,2024-06-01,Apartment,37,1565.26,531100.09,Sold,C1124,339.3047097606787
190328,19,2024-06-01,Apartment,39,1237.04,415660.09,Sold,C1084,336.01184278600533
190343,19,2024-06-01,Apartment,40,893.49,263286.04,Sold,C1177,294.6715016396378
190363,19,2024-06-01,Apartment,42,1137.59,354042.02,Sold,C1319,311.22110778048335
190375,19,2024-06-01,Apartment,42,1137.59,340657.59,Sold,C0232,299.4555068170431
190390,19,2024-06-01,Apartment,44,982.8,304964.72,Available,,310.3019129019129
200048,20,2024-06-01,Apartment,5,802.5,266072.95,Sold,C0190,331.55507788162
200074,20,2024-06-01,Apartment,9,576.96,189223.75,Sold,C0031,327.96684345535215
200075,20,2024-06-01,Apartment,10,1714.22,530962.64,Sold,C0327,309.7400800364014
200100,20,2024-06-01,Apartment,14,837.37,235518.96,Available,,281.2603269761276
200110,20,2024-06-01,Apartment,14,837.37,243435.57,Sold,C1799,290.7144631405472
200125,20,2024-06-01,Apartment,16,645.44,195801.49,Sold,C1149,303.36125743678724
200131,20,2024-06-01,Office,16,645.44,154432.32,Sold,C0178,239.26673277144272
200142,20,2024-06-01,Apartment,17,1089.33,295842.21,Sold,C0570,271.58180716587265
200181,20,2024-06-01,Apartment,19,759.72,216311.55,Sold,C0414,284.7253593429158
200190,20,2024-06-01,Apartment,20,1110.23,321475.82,Sold,C0275,289.55785738090304
200253,20,2024-06-01,Apartment,30,1703.94,494574.08,Sold,C1485,290.2532248788103
200274,20,2024-06-01,Office,31,1414.44,414731.61,Sold,C1923,293.21258589972
200290,20,2024-06-01,Apartment,32,1630.81,428379.46,Sold,C0288,262.67895095075454
200317,20,2024-06-01,Apartment,34,858.93,300261.31,Sold,C1611,349.5759957155997
200335,20,2024-06-01,Office,37,632.35,174310.03,Sold,C0298,275.6543528109433
200362,20,2024-06-01,Apartment,40,428.03,123001.89,Sold,C0026,287.3674508796113
200393,20,2024-06-01,Office,43,1697.49,528732.35,Sold,C1340,311.478918874338
200414,20,2024-06-01,Apartment,47,590.12,210741.61,Sold,C0450,357.1165356198739
200431,20,2024-06-01,Apartment,48,860.8,311981.09,Available,,362.4315636617101
200434,20,2024-06-01,Office,49,880.76,245529.59,Sold,C0880,278.77014169580815
200444,20,2024-06-01,Apartment,50,493.06,167067.76,Sold,C0829,338.8385997647345
200472,20,2024-06-01,Office,54,589.61,208719.36,Sold,C1210,353.9956242261834
990009,3,2024-06-01,Apartment,29,1121.95,388656.81,Available,,346.41188109987075
990013,3,2024-06-01,Apartment,50,966.57,327044.37,Available,,338.3555976287284
1026,1,2024-07-01,Apartment,26,625.8,179674.08,Sold,C0036,287.1110258868648
2010,2,2024-07-01,Apartment,10,927.08,326885.34,Sold,C0154,352.59669068473056
2013,2,2024-07-01,Apartment,13,785.48,236639.56,Sold,C0015,301.26745429546264
2028,2,2024-07-01,Apartment,28,785.48,195153.16,Sold,C0074,248.4508326119061
2039,2,2024-07-01,Apartment,39,927.83,293876.27,Sold,C0070,316.73503766853844
2040,2,2024-07-01,Apartment,40,649.8,224463.87,Sold,C0056,345.4353185595568
3016,3,2024-07-01,Apartment,16,697.89,226342.8,Sold,C0064,324.3244637407041
3048,3,2024-07-01,Apartment,48,781.07,249075.66,Sold,C0021,318.89031712906655
3050,3,2024-07-01,Apartment,50,977.87,248274.31,Sold,C0098,253.8929612320656
4006,4,2024-07-01,Apartment,6,733.19,222138.72,Sold,C0100,302.97565433243767
4044,4,2024-07-01,Apartment,44,1058.25,298730.4,Available,,282.2871722182849
5010,5,2024-07-01,Apartment,10,798.5,276323.87,Available,,346.05368816530995
5012,5,2024-07-01,Apartment,12,1058.25,315382.11,Available,,298.02231041814315
10068,1,2024-07-01,Apartment,8,763.88,259163.17,Sold,C0496,339.2720977116825
10081,1,2024-07-01,Apartment,10,1439.52,362906.17,Sold,C0656,252.10220768033787
10094,1,2024-07-01,Apartment,13,719.47,235654.58,Available,,327.5391329728828
10104,1,2024-07-01,Apartment,13,719.47,216874.97,Sold,C0003,301.43712732984
10115,1,2024-07-01,Office,14,1181.69,339559.01,Sold,C0264,287.35032876642777
10140,1,2024-07-01,Apartment,18,716.85,211496.24,Available,,295.03555834553947
10146,1,2024-07-01,Apartment,19,773.17,244639.52,Available,,316.41103508930763
10158,1,2024-07-01,Office,20,1146.24,415205.7,Sold,C0688,362.2327784757119
10185,1,2024-07-01,Apartment,23,1201.5,379037.15,Sold,C0973,315.4699542238868
10236,1,2024-07-01,Apartment,27,725.12,224717.83,Available,,309.9043330759047
10253,1,2024-07-01,Apartment,29,757.2,241550.17,Sold,C0785,319.0044506075013
10261,1,2024-07-01,Apartment,29,757.2,237825.45,Sold,C1255,314.0853803486529
10269,1,2024-07-01,Apartment,29,757.2,206227.96,Available,,272.3559957739038
10275,1,2024-07-01,Apartment,30,753.29,222938.4,Available,,295.9529530459717
10312,1,2024-07-01,Apartment,34,1469.14,486885.55,Sold,C1236,331.40854513524914
10324,1,2024-07-01,Apartment,34,1469.14,394315.88,Available,,268.3991178512599
10334,1,2024-07-01,Office,36,613.59,202761.63,Available,,330.4513274336283
10372,1,2024-07-01,Apartment,41,835.25,232493.29,Sold,C1722,278.35173900029935
10373,1,2024-07-01,Apartment,41,835.25,255581.25,Sold,C1659,305.9937144567495
10402,1,2024-07-01,Apartment,46,1153.16,369366.53,Sold,C1706,320.3081359048181
20026,2,2024-07-01,Apartment,3,645.84,194884.91,Available,,301.75416511829553
20035,2,2024-07-01,Apartment,4,1281.85,381648.34,Sold,C0161,297.73244919452355
20069,2,2024-07-01,Apartment,8,715.54,214048.77,Sold,C1832,299.14298292198896
20070,2,2024-07-01,Apartment,8,715.54,219915.05,Sold,C1861,307.341378539285
20145,2,2024-07-01,Apartment,17,1397.4,488330.35,Sold,C1227,349.45638328324026
20152,2,2024-07-01,Office,17,1397.4,373065.95,Sold,C0627,266.9714827536854
20181,2,2024-07-01,Office,21,921.38,295651.21,Sold,C1164,320.8786928303198
20219,2,2024-07-01,Apartment,24,785.12,256292.81,Sold,C0521,326.4377547381292
20222,2,2024-07-01,Apartment,24,785.12,172726.4,Sold,C0690,220.0
20245,2,2024-07-01,Office,27,1211.51,456993.38,Available,,377.20974651468003
20257,2,2024-07-01,Apartment,29,1107.33,370056.74,Sold,C1973,334.1883088148971
20323,2,2024-07-01,Apartment,38,710.81,216019.96,Available,,303.9067542662596
20329,2,2024-07-01,Apartment,40,1599.45,416875.7,Available,,260.6369064365876
20333,2,2024-07-01,Apartment,41,654.93,183414.03,Available,,280.0513489991297
20381,2,2024-07-01,Apartment,45,782.2,247393.67,Available,,316.27930196880595
20390,2,2024-07-01,Apartment,46,697.74,234099.62,Available,,335.5112506091094
20401,2,2024-07-01,Apartment,47,708.32,215489.22,Sold,C0189,304.22580189744747
20409,2,2024-07-01,Apartment,47,708.32,190628.71,Sold,C0302,269.1279506437768
20425,2,2024-07-01,Apartment,48,788.44,248879.16,Sold,C0709,315.6602404748617
20435,2,2024-07-01,Apartment,50,1604.8,482611.94,Sold,C0762,300.7302716849452
20452,2,2024-07-01,Apartment,52,914.01,306211.14,Sold,C1767,335.01946368201664
20469,2,2024-07-01,Apartment,55,579.26,151563.76,Available,,261.65065773573184
30025,3,2024-07-01,Apartment,3,783.65,258208.58,Sold,C0966,329.49477445288073
30039,3,2024-07-01,Apartment,4,719.96,201658.15,Available,,280.09632479582194
30049,3,2024-07-01,Apartment,5,701.19,206156.81,Sold,C0436,294.00991172150196
30056,3,2024-07-01,Apartment,6,668.89,179708.55,Sold,C1642,268.6668211514599
30065,3,2024-07-01,Apartment,7,744.01,198828.9,Sold,C1934,267.2395532318114
30077,3,2024-07-01,Office,7,744.01,234747.43,Available,,315.51649843416084
30104,3,2024-07-01,Office,10,784.09,250532.99,Sold,C1195,319.52070553125276
30126,3,2024-07-01,Apartment,11,1283.1,358984.53,Sold,C0164,279.77907411737203
30127,3,2024-07-01,Apartment,11,1283.1,378831.08,Sold,C1980,295.2467305743902
30138,3,2024-07-01,Apartment,13,754.84,193299.59,Sold,C1595,256.08021567484496
30139,3,2024-07-01,Apartment,14,788.59,256682.24,Sold,C1804,325.4951749324744
30166,3,2024-07-01,Apartment,19,1602.22,432831.31,Available,,270.1447429191996
30177,3,2024-07-01,Apartment,19,1602.22,507717.69,Sold,C1426,316.883879866685
30178,3,2024-07-01,Apartment,19,1602.22,496177.31,Sold,C0531,309.6811361735592
30184,3,2024-07-01,Apartment,20,802.97,271262.52,Available,,337.8239784798934
30222,3,2024-07-01,Apartment,25,765.56,272121.79,Sold,C0847,355.45455614190917
30253,3,2024-07-01,Apartment,28,679.93,193935.27,Available,,285.22828820613887
30267,3,2024-07-01,Apartment,29,666.0,198116.83,Available,,297.47271771771767
30274,3,2024-07-01,Office,30,796.57,259294.04,Sold,C1251,325.51318779266103
30292,3,2024-07-01,Office,35,925.48,248550.43,Sold,C0948,268.5638047283572
30321,3,2024-07-01,Apartment,39,1598.95,490055.89,Sold,C1866,306.4860627286657
30325,3,2024-07-01,Apartment,40,678.71,224631.79,Available,,330.9687348057344
30342,3,2024-07-01,Apartment,41,965.5,265655.87,Available,,275.1484930088037
30346,3,2024-07-01,Apartment,42,1343.96,366128.05,Sold,C1171,272.4248117503497
30413,3,2024-07-01,Apartment,49,1174.48,325875.47,Sold,C1214,277.46361794155706
40001,4,2024-07-01,Apartment,1,1615.98,355616.43,Sold,C0365,220.06239557420264
40019,4,2024-07-01,Apartment,2,1620.07,545321.51,Sold,C0619,336.60367144629555
40058,4,2024-07-01,Apartment,5,786.98,215529.32,Sold,C0736,273.8688657907444
40079,4,2024-07-01,Apartment,10,1614.62,425616.3,Available,,263.60152853302947
40091,4,2024-07-01,Apartment,12,789.38,238006.64,Sold,C0734,301.51085662165247
40094,4,2024-07-01,Apartment,12,789.38,200730.58,Sold,C0800,254.28891028402035
40097,4,2024-07-01,Apartment,13,809.06,262390.52,Sold,C1490,324.31527946011425
40105,4,2024-07-01,Apartment,13,809.06,253352.93,Sold,C1321,313.14479766642773
40133,4,2024-07-01,Apartment,16,1128.21,316684.59,Sold,C0443,280.6964926742362
40196,4,2024-07-01,Office,25,1310.16,339954.47,Sold,C0236,259.4755373389509
40197,4,2024-07-01,Office,25,1310.16,350245.12,Available,,267.33003602613417
40208,4,2024-07-01,Apartment,26,790.05,250354.33,Sold,C0824,316.88415923042845
40245,4,2024-07-01,Office,29,776.79,204475.84,Available,,263.23181297390545
40254,4,2024-07-01,Apartment,30,1307.35,355625.67,Available,,272.02024706467284
40264,4,2024-07-01,Apartment,31,793.1,231977.76,Sold,C1823,292.49496910856135
40296,4,2024-07-01,Apartment,34,795.1,227714.14,Available,,286.3968557414162
40314,4,2024-07-01,Office,38,800.08,208482.23,Sold,C1663,260.5767298270173
40323,4,2024-07-01,Apartment,39,743.73,248555.18,Sold,C0206,334.2008255684186
40331,4,2024-07-01,Apartment,40,780.74,271433.87,Sold,C0499,347.66230755437147
40333,4,2024-07-01,Apartment,40,780.74,215409.32,Sold,C0089,275.9040397571535
40343,4,2024-07-01,Office,41,779.87,231668.75,Sold,C0498,297.06072807006296
40382,4,2024-07-01,Office,45,1160.48,416649.42,Sold,C1489,359.0319695298497
40430,4,2024-07-01,Apartment,50,791.37,241453.85,Sold,C1299,305.1086723024628
40438,4,2024-07-01,Office,51,802.11,252125.08,Available,,314.32731171535073
50008,5,2024-07-01,Apartment,2,795.91,264187.44,Sold,C1347,331.9312987649358
50046,5,2024-07-01,Apartment,8,782.15,233513.02,Sold,C0489,298.5527328517548
50057,5,2024-07-01,Apartment,9,793.56,222487.81,Sold,C1984,280.3667145521448
50081,5,2024-07-01,Apartment,10,629.27,164878.55,Sold,C0575,262.0155894925866
50103,5,2024-07-01,Apartment,13,791.13,208238.77,Sold,C0905,263.21687965315436
50127,5,2024-07-01,Apartment,16,1060.08,294198.85,Sold,C0606,277.52513961210474
50142,5,2024-07-01,Apartment,18,1267.03,376343.67,Sold,C0742,297.028223483264
50162,5,2024-07-01,Apartment,22,1059.78,284157.87,Sold,C1186,268.1291117024288
50194,5,2024-07-01,Apartment,24,807.02,240746.66,Sold,C1226,298.31560556120047
50202,5,2024-07-01,Apartment,26,1272.4,311354.7,Sold,C1219,244.69875825212196
50236,5,2024-07-01,Apartment,32,1051.39,295683.62,Available,,281.2311511427729
50242,5,2024-07-01,Apartment,32,1051.39,336428.11,Available,,319.98412577635315
50253,5,2024-07-01,Apartment,33,1787.13,617600.77,Sold,C1357,345.58245343091994
50284,5,2024-07-01,Apartment,36,627.56,180595.55,Available,,287.7741570527121
50303,5,2024-07-01,Office,41,630.83,193265.77,Sold,C0540,306.3674365518444
50319,5,2024-07-01,Office,41,630.83,161161.39,Sold,C0126,255.4751517841574
50332,5,2024-07-01,Apartment,42,791.2,202826.35,Available,,256.3528185035389
50350,5,2024-07-01,Office,44,806.03,240471.14,Sold,C0199,298.34018584916197
50353,5,2024-07-01,Apartment,44,806.03,261651.44,Sold,C0884,324.61749562671366
50376,5,2024-07-01,Apartment,46,1272.95,371545.46,Sold,C1998,291.8774971522841
50394,5,2024-07-01,Apartment,46,1272.95,380104.83,Available,,298.60153973054713
50433,5,2024-07-01,Apartment,50,1261.07,372948.3,Sold,C1313,295.73957036484893
50435,5,2024-07-01,Apartment,50,1261.07,365379.52,Sold,C0314,289.7376989382033
60002,6,2024-07-01,Office,1,1720.95,461393.51,Sold,C1244,268.1039600220808
60040,6,2024-07-01,Apartment,4,1925.28,669506.11,Sold,C1726,347.74480075625365
60053,6,2024-07-01,Apartment,5,1617.43,440596.22,Available,,272.40512417848066
60079,6,2024-07-01,Apartment,7,1075.42,332193.9,Available,,308.89689609640885
60091,6,2024-07-01,Apartment,7,1075.42,358882.77,Sold,C1791,333.7140559037399
60129,6,2024-07-01,Apartment,10,942.08,257962.62,Available,,273.82241423233694
60197,6,2024-07-01,Apartment,19,1542.71,469223.8,Sold,C0705,304.15554446396277
60225,6,2024-07-01,Apartment,20,1897.17,650142.73,Sold,C0708,342.69081315854663
60235,6,2024-07-01,Office,23,1243.4,365068.7,Available,,293.6051954318803
60237,6,2024-07-01,Apartment,23,1243.4,445780.3,Available,,358.51721087341156
60268,6,2024-07-01,Apartment,29,1691.02,515026.76,Sold,C1648,304.5657413868553
60270,6,2024-07-01,Apartment,29,1691.02,514808.99,Available,,304.4369611240553
60272,6,2024-07-01,Apartment,29,1691.02,541412.0,Sold,C0845,320.1688921479344
60345,6,2024-07-01,Apartment,39,744.54,232653.03,Sold,C1430,312.4788862922073
60395,6,2024-07-01,Office,47,550.99,203127.74,Sold,C0695,368.6595763988457
60397,6,2024-07-01,Apartment,47,550.99,179671.47,Sold,C1494,326.0884408065482
60408,6,2024-07-01,Apartment,49,1167.52,421157.07,Sold,C1752,360.7279275729752
60462,6,2024-07-01,Apartment,54,1633.19,510205.42,Sold,C0792,312.3980798314954
70067,7,2024-07-01,Apartment,10,1495.37,498981.9,Available,,333.6845730488107
70084,7,2024-07-01,Apartment,12,804.65,264096.57,Sold,C0674,328.21297458522344
70094,7,2024-07-01,Apartment,13,604.6,203878.93,Sold,C1913,337.21291763149185
70132,7,2024-07-01,Apartment,16,1239.87,396878.27,Sold,C1894,320.0966794905918
70141,7,2024-07-01,Apartment,17,1586.15,493624.1,Available,,311.20896510418305
70145,7,2024-07-01,Apartment,18,703.28,192481.38,Available,,273.69096234785576
70164,7,2024-07-01,Apartment,19,751.07,218265.82,Available,,290.60649473417925
70170,7,2024-07-01,Apartment,19,751.07,200514.16,Sold,C1039,266.9713342298321
70183,7,2024-07-01,Apartment,21,1528.62,512614.55,Sold,C0956,335.34465727257265
70199,7,2024-07-01,Apartment,22,1914.21,562089.63,Sold,C0431,293.64052533421096
70216,7,2024-07-01,Apartment,24,852.99,264877.95,Available,,310.5287869728836
70272,7,2024-07-01,Apartment,31,839.7,272820.64,Sold,C0173,324.90251280219127
70273,7,2024-07-01,Apartment,31,839.7,218532.24,Available,,260.2503751339764
70276,7,2024-07-01,Apartment,32,1910.67,530153.48,Available,,277.4699346302606
70338,7,2024-07-01,Apartment,41,1093.92,347137.85,Sold,C0480,317.33385439520254
70344,7,2024-07-01,Apartment,41,1093.92,370591.5,Available,,338.7738591487494
70351,7,2024-07-01,Apartment,41,1093.92,335850.0,Sold,C1474,307.0151382185169
70365,7,2024-07-01,Apartment,42,702.08,215066.31,Sold,C0105,306.3273558568824
70409,7,2024-07-01,Apartment,48,533.35,156509.03,Sold,C0518,293.4452610855911
70430,7,2024-07-01,Apartment,50,502.02,144890.28,Sold,C0161,288.6145571889566
70432,7,2024-07-01,Apartment,50,502.02,156463.31,Sold,C0037,311.66748336719655
70433,7,2024-07-01,Office,50,502.02,169868.29,Sold,C1826,338.36956694952397
70440,7,2024-07-01,Apartment,52,1281.14,281850.8,Sold,C0124,219.99999999999997
70460,7,2024-07-01,Apartment,54,1940.69,600921.42,Available,,309.6431784571467
70462,7,2024-07-01,Office,54,1940.69,464389.02,Sold,C0538,239.2906749661203
80009,8,2024-07-01,Apartment,1,1109.29,290541.12,Available,,261.91628879733884
80033,8,2024-07-01,Apartment,4,1934.75,459483.42,Available,,237.48981522160486
80065,8,2024-07-01,Office,7,1352.74,411818.69,Sold,C1164,304.4329952540769
80070,8,2024-07-01,Apartment,8,1552.34,415410.47,Sold,C0422,267.6027609930814
80123,8,2024-07-01,Apartment,14,685.93,204725.07,Sold,C0823,298.463502106629
80139,8,2024-07-01,Apartment,16,424.09,141182.27,Available,,332.9063877950435
80142,8,2024-07-01,Apartment,17,1109.27,331593.61,Sold,C0407,298.9295753062825
80159,8,2024-07-01,Apartment,20,774.16,245421.65,Sold,C0415,317.0167019737522
80236,8,2024-07-01,Apartment,30,1070.46,294652.79,Sold,C1987,275.258103992676
80296,8,2024-07-01,Office,34,1684.75,639701.59,Available,,379.70119602314884
80310,8,2024-07-01,Apartment,36,673.86,212206.92,Sold,C0189,314.91247440121094
80325,8,2024-07-01,Apartment,37,890.65,282558.57,Available,,317.2498400044911
80328,8,2024-07-01,Apartment,37,890.65,269637.9,Sold,C0047,302.74282827148716
80348,8,2024-07-01,Apartment,39,1290.89,398487.78,Sold,C1456,308.6922820689602
80349,8,2024-07-01,Apartment,40,861.57,282263.83,Sold,C0315,327.6156667479137
80354,8,2024-07-01,Office,42,1473.68,468216.98,Available,,317.7195727702079
80367,8,2024-07-01,Apartment,44,1862.29,537998.71,Sold,C0107,288.8909407235178
80376,8,2024-07-01,Apartment,45,1185.72,378841.41,Available,,319.5032638396923
80390,8,2024-07-01,Apartment,46,1175.51,352357.82,Sold,C1691,299.74889197029376
80405,8,2024-07-01,Apartment,47,543.08,156998.87,Available,,289.08976578036385
80436,8,2024-07-01,Apartment,50,913.15,252431.3,Available,,276.44012484257786
80449,8,2024-07-01,Apartment,53,1891.72,573332.74,Sold,C1480,303.0748419427822
80493,8,2024-07-01,Apartment,57,1949.35,639189.99,Available,,327.8990381409188
90004,9,2024-07-01,Apartment,1,832.35,240059.83,Sold,C0182,288.4121223043191
90010,9,2024-07-01,Apartment,1,832.35,274831.74,Sold,C1758,330.1877094972067
90015,9,2024-07-01,Apartment,2,481.55,154698.56,Available,,321.2512927006541
90043,9,2024-07-01,Office,8,1315.55,411125.74,Sold,C1983,312.51243966401887
90056,9,2024-07-01,Office,10,1172.34,417344.04,Sold,C0409,355.9923230462153
90057,9,2024-07-01,Apartment,10,1172.34,343188.25,Available,,292.7378149683539
90074,9,2024-07-01,Apartment,12,952.38,254270.21,Sold,C0005,266.98398748398745
90084,9,2024-07-01,Apartment,13,929.96,253175.03,Available,,272.24292442685703
90104,9,2024-07-01,Apartment,16,924.6,304774.35,Sold,C0488,329.62832576249184
90113,9,2024-07-01,Apartment,17,1481.32,448450.76,Sold,C0139,302.73726136148844
90114,9,2024-07-01,Office,17,1481.32,404286.98,Sold,C1693,272.92346015715714
90124,9,2024-07-01,Apartment,18,860.97,224938.19,Sold,C0987,261.2613563771095
90169,9,2024-07-01,Apartment,26,1038.39,340657.87,Available,,328.0635117826635
90196,9,2024-07-01,Apartment,29,1426.22,450990.59,Available,,316.21390108117964
90221,9,2024-07-01,Apartment,33,973.52,278475.29,Sold,C1129,286.04989111677213
90236,9,2024-07-01,Apartment,33,973.52,263309.05,Sold,C1337,270.4711254006081
90250,9,2024-07-01,Apartment,34,1577.36,447049.48,Sold,C0544,283.4162651518994
90298,9,2024-07-01,Apartment,37,731.44,247204.79,Sold,C1017,337.970018046593
90303,9,2024-07-01,Apartment,38,1260.31,388613.55,Sold,C1185,308.3475890852251
90323,9,2024-07-01,Apartment,39,1839.34,580803.68,Available,,315.7674383202671
90325,9,2024-07-01,Apartment,39,1839.34,490058.21,Sold,C1885,266.43155153478966
90340,9,2024-07-01,Apartment,40,1090.32,311714.97,Sold,C1783,285.8931047765793
90342,9,2024-07-01,Apartment,40,1090.32,316830.55,Sold,C0904,290.58492002347936
90423,9,2024-07-01,Apartment,53,599.72,160112.49,Sold,C1262,266.97874007870337
90439,9,2024-07-01,Apartment,56,1516.4,429206.12,Sold,C1577,283.04281192297543
90452,9,2024-07-01,Apartment,56,1516.4,469349.57,Available,,309.51567528356634
90484,9,2024-07-01,Apartment,58,838.34,298489.15,Sold,C1228,356.04784454994393
90491,9,2024-07-01,Apartment,58,838.34,262057.47,Sold,C1454,312.59091776606147
90500,9,2024-07-01,Apartment,58,838.34,248810.04,Sold,C1372,296.78894004819045
90508,9,2024-07-01,Apartment,58,838.34,240363.51,Available,,286.7136364720758
90516,9,2024-07-01,Apartment,59,1697.13,540584.92,Sold,C1107,318.5288811110522
90521,9,2024-07-01,Apartment,59,1697.13,540051.95,Sold,C1911,318.21483916965695
100011,10,2024-07-01,Office,3,1197.61,341197.28,Sold,C1655,284.8984894915708
100015,10,2024-07-01,Apartment,4,1765.37,557575.88,Available,,315.84080391079493
100021,10,2024-07-01,Office,4,1765.37,594018.07,Sold,C0449,336.48360966822815
100058,10,2024-07-01,Office,6,842.66,280069.05,Sold,C0528,332.36305271402466
100080,10,2024-07-01,Apartment,10,1196.84,339509.37,Available,,283.671476554928
100102,10,2024-07-01,Apartment,13,876.79,247809.36,Sold,C0060,282.63251177590985
100103,10,2024-07-01,Apartment,13,876.79,265237.37,Sold,C0118,302.5095746986166
100112,10,2024-07-01,Apartment,15,1948.32,590971.72,Sold,C0075,303.3237455859407
100135,10,2024-07-01,Apartment,17,647.35,200717.88,Sold,C1689,310.0608326253186
100137,10,2024-07-01,Apartment,17,647.35,185076.88,Available,,285.8992507916892
100160,10,2024-07-01,Apartment,20,1264.43,404233.41,Available,,319.69615557998463
100192,10,2024-07-01,Apartment,26,1294.85,390975.34,Sold,C1685,301.9464339498784
100194,10,2024-07-01,Apartment,26,1294.85,446270.99,Available,,344.6507240220875
100239,10,2024-07-01,Apartment,29,486.78,133442.26,Sold,C1353,274.13258556226634
100258,10,2024-07-01,Apartment,31,1499.0,480689.01,Available,,320.6731220813876
100259,10,2024-07-01,Apartment,31,1499.0,440625.12,Sold,C1126,293.9460440293529
100270,10,2024-07-01,Apartment,31,1499.0,539319.21,Sold,C0194,359.78599733155437
100274,10,2024-07-01,Apartment,31,1499.0,442539.26,Sold,C0922,295.2229886591061
100281,10,2024-07-01,Apartment,33,1010.7,317118.28,Sold,C1646,313.7610369051153
100295,10,2024-07-01,Apartment,34,1435.44,456005.52,Sold,C1789,317.6764755057683
100315,10,2024-07-01,Office,37,1177.85,392024.6,Sold,C1296,332.8306660440633
100350,10,2024-07-01,Apartment,42,1757.51,542629.73,Available,,308.74915647706126
100378,10,2024-07-01,Office,44,1224.71,313612.06,Sold,C1349,256.0704656612586
100389,10,2024-07-01,Office,45,1119.1,359492.59,Sold,C0965,321.23366097757133
100431,10,2024-07-01,Office,50,1138.32,410549.3,Sold,C0029,360.662467495959
110015,11,2024-07-01,Apartment,2,938.0,292903.12,Sold,C0048,312.2634541577825
110064,11,2024-07-01,Apartment,8,1001.41,328405.23,Sold,C0137,327.9428306088415
110069,11,2024-07-01,Apartment,8,1001.41,294707.51,Sold,C1116,294.2925574939336
110074,11,2024-07-01,Apartment,8,1001.41,315005.02,Sold,C1054,314.56148830149493
110076,11,2024-07-01,Apartment,9,904.49,288226.7,Sold,C1007,318.66211898417896
110127,11,2024-07-01,Apartment,14,524.68,152470.27,Sold,C1588,290.5966875047648
110135,11,2024-07-01,Apartment,14,524.68,145565.84,Sold,C1755,277.4373713501563
110149,11,2024-07-01,Apartment,15,1385.68,464805.57,Available,,335.4349994226661
110175,11,2024-07-01,Apartment,19,1083.98,312370.43,Sold,C0846,288.1699201092271
110197,11,2024-07-01,Apartment,23,1098.83,304533.78,Sold,C1959,277.14367099551345
110206,11,2024-07-01,Apartment,24,1481.82,447905.13,Sold,C0920,302.2668947645463
110215,11,2024-07-01,Apartment,26,490.37,146985.56,Available,,299.7441931602667
110220,11,2024-07-01,Apartment,27,1638.1,491968.22,Available,,300.32856357975703
110248,11,2024-07-01,Apartment,30,642.72,188918.69,Available,,293.9362241722678
110307,11,2024-07-01,Apartment,38,788.47,231425.47,Sold,C0167,293.512080358162
110314,11,2024-07-01,Apartment,38,788.47,292783.1,Sold,C0655,371.33067840247566
110327,11,2024-07-01,Apartment,39,1816.63,542356.68,Sold,C1276,298.55098726763293
110356,11,2024-07-01,Apartment,42,808.59,241981.51,Available,,299.2635451835912
110363,11,2024-07-01,Office,43,810.65,247337.51,Available,,305.1101091716524
110417,11,2024-07-01,Office,49,1095.85,290170.99,Sold,C1432,264.79079253547474
110433,11,2024-07-01,Apartment,51,1318.98,394037.08,Sold,C0703,298.7437868656083
110448,11,2024-07-01,Apartment,52,1397.58,410950.81,Sold,C0423,294.0445698993975
110486,11,2024-07-01,Office,57,1008.58,364600.4,Sold,C1710,361.49874080390254
110495,11,2024-07-01,Apartment,58,1159.31,307063.74,Sold,C0548,264.8676712872312
110498,11,2024-07-01,Apartment,59,782.92,250827.86,Sold,C0403,320.3748275685894
110540,11,2024-07-01,Apartment,62,1938.82,661095.49,Sold,C0885,340.9782702881134
110557,11,2024-07-01,Apartment,65,1427.09,386439.95,Sold,C0148,270.788772957557
120061,12,2024-07-01,Apartment,7,1179.99,324417.75,Available,,274.9326265476826
120063,12,2024-07-01,Apartment,8,1803.36,504262.01,Sold,C0833,279.6235970632597
120065,12,2024-07-01,Apartment,8,1803.36,458523.67,Available,,254.26075215153935
120074,12,2024-07-01,Apartment,8,1803.36,509389.85,Available,,282.46708921125014
120087,12,2024-07-01,Apartment,11,1348.81,407336.9,Sold,C1796,301.9972420133303
120091,12,2024-07-01,Office,12,959.05,294502.81,Available,,307.07763933058754
120104,12,2024-07-01,Apartment,13,1394.03,488077.62,Sold,C0059,350.11988264241086
120106,12,2024-07-01,Apartment,13,1394.03,428998.23,Available,,307.7395967088226
120119,12,2024-07-01,Apartment,14,1369.96,411210.31,Sold,C0933,300.16227481094336
120122,12,2024-07-01,Apartment,14,1369.96,467818.66,Sold,C0779,341.4834447721101
120159,12,2024-07-01,Apartment,18,1702.66,567781.4,Sold,C1388,333.46728060798984
120183,12,2024-07-01,Apartment,20,1802.21,514479.75,Sold,C1250,285.4715876618152
120215,12,2024-07-01,Apartment,24,1306.75,404553.77,Sold,C1078,309.5877329251961
120243,12,2024-07-01,Apartment,26,557.9,167180.02,Sold,C0459,299.6594730238394
120276,12,2024-07-01,Office,30,622.2,182644.63,Sold,C0835,293.54649630343937
120288,12,2024-07-01,Apartment,33,1232.2,373786.79,Sold,C0171,303.34912351890927
120298,12,2024-07-01,Apartment,33,1232.2,416143.54,Sold,C0398,337.72402207433856
120309,12,2024-07-01,Apartment,34,1817.64,543784.77,Available,,299.1707763913646
120312,12,2024-07-01,Apartment,34,1817.64,547275.83,Available,,301.0914317466605
120318,12,2024-07-01,Apartment,35,1690.62,536339.3,Sold,C1613,317.2441471176255
120349,12,2024-07-01,Apartment,38,1157.23,303689.38,Available,,262.42784926073466
120379,12,2024-07-01,Apartment,41,938.23,308266.76,Sold,C1711,328.5620370271682
120391,12,2024-07-01,Apartment,45,1898.75,578903.12,Sold,C1391,304.8864358130349
120400,12,2024-07-01,Apartment,47,1528.05,459689.25,Sold,C0959,300.8339059585747
120410,12,2024-07-01,Apartment,47,1528.05,458559.81,Sold,C1477,300.09476784136643
120413,12,2024-07-01,Apartment,48,1919.31,573864.12,Available,,298.99501383309627
130007,13,2024-07-01,Apartment,1,1899.92,523557.94,Available,,275.56841340688027
130026,13,2024-07-01,Apartment,2,1651.02,502850.13,Available,,304.56937529527204
130032,13,2024-07-01,Apartment,2,1651.02,517417.7,Sold,C1460,313.3927511477753
130084,13,2024-07-01,Apartment,10,1314.38,443598.83,Available,,337.49663719776623
130152,13,2024-07-01,Apartment,17,1278.95,339994.36,Sold,C0442,265.83866452949684
130174,13,2024-07-01,Office,20,516.72,161535.12,Available,,312.6163492800743
130187,13,2024-07-01,Office,20,516.72,192246.55,Sold,C1795,372.0516914383031
130202,13,2024-07-01,Apartment,23,882.35,241711.66,Available,,273.9407944693149
130235,13,2024-07-01,Apartment,28,1173.72,366660.34,Available,,312.39166070272296
130265,13,2024-07-01,Apartment,31,627.57,177086.9,Available,,282.17872109884155
130285,13,2024-07-01,Apartment,32,1114.07,324092.48,Sold,C1838,290.9085425511862
130287,13,2024-07-01,Office,32,1114.07,376982.89,Sold,C0161,338.38348577737486
130303,13,2024-07-01,Office,33,1445.84,396320.37,Available,,274.11080755823605
130322,13,2024-07-01,Office,36,1061.26,319634.34,Sold,C0116,301.1838192337411
130334,13,2024-07-01,Apartment,37,1555.67,540337.18,Sold,C0021,347.3340618511638
130346,13,2024-07-01,Office,38,656.42,172732.59,Available,,263.14339904329546
130355,13,2024-07-01,Apartment,39,1054.77,333335.63,Sold,C0367,316.0268399745916
130356,13,2024-07-01,Apartment,39,1054.77,297137.03,Sold,C0155,281.70788892365164
130363,13,2024-07-01,Apartment,40,571.5,146624.11,Sold,C0151,256.5601224846894
130366,13,2024-07-01,Apartment,40,571.5,157697.13,Sold,C0040,275.9354855643045
130371,13,2024-07-01,Apartment,41,1168.7,351482.71,Sold,C1594,300.74673568922736
130396,13,2024-07-01,Apartment,44,470.06,122529.33,Available,,260.66742543505086
130420,13,2024-07-01,Apartment,47,1874.35,574750.15,Sold,C0319,306.63971510123514
130424,13,2024-07-01,Apartment,47,1874.35,599735.43,Sold,C0433,319.9698188705418
130453,13,2024-07-01,Apartment,51,1253.03,409716.46,Sold,C1254,326.98056710533666
130464,13,2024-07-01,Apartment,53,968.77,277313.63,Sold,C1042,286.2533212217554
130491,13,2024-07-01,Apartment,57,1717.49,553202.56,Sold,C0255,322.0994358045753
130510,13,2024-07-01,Apartment,59,1434.04,466896.33,Sold,C0539,325.5811065242253
130543,13,2024-07-01,Apartment,63,1623.8,522871.62,Available,,322.0049390319005
130549,13,2024-07-01,Apartment,63,1623.8,558406.39,Sold,C1359,343.88865008005916
130554,13,2024-07-01,Apartment,64,792.66,236127.27,Available,,297.89224888350617
130567,13,2024-07-01,Apartment,67,524.97,177305.61,Sold,C1555,337.74427110120575
130582,13,2024-07-01,Apartment,67,524.97,157671.38,Sold,C0682,300.3436005867002
140006,14,2024-07-01,Office,2,922.7,254776.77,Sold,C0514,276.12091687439033
140029,14,2024-07-01,Apartment,5,424.34,137345.87,Sold,C0268,323.6693924683037
140046,14,2024-07-01,Apartment,7,641.37,186621.79,Available,,290.973681338385
140071,14,2024-07-01,Apartment,9,803.5,228660.27,Sold,C1395,284.5802986932172
140074,14,2024-07-01,Apartment,9,803.5,229900.05,Sold,C1235,286.1232731798382
140106,14,2024-07-01,Apartment,12,459.44,138735.2,Sold,C0762,301.96587149573395
140108,14,2024-07-01,Apartment,12,459.44,145299.39,Sold,C1456,316.25324307853043
140127,14,2024-07-01,Apartment,13,442.74,127404.1,Available,,287.7627953200524
140137,14,2024-07-01,Office,15,784.04,230382.24,Sold,C1448,293.8399061272384
140144,14,2024-07-01,Apartment,15,784.04,247670.78,Available,,315.8904902811081
140155,14,2024-07-01,Apartment,16,915.37,259971.99,Sold,C0914,284.0075488600238
140165,14,2024-07-01,Office,17,686.6,252539.96,Sold,C1687,367.8123507136615
140174,14,2024-07-01,Apartment,18,500.17,123583.21,Sold,C0890,247.08241197992683
140177,14,2024-07-01,Apartment,18,500.17,170526.78,Sold,C1592,340.9376412019913
140186,14,2024-07-01,Apartment,21,1560.87,370802.58,Sold,C0788,237.5614753310654
140204,14,2024-07-01,Apartment,22,1148.66,371392.04,Sold,C0023,323.3263454808211
140246,14,2024-07-01,Apartment,28,486.35,147025.21,Sold,C0581,302.30330009252594
140251,14,2024-07-01,Office,29,1618.34,521382.1,Sold,C0630,322.1709282351051
140268,14,2024-07-01,Apartment,29,1618.34,468922.65,Sold,C1173,289.75533571437404
140273,14,2024-07-01,Apartment,30,1746.48,497116.96,Sold,C1590,284.63936603911867
140292,14,2024-07-01,Apartment,33,1894.96,548558.56,Sold,C1175,289.48292312238783
140293,14,2024-07-01,Apartment,33,1894.96,520074.64,Sold,C1062,274.45151348841136
140305,14,2024-07-01,Apartment,35,1152.84,387012.23,Sold,C1740,335.7033326393949
140325,14,2024-07-01,Apartment,38,1170.11,345923.44,Sold,C1485,295.6332652485664
140335,14,2024-07-01,Apartment,40,532.44,163904.14,Available,,307.8358876117497
140344,14,2024-07-01,Apartment,41,543.61,154091.71,Sold,C1741,283.4600356873494
140352,14,2024-07-01,Apartment,43,520.49,145055.82,Sold,C1044,278.69088743299585
140358,14,2024-07-01,Office,43,520.49,170872.82,Sold,C0987,328.29222463447906
140394,14,2024-07-01,Apartment,47,917.53,258518.28,Sold,C0197,281.75458023170904
140395,14,2024-07-01,Office,47,917.53,252713.76,Sold,C0466,275.42833476834545
140399,14,2024-07-01,Apartment,48,1941.78,497893.52,Sold,C0243,256.41088073829167
140454,14,2024-07-01,Office,53,1493.72,450023.59,Available,,301.2770733470798
140459,14,2024-07-01,Apartment,55,1415.9,493593.22,Available,,348.60740165265906
140463,14,2024-07-01,Apartment,55,1415.9,370665.44,Available,,261.78786637474394
140475,14,2024-07-01,Apartment,55,1415.9,425691.8,Sold,C1361,300.6510346775902
150030,15,2024-07-01,Apartment,4,1110.88,322354.35,Available,,290.179272288636
150128,15,2024-07-01,Apartment,17,562.64,190102.41,Sold,C1554,337.8757464808759
150150,15,2024-07-01,Apartment,18,567.74,189284.34,Sold,C1268,333.3996899989432
150157,15,2024-07-01,Apartment,20,1662.01,557939.4,Sold,C1012,335.7015902431393
150173,15,2024-07-01,Apartment,22,1317.29,357942.9,Sold,C0964,271.72672684071085
150180,15,2024-07-01,Office,23,1279.23,447987.69,Available,,350.20105063202084
150252,15,2024-07-01,Apartment,30,1523.22,491938.8,Sold,C0513,322.9597825658802
150256,15,2024-07-01,Office,30,1523.22,485590.73,Sold,C0190,318.79224931395333
150262,15,2024-07-01,Apartment,30,1523.22,377450.49,Available,,247.79775081734746
150279,15,2024-07-01,Apartment,34,1304.22,439700.17,Available,,337.136503043965
150300,15,2024-07-01,Office,35,745.49,218602.71,Sold,C0097,293.23359132919285
150302,15,2024-07-01,Apartment,35,745.49,254110.4,Sold,C0838,340.8635930730124
150336,15,2024-07-01,Apartment,39,1713.42,483241.64,Sold,C0443,282.03338352534695
150354,15,2024-07-01,Apartment,43,1655.05,508753.3,Sold,C0822,307.3945198030271
150361,15,2024-07-01,Apartment,44,1713.09,501574.06,Sold,C0350,292.78908872271745
150387,15,2024-07-01,Office,49,460.17,130666.74,Sold,C1231,283.9531912119434
150435,15,2024-07-01,Apartment,54,1495.13,330239.65,Sold,C1621,220.87688027128075
150442,15,2024-07-01,Apartment,55,892.75,283367.29,Sold,C0384,317.40945393447214
150453,15,2024-07-01,Apartment,55,892.75,301756.77,Available,,338.0081433772053
150462,15,2024-07-01,Apartment,56,939.93,263394.17,Available,,280.2274318300299
150466,15,2024-07-01,Apartment,56,939.93,297518.31,Sold,C0096,316.5324119881268
150503,15,2024-07-01,Apartment,60,1033.2,331613.25,Sold,C0600,320.95746225319397
150505,15,2024-07-01,Apartment,60,1033.2,317869.59,Sold,C1663,307.65542973286875
160013,16,2024-07-01,Apartment,2,1388.75,406095.59,Sold,C1735,292.41806660666066
160019,16,2024-07-01,Apartment,3,466.91,124643.03,Sold,C0251,266.9530102161016
160020,16,2024-07-01,Apartment,3,466.91,153928.17,Available,,329.67417703625966
160021,16,2024-07-01,Apartment,4,1561.55,545582.64,Sold,C0342,349.3853158720502
160034,16,2024-07-01,Apartment,5,749.15,223589.36,Sold,C0323,298.45739838483615
160050,16,2024-07-01,Apartment,6,1062.34,377317.05,Sold,C0358,355.1754146506768
160091,16,2024-07-01,Apartment,10,1608.56,507543.33,Sold,C0184,315.52651439797086
160102,16,2024-07-01,Apartment,11,1288.42,361857.17,Sold,C1301,280.8534251253473
160118,16,2024-07-01,Apartment,12,549.98,167127.37,Sold,C0440,303.87899559984
160148,16,2024-07-01,Apartment,18,1432.77,439792.36,Sold,C0489,306.95251854798744
160163,16,2024-07-01,Apartment,21,837.95,214050.49,Sold,C1349,255.44542037114383
160165,16,2024-07-01,Office,21,837.95,291601.39,Sold,C0213,347.9937824452533
160207,16,2024-07-01,Office,26,1458.08,470123.96,Sold,C0735,322.42672555689677
160208,16,2024-07-01,Apartment,26,1458.08,420929.08,Sold,C1716,288.6872325249644
160219,16,2024-07-01,Apartment,27,1164.55,395393.94,Sold,C0388,339.5250869434546
160236,16,2024-07-01,Apartment,28,1440.71,453519.83,Sold,C0274,314.78911786549685
160296,16,2024-07-01,Apartment,35,629.97,190389.18,Available,,302.2194390209057
160349,16,2024-07-01,Apartment,41,1001.72,288157.93,Sold,C0227,287.6631493830611
160367,16,2024-07-01,Apartment,42,1496.62,442773.17,Sold,C1598,295.8487592040732
160368,16,2024-07-01,Apartment,42,1496.62,440294.2,Sold,C1131,294.1923801633013
170001,17,2024-07-01,Office,1,530.28,177186.48,Available,,334.13758768952255
170015,17,2024-07-01,Apartment,1,530.28,161864.85,Sold,C1882,305.2441163159086
170017,17,2024-07-01,Apartment,1,530.28,142052.01,Available,,267.88113826657616
170103,17,2024-07-01,Apartment,12,451.91,158962.11,Available,,351.7561240069925
170110,17,2024-07-01,Apartment,13,916.9,254096.51,Sold,C1229,277.1256516523067
170121,17,2024-07-01,Apartment,14,1646.02,586216.96,Sold,C1543,356.14206388743753
170125,17,2024-07-01,Apartment,15,1365.73,464700.64,Sold,C0167,340.25805979219905
170128,17,2024-07-01,Apartment,15,1365.73,366314.0,Sold,C0066,268.21846192146324
170149,17,2024-07-01,Apartment,16,1693.0,538823.79,Available,,318.2656763142351
170167,17,2024-07-01,Apartment,17,1827.25,573420.94,Available,,313.8163579148994
170184,17,2024-07-01,Apartment,20,792.27,217783.6,Sold,C0993,274.8855819354513
170204,17,2024-07-01,Apartment,23,1025.52,301579.24,Sold,C1807,294.07445978625475
170270,17,2024-07-01,Apartment,32,954.54,266964.5,Sold,C0578,279.67869340205755
170281,17,2024-07-01,Apartment,33,1532.89,429757.11,Available,,280.3574359543085
170285,17,2024-07-01,Apartment,35,1667.01,491123.63,Sold,C1695,294.61348762154995
170297,17,2024-07-01,Apartment,37,644.06,218636.37,Available,,339.4658416917679
170299,17,2024-07-01,Apartment,37,644.06,232811.65,Available,,361.47509548799803
170302,17,2024-07-01,Apartment,38,721.83,224494.14,Sold,C0969,311.00694069240683
170304,17,2024-07-01,Apartment,38,721.83,198833.21,Sold,C1385,275.45711594142665
170330,17,2024-07-01,Office,41,1422.93,455542.16,Sold,C0475,320.14375970708323
170332,17,2024-07-01,Apartment,41,1422.93,454070.47,Available,,319.10949238543003
170349,17,2024-07-01,Apartment,45,1574.3,500164.38,Available,,317.7058883313219
170351,17,2024-07-01,Apartment,45,1574.3,470199.52,Sold,C0885,298.6721209426412
170370,17,2024-07-01,Apartment,46,1582.61,471629.61,Available,,298.0074749938393
170389,17,2024-07-01,Apartment,48,1833.96,567989.3,Sold,C1876,309.7064821479204
170395,17,2024-07-01,Apartment,48,1833.96,655054.84,Sold,C0081,357.18054919409366
170420,17,2024-07-01,Apartment,49,1283.67,407447.04,Sold,C0591,317.40793194512605
170430,17,2024-07-01,Apartment,49,1283.67,334547.53,Sold,C0565,260.6180170916201
170444,17,2024-07-01,Office,51,1375.52,518981.38,Sold,C1027,377.29831627311853
180006,18,2024-07-01,Apartment,1,1379.64,416556.23,Sold,C1486,301.9311052158534
180020,18,2024-07-01,Office,3,524.48,129489.0,Sold,C0059,246.89025320317265
180029,18,2024-07-01,Office,4,1096.58,349185.44,Sold,C1506,318.4313410786263
180041,18,2024-07-01,Apartment,4,1096.58,267154.02,Sold,C1633,243.62474238085687
180051,18,2024-07-01,Apartment,6,840.25,252877.62,Sold,C0049,300.95521570961023
180056,18,2024-07-01,Apartment,6,840.25,247667.71,Available,,294.75478726569474
180091,18,2024-07-01,Apartment,12,1692.5,522661.73,Sold,C1280,308.81047562776956
180108,18,2024-07-01,Apartment,14,1742.3,604691.57,Available,,347.06512655685015
180136,18,2024-07-01,Apartment,18,1127.95,291840.57,Sold,C1003,258.7353783412385
180150,18,2024-07-01,Apartment,20,1631.48,487710.82,Sold,C0817,298.9376639615564
180218,18,2024-07-01,Apartment,28,514.67,175483.61,Sold,C0896,340.96335515961687
180219,18,2024-07-01,Apartment,28,514.67,129469.7,Sold,C0398,251.5586686614724
180229,18,2024-07-01,Apartment,29,578.36,186304.06,Sold,C1188,322.1247320008299
180239,18,2024-07-01,Office,30,1795.66,454622.46,Sold,C1613,253.17847476693805
180267,18,2024-07-01,Apartment,31,945.46,271698.96,Sold,C0264,287.37224208321874
180282,18,2024-07-01,Apartment,35,799.05,245628.59,Sold,C0614,307.4007759214067
180287,18,2024-07-01,Apartment,35,799.05,228204.67,Available,,285.59498154057945
180314,18,2024-07-01,Apartment,36,1089.77,362075.38,Sold,C1238,332.249355368564
180329,18,2024-07-01,Apartment,38,1219.8,358264.33,Available,,293.7074356451878
180360,18,2024-07-01,Apartment,40,990.46,327105.33,Available,,330.2559719726188
180366,18,2024-07-01,Apartment,41,852.83,247036.12,Sold,C0956,289.6663109881219
180372,18,2024-07-01,Apartment,41,852.83,252728.55,Available,,296.3410644559877
180390,18,2024-07-01,Office,44,1334.77,354368.72,Sold,C1220,265.4904740142496
180418,18,2024-07-01,Apartment,47,520.85,189135.71,Available,,363.12894307382163
180432,18,2024-07-01,Apartment,49,1457.92,480772.76,Available,,329.766214881475
180449,18,2024-07-01,Apartment,50,854.74,255654.13,Sold,C1995,299.1016332451974
180469,18,2024-07-01,Apartment,53,1806.7,508462.97,Sold,C0034,281.4318757956495
180473,18,2024-07-01,Apartment,53,1806.7,501341.88,Available,,277.4903857862401
180492,18,2024-07-01,Apartment,54,1756.12,572514.83,Sold,C1507,326.01122360658724
180504,18,2024-07-01,Apartment,56,1311.59,392997.85,Sold,C0746,299.6346800448311
180533,18,2024-07-01,Apartment,60,1488.67,507522.85,Sold,C0825,340.92367683905763
180534,18,2024-07-01,Apartment,60,1488.67,441900.44,Sold,C1784,296.8424432547173
180540,18,2024-07-01,Office,61,1019.7,338774.34,Sold,C0105,332.2294204177699
180575,18,2024-07-01,Office,66,1631.24,532766.89,Sold,C0857,326.60239449743756
180583,18,2024-07-01,Apartment,67,1664.17,550273.32,Sold,C0390,330.6593196608519
180585,18,2024-07-01,Apartment,68,1445.28,462353.91,Sold,C0076,319.90611507804715
190039,19,2024-07-01,Apartment,7,973.6,317064.49,Available,,325.66196589975345
190042,19,2024-07-01,Apartment,7,973.6,280625.88,Sold,C0841,288.2352917009039
190057,19,2024-07-01,Apartment,8,974.77,308389.38,Sold,C1763,316.3714312094135
190098,19,2024-07-01,Apartment,14,630.47,186144.12,Sold,C0040,295.2465938109664
190122,19,2024-07-01,Apartment,17,574.75,211158.38,Available,,367.39170073945195
190127,19,2024-07-01,Apartment,17,574.75,170914.8,Sold,C0902,297.3724227925185
190130,19,2024-07-01,Apartment,18,1599.44,495705.73,Sold,C0990,309.9245548441954
190212,19,2024-07-01,Apartment,26,668.24,213645.72,Sold,C1519,319.71405483059976
190219,19,2024-07-01,Office,26,668.24,185626.99,Sold,C0752,277.78491260624924
190243,19,2024-07-01,Apartment,29,1657.84,467738.46,Sold,C1860,282.13727500844476
190291,19,2024-07-01,Apartment,34,783.42,246652.14,Sold,C0547,314.84023895228614
190302,19,2024-07-01,Office,36,855.94,276512.82,Sold,C1411,323.0516391335841
190322,19,2024-07-01,Apartment,39,1237.04,375074.0,Available,,303.2028066998642
190333,19,2024-07-01,Apartment,40,893.49,240304.86,Sold,C1662,268.9508108652587
190341,19,2024-07-01,Apartment,40,893.49,232188.92,Sold,C0356,259.8673963894392
190397,19,2024-07-01,Apartment,45,1869.11,581236.54,Sold,C1202,310.9696807571518
190406,19,2024-07-01,Apartment,46,1926.19,623819.92,Sold,C0826,323.86209044798284
190427,19,2024-07-01,Apartment,49,1004.26,294799.49,Available,,293.548971381913
190433,19,2024-07-01,Apartment,50,1227.01,352469.52,Available,,287.25888134571034
200042,20,2024-07-01,Office,4,631.75,183516.5,Sold,C0364,290.48911753066875
200103,20,2024-07-01,Apartment,14,837.37,283480.34,Available,,338.5365370147008
200127,20,2024-07-01,Apartment,16,645.44,175693.74,Available,,272.2077032721864
200144,20,2024-07-01,Apartment,18,1868.01,612113.6,Sold,C0871,327.6821858555361
200165,20,2024-07-01,Apartment,18,1868.01,575785.08,Sold,C0285,308.23447411951753
200208,20,2024-07-01,Apartment,25,780.74,215914.27,Sold,C1595,276.5507979609089
200238,20,2024-07-01,Apartment,29,1844.16,637391.94,Available,,345.62724492451844
200254,20,2024-07-01,Apartment,30,1703.94,545707.37,Sold,C1151,320.26208082444214
200271,20,2024-07-01,Apartment,31,1414.44,343623.68,Sold,C0405,242.93973586719832
200272,20,2024-07-01,Apartment,31,1414.44,394309.09,Sold,C1941,278.7739953621221
200341,20,2024-07-01,Apartment,37,632.35,220469.2,Sold,C1251,348.65058907250733
200358,20,2024-07-01,Apartment,39,1106.36,291164.92,Sold,C1814,263.17375899345603
200409,20,2024-07-01,Apartment,46,1227.49,335667.42,Available,,273.4583744063088
200483,20,2024-07-01,Apartment,55,1804.87,553235.72,Sold,C1937,306.52386044424253
200484,20,2024-07-01,Apartment,55,1804.87,519657.03,Sold,C1885,287.9193681539391
200499,20,2024-07-01,Apartment,58,1208.52,387708.89,Sold,C1783,320.81296958263
990011,3,2024-07-01,Apartment,38,1596.35,526947.16,Available,,330.0950042283961
990015,4,2024-07-01,Apartment,23,794.52,255243.11,Available,,321.2544806927453
990016,4,2024-07-01,Apartment,29,794.52,233834.0,Available,,294.3085133162161
1007,1,2024-08-01,Apartment,7,775.69,250312.53,Sold,C0058,322.69660560275366
1018,1,2024-08-01,Apartment,18,625.8,191389.87,Sold,C0075,305.8323266219239
1043,1,2024-08-01,Apartment,43,1160.36,377313.56,Sold,C0078,325.1693957047813
2014,2,2024-08-01,Apartment,14,1109.25,336695.25,Sold,C0024,303.5341446923597
2042,2,2024-08-01,Apartment,42,785.48,220606.28,Sold,C0145,280.8553750572898
3009,3,2024-08-01,Apartment,9,743.41,222867.42,Sold,C0109,299.79072113638506
3028,3,2024-08-01,Apartment,28,781.07,206631.81,Sold,C0160,264.54966904374766
3040,3,2024-08-01,Apartment,40,670.89,204292.49,Sold,C0088,304.5096662642162
4032,4,2024-08-01,Apartment,32,1611.85,523373.45,Available,,324.7035704314918
4035,4,2024-08-01,Apartment,35,794.52,217786.38,Sold,C0142,274.1106328349192
10018,1,2024-08-01,Apartment,3,788.73,219789.59,Available,,278.6626475473229
10071,1,2024-08-01,Apartment,8,763.88,252439.28,Sold,C0590,330.469812012358
10137,1,2024-08-01,Apartment,17,608.25,209028.7,Sold,C1827,343.65589806822857
10160,1,2024-08-01,Apartment,20,1146.24,312577.25,Sold,C0603,272.69790794249025
10197,1,2024-08-01,Office,24,1146.11,400078.46,Sold,C0516,349.07509750373003
10203,1,2024-08-01,Apartment,24,1146.11,353757.18,Sold,C0093,308.6590117876993
10217,1,2024-08-01,Apartment,25,1154.92,374160.93,Available,,323.9712967131922
10266,1,2024-08-01,Office,29,757.2,291390.39,Sold,C1113,384.8261885895404
10294,1,2024-08-01,Apartment,31,619.78,206016.94,Available,,332.4033366678499
10329,1,2024-08-01,Apartment,35,1168.59,343118.08,Available,,293.6171625634312
10341,1,2024-08-01,Apartment,36,613.59,200432.99,Sold,C1161,326.65621995143334
10415,1,2024-08-01,Apartment,48,1170.93,372802.31,Available,,318.38138061199214
10421,1,2024-08-01,Apartment,49,629.24,187717.66,Sold,C0849,298.32442311359733
20006,2,2024-08-01,Apartment,1,706.3,249209.28,Sold,C0390,352.83771768370383
20007,2,2024-08-01,Apartment,1,706.3,223901.16,Sold,C0667,317.00574826560955
20012,2,2024-08-01,Apartment,2,788.72,248313.23,Sold,C0932,314.83064966020896
20014,2,2024-08-01,Apartment,2,788.72,263129.48,Sold,C1546,333.61583324880814
20041,2,2024-08-01,Apartment,5,933.95,309045.3,Sold,C0957,330.90133304780767
20075,2,2024-08-01,Apartment,9,584.19,174150.21,Sold,C1739,298.1054280285523
20084,2,2024-08-01,Apartment,10,788.79,252850.45,Available,,320.5548371556435
20092,2,2024-08-01,Apartment,11,1625.05,456819.98,Sold,C0155,281.1113381126735
20107,2,2024-08-01,Apartment,12,1610.5,552556.37,Available,,343.09616268239677
20182,2,2024-08-01,Apartment,21,921.38,202703.6,Available,,220.0
20211,2,2024-08-01,Apartment,24,785.12,234283.57,Sold,C0008,298.4047916242103
20215,2,2024-08-01,Apartment,24,785.12,252200.58,Sold,C0090,321.22551966578357
20240,2,2024-08-01,Office,26,1577.79,539543.52,Sold,C0316,341.9615538189493
20244,2,2024-08-01,Office,26,1577.79,484534.28,Sold,C1760,307.09681263032473
20273,2,2024-08-01,Apartment,32,925.63,261310.59,Available,,282.30566208960386
20278,2,2024-08-01,Apartment,33,931.4,339356.02,Sold,C0550,364.3504616706034
20281,2,2024-08-01,Apartment,33,931.4,213769.96,Available,,229.51466609405196
20302,2,2024-08-01,Office,35,1391.68,536215.12,Sold,C1016,385.30058634168773
20309,2,2024-08-01,Apartment,36,641.72,202812.08,Sold,C1903,316.0445053917596
20320,2,2024-08-01,Apartment,37,780.46,264688.84,Available,,339.1446582784512
20338,2,2024-08-01,Office,41,654.93,216265.08,Sold,C1987,330.2109843800101
20346,2,2024-08-01,Office,41,654.93,213060.39,Available,,325.3178049562549
20362,2,2024-08-01,Apartment,42,786.45,231735.21,Sold,C0284,294.6598130841121
20394,2,2024-08-01,Apartment,46,697.74,203362.09,Sold,C1234,291.4582652563992
20397,2,2024-08-01,Apartment,46,697.74,255546.3,Sold,C0080,366.24860263135264
20420,2,2024-08-01,Apartment,47,708.32,219270.97,Sold,C1258,309.56484357352605
20450,2,2024-08-01,Apartment,52,914.01,290161.41,Sold,C0458,317.4597761512456
20458,2,2024-08-01,Apartment,54,924.4,269789.64,Sold,C0438,291.8537862397231
30005,3,2024-08-01,Apartment,1,689.75,189856.09,Sold,C1362,275.2534831460674
30012,3,2024-08-01,Apartment,1,689.75,225478.74,Sold,C0890,326.89922435665096
30028,3,2024-08-01,Apartment,3,783.65,223180.66,Sold,C0806,284.7963504115358
30107,3,2024-08-01,Apartment,10,784.09,240031.71,Sold,C1011,306.1277531915979
30117,3,2024-08-01,Apartment,10,784.09,211715.31,Sold,C0304,270.01404175541074
30120,3,2024-08-01,Apartment,10,784.09,255680.85,Available,,326.0860998099708
30143,3,2024-08-01,Apartment,14,788.59,243606.31,Sold,C0057,308.9137701467175
30147,3,2024-08-01,Apartment,15,1230.25,373566.16,Sold,C1062,303.6506076000813
30171,3,2024-08-01,Apartment,19,1602.22,433064.97,Sold,C1293,270.2905780729238
30194,3,2024-08-01,Apartment,21,1122.15,321062.01,Sold,C1741,286.1132736265205
30197,3,2024-08-01,Apartment,21,1122.15,329526.86,Available,,293.65669473778013
30230,3,2024-08-01,Apartment,27,1117.14,370806.45,Sold,C0694,331.92478113754765
30278,3,2024-08-01,Apartment,31,915.38,292620.94,Sold,C0583,319.6715462430903
30313,3,2024-08-01,Apartment,38,1173.4,342236.84,Sold,C0007,291.6625532640191
30314,3,2024-08-01,Office,38,1173.4,339686.19,Sold,C1512,289.4888273393557
30318,3,2024-08-01,Office,39,1598.95,499234.71,Sold,C1429,312.22659245129614
30337,3,2024-08-01,Apartment,41,965.5,276837.25,Sold,C1591,286.72941481097877
30401,3,2024-08-01,Office,49,1174.48,380891.56,Sold,C0271,324.3065526871466
30418,3,2024-08-01,Apartment,49,1174.48,353070.7,Sold,C0798,300.618741911314
30445,3,2024-08-01,Apartment,51,693.85,205147.4,Sold,C1884,295.6653455357786
30468,3,2024-08-01,Apartment,56,1179.42,341233.68,Sold,C1230,289.32329450068676
30483,3,2024-08-01,Apartment,56,1179.42,282867.04,Sold,C0020,239.8357158603381
30501,3,2024-08-01,Apartment,58,1588.14,476292.14,Available,,299.9056380419862
30507,3,2024-08-01,Apartment,58,1588.14,433348.26,Sold,C0467,272.8652763610261
40012,4,2024-08-01,Apartment,2,1620.07,583440.71,Sold,C0417,360.13302511619867
40018,4,2024-08-01,Apartment,2,1620.07,467514.28,Sold,C1754,288.5765923694656
40037,4,2024-08-01,Apartment,4,783.03,233531.67,Sold,C1703,298.24102524807483
40063,4,2024-08-01,Apartment,6,1602.95,557611.23,Sold,C1060,347.8656414735332
40073,4,2024-08-01,Office,8,732.42,257348.69,Sold,C0461,351.367644247836
40116,4,2024-08-01,Apartment,14,1322.66,375564.29,Sold,C1031,283.9462068861234
40143,4,2024-08-01,Apartment,17,780.68,217753.6,Available,,278.92811395193934
40162,4,2024-08-01,Apartment,20,1609.62,474937.38,Sold,C0281,295.06180340701536
40166,4,2024-08-01,Apartment,20,1609.62,603903.4,Sold,C0434,375.18383220884436
40176,4,2024-08-01,Apartment,21,801.66,210695.91,Available,,262.8245266072899
40216,4,2024-08-01,Office,26,790.05,261884.29,Sold,C0118,331.478121637871
40237,4,2024-08-01,Office,29,776.79,227118.11,Sold,C1497,292.38032157983497
40336,4,2024-08-01,Office,40,780.74,228773.81,Available,,293.0217614058457
40388,4,2024-08-01,Apartment,45,1160.48,281622.19,Sold,C0522,242.6773317937405
40392,4,2024-08-01,Apartment,45,1160.48,290250.51,Available,,250.11246208465462
40397,4,2024-08-01,Apartment,45,1160.48,356950.7,Sold,C1646,307.5888425479112
50001,5,2024-08-01,Apartment,1,790.55,245496.02,Sold,C0938,310.5382581746885
50002,5,2024-08-01,Office,1,790.55,237072.9,Sold,C1301,299.88349882992856
50034,5,2024-08-01,Office,8,782.15,237346.84,Sold,C1800,303.45437575912547
50047,5,2024-08-01,Apartment,8,782.15,227603.9,Available,,290.9977625775107
50077,5,2024-08-01,Apartment,10,629.27,218231.2,Available,,346.800578448043
50117,5,2024-08-01,Apartment,15,1050.95,286511.17,Sold,C0029,272.6211237451829
50138,5,2024-08-01,Office,18,1267.03,453254.04,Sold,C0460,357.7295249520532
50161,5,2024-08-01,Apartment,22,1059.78,359572.52,Sold,C0935,339.28977712355396
50170,5,2024-08-01,Office,22,1059.78,333147.15,Sold,C1638,314.35500764309575
50189,5,2024-08-01,Apartment,24,807.02,270484.0,Sold,C1179,335.1639364575847
50213,5,2024-08-01,Apartment,28,1247.24,343136.11,Sold,C0934,275.11634488951603
50227,5,2024-08-01,Apartment,30,794.93,226818.88,Available,,285.3318908583146
50229,5,2024-08-01,Apartment,31,1008.52,306320.78,Sold,C0988,303.73297505255226
50234,5,2024-08-01,Apartment,32,1051.39,286703.44,Available,,272.6899057438248
50264,5,2024-08-01,Apartment,35,605.55,185735.17,Sold,C0706,306.7214433159938
50279,5,2024-08-01,Apartment,36,627.56,210288.87,Sold,C1874,335.0896647332526
50282,5,2024-08-01,Apartment,36,627.56,177591.32,Sold,C0846,282.98699725922626
50292,5,2024-08-01,Office,38,1283.87,392711.04,Sold,C1905,305.8806888547906
50302,5,2024-08-01,Apartment,40,1053.41,332426.72,Sold,C0977,315.5720184923249
50392,5,2024-08-01,Apartment,46,1272.95,351688.67,Sold,C0892,276.2784634117601
50393,5,2024-08-01,Apartment,46,1272.95,427006.84,Sold,C0573,335.44667111826857
50396,5,2024-08-01,Apartment,47,1241.14,327053.12,Sold,C1939,263.5102566994859
50409,5,2024-08-01,Apartment,47,1241.14,378538.97,Available,,304.99296614402886
60010,6,2024-08-01,Apartment,1,1720.95,463140.93,Available,,269.11934106162295
60024,6,2024-08-01,Apartment,2,1338.63,429245.17,Sold,C0586,320.6600554298051
60027,6,2024-08-01,Office,3,605.21,208249.96,Sold,C1025,344.0953718543976
60030,6,2024-08-01,Apartment,3,605.21,185644.59,Sold,C0117,306.744088828671
60099,6,2024-08-01,Apartment,7,1075.42,296456.53,Sold,C0212,275.6658142865113
60127,6,2024-08-01,Apartment,10,942.08,313437.89,Sold,C0675,332.7083581012228
60155,6,2024-08-01,Apartment,12,1678.17,476123.08,Sold,C0500,283.71564263453644
60171,6,2024-08-01,Apartment,15,1392.45,466941.91,Sold,C1294,335.3383676254084
60193,6,2024-08-01,Office,19,1542.71,582517.27,Available,,377.5935010468591
60199,6,2024-08-01,Apartment,19,1542.71,411162.25,Sold,C1285,266.5194689863941
60251,6,2024-08-01,Apartment,25,1086.43,339295.67,Sold,C1433,312.3032961166389
60257,6,2024-08-01,Apartment,26,1538.47,510290.62,Sold,C1317,331.68707872106705
60269,6,2024-08-01,Apartment,29,1691.02,478576.39,Available,,283.01048479615855
60271,6,2024-08-01,Apartment,29,1691.02,584272.04,Sold,C1197,345.5145651736822
60280,6,2024-08-01,Apartment,30,552.59,164016.58,Available,,296.8142384046037
60299,6,2024-08-01,Apartment,33,1131.0,337198.08,Sold,C0783,298.14153846153846
60301,6,2024-08-01,Apartment,33,1131.0,305756.04,Sold,C0858,270.3413262599469
60318,6,2024-08-01,Apartment,35,999.85,291113.56,Sold,C1506,291.1572335850378
60323,6,2024-08-01,Apartment,35,999.85,355294.14,Available,,355.34744211631744
60355,6,2024-08-01,Apartment,40,1640.68,589191.73,Sold,C0915,359.11434892849303
60371,6,2024-08-01,Apartment,42,1766.89,476822.55,Sold,C0237,269.8654415385225
60429,6,2024-08-01,Apartment,51,1476.63,413502.81,Available,,280.031429674326
60441,6,2024-08-01,Apartment,52,1408.23,438900.35,Sold,C0456,311.66808688921554
70042,7,2024-08-01,Apartment,7,1071.02,279574.71,Available,,261.0359377042446
70077,7,2024-08-01,Apartment,11,834.5,241300.36,Sold,C0003,289.1556141402037
70100,7,2024-08-01,Apartment,13,604.6,169223.27,Sold,C0363,279.89293747932516
70113,7,2024-08-01,Office,15,602.92,181279.77,Sold,C1827,300.66969083792213
70150,7,2024-08-01,Apartment,18,703.28,222983.24,Sold,C1640,317.0618245933341
70156,7,2024-08-01,Apartment,19,751.07,193701.86,Sold,C1477,257.9012076104757
70163,7,2024-08-01,Apartment,19,751.07,230427.73,Available,,306.7992730371337
70167,7,2024-08-01,Apartment,19,751.07,218479.78,Sold,C1133,290.8913683145379
70181,7,2024-08-01,Apartment,20,1160.82,323305.2,Sold,C0093,278.5144983718406
70202,7,2024-08-01,Apartment,23,1222.69,341957.18,Sold,C1004,279.676107598819
70203,7,2024-08-01,Apartment,23,1222.69,432928.46,Available,,354.0786789783183
70215,7,2024-08-01,Apartment,24,852.99,258367.77,Available,,302.8965990222629
70218,7,2024-08-01,Apartment,24,852.99,268522.4,Sold,C1446,314.80134585399594
70253,7,2024-08-01,Office,28,694.55,207675.26,Sold,C1249,299.00692534734725
70284,7,2024-08-01,Apartment,34,1487.05,378580.53,Sold,C1103,254.58493661948154
70299,7,2024-08-01,Apartment,35,613.21,192036.99,Sold,C0609,313.16676179449126
70305,7,2024-08-01,Office,36,1748.75,529621.35,Available,,302.85709792709076
70308,7,2024-08-01,Apartment,36,1748.75,534783.12,Available,,305.8087891350965
70316,7,2024-08-01,Apartment,38,1755.26,505133.36,Sold,C1529,287.7826418878115
70336,7,2024-08-01,Apartment,40,1138.18,381828.88,Sold,C0041,335.47319404663585
70349,7,2024-08-01,Apartment,41,1093.92,370762.54,Sold,C1722,338.9302142752669
70357,7,2024-08-01,Apartment,41,1093.92,317085.47,Available,,289.86166264443466
70369,7,2024-08-01,Apartment,43,498.61,175249.55,Available,,351.47620384669375
70398,7,2024-08-01,Apartment,45,1150.93,362977.13,Available,,315.37724275151396
70420,7,2024-08-01,Apartment,49,1383.05,486685.38,Sold,C0050,351.89283106178374
70437,7,2024-08-01,Office,51,648.27,212701.42,Sold,C1657,328.1062211732766
70442,7,2024-08-01,Apartment,52,1281.14,393758.89,Sold,C0307,307.35039886351217
70446,7,2024-08-01,Apartment,52,1281.14,388919.52,Sold,C1290,303.57300529216167
70457,7,2024-08-01,Office,54,1940.69,598695.66,Sold,C1763,308.496287402934
70471,7,2024-08-01,Apartment,55,601.23,180777.41,Sold,C1634,300.67929078721954
70474,7,2024-08-01,Apartment,55,601.23,170210.09,Available,,283.1031219333699
70484,7,2024-08-01,Apartment,57,1347.67,382331.32,Sold,C1189,283.6980269650582
70492,7,2024-08-01,Apartment,58,1629.83,539392.07,Sold,C1182,330.94989661498437
70509,7,2024-08-01,Apartment,58,1629.83,397372.65,Available,,243.81233012031933
80016,8,2024-08-01,Apartment,2,1097.36,302307.79,Sold,C0561,275.48643107093386
80045,8,2024-08-01,Apartment,5,887.23,210402.96,Available,,237.14590354248614
80048,8,2024-08-01,Apartment,5,887.23,252631.93,Available,,284.7423216077004
80076,8,2024-08-01,Apartment,9,1869.81,606491.63,Sold,C1736,324.36003123311997
80092,8,2024-08-01,Apartment,10,737.92,192499.0,Sold,C1330,260.86703165654814
80122,8,2024-08-01,Apartment,14,685.93,218880.85,Sold,C1369,319.10085577245496
80126,8,2024-08-01,Apartment,14,685.93,194612.17,Available,,283.72016094936805
80143,8,2024-08-01,Apartment,17,1109.27,315922.46,Sold,C1790,284.80213113128457
80148,8,2024-08-01,Apartment,18,1328.53,427127.89,Sold,C0233,321.5041361504821
80157,8,2024-08-01,Office,20,774.16,227335.39,Sold,C0399,293.65427043505224
80205,8,2024-08-01,Apartment,28,1431.61,438079.73,Available,,306.0049384958194
80213,8,2024-08-01,Apartment,29,1848.51,624082.56,Available,,337.61384033627087
80232,8,2024-08-01,Apartment,30,1070.46,321100.73,Sold,C1177,299.96518319227243
80238,8,2024-08-01,Apartment,30,1070.46,332426.38,Sold,C0487,310.54535433365095
80263,8,2024-08-01,Apartment,32,1410.88,414696.68,Available,,293.9276763438421
80273,8,2024-08-01,Apartment,33,1809.87,502549.18,Available,,277.6714239144248
80311,8,2024-08-01,Office,36,673.86,244195.59,Sold,C1427,362.3832695218591
80372,8,2024-08-01,Apartment,45,1185.72,333845.19,Sold,C1989,281.5548274466147
80438,8,2024-08-01,Apartment,50,913.15,272720.31,Sold,C0374,298.6588293270547
80482,8,2024-08-01,Apartment,56,1874.7,571044.62,Sold,C0117,304.6058676054835
80488,8,2024-08-01,Apartment,56,1874.7,530885.12,Sold,C0297,283.18404011308473
80499,8,2024-08-01,Apartment,58,1448.59,415718.49,Available,,286.9814716379376
90007,9,2024-08-01,Office,1,832.35,261007.06,Sold,C1260,313.5784946236559
90039,9,2024-08-01,Apartment,7,697.68,257009.74,Sold,C0572,368.37768031189086
90120,9,2024-08-01,Apartment,18,860.97,299547.84,Sold,C1658,347.91902156869577
90164,9,2024-08-01,Apartment,26,1038.39,320014.48,Sold,C0328,308.1833222584963
90197,9,2024-08-01,Apartment,29,1426.22,404559.45,Sold,C0948,283.6585169188484
90199,9,2024-08-01,Apartment,29,1426.22,411141.04,Sold,C1099,288.2732257295508
90215,9,2024-08-01,Apartment,31,1052.27,283937.37,Sold,C1768,269.8331892004904
90216,9,2024-08-01,Apartment,31,1052.27,310906.26,Sold,C1869,295.4624383475724
90218,9,2024-08-01,Apartment,31,1052.27,326901.19,Sold,C0007,310.66284318663463
90220,9,2024-08-01,Apartment,32,707.0,218245.79,Available,,308.69277227722773
90222,9,2024-08-01,Apartment,33,973.52,278284.91,Sold,C0693,285.85433273070913
90224,9,2024-08-01,Apartment,33,973.52,341783.76,Available,,351.0803681485743
90249,9,2024-08-01,Apartment,34,1577.36,473301.04,Sold,C0450,300.0589846325506
90253,9,2024-08-01,Apartment,34,1577.36,492869.13,Sold,C1142,312.4645800578181
90268,9,2024-08-01,Apartment,35,1376.88,460200.31,Available,,334.2341453140433
90273,9,2024-08-01,Apartment,35,1376.88,441956.77,Sold,C1406,320.9842324676079
90275,9,2024-08-01,Apartment,35,1376.88,514773.68,Available,,373.8696763697635
90311,9,2024-08-01,Apartment,38,1260.31,348186.07,Sold,C1382,276.2701795589974
90337,9,2024-08-01,Apartment,40,1090.32,364491.02,Sold,C0197,334.2972888693228
90361,9,2024-08-01,Apartment,43,1908.91,524488.63,Sold,C1742,274.7581761319287
90372,9,2024-08-01,Apartment,44,1351.57,387311.48,Available,,286.5641291239078
90373,9,2024-08-01,Apartment,44,1351.57,466999.14,Available,,345.5234579045111
90391,9,2024-08-01,Apartment,46,662.32,170559.17,Sold,C0273,257.51777086604665
90393,9,2024-08-01,Apartment,46,662.32,158053.14,Sold,C0437,238.6356142046141
90406,9,2024-08-01,Apartment,51,1816.78,573374.63,Available,,315.59937361705875
90414,9,2024-08-01,Apartment,53,599.72,171217.61,Available,,285.4959147602214
90437,9,2024-08-01,Apartment,56,1516.4,440730.74,Sold,C1647,290.6427987338433
90441,9,2024-08-01,Apartment,56,1516.4,506527.22,Sold,C1754,334.0327222368768
90464,9,2024-08-01,Apartment,57,1198.57,358849.76,Sold,C1703,299.3982495807504
90469,9,2024-08-01,Apartment,57,1198.57,359371.65,Sold,C1846,299.8336767981845
90479,9,2024-08-01,Apartment,58,838.34,290803.21,Sold,C0391,346.87979817257917
90486,9,2024-08-01,Apartment,58,838.34,253836.97,Available,,302.78523033614044
90498,9,2024-08-01,Office,58,838.34,295150.09,Available,,352.0649020683732
100007,10,2024-08-01,Apartment,2,1830.46,544170.95,Sold,C0527,297.2864471225812
100034,10,2024-08-01,Apartment,4,1765.37,542873.36,Available,,307.5125101253562
100078,10,2024-08-01,Apartment,9,1849.4,547111.08,Sold,C1047,295.8316643235644
100094,10,2024-08-01,Apartment,11,1675.44,497015.99,Sold,C1771,296.64803872415604
100107,10,2024-08-01,Office,14,1318.01,393983.06,Sold,C0831,298.9226637127184
100124,10,2024-08-01,Apartment,16,1169.15,453763.04,Sold,C1651,388.11362100671425
100152,10,2024-08-01,Apartment,19,948.04,263713.04,Sold,C1029,278.1665752499894
100155,10,2024-08-01,Apartment,19,948.04,294620.75,Sold,C0300,310.7682692713388
100172,10,2024-08-01,Apartment,23,912.32,273969.84,Sold,C1743,300.3001578393546
100177,10,2024-08-01,Office,24,708.64,233599.56,Available,,329.64489726800633
100187,10,2024-08-01,Apartment,25,1487.17,475179.93,Sold,C1615,319.5195774524768
100190,10,2024-08-01,Apartment,26,1294.85,354267.31,Sold,C1204,273.59718114067266
100215,10,2024-08-01,Apartment,27,777.35,274700.53,Available,,353.380755129607
100242,10,2024-08-01,Apartment,29,486.78,127461.75,Sold,C0251,261.8467274744238
100253,10,2024-08-01,Apartment,30,1559.4,480665.23,Sold,C1636,308.2372899833269
100331,10,2024-08-01,Apartment,39,1188.51,361037.18,Available,,303.77294259198493
100353,10,2024-08-01,Apartment,42,1757.51,539648.88,Sold,C1800,307.0530921587928
100358,10,2024-08-01,Office,43,1093.67,324856.86,Sold,C1067,297.03371218009084
100363,10,2024-08-01,Apartment,43,1093.67,351969.39,Sold,C0489,321.8241242788044
100364,10,2024-08-01,Apartment,43,1093.67,357710.2,Sold,C1307,327.0732487861969
110013,11,2024-08-01,Apartment,2,938.0,280183.26,Sold,C0867,298.70283582089553
110032,11,2024-08-01,Apartment,4,1414.25,499833.64,Sold,C1037,353.42665016793353
110082,11,2024-08-01,Apartment,10,1519.64,469572.27,Available,,309.00230975757415
110083,11,2024-08-01,Apartment,10,1519.64,439896.91,Sold,C0652,289.47442157353055
110087,11,2024-08-01,Apartment,10,1519.64,413286.53,Sold,C1226,271.96344528967387
110102,11,2024-08-01,Apartment,11,1581.88,426691.03,Sold,C0934,269.7366614408173
110115,11,2024-08-01,Apartment,13,474.93,128668.21,Sold,C1870,270.9203672120102
110118,11,2024-08-01,Apartment,13,474.93,138440.15,Sold,C1510,291.49590465963405
110131,11,2024-08-01,Apartment,14,524.68,171907.93,Sold,C1215,327.64338263322406
110139,11,2024-08-01,Apartment,14,524.68,154877.28,Available,,295.18426469467107
110142,11,2024-08-01,Apartment,14,524.68,166682.58,Sold,C0085,317.68426469467107
110189,11,2024-08-01,Apartment,21,1389.63,452919.18,Sold,C0106,325.92789447550786
110203,11,2024-08-01,Apartment,24,1481.82,437974.4,Sold,C1882,295.56518335560327
110228,11,2024-08-01,Apartment,27,1638.1,425499.05,Sold,C1753,259.7515719431048
110261,11,2024-08-01,Office,31,1232.68,351866.84,Available,,285.44864847324527
110273,11,2024-08-01,Apartment,33,1632.55,526802.73,Sold,C0100,322.6870417445101
110288,11,2024-08-01,Apartment,35,540.82,164387.68,Sold,C1248,303.9600606486446
110294,11,2024-08-01,Apartment,36,1752.38,566711.76,Sold,C1990,323.3954735844965
110309,11,2024-08-01,Apartment,38,788.47,252394.68,Sold,C0098,320.10689056019885
110359,11,2024-08-01,Office,42,808.59,284322.08,Available,,351.6270050334533
110369,11,2024-08-01,Apartment,44,434.38,133955.38,Available,,308.382936599291
110384,11,2024-08-01,Apartment,44,434.38,113212.24,Sold,C1561,260.6294949122888
110396,11,2024-08-01,Apartment,47,1456.74,429662.41,Sold,C1770,294.94790422450126
110439,11,2024-08-01,Apartment,52,1397.58,446919.96,Sold,C1582,319.7813076890053
110454,11,2024-08-01,Apartment,52,1397.58,338606.44,Sold,C1398,242.28054207988095
110470,11,2024-08-01,Office,56,724.8,275203.33,Sold,C0675,379.69554359823405
110477,11,2024-08-01,Apartment,56,724.8,240507.75,Sold,C1623,331.8263658940398
110500,11,2024-08-01,Apartment,60,1295.04,364614.8,Sold,C1405,281.5471336792686
110501,11,2024-08-01,Apartment,60,1295.04,402637.69,Available,,310.90753181368916
110505,11,2024-08-01,Apartment,60,1295.04,390197.22,Sold,C0205,301.3012879911045
110515,11,2024-08-01,Apartment,61,1299.46,371382.35,Sold,C0196,285.79744663167776
110517,11,2024-08-01,Apartment,61,1299.46,325677.3,Sold,C0475,250.62510581318392
110522,11,2024-08-01,Apartment,62,1938.82,608153.01,Sold,C1914,313.6717230067773
120005,12,2024-08-01,Apartment,1,839.95,239395.32,Sold,C1499,285.0113935353295
120012,12,2024-08-01,Office,2,1285.87,316852.12,Sold,C0081,246.41069470475244
120062,12,2024-08-01,Apartment,8,1803.36,569991.39,Available,,316.0718824860261
120080,12,2024-08-01,Apartment,10,1642.26,460422.98,Available,,280.3593706234092
120082,12,2024-08-01,Apartment,10,1642.26,459833.04,Sold,C0980,280.00014614007523
120086,12,2024-08-01,Apartment,11,1348.81,441469.06,Available,,327.3026297254617
120111,12,2024-08-01,Apartment,14,1369.96,360212.79,Available,,262.93672078016874
120138,12,2024-08-01,Apartment,16,1523.02,394259.83,Available,,258.86713897388086
120167,12,2024-08-01,Apartment,19,1381.22,466289.68,Sold,C1630,337.59262101620305
120169,12,2024-08-01,Apartment,19,1381.22,388642.3,Sold,C1082,281.3761022863845
120250,12,2024-08-01,Apartment,27,871.52,267678.19,Available,,307.139468973747
120252,12,2024-08-01,Apartment,27,871.52,252330.6,Available,,289.5293280704975
120255,12,2024-08-01,Apartment,27,871.52,210380.12,Sold,C1809,241.39448320176243
120303,12,2024-08-01,Apartment,34,1817.64,527252.15,Sold,C0680,290.07512488721636
120358,12,2024-08-01,Apartment,38,1157.23,342143.75,Sold,C0181,295.657518384418
130037,13,2024-08-01,Apartment,3,979.64,286118.52,Sold,C0961,292.0649626393369
130050,13,2024-08-01,Apartment,4,1629.74,478684.48,Available,,293.71831089621656
130063,13,2024-08-01,Apartment,6,1240.96,390916.24,Sold,C1284,315.0111526560082
130133,13,2024-08-01,Apartment,15,458.29,136078.52,Sold,C0121,296.9266621571494
130159,13,2024-08-01,Apartment,18,1820.34,559214.04,Available,,307.2030719535911
130215,13,2024-08-01,Apartment,24,1044.69,269707.97,Sold,C1169,258.17033761211457
130231,13,2024-08-01,Apartment,27,885.68,288464.28,Sold,C1953,325.6980850871647
130294,13,2024-08-01,Apartment,33,1445.84,487604.6,Sold,C1657,337.24658330105683
130345,13,2024-08-01,Apartment,38,656.42,196835.54,Sold,C1046,299.86219188933916
130347,13,2024-08-01,Apartment,38,656.42,183622.2,Available,,279.7327930288535
130360,13,2024-08-01,Apartment,40,571.5,165789.26,Sold,C0855,290.0949431321085
130369,13,2024-08-01,Apartment,40,571.5,167979.77,Available,,293.92785651793525
130380,13,2024-08-01,Office,42,1044.42,368709.9,Available,,353.0283793876027
130381,13,2024-08-01,Apartment,42,1044.42,303510.54,Sold,C0494,290.6019991957258
130397,13,2024-08-01,Apartment,44,470.06,151969.1,Sold,C0710,323.29723865038505
130409,13,2024-08-01,Office,46,1098.38,389593.41,Sold,C0393,354.6982009869079
130414,13,2024-08-01,Apartment,47,1874.35,547366.98,Sold,C0261,292.03029316829833
130422,13,2024-08-01,Apartment,47,1874.35,561188.46,Available,,299.40430549257076
130481,13,2024-08-01,Apartment,55,710.41,215193.49,Sold,C0008,302.9145000774201
130509,13,2024-08-01,Apartment,59,1434.04,365230.54,Sold,C1339,254.68643831413348
130519,13,2024-08-01,Apartment,60,1401.81,415905.22,Available,,296.69157731789613
140002,14,2024-08-01,Apartment,1,1750.63,491311.61,Sold,C1662,280.64845798369726
140013,14,2024-08-01,Office,3,645.76,214955.52,Sold,C1177,332.8721506442022
140024,14,2024-08-01,Apartment,5,424.34,121700.7,Sold,C0208,286.7999717207899
140043,14,2024-08-01,Office,7,641.37,174222.31,Sold,C1010,271.6408781202738
140062,14,2024-08-01,Office,8,618.89,186137.23,Available,,300.75979576338284
140080,14,2024-08-01,Apartment,11,1431.42,447757.81,Sold,C1326,312.806730379623
140105,14,2024-08-01,Apartment,12,459.44,139857.47,Sold,C1033,304.4085625979453
140163,14,2024-08-01,Apartment,17,686.6,206078.02,Sold,C1950,300.14276143314885
140167,14,2024-08-01,Apartment,17,686.6,179985.88,Sold,C1434,262.14080978735797
140205,14,2024-08-01,Apartment,22,1148.66,252705.2,Available,,220.0
140243,14,2024-08-01,Apartment,27,1866.49,490641.9,Sold,C1260,262.868753649899
140260,14,2024-08-01,Apartment,29,1618.34,493040.6,Available,,304.6582300381873
140276,14,2024-08-01,Apartment,32,1120.81,406491.67,Sold,C1030,362.67669810226533
140281,14,2024-08-01,Apartment,33,1894.96,537445.29,Sold,C1713,283.61827690294257
140319,14,2024-08-01,Office,38,1170.11,399503.66,Available,,341.424019963935
140411,14,2024-08-01,Apartment,49,1231.75,344775.72,Sold,C0312,279.9072214329206
140434,14,2024-08-01,Apartment,51,1346.3,413563.21,Sold,C1083,307.1850330535542
140441,14,2024-08-01,Apartment,52,571.74,190085.31,Available,,332.4680973869241
150025,15,2024-08-01,Apartment,3,748.99,229219.76,Sold,C0880,306.03847848435896
150041,15,2024-08-01,Apartment,6,938.57,315848.16,Sold,C1712,336.520621796989
150067,15,2024-08-01,Apartment,10,1072.95,315265.89,Sold,C1382,293.8309240877953
150166,15,2024-08-01,Apartment,21,1271.25,307847.52,Available,,242.1612743362832
150167,15,2024-08-01,Apartment,21,1271.25,436379.26,Sold,C1947,343.267854473943
150200,15,2024-08-01,Apartment,23,1279.23,356606.94,Available,,278.76686756877183
150205,15,2024-08-01,Office,24,924.36,296117.51,Available,,320.3486844952183
150227,15,2024-08-01,Apartment,26,961.01,292321.2,Sold,C1846,304.1812260018106
150251,15,2024-08-01,Apartment,30,1523.22,335108.4,Available,,220.0
150347,15,2024-08-01,Apartment,40,982.37,332218.24,Sold,C1819,338.180359742256
150374,15,2024-08-01,Apartment,47,1358.77,362372.68,Sold,C1079,266.6916991102247
150379,15,2024-08-01,Apartment,48,1403.33,438050.18,Sold,C0113,312.1505134216471
150386,15,2024-08-01,Apartment,49,460.17,110967.48,Sold,C1488,241.14453354195186
150397,15,2024-08-01,Apartment,50,1841.5,565444.67,Sold,C0747,307.056568015205
150457,15,2024-08-01,Apartment,55,892.75,247337.57,Sold,C0378,277.0513245589471
150468,15,2024-08-01,Apartment,56,939.93,283283.47,Sold,C1743,301.3878373921462
150509,15,2024-08-01,Apartment,60,1033.2,353140.87,Sold,C0592,341.7933313975997
160063,16,2024-08-01,Apartment,8,986.18,290736.09,Sold,C0650,294.81036930377826
160064,16,2024-08-01,Apartment,8,986.18,300082.74,Sold,C0183,304.2880001622422
160072,16,2024-08-01,Office,9,1524.04,398189.98,Available,,261.27265688564603
160089,16,2024-08-01,Office,10,1608.56,512534.15,Sold,C1801,318.6291776495748
160099,16,2024-08-01,Apartment,11,1288.42,398516.06,Sold,C1296,309.3060182238711
160119,16,2024-08-01,Apartment,13,500.49,145140.27,Sold,C1746,289.99634358328836
160120,16,2024-08-01,Apartment,13,500.49,134618.94,Sold,C0426,268.9742852005035
160123,16,2024-08-01,Apartment,13,500.49,138369.04,Available,,276.46714220064337
160124,16,2024-08-01,Apartment,14,660.84,195270.55,Sold,C1335,295.4883935597118
160132,16,2024-08-01,Apartment,15,1365.29,343967.38,Sold,C1800,251.93722945308323
160147,16,2024-08-01,Apartment,18,1432.77,415439.74,Sold,C0945,289.9556383788047
160181,16,2024-08-01,Office,22,1575.06,521903.27,Available,,331.35453252574507
160204,16,2024-08-01,Apartment,25,853.37,284273.4,Sold,C0318,333.1185769361473
160233,16,2024-08-01,Apartment,28,1440.71,387494.05,Sold,C1626,268.9604778199637
160244,16,2024-08-01,Office,28,1440.71,420981.07,Sold,C0189,292.20389252521323
160260,16,2024-08-01,Apartment,31,1336.97,467065.87,Sold,C0313,349.34655975825933
160291,16,2024-08-01,Apartment,35,629.97,190909.23,Sold,C0718,303.0449545216439
160313,16,2024-08-01,Apartment,37,922.03,285774.24,Sold,C1478,309.9402839387005
160317,16,2024-08-01,Apartment,37,922.03,272780.53,Sold,C0296,295.8477815255469
160333,16,2024-08-01,Apartment,39,1562.93,394524.62,Sold,C1538,252.42628908524372
160340,16,2024-08-01,Office,41,1001.72,369988.32,Sold,C0371,369.3530327836122
160353,16,2024-08-01,Apartment,41,1001.72,285360.69,Sold,C1357,284.8707123747155
160375,16,2024-08-01,Apartment,43,1185.4,300276.81,Sold,C0713,253.3126455204994
160387,16,2024-08-01,Apartment,44,1695.03,461029.16,Sold,C1303,271.9887907588656
170004,17,2024-08-01,Apartment,1,530.28,134038.01,Sold,C0106,252.7683676548239
170006,17,2024-08-01,Office,1,530.28,157263.39,Sold,C1158,296.566700610998
170008,17,2024-08-01,Apartment,1,530.28,146707.13,Sold,C1959,276.6597457946745
170009,17,2024-08-01,Apartment,1,530.28,122112.7,Sold,C0900,230.27966357396093
170036,17,2024-08-01,Apartment,3,484.72,141290.15,Sold,C0820,291.4881787423667
170056,17,2024-08-01,Apartment,7,1300.91,420451.63,Available,,323.19809210475745
170087,17,2024-08-01,Office,10,1059.07,339839.54,Available,,320.8848706884342
170088,17,2024-08-01,Office,11,596.22,183555.68,Sold,C0892,307.86568716245677
170109,17,2024-08-01,Apartment,13,916.9,257050.56,Sold,C1272,280.34743156287493
170113,17,2024-08-01,Office,13,916.9,296861.39,Available,,323.7663758316065
170143,17,2024-08-01,Apartment,16,1693.0,516518.28,Available,,305.0905375073834
170148,17,2024-08-01,Apartment,16,1693.0,476221.14,Sold,C1056,281.28832841110454
170153,17,2024-08-01,Apartment,16,1693.0,472201.01,Available,,278.91376845835794
170187,17,2024-08-01,Apartment,20,792.27,225004.18,Available,,283.9993689020157
170198,17,2024-08-01,Apartment,22,1221.66,337688.76,Sold,C0669,276.4179558960758
170220,17,2024-08-01,Apartment,26,929.59,306045.09,Sold,C1936,329.22588452973895
170243,17,2024-08-01,Apartment,27,677.24,220091.71,Available,,324.98332939578285
170290,17,2024-08-01,Apartment,35,1667.01,551578.92,Sold,C0875,330.87919088667735
170305,17,2024-08-01,Apartment,38,721.83,192842.11,Available,,267.157239239156
170334,17,2024-08-01,Apartment,41,1422.93,345739.94,Sold,C1294,242.977476052933
170342,17,2024-08-01,Office,42,691.03,237824.52,Sold,C1139,344.15947209238385
170356,17,2024-08-01,Apartment,46,1582.61,425505.24,Sold,C0091,268.8629795085334
170364,17,2024-08-01,Office,46,1582.61,463208.89,Sold,C1558,292.68669476371315
170379,17,2024-08-01,Office,47,1106.83,345733.89,Available,,312.36403964475124
170391,17,2024-08-01,Office,48,1833.96,658501.84,Sold,C0708,359.06008855154965
170398,17,2024-08-01,Apartment,48,1833.96,654336.12,Sold,C1922,356.78865406006673
170412,17,2024-08-01,Apartment,48,1833.96,554502.82,Sold,C0873,302.35273397456865
170423,17,2024-08-01,Apartment,49,1283.67,296670.36,Sold,C1317,231.11107995045452
170445,17,2024-08-01,Apartment,51,1375.52,374278.05,Sold,C1596,272.0993151680819
180024,18,2024-08-01,Apartment,3,524.48,169127.84,Available,,322.46766320927395
180070,18,2024-08-01,Apartment,9,894.92,290846.46,Available,,324.99716175747557
180087,18,2024-08-01,Office,12,1692.5,537026.3,Available,,317.2976661742984
180141,18,2024-08-01,Apartment,18,1127.95,276836.97,Sold,C0133,245.4337248991533
180146,18,2024-08-01,Apartment,19,1268.1,463019.11,Sold,C1332,365.1282312120495
180163,18,2024-08-01,Apartment,21,1790.69,525651.46,Sold,C0258,293.5468785775315
180208,18,2024-08-01,Apartment,26,1147.71,293263.17,Sold,C0182,255.520270800115
180216,18,2024-08-01,Apartment,27,650.82,195055.13,Sold,C0976,299.706723825328
180238,18,2024-08-01,Apartment,29,578.36,179317.03,Sold,C0254,310.04396915416004
180246,18,2024-08-01,Office,30,1795.66,499388.61,Sold,C0145,278.1086675651292
180277,18,2024-08-01,Apartment,33,1191.96,371990.04,Sold,C1420,312.08265378032814
180289,18,2024-08-01,Apartment,35,799.05,279951.27,Sold,C0203,350.35513422188853
180298,18,2024-08-01,Apartment,36,1089.77,341709.06,Available,,313.56071464620976
180304,18,2024-08-01,Apartment,36,1089.77,407549.02,Available,,373.9770960844949
180310,18,2024-08-01,Office,36,1089.77,316197.42,Available,,290.15060058544464
180319,18,2024-08-01,Office,37,1092.32,264876.66,Sold,C0501,242.4899846198916
180337,18,2024-08-01,Apartment,38,1219.8,413395.19,Available,,338.90407443843253
180353,18,2024-08-01,Apartment,40,990.46,314671.53,Sold,C1727,317.7024110009491
180403,18,2024-08-01,Apartment,45,1627.52,546912.64,Available,,336.0405033425089
180413,18,2024-08-01,Apartment,47,520.85,186191.12,Available,,357.4755111836421
180422,18,2024-08-01,Apartment,48,564.59,191460.18,Available,,339.11365769850687
180438,18,2024-08-01,Office,49,1457.92,521808.8,Sold,C1756,357.91319139596135
180490,18,2024-08-01,Office,54,1756.12,562560.39,Sold,C1302,320.3427954809467
180500,18,2024-08-01,Apartment,55,930.04,291612.26,Sold,C1700,313.54808395337835
180516,18,2024-08-01,Apartment,58,955.23,304588.09,Sold,C0480,318.8636139987228
180527,18,2024-08-01,Apartment,59,1900.58,609119.66,Available,,320.49146050153115
180548,18,2024-08-01,Apartment,62,1330.41,396779.8,Sold,C1212,298.23873843401657
180580,18,2024-08-01,Office,67,1664.17,455695.0,Sold,C0280,273.8271931353167
180584,18,2024-08-01,Apartment,67,1664.17,528551.13,Sold,C0667,317.6064524657937
190003,19,2024-08-01,Apartment,2,1550.33,465588.2,Available,,300.3155457225236
190023,19,2024-08-01,Apartment,4,1225.38,412343.56,Available,,336.50260327408637
190044,19,2024-08-01,Apartment,7,973.6,291591.44,Available,,299.49819227608873
190046,19,2024-08-01,Apartment,8,974.77,291671.99,Sold,C1725,299.22134452229756
190050,19,2024-08-01,Office,8,974.77,325785.51,Sold,C0739,334.21782574350874
190058,19,2024-08-01,Apartment,8,974.77,287361.39,Sold,C1841,294.7991731382788
190084,19,2024-08-01,Apartment,13,766.61,249885.73,Available,,325.9620015392442
190087,19,2024-08-01,Apartment,13,766.61,215063.4,Available,,280.5382136940556
190119,19,2024-08-01,Apartment,16,1711.98,578707.72,Sold,C0593,338.0341592775616
190156,19,2024-08-01,Apartment,20,1772.03,621748.81,Sold,C1535,350.868106070439
190163,19,2024-08-01,Office,20,1772.03,627200.92,Sold,C0940,353.9448654932479
190192,19,2024-08-01,Apartment,23,1592.45,471923.26,Sold,C1254,296.35044114414893
190193,19,2024-08-01,Office,23,1592.45,480540.62,Sold,C0010,301.76182611698954
190234,19,2024-08-01,Apartment,28,1599.78,515843.73,Sold,C0452,322.44666766680416
190250,19,2024-08-01,Apartment,29,1657.84,541632.06,Sold,C0316,326.7094894561599
190269,19,2024-08-01,Office,31,1089.64,325758.94,Sold,C0791,298.96015197679964
190274,19,2024-08-01,Apartment,31,1089.64,300577.88,Sold,C1787,275.8506295657281
190324,19,2024-08-01,Office,39,1237.04,410805.27,Available,,332.0872970962944
190332,19,2024-08-01,Apartment,40,893.49,261981.89,Available,,293.2118882136342
190346,19,2024-08-01,Apartment,40,893.49,287637.11,Available,,321.92538248889184
190351,19,2024-08-01,Apartment,41,1657.19,522575.71,Sold,C0188,315.33844037195496
190361,19,2024-08-01,Apartment,42,1137.59,321147.34,Available,,282.304995648696
190374,19,2024-08-01,Apartment,42,1137.59,321042.52,Sold,C1310,282.21285348851524
190430,19,2024-08-01,Apartment,50,1227.01,364302.2,Sold,C1258,296.90238873358817
200006,20,2024-08-01,Apartment,1,1898.39,537290.74,Sold,C1940,283.02442596094585
200011,20,2024-08-01,Apartment,1,1898.39,631978.89,Available,,332.9025595372921
200021,20,2024-08-01,Apartment,2,1669.84,523453.53,Available,,313.4752611028602
200027,20,2024-08-01,Apartment,2,1669.84,456062.2,Available,,273.11730465194273
200077,20,2024-08-01,Apartment,10,1714.22,539502.22,Available,,314.72169266488544
200078,20,2024-08-01,Office,10,1714.22,506626.34,Sold,C0888,295.5433608288318
200122,20,2024-08-01,Office,16,645.44,222102.75,Sold,C0757,344.11060671789784
200123,20,2024-08-01,Apartment,16,645.44,214159.01,Sold,C1466,331.80312654933067
200124,20,2024-08-01,Apartment,16,645.44,210514.61,Sold,C0653,326.1567457858205
200130,20,2024-08-01,Apartment,16,645.44,187628.25,Sold,C1241,290.69820587506194
200183,20,2024-08-01,Apartment,19,759.72,219368.74,Available,,288.74946032748903
200195,20,2024-08-01,Apartment,23,501.48,156439.68,Sold,C0432,311.9559703278296
200198,20,2024-08-01,Apartment,24,1188.07,298840.09,Available,,251.534076274967
200210,20,2024-08-01,Office,26,1941.62,649429.33,Sold,C1641,334.4780801598665
200231,20,2024-08-01,Apartment,29,1844.16,498763.21,Available,,270.45549735380877
200241,20,2024-08-01,Apartment,30,1703.94,520269.17,Sold,C0387,305.3330340270197
200249,20,2024-08-01,Apartment,30,1703.94,457896.7,Sold,C0913,268.7281829172389
200292,20,2024-08-01,Apartment,32,1630.81,491343.75,Sold,C0860,301.2881635506282
200302,20,2024-08-01,Apartment,33,630.53,171040.21,Sold,C1985,271.2641904429607
200321,20,2024-08-01,Apartment,35,1689.54,527460.48,Available,,312.19176817358573
200383,20,2024-08-01,Apartment,42,811.56,270501.66,Sold,C1402,333.31073488096996
200446,20,2024-08-01,Apartment,50,493.06,115337.65,Sold,C1712,233.92213929339226
200456,20,2024-08-01,Apartment,51,1062.33,323664.25,Sold,C0529,304.67392429847604
200492,20,2024-08-01,Apartment,57,445.15,131530.57,Sold,C1820,295.4747163877345
1017,1,2024-09-01,Apartment,17,1434.09,432679.91,Sold,C0013,301.71042961041496
1031,1,2024-09-01,Apartment,31,782.25,265467.68,Sold,C0111,339.36424416746564
1042,1,2024-09-01,Apartment,42,625.8,204027.09,Sold,C0005,326.0260306807287
2012,2,2024-09-01,Apartment,12,785.48,237207.68,Sold,C0156,301.9907317818404
2054,2,2024-09-01,Apartment,54,1203.29,306363.64,Sold,C0062,254.60499131547675
3024,3,2024-09-01,Apartment,24,1596.35,495570.44,Available,,310.4397156012153
3047,3,2024-09-01,Apartment,47,669.16,188273.73,Sold,C0152,281.35831490226553
3049,3,2024-09-01,Apartment,49,1283.45,338181.18,Sold,C0035,263.4938486111652
5021,5,2024-09-01,Apartment,21,798.28,234750.59,Sold,C0072,294.07048905146064
5032,5,2024-09-01,Apartment,32,1273.55,338472.13,Available,,265.7705861568058
5034,5,2024-09-01,Apartment,34,798.28,252053.03,Sold,C0063,315.7451395500326
5035,5,2024-09-01,Apartment,35,798.28,261742.74,Sold,C0129,327.8833742546475
5038,5,2024-09-01,Apartment,38,1273.55,448574.67,Available,,352.223838875584
10093,1,2024-09-01,Apartment,13,719.47,214875.44,Available,,298.6579565513503
10125,1,2024-09-01,Apartment,15,765.0,194962.4,Sold,C1825,254.85281045751634
10166,1,2024-09-01,Office,21,1957.16,669332.95,Sold,C0154,341.99194240634387
10169,1,2024-09-01,Office,21,1957.16,484259.13,Sold,C0172,247.4295049970365
10176,1,2024-09-01,Apartment,22,740.83,197115.11,Sold,C0334,266.0733366629321
10181,1,2024-09-01,Apartment,22,740.83,243726.07,Sold,C0200,328.9905511385878
10201,1,2024-09-01,Apartment,24,1146.11,357161.43,Sold,C1472,311.62927642198395
10206,1,2024-09-01,Apartment,24,1146.11,333730.54,Sold,C1461,291.185435952919
10215,1,2024-09-01,Apartment,25,1154.92,357694.0,Available,,309.7132268901742
10221,1,2024-09-01,Apartment,25,1154.92,298524.77,Sold,C1904,258.48090776850347
10229,1,2024-09-01,Apartment,26,828.98,238250.44,Available,,287.4019156071316
10241,1,2024-09-01,Apartment,28,1946.26,560190.99,Available,,287.82947293783974
10254,1,2024-09-01,Apartment,29,757.2,226296.24,Sold,C1653,298.8592709984152
10268,1,2024-09-01,Apartment,29,757.2,216506.59,Sold,C0950,285.93052033808766
10286,1,2024-09-01,Apartment,30,753.29,194186.18,Sold,C0711,257.7840937753057
10289,1,2024-09-01,Apartment,31,619.78,138775.59,Sold,C1271,223.9110490819323
10318,1,2024-09-01,Apartment,34,1469.14,408958.01,Available,,278.36558122438976
10339,1,2024-09-01,Apartment,36,613.59,190023.11,Sold,C0035,309.6906892224449
10340,1,2024-09-01,Apartment,36,613.59,162561.81,Sold,C1302,264.9355595756124
10342,1,2024-09-01,Apartment,36,613.59,181125.52,Available,,295.18981730471484
10378,1,2024-09-01,Apartment,42,800.21,251143.26,Sold,C1784,313.846690243811
10383,1,2024-09-01,Apartment,44,779.24,193408.0,Sold,C0179,248.20081104666085
10397,1,2024-09-01,Apartment,46,1153.16,315385.63,Sold,C0453,273.4968521280655
10403,1,2024-09-01,Apartment,46,1153.16,327615.65,Sold,C1890,284.1025096257241
10404,1,2024-09-01,Apartment,46,1153.16,350443.7,Sold,C1100,303.8985916958618
10410,1,2024-09-01,Office,47,771.08,269319.89,Sold,C0698,349.27619702235825
20048,2,2024-09-01,Apartment,5,933.95,290589.28,Sold,C0124,311.14008244552707
20052,2,2024-09-01,Apartment,6,967.84,342436.55,Sold,C1211,353.8152483881633
20068,2,2024-09-01,Apartment,8,715.54,200925.98,Available,,280.80328143779525
20072,2,2024-09-01,Apartment,8,715.54,222122.4,Available,,310.4262515023619
20097,2,2024-09-01,Apartment,11,1625.05,467367.79,Available,,287.6020983969724
20117,2,2024-09-01,Office,14,1296.39,471747.53,Sold,C0807,363.893218861608
20118,2,2024-09-01,Apartment,15,1603.33,510854.18,Sold,C1883,318.6207330992372
20128,2,2024-09-01,Apartment,15,1603.33,510596.18,Sold,C0710,318.4598180037796
20205,2,2024-09-01,Office,23,1416.33,469252.91,Sold,C0311,331.3160845283232
20207,2,2024-09-01,Apartment,24,785.12,258831.53,Sold,C1519,329.67129865498265
20246,2,2024-09-01,Apartment,27,1211.51,324573.71,Available,,267.9084035624964
20284,2,2024-09-01,Apartment,33,931.4,236340.44,Sold,C0547,253.7475198625725
20307,2,2024-09-01,Apartment,36,641.72,174905.89,Sold,C1124,272.5579536246338
20332,2,2024-09-01,Apartment,40,1599.45,449085.55,Sold,C1218,280.7749851511457
20350,2,2024-09-01,Apartment,42,786.45,285608.1,Sold,C1991,363.1611672706465
20403,2,2024-09-01,Apartment,47,708.32,227037.41,Sold,C0848,320.5294358482042
20449,2,2024-09-01,Office,52,914.01,253110.2,Sold,C1407,276.9227907790943
20480,2,2024-09-01,Apartment,55,579.26,177044.7,Sold,C1773,305.63943652245973
20488,2,2024-09-01,Office,57,789.52,214333.55,Available,,271.473236903435
30010,3,2024-09-01,Apartment,1,689.75,199404.41,Available,,289.09664371148966
30024,3,2024-09-01,Apartment,2,672.64,225149.08,Sold,C1509,334.72448858230257
30067,3,2024-09-01,Apartment,7,744.01,222946.88,Sold,C1673,299.6557573150899
30095,3,2024-09-01,Apartment,9,1125.84,288325.95,Available,,256.09851311021106
30103,3,2024-09-01,Apartment,10,784.09,199634.3,Available,,254.60635896389442
30125,3,2024-09-01,Apartment,11,1283.1,386247.15,Sold,C0432,301.02653729249477
30133,3,2024-09-01,Apartment,12,657.47,199816.53,Sold,C1095,303.9173346312379
30151,3,2024-09-01,Apartment,16,1587.26,561242.82,Sold,C0239,353.5922407167067
30157,3,2024-09-01,Apartment,18,706.68,222032.52,Sold,C1781,314.1910341314315
30164,3,2024-09-01,Apartment,18,706.68,220806.64,Sold,C0361,312.45633101262246
30212,3,2024-09-01,Apartment,24,776.04,259304.05,Sold,C1868,334.13748002680273
30229,3,2024-09-01,Apartment,26,923.9,294213.22,Sold,C1926,318.4470397229137
30235,3,2024-09-01,Apartment,27,1117.14,331425.23,Sold,C1721,296.67295952163556
30241,3,2024-09-01,Apartment,27,1117.14,318660.06,Available,,285.24630753531335
30243,3,2024-09-01,Office,28,679.93,242053.92,Available,,355.9982939420235
30271,3,2024-09-01,Apartment,30,796.57,218357.69,Sold,C1786,274.12241234292026
30275,3,2024-09-01,Apartment,30,796.57,243603.83,Sold,C0751,305.81597348632255
30282,3,2024-09-01,Apartment,33,683.33,231932.27,Sold,C1282,339.4147337304084
30285,3,2024-09-01,Apartment,34,768.76,266133.71,Sold,C0028,346.1856886414486
30322,3,2024-09-01,Apartment,39,1598.95,446265.37,Sold,C1955,279.0990149785797
30324,3,2024-09-01,Apartment,40,678.71,188578.82,Sold,C1957,277.84888980566075
30326,3,2024-09-01,Apartment,40,678.71,204319.7,Sold,C1750,301.04123999941066
30332,3,2024-09-01,Apartment,40,678.71,173400.82,Available,,255.4858776207806
30341,3,2024-09-01,Apartment,41,965.5,282714.64,Sold,C1656,292.8168203003625
30353,3,2024-09-01,Apartment,43,928.43,250208.08,Sold,C0852,269.4959016834872
30357,3,2024-09-01,Apartment,44,673.86,215993.99,Sold,C0180,320.5324399726946
30358,3,2024-09-01,Apartment,44,673.86,206911.5,Sold,C0199,307.0541358739204
30391,3,2024-09-01,Office,48,783.39,295212.95,Sold,C1419,376.8403349544927
30395,3,2024-09-01,Apartment,48,783.39,211107.79,Available,,269.47981209869926
30398,3,2024-09-01,Apartment,49,1174.48,345694.12,Sold,C1210,294.33802193311084
30441,3,2024-09-01,Apartment,51,693.85,172998.05,Sold,C1387,249.33061900987244
40013,4,2024-09-01,Apartment,2,1620.07,474177.38,Sold,C1647,292.6894393452135
40075,4,2024-09-01,Apartment,10,1614.62,503108.67,Sold,C0759,311.59571292316457
40122,4,2024-09-01,Apartment,14,1322.66,428558.17,Sold,C0620,324.01234633239073
40148,4,2024-09-01,Office,18,1294.91,409266.01,Sold,C0386,316.0574943432362
40182,4,2024-09-01,Apartment,22,737.92,236557.17,Sold,C0420,320.57292118386823
40211,4,2024-09-01,Apartment,26,790.05,270084.21,Sold,C0801,341.85711030947414
40295,4,2024-09-01,Apartment,34,795.1,273177.97,Sold,C1204,343.57687083385736
40304,4,2024-09-01,Apartment,36,736.77,208529.56,Sold,C0416,283.0320995697436
40361,4,2024-09-01,Apartment,43,1616.99,564033.78,Sold,C1895,348.8171108046432
40379,4,2024-09-01,Apartment,45,1160.48,375334.56,Available,,323.430442575486
40385,4,2024-09-01,Apartment,45,1160.48,376005.15,Sold,C0194,324.00829829036263
40407,4,2024-09-01,Apartment,46,800.23,224651.58,Sold,C1857,280.73376404283766
40409,4,2024-09-01,Apartment,47,805.88,219069.86,Sold,C1396,271.83930610016375
40436,4,2024-09-01,Office,51,802.11,281964.37,Sold,C1865,351.52830659136526
50005,5,2024-09-01,Apartment,2,795.91,256829.42,Sold,C1091,322.6865097812567
50009,5,2024-09-01,Apartment,2,795.91,237033.66,Sold,C0931,297.81465241044845
50039,5,2024-09-01,Apartment,8,782.15,258168.24,Sold,C1067,330.075100684012
50085,5,2024-09-01,Apartment,11,1058.56,311827.97,Sold,C0468,294.5775109582829
50110,5,2024-09-01,Apartment,13,791.13,278539.81,Sold,C1320,352.07843211608713
50133,5,2024-09-01,Apartment,17,798.74,249689.04,Sold,C0189,312.60365074993115
50148,5,2024-09-01,Apartment,19,819.72,242140.66,Sold,C0313,295.3943541697165
50158,5,2024-09-01,Apartment,22,1059.78,295506.38,Sold,C1148,278.8374757025043
50182,5,2024-09-01,Apartment,23,1006.65,236109.63,Sold,C0967,234.54987334227388
50245,5,2024-09-01,Apartment,32,1051.39,294558.36,Sold,C1106,280.16089177184483
50251,5,2024-09-01,Apartment,33,1787.13,533390.74,Sold,C0207,298.46219357293535
50281,5,2024-09-01,Apartment,36,627.56,213990.68,Sold,C0238,340.9883995155842
50285,5,2024-09-01,Apartment,36,627.56,201970.13,Available,,321.8339760341641
50299,5,2024-09-01,Apartment,40,1053.41,281442.76,Available,,267.17304753135056
50334,5,2024-09-01,Apartment,43,802.72,254694.6,Sold,C0352,317.28946581622483
50363,5,2024-09-01,Apartment,44,806.03,218646.74,Sold,C1018,271.26377430120465
50364,5,2024-09-01,Apartment,44,806.03,239939.6,Available,,297.6807314864211
50387,5,2024-09-01,Office,46,1272.95,483565.19,Sold,C0287,379.8775992772693
50403,5,2024-09-01,Apartment,47,1241.14,384719.5,Sold,C0557,309.9726864012118
50418,5,2024-09-01,Apartment,48,788.04,247655.06,Sold,C0506,314.26711842038475
50424,5,2024-09-01,Apartment,48,788.04,246317.94,Sold,C0167,312.570351758794
50427,5,2024-09-01,Apartment,49,795.75,228567.85,Sold,C1118,287.2357524348099
60009,6,2024-09-01,Apartment,1,1720.95,542533.89,Sold,C1872,315.25255818007497
60026,6,2024-09-01,Apartment,2,1338.63,388031.05,Sold,C0277,289.8717718861821
60033,6,2024-09-01,Apartment,3,605.21,170201.06,Sold,C0850,281.22645032302836
60050,6,2024-09-01,Office,4,1925.28,720719.85,Sold,C1807,374.34547182747446
60082,6,2024-09-01,Apartment,7,1075.42,334313.56,Sold,C1093,310.86790277287014
60092,6,2024-09-01,Apartment,7,1075.42,343401.0,Sold,C0975,319.3180338844358
60094,6,2024-09-01,Apartment,7,1075.42,296292.91,Sold,C0448,275.5136690781276
60095,6,2024-09-01,Office,7,1075.42,308722.73,Sold,C0248,287.07177660820884
60107,6,2024-09-01,Apartment,9,1194.12,377530.79,Available,,316.1581666834154
60182,6,2024-09-01,Apartment,16,1687.92,478671.87,Available,,283.58682283520545
60184,6,2024-09-01,Apartment,16,1687.92,510876.28,Sold,C0725,302.66616901274944
60224,6,2024-09-01,Apartment,20,1897.17,597196.58,Available,,314.7828502453654
60267,6,2024-09-01,Office,28,1723.12,544042.09,Sold,C0333,315.7308196759367
60321,6,2024-09-01,Office,35,999.85,272816.91,Sold,C0482,272.85783867580136
60328,6,2024-09-01,Apartment,37,1721.96,575027.48,Available,,333.937768589282
60348,6,2024-09-01,Office,39,744.54,227687.32,Sold,C0240,305.80938566094505
60353,6,2024-09-01,Apartment,40,1640.68,438270.08,Sold,C0944,267.1270936440988
60376,6,2024-09-01,Apartment,43,1492.81,401408.97,Sold,C1544,268.89488280491156
60386,6,2024-09-01,Apartment,44,842.69,250469.75,Available,,297.22644151467324
60415,6,2024-09-01,Apartment,50,1579.99,433524.31,Sold,C1978,274.38421129247655
60427,6,2024-09-01,Apartment,51,1476.63,434102.29,Sold,C0702,293.9817625268347
60433,6,2024-09-01,Apartment,51,1476.63,410494.81,Available,,277.994358776403
60461,6,2024-09-01,Apartment,53,1170.96,376525.86,Sold,C1809,321.55313588850174
60470,6,2024-09-01,Apartment,55,562.37,153159.21,Available,,272.3459821825488
70061,7,2024-09-01,Apartment,10,1495.37,399023.14,Available,,266.83906992918145
70085,7,2024-09-01,Apartment,12,804.65,210426.14,Sold,C1105,261.51263282172374
70109,7,2024-09-01,Apartment,14,714.65,248239.89,Sold,C0444,347.3586930665361
70131,7,2024-09-01,Apartment,16,1239.87,402393.19,Sold,C0603,324.54466194036473
70165,7,2024-09-01,Apartment,19,751.07,191303.17,Sold,C1900,254.70751061818473
70169,7,2024-09-01,Apartment,19,751.07,235505.29,Sold,C1403,313.5597081497064
70212,7,2024-09-01,Apartment,23,1222.69,353560.25,Sold,C0032,289.16589650688235
70286,7,2024-09-01,Office,34,1487.05,508149.11,Sold,C1368,341.71622339531285
70290,7,2024-09-01,Apartment,35,613.21,182415.09,Sold,C0474,297.47572609709556
70321,7,2024-09-01,Apartment,38,1755.26,512122.41,Sold,C1161,291.76441666761616
70331,7,2024-09-01,Apartment,39,1298.32,375792.14,Sold,C1364,289.44492883110485
70346,7,2024-09-01,Office,41,1093.92,351068.04,Sold,C0493,320.9266125493637
70395,7,2024-09-01,Office,45,1150.93,330795.27,Available,,287.41562909994525
70399,7,2024-09-01,Apartment,46,1677.84,481355.1,Sold,C0623,286.88975110856813
70403,7,2024-09-01,Office,47,1033.08,366308.72,Sold,C0390,354.5792387811205
70422,7,2024-09-01,Apartment,49,1383.05,426442.43,Sold,C0015,308.3347890531796
80039,8,2024-09-01,Apartment,5,887.23,238037.76,Available,,268.2931821511897
80056,8,2024-09-01,Apartment,5,887.23,280450.33,Sold,C1593,316.0965364110772
80058,8,2024-09-01,Office,6,1370.17,367368.12,Sold,C1481,268.11864221228024
80078,8,2024-09-01,Apartment,9,1869.81,530985.4,Sold,C1042,283.97826517132756
80113,8,2024-09-01,Apartment,14,685.93,182835.19,Available,,266.5507996442786
80131,8,2024-09-01,Apartment,16,424.09,131552.38,Available,,310.19920299936337
80150,8,2024-09-01,Apartment,19,865.63,265389.17,Available,,306.58499589894063
80151,8,2024-09-01,Apartment,19,865.63,252615.77,Available,,291.8288067650151
80169,8,2024-09-01,Apartment,22,1495.57,436572.8,Sold,C1120,291.91064276496587
80191,8,2024-09-01,Apartment,26,1625.38,572288.7,Available,,352.09532540082927
80215,8,2024-09-01,Apartment,29,1848.51,604532.8,Sold,C0562,327.0378845664887
80302,8,2024-09-01,Office,34,1684.75,486694.78,Sold,C1395,288.8824929514765
80309,8,2024-09-01,Apartment,36,673.86,198662.43,Sold,C0826,294.812616864037
80324,8,2024-09-01,Office,37,890.65,243462.74,Sold,C0179,273.35399988772247
80334,8,2024-09-01,Apartment,37,890.65,293037.28,Sold,C1473,329.015078874979
80340,8,2024-09-01,Apartment,37,890.65,272906.21,Available,,306.4124066692865
80347,8,2024-09-01,Office,39,1290.89,417333.06,Sold,C0175,323.2909543028453
80358,8,2024-09-01,Apartment,43,1490.59,515685.12,Available,,345.96040494032565
80370,8,2024-09-01,Apartment,44,1862.29,480379.75,Sold,C0438,257.9510978419043
80388,8,2024-09-01,Apartment,46,1175.51,275770.45,Sold,C1692,234.59643048549142
80397,8,2024-09-01,Office,46,1175.51,352324.96,Available,,299.72093814599623
80403,8,2024-09-01,Apartment,46,1175.51,347487.04,Available,,295.60534576481695
80413,8,2024-09-01,Apartment,47,543.08,174551.95,Sold,C1950,321.4111180673197
80426,8,2024-09-01,Apartment,49,1081.0,344999.81,Available,,319.1487604070305
80440,8,2024-09-01,Office,52,559.73,168349.69,Sold,C1997,300.76946027548996
80447,8,2024-09-01,Apartment,53,1891.72,601608.38,Sold,C1509,318.02189541792654
80448,8,2024-09-01,Office,53,1891.72,456114.72,Sold,C0966,241.11111580995072
80452,8,2024-09-01,Office,53,1891.72,715271.16,Available,,378.10625251094245
80455,8,2024-09-01,Apartment,54,1699.02,514096.93,Sold,C0211,302.5843898247225
80492,8,2024-09-01,Apartment,57,1949.35,547966.21,Available,,281.1020134916767
90002,9,2024-09-01,Apartment,1,832.35,269152.8,Available,,323.3649306181294
90014,9,2024-09-01,Apartment,2,481.55,166515.01,Sold,C1195,345.7896583947669
90016,9,2024-09-01,Apartment,3,1577.09,474208.49,Sold,C1822,300.6857503376472
90019,9,2024-09-01,Apartment,4,1139.87,325905.9,Available,,285.9149727600516
90085,9,2024-09-01,Apartment,14,1445.3,439795.3,Available,,304.29343388915794
90116,9,2024-09-01,Apartment,17,1481.32,443365.72,Sold,C1044,299.30448518888556
90122,9,2024-09-01,Apartment,18,860.97,220007.41,Sold,C1028,255.53435079038758
90151,9,2024-09-01,Apartment,24,914.61,269296.29,Sold,C0754,294.4383835733263
90181,9,2024-09-01,Apartment,27,1207.33,299244.24,Sold,C0751,247.85621164056224
90183,9,2024-09-01,Apartment,27,1207.33,363263.79,Sold,C0312,300.88193782975657
90192,9,2024-09-01,Apartment,28,1931.82,530069.18,Sold,C1413,274.3884937520059
90213,9,2024-09-01,Apartment,31,1052.27,318001.46,Sold,C0898,302.20519448430537
90217,9,2024-09-01,Apartment,31,1052.27,328063.42,Sold,C1402,311.7673410816615
90227,9,2024-09-01,Apartment,33,973.52,266823.9,Sold,C1866,274.08158024488455
90234,9,2024-09-01,Apartment,33,973.52,342414.51,Sold,C0834,351.7282747144383
90271,9,2024-09-01,Apartment,35,1376.88,392258.56,Sold,C1447,284.88943117773516
90272,9,2024-09-01,Apartment,35,1376.88,361473.36,Available,,262.530765208297
90300,9,2024-09-01,Office,37,731.44,221099.86,Sold,C0842,302.28024171497316
90313,9,2024-09-01,Apartment,38,1260.31,343641.5,Available,,272.66426514111606
90320,9,2024-09-01,Apartment,38,1260.31,324641.18,Available,,257.58835524593155
90322,9,2024-09-01,Apartment,38,1260.31,371715.86,Available,,294.94002269282953
90400,9,2024-09-01,Apartment,48,1264.94,388635.18,Sold,C0039,307.23605862728664
90409,9,2024-09-01,Apartment,52,1126.02,338497.95,Sold,C1143,300.61450951137635
90435,9,2024-09-01,Apartment,56,1516.4,429024.15,Sold,C0417,282.92281060406225
90453,9,2024-09-01,Apartment,56,1516.4,395043.14,Sold,C1833,260.5138090213664
90466,9,2024-09-01,Apartment,57,1198.57,397171.33,Sold,C0382,331.3709920989179
90478,9,2024-09-01,Office,58,838.34,253598.92,Available,,302.5012763317986
90502,9,2024-09-01,Apartment,58,838.34,199667.31,Sold,C0380,238.16984755588425
90510,9,2024-09-01,Apartment,58,838.34,226861.2,Sold,C1049,270.6076293627884
100060,10,2024-09-01,Apartment,7,1628.71,462676.04,Sold,C1678,284.07515150026705
100063,10,2024-09-01,Apartment,8,1054.86,275862.16,Sold,C0434,261.5154238477144
100073,10,2024-09-01,Apartment,9,1849.4,562973.82,Available,,304.40890018384334
100118,10,2024-09-01,Apartment,15,1948.32,597112.1,Available,,306.4753736552517
100191,10,2024-09-01,Apartment,26,1294.85,398571.59,Sold,C0895,307.812943584199
100193,10,2024-09-01,Apartment,26,1294.85,358860.18,Sold,C1748,277.14420975402555
100200,10,2024-09-01,Apartment,26,1294.85,365163.25,Sold,C1881,282.0120091130247
100213,10,2024-09-01,Apartment,27,777.35,209156.78,Available,,269.06384511481315
100404,10,2024-09-01,Office,47,1047.27,340376.82,Sold,C1383,325.01343493082015
100430,10,2024-09-01,Apartment,50,1138.32,399036.98,Available,,350.54903717759504
110003,11,2024-09-01,Apartment,1,1902.88,589917.02,Available,,310.01272807533843
110006,11,2024-09-01,Apartment,1,1902.88,506351.81,Sold,C1626,266.0976046834272
110023,11,2024-09-01,Apartment,3,1479.84,330692.17,Available,,223.4648137636501
110040,11,2024-09-01,Apartment,5,1723.2,523867.62,Sold,C1148,304.0086002785515
110095,11,2024-09-01,Apartment,10,1519.64,459717.65,Sold,C0250,302.51747124318916
110098,11,2024-09-01,Office,10,1519.64,536079.52,Sold,C0269,352.7674449211655
110113,11,2024-09-01,Apartment,13,474.93,134678.51,Sold,C0786,283.5754953361548
110114,11,2024-09-01,Apartment,13,474.93,134382.93,Sold,C1006,282.95312993493775
110133,11,2024-09-01,Office,14,524.68,140446.79,Sold,C1240,267.68085309140815
110150,11,2024-09-01,Apartment,15,1385.68,416006.53,Available,,300.21832602043764
110172,11,2024-09-01,Apartment,18,1562.55,462127.71,Sold,C0505,295.75227032734955
110178,11,2024-09-01,Apartment,19,1083.98,303491.24,Sold,C0150,279.9786342921456
110188,11,2024-09-01,Apartment,21,1389.63,358380.74,Sold,C1587,257.8965192173456
110208,11,2024-09-01,Office,24,1481.82,508281.75,Sold,C0984,343.0118030530024
110219,11,2024-09-01,Apartment,26,490.37,120305.09,Sold,C1147,245.33533862185695
110245,11,2024-09-01,Apartment,29,993.51,262278.1,Sold,C0722,263.9914042133446
110279,11,2024-09-01,Apartment,34,680.07,199052.69,Sold,C1612,292.694413810343
110293,11,2024-09-01,Apartment,36,1752.38,466423.54,Available,,266.1657517205172
110301,11,2024-09-01,Office,37,1368.16,413388.42,Sold,C0506,302.1491784586598
110313,11,2024-09-01,Apartment,38,788.47,252616.68,Available,,320.38844851421106
110331,11,2024-09-01,Office,40,638.97,210197.64,Available,,328.96323771069063
110346,11,2024-09-01,Apartment,42,808.59,246241.4,Sold,C0672,304.53183937471397
110360,11,2024-09-01,Apartment,42,808.59,253485.23,Sold,C1025,313.4904339652976
110372,11,2024-09-01,Apartment,44,434.38,128315.89,Sold,C0850,295.4000874810074
110383,11,2024-09-01,Office,44,434.38,138741.01,Sold,C1726,319.40008748100746
110414,11,2024-09-01,Apartment,49,1095.85,332452.89,Sold,C1040,303.37444905780904
110444,11,2024-09-01,Apartment,52,1397.58,419816.08,Sold,C1586,300.3878704617983
110456,11,2024-09-01,Apartment,52,1397.58,477602.23,Sold,C1757,341.7351636400063
110468,11,2024-09-01,Apartment,56,724.8,216903.45,Sold,C0162,299.2597268211921
110539,11,2024-09-01,Apartment,62,1938.82,641498.15,Sold,C0723,330.8704005529136
120020,12,2024-09-01,Apartment,2,1285.87,400405.25,Sold,C1994,311.38859293707765
120044,12,2024-09-01,Apartment,4,1559.34,441130.9,Sold,C0569,282.89590467762
120046,12,2024-09-01,Office,4,1559.34,486619.23,Sold,C0635,312.0674323752357
120058,12,2024-09-01,Apartment,6,1347.8,353301.13,Sold,C1197,262.13171835583915
120081,12,2024-09-01,Apartment,10,1642.26,468287.27,Available,,285.14807034208957
120109,12,2024-09-01,Apartment,14,1369.96,383706.79,Sold,C0549,280.08612660223656
120121,12,2024-09-01,Apartment,14,1369.96,430268.83,Sold,C1633,314.07400946013024
120144,12,2024-09-01,Apartment,16,1523.02,572824.93,Sold,C1896,376.11123294506973
120181,12,2024-09-01,Apartment,20,1802.21,526217.19,Sold,C0176,291.98439138613145
120218,12,2024-09-01,Apartment,24,1306.75,411169.25,Sold,C1916,314.6502774057777
120222,12,2024-09-01,Apartment,24,1306.75,334327.68,Sold,C1960,255.8467036541037
120269,12,2024-09-01,Apartment,29,688.73,194179.75,Sold,C1572,281.9388584786491
120273,12,2024-09-01,Apartment,29,688.73,170058.93,Sold,C0758,246.916687235927
120294,12,2024-09-01,Office,33,1232.2,317233.27,Sold,C0138,257.45274306119137
120299,12,2024-09-01,Apartment,33,1232.2,337025.56,Sold,C0590,273.51530595682516
120307,12,2024-09-01,Office,34,1817.64,505553.38,Sold,C0656,278.1372438986818
120340,12,2024-09-01,Apartment,37,1681.78,486871.86,Sold,C1105,289.49794860207635
120347,12,2024-09-01,Apartment,38,1157.23,345793.55,Available,,298.8114290158395
120355,12,2024-09-01,Apartment,38,1157.23,348940.18,Sold,C0916,301.5305341202699
120371,12,2024-09-01,Office,38,1157.23,387130.78,Sold,C0260,334.53227102650294
130027,13,2024-09-01,Apartment,2,1651.02,513568.69,Available,,311.0614589768749
130112,13,2024-09-01,Apartment,14,777.75,227170.01,Available,,292.0861587913854
130118,13,2024-09-01,Apartment,14,777.75,209154.91,Available,,268.9230601092896
130139,13,2024-09-01,Apartment,16,1772.88,560683.85,Sold,C1236,316.2559507693696
130176,13,2024-09-01,Apartment,20,516.72,160691.77,Available,,310.98422743458735
130180,13,2024-09-01,Office,20,516.72,168771.25,Sold,C1898,326.6203166124787
130254,13,2024-09-01,Apartment,30,1777.51,516854.25,Available,,290.77431350597186
130298,13,2024-09-01,Apartment,33,1445.84,372390.0,Available,,257.55961932164
130320,13,2024-09-01,Apartment,35,1867.34,479094.82,Available,,256.5653924834256
130399,13,2024-09-01,Apartment,45,986.91,295710.16,Sold,C1660,299.63234742783027
130431,13,2024-09-01,Apartment,47,1874.35,533912.15,Available,,284.85189532371226
130437,13,2024-09-01,Apartment,48,1728.84,589085.76,Sold,C0911,340.74047338099535
130444,13,2024-09-01,Apartment,49,572.01,177039.39,Sold,C1168,309.50401216761946
130456,13,2024-09-01,Apartment,52,1916.1,555693.16,Sold,C0422,290.0126089452534
130583,13,2024-09-01,Apartment,67,524.97,180138.19,Sold,C1144,343.1399699030421
130588,13,2024-09-01,Apartment,68,1590.69,446439.12,Sold,C1050,280.657525979292
130600,13,2024-09-01,Office,70,750.41,228107.58,Sold,C1084,303.97726576138376
140022,14,2024-09-01,Apartment,4,1797.81,417894.67,Sold,C0099,232.4465154827262
140023,14,2024-09-01,Apartment,4,1797.81,505490.44,Sold,C1021,281.1701125257953
140042,14,2024-09-01,Apartment,7,641.37,213442.59,Sold,C0284,332.7916647177136
140052,14,2024-09-01,Apartment,8,618.89,181142.8,Available,,292.68981563767386
140059,14,2024-09-01,Apartment,8,618.89,196546.06,Sold,C1393,317.5783418701223
140072,14,2024-09-01,Apartment,9,803.5,252053.95,Sold,C0166,313.6950217797138
140096,14,2024-09-01,Apartment,12,459.44,131895.39,Available,,287.0785956816995
140099,14,2024-09-01,Apartment,12,459.44,157957.15,Sold,C0709,343.80365227233153
140124,14,2024-09-01,Apartment,13,442.74,126226.53,Sold,C1843,285.1030627456295
140159,14,2024-09-01,Apartment,17,686.6,187049.47,Sold,C1350,272.4285901543839
140172,14,2024-09-01,Apartment,17,686.6,198304.68,Sold,C0971,288.82126420040777
140183,14,2024-09-01,Apartment,20,1224.91,427733.57,Available,,349.1959164346768
140187,14,2024-09-01,Apartment,21,1560.87,460286.44,Sold,C1509,294.8909518409605
140193,14,2024-09-01,Apartment,21,1560.87,515792.81,Sold,C0954,330.4521260579036
140221,14,2024-09-01,Apartment,23,1610.37,531001.25,Sold,C0871,329.73866254339066
140233,14,2024-09-01,Apartment,25,586.85,221244.15,Available,,377.0028968220158
140289,14,2024-09-01,Apartment,33,1894.96,589905.02,Sold,C0057,311.30209608646095
140299,14,2024-09-01,Apartment,34,513.06,140627.96,Sold,C1157,274.0965189256617
140371,14,2024-09-01,Apartment,45,1388.61,430285.43,Sold,C1979,309.8677310403929
140378,14,2024-09-01,Apartment,46,1258.99,414231.95,Available,,329.01925352862213
140413,14,2024-09-01,Apartment,49,1231.75,336122.59,Sold,C1282,272.8821514105947
140415,14,2024-09-01,Office,50,1114.18,312264.34,Sold,C0201,280.2638173365165
140416,14,2024-09-01,Apartment,51,1346.3,366752.4,Sold,C0992,272.41506350739064
140431,14,2024-09-01,Office,51,1346.3,468906.08,Sold,C0721,348.2924162519498
140439,14,2024-09-01,Apartment,52,571.74,192674.34,Sold,C1533,336.9964319445902
150072,15,2024-09-01,Apartment,10,1072.95,347392.69,Sold,C1644,323.7734190782422
150097,15,2024-09-01,Apartment,15,522.71,129756.46,Sold,C0904,248.23795221059478
150102,15,2024-09-01,Apartment,15,522.71,130733.1,Sold,C1237,250.1063687321842
150111,15,2024-09-01,Apartment,15,522.71,140473.51,Available,,268.7408123051023
150127,15,2024-09-01,Apartment,17,562.64,143613.32,Sold,C0508,255.2490402388739
150148,15,2024-09-01,Apartment,18,567.74,173118.91,Available,,304.9263923627012
150158,15,2024-09-01,Apartment,21,1271.25,440284.74,Available,,346.34001179941004
150160,15,2024-09-01,Apartment,21,1271.25,364815.37,Available,,286.9737423795477
150174,15,2024-09-01,Apartment,22,1317.29,383499.34,Sold,C0491,291.1274966028741
150197,15,2024-09-01,Apartment,23,1279.23,380519.67,Sold,C1070,297.4599329284022
150198,15,2024-09-01,Apartment,23,1279.23,422521.03,Available,,330.2932467187293
150202,15,2024-09-01,Apartment,23,1279.23,387513.74,Sold,C1754,302.9273391024288
150211,15,2024-09-01,Office,24,924.36,296231.36,Sold,C1935,320.4718507940629
150228,15,2024-09-01,Apartment,26,961.01,265442.27,Sold,C1717,276.2117667870262
150258,15,2024-09-01,Apartment,30,1523.22,482341.23,Sold,C1705,316.6589396147634
150266,15,2024-09-01,Apartment,31,1901.65,605700.56,Sold,C0759,318.51316488312784
150275,15,2024-09-01,Apartment,33,958.02,280402.3,Sold,C1511,292.6894010563454
150277,15,2024-09-01,Apartment,34,1304.22,380745.79,Sold,C1107,291.9337151707534
150288,15,2024-09-01,Office,35,745.49,201555.86,Sold,C0734,270.36695327905136
150295,15,2024-09-01,Apartment,35,745.49,258549.13,Sold,C1038,346.81770379213674
150296,15,2024-09-01,Office,35,745.49,228194.83,Sold,C0744,306.1004574172692
150298,15,2024-09-01,Apartment,35,745.49,220021.95,Available,,295.13735932071523
150326,15,2024-09-01,Apartment,38,585.57,220589.57,Available,,376.70913810475264
150364,15,2024-09-01,Office,44,1713.09,501738.52,Sold,C1678,292.8850906840855
150382,15,2024-09-01,Apartment,48,1403.33,466695.89,Available,,332.5631818602895
150388,15,2024-09-01,Apartment,49,460.17,141835.85,Sold,C0329,308.2248951474455
150403,15,2024-09-01,Apartment,50,1841.5,571066.07,Sold,C0801,310.1091881618246
150414,15,2024-09-01,Apartment,52,829.2,232663.21,Sold,C1504,280.5875663289918
150504,15,2024-09-01,Apartment,60,1033.2,306376.09,Available,,296.53125241966706
160002,16,2024-09-01,Apartment,1,637.07,167175.36,Sold,C1629,262.4128588695119
160027,16,2024-09-01,Apartment,4,1561.55,517834.79,Sold,C1965,331.61588805994046
160039,16,2024-09-01,Apartment,5,749.15,232301.46,Sold,C0568,310.08671160648737
160060,16,2024-09-01,Apartment,8,986.18,319446.65,Available,,323.92326958567406
160074,16,2024-09-01,Apartment,9,1524.04,432933.76,Available,,284.0698144405659
160079,16,2024-09-01,Apartment,9,1524.04,386429.67,Sold,C0324,253.55612057426313
160170,16,2024-09-01,Office,21,837.95,242156.78,Sold,C0678,288.98714720448714
160174,16,2024-09-01,Apartment,21,837.95,288299.66,Sold,C1377,344.0535354138075
160178,16,2024-09-01,Apartment,22,1575.06,521067.94,Sold,C0424,330.8241844755121
160180,16,2024-09-01,Apartment,22,1575.06,458308.65,Sold,C1514,290.97853415108
160210,16,2024-09-01,Office,26,1458.08,404116.95,Sold,C0943,277.1569118292549
160232,16,2024-09-01,Office,28,1440.71,364460.23,Sold,C0804,252.9726523727884
160235,16,2024-09-01,Apartment,28,1440.71,428520.04,Sold,C0809,297.4367082896627
160241,16,2024-09-01,Apartment,28,1440.71,451278.03,Available,,313.2330795232906
160259,16,2024-09-01,Office,31,1336.97,385027.41,Sold,C1037,287.9850781992116
160278,16,2024-09-01,Apartment,33,881.17,237480.92,Available,,269.50636086112786
160280,16,2024-09-01,Apartment,33,881.17,273162.1,Available,,309.9993190871228
160310,16,2024-09-01,Apartment,36,810.94,216206.13,Sold,C1179,266.6117468616667
160325,16,2024-09-01,Apartment,38,431.83,120848.55,Available,,279.8521408887757
160356,16,2024-09-01,Apartment,41,1001.72,298750.15,Sold,C0536,298.23718204687935
160377,16,2024-09-01,Apartment,43,1185.4,401540.54,Sold,C0505,338.73843428378603
160384,16,2024-09-01,Apartment,44,1695.03,503790.55,Sold,C1905,297.21630295628984
160388,16,2024-09-01,Office,45,1653.49,586280.09,Available,,354.57129465554675
170003,17,2024-09-01,Apartment,1,530.28,177408.39,Sold,C1587,334.55606472052506
170074,17,2024-09-01,Apartment,10,1059.07,285091.79,Sold,C0381,269.1906956102996
170107,17,2024-09-01,Apartment,13,916.9,291793.4,Sold,C0983,318.2390664194569
170124,17,2024-09-01,Apartment,14,1646.02,509032.38,Sold,C0130,309.25042223059256
170127,17,2024-09-01,Apartment,15,1365.73,441514.77,Available,,323.28115366873396
170155,17,2024-09-01,Apartment,16,1693.0,592554.14,Sold,C1842,350.0024453632605
170158,17,2024-09-01,Office,17,1827.25,616039.35,Available,,337.1401559720892
170173,17,2024-09-01,Apartment,19,1712.06,483639.68,Sold,C0624,282.48991273670316
170185,17,2024-09-01,Apartment,20,792.27,229915.53,Sold,C0850,290.1984550721345
170190,17,2024-09-01,Apartment,21,1320.97,425040.86,Sold,C0336,321.764203577674
170217,17,2024-09-01,Apartment,25,939.46,278299.85,Sold,C1539,296.23384710365525
170223,17,2024-09-01,Apartment,26,929.59,301035.57,Sold,C1432,323.83692810809066
170233,17,2024-09-01,Apartment,27,677.24,239724.77,Sold,C1609,353.97314098399386
170266,17,2024-09-01,Apartment,32,954.54,267900.7,Sold,C1421,280.6594799589331
170268,17,2024-09-01,Apartment,32,954.54,246881.14,Sold,C0286,258.63886269826304
170276,17,2024-09-01,Apartment,33,1532.89,512382.03,Available,,334.2588378813874
170280,17,2024-09-01,Apartment,33,1532.89,451291.76,Available,,294.4058347304764
170282,17,2024-09-01,Apartment,34,1672.99,528517.95,Sold,C0675,315.9121991165518
170284,17,2024-09-01,Apartment,34,1672.99,498882.11,Sold,C0618,298.1979031554283
170287,17,2024-09-01,Apartment,35,1667.01,508317.94,Sold,C1623,304.92794884253846
170295,17,2024-09-01,Apartment,36,781.49,207455.9,Sold,C1710,265.4620020729632
170312,17,2024-09-01,Apartment,39,1341.67,406054.98,Available,,302.64892261137237
170331,17,2024-09-01,Apartment,41,1422.93,406001.38,Sold,C0534,285.3277251867625
170337,17,2024-09-01,Apartment,41,1422.93,361394.87,Available,,253.97937354613367
170354,17,2024-09-01,Apartment,45,1574.3,437211.33,Sold,C1203,277.717925427174
170435,17,2024-09-01,Apartment,51,1375.52,502022.4,Sold,C1197,364.9691752937071
180005,18,2024-09-01,Apartment,1,1379.64,436782.69,Sold,C0864,316.59178481342957
180031,18,2024-09-01,Apartment,4,1096.58,362580.58,Available,,330.6467198015649
180049,18,2024-09-01,Office,6,840.25,235857.38,Sold,C1875,280.69905385301996
180077,18,2024-09-01,Apartment,10,1111.43,302479.22,Sold,C1625,272.15319003446007
180116,18,2024-09-01,Apartment,16,1360.96,334041.57,Sold,C1578,245.4455457912062
180171,18,2024-09-01,Apartment,22,1108.09,330298.49,Sold,C0183,298.0791181221742
180284,18,2024-09-01,Office,35,799.05,272822.22,Available,,341.4332269570114
180299,18,2024-09-01,Apartment,36,1089.77,330207.8,Sold,C1711,303.00687300990114
180305,18,2024-09-01,Apartment,36,1089.77,277491.92,Sold,C0102,254.6334731181809
180328,18,2024-09-01,Apartment,38,1219.8,300710.22,Sold,C1117,246.52420068863748
180416,18,2024-09-01,Apartment,47,520.85,167859.82,Sold,C0785,322.28054142267445
180455,18,2024-09-01,Apartment,51,1527.31,502181.85,Sold,C1122,328.8015203200398
180466,18,2024-09-01,Apartment,52,1424.54,418772.73,Sold,C0121,293.9704957389754
180546,18,2024-09-01,Apartment,62,1330.41,393449.09,Available,,295.7352169631918
180576,18,2024-09-01,Apartment,66,1631.24,539249.94,Sold,C0849,330.576702385915
190022,19,2024-09-01,Office,4,1225.38,392120.81,Sold,C1838,319.99935530202873
190037,19,2024-09-01,Apartment,7,973.6,259987.87,Sold,C1292,267.03766433853735
190040,19,2024-09-01,Office,7,973.6,334981.2,Sold,C1906,344.0645028759244
190101,19,2024-09-01,Apartment,14,630.47,165707.07,Available,,262.8310149570955
190118,19,2024-09-01,Apartment,16,1711.98,602057.55,Sold,C1087,351.6732380051169
190152,19,2024-09-01,Office,19,1697.73,474165.55,Sold,C0627,279.29385120130996
190171,19,2024-09-01,Apartment,21,477.75,152690.76,Sold,C1831,319.60389324960755
190188,19,2024-09-01,Apartment,22,935.25,281233.4,Sold,C0830,300.70398289227484
190266,19,2024-09-01,Apartment,30,673.27,180693.31,Available,,268.38164480817505
190304,19,2024-09-01,Apartment,37,1565.26,449976.95,Sold,C1585,287.47744783614223
190306,19,2024-09-01,Apartment,37,1565.26,529967.66,Sold,C0418,338.5812325108928
190309,19,2024-09-01,Apartment,37,1565.26,410689.18,Sold,C0682,262.37761138724557
190310,19,2024-09-01,Apartment,37,1565.26,494178.87,Sold,C1144,315.71679465392333
190385,19,2024-09-01,Apartment,43,1697.72,373498.4,Available,,220.0
190389,19,2024-09-01,Apartment,44,982.8,287776.27,Available,,292.8126475376476
190419,19,2024-09-01,Apartment,48,851.11,269915.64,Available,,317.133672498267
200029,20,2024-09-01,Apartment,3,1645.93,425737.07,Sold,C0389,258.66049588986164
200053,20,2024-09-01,Apartment,6,1401.0,420300.71,Sold,C0495,300.0005067808708
200157,20,2024-09-01,Apartment,18,1868.01,533690.36,Available,,285.69994807308314
200160,20,2024-09-01,Apartment,18,1868.01,551264.38,Available,,295.10783132852606
200162,20,2024-09-01,Apartment,18,1868.01,577425.07,Sold,C1977,309.112408391818
200163,20,2024-09-01,Apartment,18,1868.01,477989.82,Sold,C1765,255.88183146771163
200171,20,2024-09-01,Apartment,19,759.72,249924.88,Sold,C0581,328.96972568841153
200204,20,2024-09-01,Apartment,24,1188.07,274417.91,Sold,C1095,230.97789692526533
200242,20,2024-09-01,Apartment,30,1703.94,649524.31,Sold,C1422,381.1896604340529
200257,20,2024-09-01,Apartment,30,1703.94,580528.21,Sold,C0531,340.6975656419827
200264,20,2024-09-01,Apartment,30,1703.94,507885.52,Sold,C1930,298.0653778888928
200269,20,2024-09-01,Apartment,31,1414.44,381295.01,Sold,C1741,269.5731243460309
200294,20,2024-09-01,Apartment,32,1630.81,479643.79,Available,,294.1138391351537
200325,20,2024-09-01,Apartment,36,1484.99,504707.33,Sold,C0328,339.8725445962599
200367,20,2024-09-01,Apartment,40,428.03,131115.08,Sold,C1400,306.32217367941496
200415,20,2024-09-01,Apartment,48,860.8,220364.48,Available,,255.99962825278814
200421,20,2024-09-01,Apartment,48,860.8,224186.65,Sold,C0872,260.43988150557624
200425,20,2024-09-01,Apartment,48,860.8,270773.11,Sold,C0180,314.5598396840149
200494,20,2024-09-01,Apartment,57,445.15,142831.06,Available,,320.86051892620463
200496,20,2024-09-01,Apartment,57,445.15,151645.03,Sold,C0197,340.66051892620465
2020,2,2024-10-01,Apartment,20,785.48,241671.52,Sold,C0037,307.6736772419412
2032,2,2024-10-01,Apartment,32,927.83,306878.46,Sold,C0048,330.748585408965
2038,2,2024-10-01,Apartment,38,1604.75,529317.28,Sold,C0012,329.84407540115285
2041,2,2024-10-01,Apartment,41,785.48,225050.52,Sold,C0131,286.5133676223455
3010,3,2024-10-01,Apartment,10,923.21,294807.65,Sold,C0099,319.32891758104876
3018,3,2024-10-01,Apartment,18,923.21,293828.69,Sold,C0099,318.2685304535263
4013,4,2024-10-01,Apartment,13,733.19,197053.51,Sold,C0047,268.7618625458612
4040,4,2024-10-01,Apartment,40,794.52,241620.48,Sold,C0119,304.1087449025827
4049,4,2024-10-01,Apartment,49,1336.93,388515.14,Sold,C0046,290.6024548779667
5041,5,2024-10-01,Apartment,41,798.28,263123.42,Sold,C0133,329.6129428270782
5047,5,2024-10-01,Apartment,47,794.52,279191.26,Available,,351.3961385490611
10004,1,2024-10-01,Apartment,1,748.06,257279.32,Available,,343.9287222950031
10019,1,2024-10-01,Apartment,3,788.73,256486.34,Available,,325.18902539525567
10029,1,2024-10-01,Office,3,788.73,249586.52,Sold,C0479,316.4410127673602
10033,1,2024-10-01,Apartment,4,633.61,174206.99,Sold,C0602,274.94356149681977
10062,1,2024-10-01,Apartment,8,763.88,230960.93,Sold,C0050,302.3523721003299
10130,1,2024-10-01,Apartment,16,612.76,165290.21,Available,,269.7470624714407
10133,1,2024-10-01,Apartment,16,612.76,183956.85,Sold,C0260,300.21027808603696
10151,1,2024-10-01,Apartment,19,773.17,233353.01,Available,,301.81332695267537
10172,1,2024-10-01,Apartment,22,740.83,203562.37,Sold,C1931,274.7760889812777
10195,1,2024-10-01,Apartment,23,1201.5,400787.83,Sold,C1727,333.57289221806076
10257,1,2024-10-01,Apartment,29,757.2,280039.75,Sold,C0428,369.83590861067086
10292,1,2024-10-01,Apartment,31,619.78,198448.41,Sold,C1122,320.1916970537933
10311,1,2024-10-01,Apartment,33,827.74,186418.6,Sold,C0609,225.21395607316308
10337,1,2024-10-01,Apartment,36,613.59,194671.27,Available,,317.2660408416043
10356,1,2024-10-01,Apartment,38,1355.85,422702.76,Available,,311.7621860825313
10364,1,2024-10-01,Office,40,784.22,192318.09,Sold,C1669,245.23487031700287
10371,1,2024-10-01,Apartment,41,835.25,238146.95,Sold,C0086,285.1205627057767
10379,1,2024-10-01,Apartment,43,1159.2,356687.55,Sold,C0115,307.70147515527947
10392,1,2024-10-01,Apartment,46,1153.16,300423.34,Sold,C0219,260.5218183079538
10393,1,2024-10-01,Apartment,46,1153.16,316241.81,Sold,C0989,274.23931631343436
10417,1,2024-10-01,Apartment,48,1170.93,372450.2,Sold,C1109,318.0806709196963
10423,1,2024-10-01,Office,49,629.24,217823.42,Sold,C1541,346.1690610895684
20009,2,2024-10-01,Apartment,1,706.3,224035.98,Sold,C1190,317.19663032705654
20029,2,2024-10-01,Apartment,3,645.84,205863.07,Sold,C1696,318.75243094264835
20078,2,2024-10-01,Apartment,9,584.19,183083.45,Sold,C0021,313.39709683493385
20089,2,2024-10-01,Apartment,10,788.79,236082.49,Sold,C0463,299.29701187895387
20095,2,2024-10-01,Office,11,1625.05,461620.65,Sold,C0960,284.06550567674844
20109,2,2024-10-01,Apartment,13,782.33,230135.31,Available,,294.16654097375783
20113,2,2024-10-01,Apartment,14,1296.39,380390.29,Sold,C1929,293.42272772853846
20155,2,2024-10-01,Apartment,18,784.76,225010.98,Sold,C1495,286.72585248993323
20183,2,2024-10-01,Apartment,21,921.38,306850.21,Sold,C0830,333.0332870259828
20192,2,2024-10-01,Office,22,653.41,202606.33,Sold,C1283,310.0753431995225
20203,2,2024-10-01,Apartment,23,1416.33,412591.03,Sold,C0108,291.3099560130761
20210,2,2024-10-01,Apartment,24,785.12,231504.4,Sold,C0974,294.8649887915223
20243,2,2024-10-01,Apartment,26,1577.79,502622.02,Sold,C0469,318.56078438828996
20249,2,2024-10-01,Apartment,27,1211.51,361776.94,Sold,C1232,298.6165528967982
20263,2,2024-10-01,Apartment,31,629.92,186568.83,Available,,296.17860998221994
20267,2,2024-10-01,Apartment,32,925.63,249299.16,Sold,C1925,269.32917040286077
20289,2,2024-10-01,Apartment,34,800.26,253932.86,Available,,317.3129482918051
20290,2,2024-10-01,Apartment,34,800.26,259806.48,Sold,C1555,324.6525879089296
20300,2,2024-10-01,Apartment,35,1391.68,374531.19,Available,,269.12162997240745
20316,2,2024-10-01,Apartment,37,780.46,244233.4,Available,,312.9351920662173
20324,2,2024-10-01,Office,38,710.81,257405.89,Sold,C0649,362.1303723920598
20343,2,2024-10-01,Apartment,41,654.93,208542.96,Sold,C0099,318.4202281159819
20344,2,2024-10-01,Apartment,41,654.93,204454.91,Sold,C1021,312.1782633258517
20385,2,2024-10-01,Apartment,46,697.74,212979.7,Sold,C0249,305.2422105655402
20398,2,2024-10-01,Office,46,697.74,217804.94,Sold,C1235,312.1577378393098
20431,2,2024-10-01,Office,50,1604.8,492537.89,Sold,C0924,306.9154349451645
20438,2,2024-10-01,Apartment,50,1604.8,468241.5,Sold,C1456,291.77561066799603
20442,2,2024-10-01,Apartment,51,699.31,220609.09,Available,,315.46680299152024
20448,2,2024-10-01,Apartment,52,914.01,270864.99,Sold,C1209,296.34795024124463
20468,2,2024-10-01,Apartment,55,579.26,189388.07,Sold,C1448,326.9482961019232
30020,3,2024-10-01,Apartment,2,672.64,205608.05,Sold,C1714,305.67324274500476
30034,3,2024-10-01,Apartment,4,719.96,235818.4,Sold,C1880,327.5437524306906
30052,3,2024-10-01,Apartment,5,701.19,232325.48,Sold,C0662,331.3302813787989
30090,3,2024-10-01,Apartment,9,1125.84,366485.38,Available,,325.52172600014217
30092,3,2024-10-01,Apartment,9,1125.84,329256.08,Sold,C0285,292.4537056775386
30153,3,2024-10-01,Apartment,17,937.24,269684.75,Sold,C1157,287.74353420682
30155,3,2024-10-01,Apartment,18,706.68,213673.14,Sold,C1410,302.3619460010189
30159,3,2024-10-01,Apartment,18,706.68,199407.76,Sold,C1740,282.17546838738895
30182,3,2024-10-01,Apartment,20,802.97,234510.88,Available,,292.054348232188
30186,3,2024-10-01,Apartment,20,802.97,267213.25,Sold,C0153,332.78111261940046
30207,3,2024-10-01,Apartment,23,924.21,288254.21,Sold,C1658,311.8925460663702
30224,3,2024-10-01,Apartment,25,765.56,215279.43,Available,,281.2051700715816
30225,3,2024-10-01,Apartment,25,765.56,241165.86,Available,,315.0188881341763
30251,3,2024-10-01,Apartment,28,679.93,186228.06,Available,,273.8929889841601
30256,3,2024-10-01,Office,28,679.93,274806.6,Sold,C1086,404.1689585692645
30316,3,2024-10-01,Apartment,39,1598.95,541200.51,Available,,338.4724412895963
30389,3,2024-10-01,Apartment,48,783.39,252997.47,Sold,C1017,322.9521311224294
30422,3,2024-10-01,Office,49,1174.48,361277.65,Available,,307.60647265172673
30447,3,2024-10-01,Office,51,693.85,192247.67,Sold,C1742,277.0738199899114
30480,3,2024-10-01,Apartment,56,1179.42,332461.48,Available,,281.8855708738193
30485,3,2024-10-01,Apartment,57,1607.94,531267.61,Sold,C0014,330.4026331828302
30499,3,2024-10-01,Office,58,1588.14,514916.07,Sold,C0968,324.22586799652424
40022,4,2024-10-01,Apartment,3,1630.82,426620.64,Sold,C1043,261.59885211120786
40061,4,2024-10-01,Apartment,6,1602.95,447783.62,Sold,C1454,279.34971146947817
40069,4,2024-10-01,Apartment,7,786.36,231660.78,Sold,C1372,294.59888600640926
40111,4,2024-10-01,Apartment,14,1322.66,370479.06,Sold,C0527,280.10150756808247
40115,4,2024-10-01,Apartment,14,1322.66,417968.99,Available,,316.0063735200278
40137,4,2024-10-01,Apartment,16,1128.21,334030.96,Available,,296.0716178725592
40190,4,2024-10-01,Office,23,1110.99,392591.08,Available,,353.3704893833428
40213,4,2024-10-01,Apartment,26,790.05,223944.32,Sold,C1442,283.4558825390798
40214,4,2024-10-01,Apartment,26,790.05,242484.1,Sold,C0930,306.92247326118604
40242,4,2024-10-01,Apartment,29,776.79,254041.58,Sold,C1689,327.0402296631007
40258,4,2024-10-01,Office,31,793.1,242185.49,Available,,305.3656411549615
40277,4,2024-10-01,Apartment,33,734.73,246795.54,Sold,C1680,335.8996366012004
40294,4,2024-10-01,Apartment,34,795.1,250630.81,Available,,315.21923028549867
40371,4,2024-10-01,Apartment,44,799.67,243752.12,Sold,C0654,304.8158865532032
40389,4,2024-10-01,Apartment,45,1160.48,366377.13,Sold,C0922,315.7117141182959
40399,4,2024-10-01,Apartment,46,800.23,280137.79,Sold,C0894,350.07159191732376
40417,4,2024-10-01,Apartment,49,739.7,208210.52,Sold,C1909,281.4796809517372
40442,4,2024-10-01,Apartment,51,802.11,250655.47,Sold,C0941,312.4951315904302
50007,5,2024-10-01,Apartment,2,795.91,281231.73,Sold,C1762,353.3461446645978
50035,5,2024-10-01,Apartment,8,782.15,212497.0,Sold,C0520,271.6831809755162
50050,5,2024-10-01,Apartment,8,782.15,236471.53,Sold,C0673,302.33526817106696
50093,5,2024-10-01,Apartment,11,1058.56,316043.31,Sold,C1444,298.55965651451027
50108,5,2024-10-01,Apartment,13,791.13,246068.77,Sold,C1716,311.03455816363936
50149,5,2024-10-01,Apartment,19,819.72,230931.5,Sold,C0947,281.71997755331086
50157,5,2024-10-01,Apartment,21,1253.3,340442.96,Sold,C1146,271.6372456714275
50159,5,2024-10-01,Apartment,22,1059.78,306923.5,Sold,C1899,289.6105795542471
50163,5,2024-10-01,Apartment,22,1059.78,306987.24,Sold,C0012,289.6707241125517
50164,5,2024-10-01,Apartment,22,1059.78,328382.39,Sold,C1252,309.8590179093774
50181,5,2024-10-01,Apartment,23,1006.65,268561.28,Sold,C1415,266.7871454825411
50206,5,2024-10-01,Apartment,27,1278.6,338601.69,Sold,C1205,264.8222196152042
50221,5,2024-10-01,Apartment,29,786.28,244713.94,Sold,C0127,311.23001984026047
50248,5,2024-10-01,Apartment,33,1787.13,535533.08,Sold,C0770,299.66095359598904
50257,5,2024-10-01,Apartment,34,802.33,285197.86,Sold,C1755,355.462041803248
50258,5,2024-10-01,Apartment,34,802.33,209153.29,Sold,C0886,260.682375082572
50274,5,2024-10-01,Apartment,36,627.56,183173.08,Sold,C0017,291.88138185990186
50305,5,2024-10-01,Apartment,41,630.83,207268.0,Sold,C1587,328.5639554238067
50328,5,2024-10-01,Apartment,42,791.2,253398.7,Sold,C1599,320.2713599595551
50336,5,2024-10-01,Apartment,43,802.72,262212.19,Sold,C1440,326.6546118198126
50341,5,2024-10-01,Apartment,44,806.03,247405.59,Sold,C0472,306.9434016103619
50352,5,2024-10-01,Apartment,44,806.03,258517.67,Sold,C0471,320.729588228726
50354,5,2024-10-01,Apartment,44,806.03,270783.51,Sold,C0511,335.94718558862576
50411,5,2024-10-01,Apartment,47,1241.14,433580.68,Sold,C1990,349.3406706737354
50416,5,2024-10-01,Apartment,48,788.04,216474.36,Available,,274.69971067458505
50420,5,2024-10-01,Apartment,48,788.04,222662.14,Sold,C1543,282.55182478046805
50431,5,2024-10-01,Apartment,50,1261.07,420285.34,Sold,C1439,333.2767728992047
50439,5,2024-10-01,Office,51,1029.59,316522.59,Sold,C1176,307.42585883701287
50449,5,2024-10-01,Apartment,52,1755.18,626423.06,Sold,C1222,356.89961143586413
60006,6,2024-10-01,Apartment,1,1720.95,564663.44,Sold,C1264,328.1114733141578
60011,6,2024-10-01,Apartment,1,1720.95,500882.85,Sold,C0545,291.0502048287283
60022,6,2024-10-01,Apartment,2,1338.63,343865.93,Sold,C0301,256.87899568962297
60093,6,2024-10-01,Apartment,7,1075.42,382332.77,Sold,C1582,355.5194900596976
60128,6,2024-10-01,Office,10,942.08,316622.87,Sold,C1331,336.0891537873641
60133,6,2024-10-01,Apartment,10,942.08,311407.77,Sold,C1623,330.5534243376359
60145,6,2024-10-01,Office,12,1678.17,512134.29,Sold,C0373,305.1742612488603
60152,6,2024-10-01,Apartment,12,1678.17,556748.94,Sold,C1405,331.7595595201916
60159,6,2024-10-01,Apartment,13,581.47,149191.06,Sold,C1114,256.5756788828314
60162,6,2024-10-01,Office,14,1890.0,667262.77,Sold,C0986,353.0490846560847
60180,6,2024-10-01,Apartment,16,1687.92,527627.25,Sold,C0119,312.5901997725011
60183,6,2024-10-01,Apartment,16,1687.92,499179.78,Sold,C1852,295.7366344376511
60200,6,2024-10-01,Office,19,1542.71,578692.29,Sold,C1558,375.11411088279715
60202,6,2024-10-01,Apartment,19,1542.71,389827.78,Sold,C0447,252.6902528667086
60214,6,2024-10-01,Office,20,1897.17,505472.65,Sold,C1702,266.4350848895987
60233,6,2024-10-01,Apartment,22,1656.54,378656.55,Sold,C0526,228.58279908725416
60263,6,2024-10-01,Apartment,27,830.65,270512.28,Sold,C0621,325.6633720580269
60277,6,2024-10-01,Apartment,30,552.59,159532.71,Sold,C1604,288.6999583778208
60286,6,2024-10-01,Apartment,31,1768.9,532386.73,Sold,C0982,300.97050709480465
60308,6,2024-10-01,Apartment,34,1353.81,395125.68,Sold,C1737,291.8619894963104
60390,6,2024-10-01,Apartment,46,1870.54,445742.99,Available,,238.29642242347128
60398,6,2024-10-01,Apartment,47,550.99,160886.49,Sold,C0483,291.9952993702245
60399,6,2024-10-01,Office,47,550.99,205316.4,Sold,C0728,372.63180819978584
60453,6,2024-10-01,Apartment,53,1170.96,320303.92,Sold,C0183,273.5395914463346
70031,7,2024-10-01,Apartment,5,1144.09,386036.16,Sold,C0632,337.41765070929733
70059,7,2024-10-01,Apartment,9,926.11,274985.8,Sold,C1520,296.92563518372543
70065,7,2024-10-01,Apartment,10,1495.37,457007.6,Sold,C0013,305.615065167818
70082,7,2024-10-01,Office,12,804.65,232475.15,Available,,288.91462126390354
70088,7,2024-10-01,Apartment,12,804.65,266653.15,Sold,C0194,331.3902317777916
70089,7,2024-10-01,Apartment,12,804.65,231176.25,Sold,C0663,287.3003790467905
70090,7,2024-10-01,Apartment,13,604.6,179071.56,Available,,296.18187231227256
70174,7,2024-10-01,Apartment,20,1160.82,377986.05,Sold,C0661,325.6198635447356
70176,7,2024-10-01,Apartment,20,1160.82,350731.87,Available,,302.14147757619617
70191,7,2024-10-01,Office,22,1914.21,533934.58,Sold,C0666,278.9320816420351
70225,7,2024-10-01,Office,25,573.8,170826.21,Available,,297.71036946671313
70245,7,2024-10-01,Apartment,27,768.05,241050.67,Sold,C1363,313.8476271076102
70247,7,2024-10-01,Apartment,28,694.55,220346.61,Available,,317.2508962637679
70317,7,2024-10-01,Apartment,38,1755.26,532979.3,Sold,C1483,303.6469241024122
70324,7,2024-10-01,Apartment,38,1755.26,610952.85,Sold,C0701,348.0697161674054
70347,7,2024-10-01,Apartment,41,1093.92,336200.18,Sold,C0134,307.33525303495685
70353,7,2024-10-01,Office,41,1093.92,324025.61,Available,,296.2059474184584
70380,7,2024-10-01,Office,43,498.61,168842.21,Sold,C1890,338.62579972323056
70386,7,2024-10-01,Apartment,44,1859.83,478602.47,Sold,C1724,257.3366759327465
70396,7,2024-10-01,Apartment,45,1150.93,378118.43,Sold,C1541,328.53295161304334
70421,7,2024-10-01,Apartment,49,1383.05,402062.53,Available,,290.7071544774231
70424,7,2024-10-01,Apartment,49,1383.05,382303.57,Sold,C1696,276.4206427822566
70444,7,2024-10-01,Apartment,52,1281.14,349073.94,Sold,C1211,272.4713458326178
70447,7,2024-10-01,Apartment,53,884.87,250121.34,Available,,282.66450439047543
70451,7,2024-10-01,Apartment,54,1940.69,521044.57,Sold,C1057,268.48418346052176
70458,7,2024-10-01,Apartment,54,1940.69,685296.02,Available,,353.1197769865357
70486,7,2024-10-01,Office,57,1347.67,456678.02,Sold,C0463,338.86487048016204
80019,8,2024-10-01,Apartment,3,1736.05,563291.28,Sold,C0360,324.46719852538814
80022,8,2024-10-01,Apartment,3,1736.05,548218.63,Sold,C1227,315.78504651363727
80037,8,2024-10-01,Apartment,4,1934.75,633197.27,Available,,327.2760149890167
80053,8,2024-10-01,Apartment,5,887.23,279147.67,Available,,314.6283038220078
80152,8,2024-10-01,Office,20,774.16,252589.0,Sold,C1787,326.27493024697736
80183,8,2024-10-01,Apartment,26,1625.38,488976.07,Sold,C1555,300.83800095977557
80184,8,2024-10-01,Apartment,26,1625.38,460816.43,Sold,C0887,283.5130431037665
80197,8,2024-10-01,Apartment,27,1376.34,444121.47,Available,,322.68296351192294
80221,8,2024-10-01,Apartment,29,1848.51,581022.45,Available,,314.31934368761864
80225,8,2024-10-01,Apartment,29,1848.51,449409.92,Sold,C0514,243.12009131679028
80269,8,2024-10-01,Apartment,32,1410.88,510151.14,Sold,C1010,361.5836499206169
80270,8,2024-10-01,Apartment,32,1410.88,411257.15,Sold,C1310,291.48981486731685
80275,8,2024-10-01,Apartment,33,1809.87,529206.1,Sold,C0697,292.40006188289766
80322,8,2024-10-01,Apartment,37,890.65,291725.94,Sold,C1863,327.54273844944703
80337,8,2024-10-01,Apartment,37,890.65,259911.91,Sold,C0427,291.82272497614105
80391,8,2024-10-01,Apartment,46,1175.51,393274.68,Sold,C1552,334.55664349941725
80432,8,2024-10-01,Apartment,50,913.15,290605.55,Available,,318.2451404479001
80461,8,2024-10-01,Apartment,54,1699.02,484921.76,Sold,C1149,285.41262610210595
80463,8,2024-10-01,Apartment,55,1300.05,408265.89,Sold,C0023,314.0386062074536
80472,8,2024-10-01,Office,55,1300.05,407520.26,Available,,313.46506672820277
90023,9,2024-10-01,Apartment,5,1416.81,441668.03,Available,,311.7341280764535
90034,9,2024-10-01,Apartment,7,697.68,185136.75,Sold,C1173,265.3605521155831
90069,9,2024-10-01,Apartment,12,952.38,280593.08,Sold,C0239,294.62302862302863
90081,9,2024-10-01,Office,12,952.38,335629.91,Sold,C1619,352.4117579117579
90086,9,2024-10-01,Office,14,1445.3,453279.83,Sold,C0361,313.6233515533107
90128,9,2024-10-01,Apartment,20,1664.76,532709.69,Available,,319.9918847161152
90130,9,2024-10-01,Apartment,20,1664.76,487224.16,Sold,C0860,292.6693096902857
90136,9,2024-10-01,Apartment,21,1261.65,393101.99,Sold,C1071,311.5776879483216
90144,9,2024-10-01,Apartment,22,1115.88,317072.98,Sold,C1926,284.1461268236728
90208,9,2024-10-01,Apartment,30,1250.17,460086.04,Available,,368.01878144572333
90241,9,2024-10-01,Apartment,34,1577.36,527721.88,Available,,334.5602018562662
90243,9,2024-10-01,Office,34,1577.36,543401.76,Sold,C1780,344.5007861236497
90274,9,2024-10-01,Apartment,35,1376.88,464094.48,Sold,C0303,337.0624019522398
90286,9,2024-10-01,Apartment,36,1582.79,521648.24,Sold,C1096,329.57514262789124
90295,9,2024-10-01,Apartment,36,1582.79,496038.87,Sold,C1323,313.39525142311993
90299,9,2024-10-01,Apartment,37,731.44,216241.14,Sold,C1419,295.6375642568085
90308,9,2024-10-01,Apartment,38,1260.31,369441.6,Sold,C0664,293.13549840912157
90316,9,2024-10-01,Office,38,1260.31,353496.02,Sold,C0542,280.4833890074664
90343,9,2024-10-01,Apartment,40,1090.32,351419.29,Sold,C0001,322.3083957003449
90352,9,2024-10-01,Apartment,41,1488.32,362728.99,Sold,C1698,243.7170702537089
90358,9,2024-10-01,Office,42,605.78,174077.05,Sold,C0478,287.360180263462
90371,9,2024-10-01,Apartment,44,1351.57,394416.47,Available,,291.8209711668652
90398,9,2024-10-01,Office,47,1262.78,348245.82,Available,,275.77711081898667
90421,9,2024-10-01,Apartment,53,599.72,146552.13,Sold,C1379,244.36758820783032
90461,9,2024-10-01,Apartment,57,1198.57,350655.95,Sold,C0543,292.5619279641573
90495,9,2024-10-01,Apartment,58,838.34,276170.62,Sold,C1806,329.42555526397405
90526,9,2024-10-01,Apartment,60,1919.77,617811.07,Sold,C1496,321.81514973147824
100018,10,2024-10-01,Apartment,4,1765.37,433712.68,Available,,245.67806182273407
100041,10,2024-10-01,Apartment,5,1741.96,501235.19,Available,,287.7420778892741
100140,10,2024-10-01,Apartment,18,1244.03,306507.89,Sold,C1009,246.38303738655821
100143,10,2024-10-01,Office,18,1244.03,378139.97,Sold,C1390,303.9637066630226
100181,10,2024-10-01,Apartment,25,1487.17,497090.51,Sold,C0470,334.2526476462005
100205,10,2024-10-01,Apartment,26,1294.85,399712.39,Sold,C1663,308.6939722747809
100235,10,2024-10-01,Apartment,28,1606.58,474515.88,Sold,C0087,295.3577661865578
100267,10,2024-10-01,Apartment,31,1499.0,427664.89,Sold,C0903,285.30012675116745
100273,10,2024-10-01,Apartment,31,1499.0,421648.47,Available,,281.28650433622414
100285,10,2024-10-01,Apartment,33,1010.7,273820.14,Sold,C0183,270.9212822796082
100302,10,2024-10-01,Apartment,36,1920.65,617703.46,Available,,321.6116731314919
100324,10,2024-10-01,Apartment,39,1188.51,315365.9,Sold,C0132,265.34560079427183
100360,10,2024-10-01,Office,43,1093.67,319434.72,Sold,C0377,292.07596441339706
100369,10,2024-10-01,Apartment,43,1093.67,348445.05,Sold,C1675,318.6016348624356
100385,10,2024-10-01,Apartment,44,1224.71,435943.19,Sold,C1111,355.9562590327506
100411,10,2024-10-01,Apartment,48,1421.82,456551.6,Available,,321.1036558776779
100416,10,2024-10-01,Apartment,50,1138.32,330533.73,Sold,C0318,290.3697817836812
110017,11,2024-10-01,Apartment,2,938.0,281195.93,Sold,C0189,299.7824413646055
110045,11,2024-10-01,Apartment,6,1724.08,518574.57,Available,,300.7833569207925
110065,11,2024-10-01,Apartment,8,1001.41,282918.51,Sold,C0936,282.52015657922334
110085,11,2024-10-01,Apartment,10,1519.64,516482.69,Sold,C0576,339.8717393593219
110094,11,2024-10-01,Apartment,10,1519.64,462577.28,Sold,C1862,304.3992524545287
110124,11,2024-10-01,Office,14,524.68,175426.76,Available,,334.3500038118473
110141,11,2024-10-01,Office,14,524.68,146690.79,Available,,279.5814401158802
110147,11,2024-10-01,Apartment,15,1385.68,453949.46,Sold,C1097,327.60049939379945
110156,11,2024-10-01,Apartment,16,1829.02,581631.78,Sold,C1131,318.0018698538015
110167,11,2024-10-01,Office,18,1562.55,522641.04,Sold,C1528,334.4795622540079
110171,11,2024-10-01,Apartment,18,1562.55,463077.47,Sold,C1874,296.36009727688713
110209,11,2024-10-01,Apartment,24,1481.82,531718.35,Available,,358.82789407620356
110222,11,2024-10-01,Apartment,27,1638.1,461250.81,Sold,C0634,281.57671082351504
110236,11,2024-10-01,Office,29,993.51,308787.35,Available,,310.80447101689964
110247,11,2024-10-01,Apartment,30,642.72,202059.29,Available,,314.3815191685337
110249,11,2024-10-01,Apartment,30,642.72,172359.93,Sold,C0231,268.1726568334578
110253,11,2024-10-01,Apartment,30,642.72,183055.23,Sold,C0617,284.81334017923825
110269,11,2024-10-01,Apartment,32,1285.87,317008.67,Available,,246.53244107102586
110315,11,2024-10-01,Apartment,38,788.47,231783.95,Sold,C1810,293.9667330399381
110321,11,2024-10-01,Apartment,38,788.47,258318.58,Sold,C0314,327.62004895557214
110370,11,2024-10-01,Apartment,44,434.38,97537.58,Available,,224.54436207928543
110442,11,2024-10-01,Apartment,52,1397.58,506996.47,Available,,362.76740508593423
110475,11,2024-10-01,Apartment,56,724.8,229127.73,Sold,C1695,316.12545529801326
110484,11,2024-10-01,Apartment,57,1008.58,355007.88,Sold,C0889,351.987824466081
110493,11,2024-10-01,Apartment,58,1159.31,324614.29,Available,,280.00646073957785
110531,11,2024-10-01,Apartment,62,1938.82,460371.32,Available,,237.44923200709712
110537,11,2024-10-01,Apartment,62,1938.82,662938.18,Sold,C1852,341.9286885837778
110543,11,2024-10-01,Office,63,871.7,242015.72,Sold,C1203,277.63648044051854
110545,11,2024-10-01,Office,63,871.7,320938.27,Sold,C1125,368.1751405299988
110555,11,2024-10-01,Apartment,65,1427.09,396047.03,Sold,C0222,277.5207099762454
110562,11,2024-10-01,Apartment,65,1427.09,401193.76,Sold,C1208,281.12716086581787
120006,12,2024-10-01,Apartment,1,839.95,299829.82,Sold,C1876,356.9615096136675
120026,12,2024-10-01,Office,3,1469.27,420816.82,Available,,286.4121774758894
120030,12,2024-10-01,Apartment,3,1469.27,543199.93,Available,,369.70735807577915
120054,12,2024-10-01,Apartment,5,495.04,141331.57,Available,,285.49525290885583
120057,12,2024-10-01,Office,6,1347.8,428839.15,Sold,C1648,318.1771405253005
120099,12,2024-10-01,Apartment,13,1394.03,464836.33,Available,,333.4478669756031
120112,12,2024-10-01,Apartment,14,1369.96,412405.94,Available,,301.03502292037723
120124,12,2024-10-01,Apartment,14,1369.96,394884.68,Sold,C1019,288.24540862506933
120128,12,2024-10-01,Apartment,15,1456.98,491474.73,Sold,C1875,337.3242803607462
120132,12,2024-10-01,Apartment,16,1523.02,378116.6,Available,,248.26765242741394
120145,12,2024-10-01,Apartment,16,1523.02,461769.54,Available,,303.19335268085774
120150,12,2024-10-01,Apartment,17,1428.55,437096.17,Sold,C1625,305.9719085786287
120152,12,2024-10-01,Apartment,17,1428.55,405740.25,Sold,C0337,284.02243533653007
120163,12,2024-10-01,Apartment,18,1702.66,559963.06,Sold,C1664,328.8754419555284
120175,12,2024-10-01,Apartment,19,1381.22,412697.67,Sold,C0644,298.7921330418036
120182,12,2024-10-01,Apartment,20,1802.21,580776.87,Available,,322.2581552649247
120223,12,2024-10-01,Apartment,24,1306.75,358023.39,Sold,C1036,273.980019131433
120224,12,2024-10-01,Apartment,24,1306.75,307839.56,Sold,C0176,235.57647599005165
120240,12,2024-10-01,Apartment,26,557.9,169877.17,Sold,C0258,304.49394156658906
120266,12,2024-10-01,Apartment,28,1563.65,484992.96,Sold,C0192,310.1672113324593
120295,12,2024-10-01,Office,33,1232.2,437270.83,Sold,C0976,354.87001298490503
120296,12,2024-10-01,Apartment,33,1232.2,335957.35,Sold,C0496,272.6483931180003
120302,12,2024-10-01,Apartment,34,1817.64,636508.92,Sold,C0509,350.1842609097511
120322,12,2024-10-01,Apartment,35,1690.62,476620.78,Sold,C1602,281.92070364718273
120388,12,2024-10-01,Apartment,44,635.36,205547.69,Sold,C1894,323.5137402417527
120416,12,2024-10-01,Apartment,48,1919.31,520039.4,Sold,C0760,270.95122726396465
130004,13,2024-10-01,Apartment,1,1899.92,459585.99,Sold,C1900,241.8975483178239
130058,13,2024-10-01,Apartment,5,441.3,133450.04,Available,,302.40208474960343
130066,13,2024-10-01,Apartment,7,1115.82,318852.87,Sold,C1183,285.75654675485293
130067,13,2024-10-01,Apartment,8,1449.43,376895.27,Sold,C1160,260.02999109994965
130076,13,2024-10-01,Apartment,9,1448.68,394592.34,Sold,C1653,272.38060855399397
130105,13,2024-10-01,Apartment,13,585.77,159915.67,Sold,C0383,273.00078529115524
130115,13,2024-10-01,Office,14,777.75,252863.32,Sold,C1271,325.1215943426551
130148,13,2024-10-01,Apartment,17,1278.95,381454.1,Sold,C1196,298.2556784862582
130156,13,2024-10-01,Apartment,18,1820.34,623318.65,Sold,C1483,342.41880637683073
130182,13,2024-10-01,Apartment,20,516.72,147655.88,Available,,285.7560767920731
130188,13,2024-10-01,Apartment,20,516.72,159770.01,Sold,C1665,309.2003599628425
130209,13,2024-10-01,Apartment,24,1044.69,262442.06,Available,,251.21525045707338
130228,13,2024-10-01,Apartment,26,1867.78,590931.68,Sold,C1706,316.3818436860873
130299,13,2024-10-01,Apartment,33,1445.84,350161.05,Sold,C0124,242.18520029878826
130316,13,2024-10-01,Apartment,35,1867.34,573428.92,Sold,C0429,307.0832949543201
130325,13,2024-10-01,Apartment,37,1555.67,508804.43,Sold,C1861,327.06449954039095
130340,13,2024-10-01,Apartment,38,656.42,213741.13,Available,,325.6164193656501
130416,13,2024-10-01,Office,47,1874.35,448234.89,Available,,239.14151039026865
130425,13,2024-10-01,Apartment,47,1874.35,573428.65,Sold,C1535,305.9346706858378
130438,13,2024-10-01,Apartment,48,1728.84,479065.61,Sold,C1414,277.10234029754054
130448,13,2024-10-01,Apartment,50,1469.09,400273.64,Sold,C1164,272.4636611780082
130451,13,2024-10-01,Apartment,50,1469.09,453584.44,Sold,C1318,308.7519757128563
130455,13,2024-10-01,Apartment,51,1253.03,340333.17,Sold,C0010,271.60815782543114
130466,13,2024-10-01,Apartment,53,968.77,318160.65,Available,,328.4171165498519
130474,13,2024-10-01,Apartment,53,968.77,264045.95,Sold,C1519,272.5579342878083
130498,13,2024-10-01,Apartment,58,1115.72,429747.51,Sold,C0452,385.17505288065104
130512,13,2024-10-01,Apartment,59,1434.04,456458.92,Sold,C0823,318.30278095450615
130513,13,2024-10-01,Apartment,59,1434.04,422391.04,Sold,C1764,294.5462051267747
130520,13,2024-10-01,Apartment,60,1401.81,444030.99,Sold,C0469,316.75547328097247
130521,13,2024-10-01,Apartment,60,1401.81,398705.22,Available,,284.4217261968455
130569,13,2024-10-01,Apartment,67,524.97,158069.76,Sold,C1853,301.1024629978856
140027,14,2024-10-01,Office,5,424.34,102745.33,Sold,C1991,242.1297308761842
140066,14,2024-10-01,Apartment,9,803.5,266127.02,Sold,C1308,331.20973242065963
140084,14,2024-10-01,Apartment,11,1431.42,462169.28,Sold,C1863,322.8746838803426
140093,14,2024-10-01,Apartment,12,459.44,154509.23,Sold,C1839,336.29903795925475
140102,14,2024-10-01,Apartment,12,459.44,101076.8,Sold,C1000,220.0
140139,14,2024-10-01,Apartment,15,784.04,190003.85,Sold,C1075,242.33948523034542
140154,14,2024-10-01,Apartment,16,915.37,221903.24,Sold,C0648,242.41917475993313
140162,14,2024-10-01,Apartment,17,686.6,210426.08,Available,,306.47550247596854
140176,14,2024-10-01,Apartment,18,500.17,151900.65,Sold,C1910,303.6980426654937
140190,14,2024-10-01,Office,21,1560.87,446243.8,Sold,C1480,285.89427690967216
140248,14,2024-10-01,Apartment,29,1618.34,478857.61,Sold,C0939,295.8943176341189
140274,14,2024-10-01,Office,32,1120.81,348757.59,Available,,311.1656659023385
140279,14,2024-10-01,Apartment,33,1894.96,521436.07,Available,,275.1699613712163
140297,14,2024-10-01,Office,34,513.06,156115.46,Sold,C0239,304.28304681713644
140317,14,2024-10-01,Apartment,37,1469.73,478919.1,Available,,325.85515706966584
140328,14,2024-10-01,Apartment,38,1170.11,419677.6,Sold,C1151,358.665082769996
140368,14,2024-10-01,Apartment,45,1388.61,443404.97,Available,,319.315696991956
140380,14,2024-10-01,Apartment,46,1258.99,347365.39,Sold,C0754,275.9079817949309
140382,14,2024-10-01,Apartment,46,1258.99,351438.57,Available,,279.1432576906886
140396,14,2024-10-01,Apartment,47,917.53,288108.07,Sold,C1086,314.00397807156173
140449,14,2024-10-01,Apartment,53,1493.72,457748.53,Sold,C1869,306.44868516187773
140452,14,2024-10-01,Apartment,53,1493.72,411386.09,Available,,275.41044506333185
150013,15,2024-10-01,Apartment,2,1522.89,411865.15,Sold,C0852,270.44970418086666
150026,15,2024-10-01,Apartment,3,748.99,177729.83,Sold,C1901,237.292660783188
150032,15,2024-10-01,Apartment,4,1110.88,351282.64,Sold,C0767,316.22014979115653
150052,15,2024-10-01,Apartment,8,1056.46,323933.4,Available,,306.6215474319899
150055,15,2024-10-01,Apartment,9,565.48,147313.66,Sold,C1639,260.51082266393155
150073,15,2024-10-01,Apartment,11,1437.62,405432.81,Available,,282.01667339074305
150104,15,2024-10-01,Apartment,15,522.71,159782.74,Sold,C1540,305.6814294733217
150109,15,2024-10-01,Apartment,15,522.71,168550.58,Sold,C1387,322.45524286889474
150119,15,2024-10-01,Apartment,16,1692.61,484748.14,Available,,286.3909228942285
150123,15,2024-10-01,Apartment,16,1692.61,491025.48,Sold,C0097,290.09959766278115
150155,15,2024-10-01,Apartment,20,1662.01,441368.29,Sold,C0014,265.562956901583
150177,15,2024-10-01,Apartment,23,1279.23,369049.21,Sold,C0467,288.49324202840774
150218,15,2024-10-01,Apartment,25,607.01,166140.66,Available,,273.70333272927957
150222,15,2024-10-01,Apartment,26,961.01,276284.34,Sold,C1703,287.4937201485937
150283,15,2024-10-01,Apartment,34,1304.22,444680.77,Sold,C1065,340.95533728972106
150284,15,2024-10-01,Office,34,1304.22,390660.7,Available,,299.5358911840027
150306,15,2024-10-01,Apartment,35,745.49,223449.53,Sold,C1104,299.73511381775745
150323,15,2024-10-01,Apartment,38,585.57,154701.24,Sold,C1314,264.18914903427424
150327,15,2024-10-01,Apartment,38,585.57,160222.84,Available,,273.61859384872855
150332,15,2024-10-01,Office,38,585.57,180762.88,Available,,308.6955957443175
150348,15,2024-10-01,Apartment,41,1586.79,470014.76,Available,,296.2047655959516
150357,15,2024-10-01,Office,43,1655.05,483167.65,Available,,291.93537959578265
150380,15,2024-10-01,Apartment,48,1403.33,374131.45,Available,,266.6026166332937
150416,15,2024-10-01,Apartment,52,829.2,283362.29,Sold,C1458,341.72972744814274
150417,15,2024-10-01,Apartment,52,829.2,259320.7,Available,,312.73601061263867
150421,15,2024-10-01,Apartment,53,696.04,211469.9,Sold,C0485,303.8186023791736
150422,15,2024-10-01,Apartment,53,696.04,194717.01,Sold,C0774,279.74974139417276
150437,15,2024-10-01,Apartment,55,892.75,276552.01,Sold,C0876,309.77542425091013
150441,15,2024-10-01,Apartment,55,892.75,289323.48,Sold,C1560,324.0811873424811
150459,15,2024-10-01,Apartment,56,939.93,259840.79,Sold,C1085,276.4469588160821
150461,15,2024-10-01,Apartment,56,939.93,307452.2,Available,,327.1011671081889
150474,15,2024-10-01,Apartment,57,429.34,150517.02,Available,,350.5776773652583
150492,15,2024-10-01,Apartment,58,1750.89,514682.24,Available,,293.95464021154953
150495,15,2024-10-01,Apartment,58,1750.89,492952.77,Sold,C0416,281.54411185168686
150498,15,2024-10-01,Apartment,59,1286.47,345795.89,Available,,268.79436753286126
150501,15,2024-10-01,Office,59,1286.47,312125.23,Available,,242.62146027501612
150511,15,2024-10-01,Apartment,60,1033.2,300300.85,Sold,C0917,290.6512291908633
150518,15,2024-10-01,Apartment,60,1033.2,337564.17,Available,,326.7171602787456
160047,16,2024-10-01,Apartment,6,1062.34,334381.13,Sold,C0641,314.7590507747049
160122,16,2024-10-01,Apartment,13,500.49,142238.05,Sold,C1051,284.19758636536193
160139,16,2024-10-01,Apartment,17,836.32,240238.68,Available,,287.25688731585996
160143,16,2024-10-01,Apartment,17,836.32,275855.5,Available,,329.8444375358714
160155,16,2024-10-01,Apartment,19,1163.06,347283.41,Sold,C1738,298.594578095713
160158,16,2024-10-01,Apartment,20,1096.33,315840.76,Sold,C1984,288.0891337462261
160177,16,2024-10-01,Apartment,22,1575.06,466599.16,Sold,C1622,296.2421495054157
160200,16,2024-10-01,Apartment,25,853.37,259327.23,Sold,C0665,303.8860400529665
160216,16,2024-10-01,Apartment,26,1458.08,382971.0,Available,,262.654312520575
160249,16,2024-10-01,Apartment,29,489.49,123288.92,Sold,C0460,251.87219350752824
160314,16,2024-10-01,Apartment,37,922.03,318562.94,Sold,C1226,345.50170818736916
160350,16,2024-10-01,Apartment,41,1001.72,220378.4,Sold,C0207,220.0
160360,16,2024-10-01,Apartment,42,1496.62,414588.69,Sold,C1887,277.0166708984245
170065,17,2024-10-01,Apartment,8,1297.3,375027.09,Sold,C1467,289.08277961920913
170076,17,2024-10-01,Apartment,10,1059.07,325597.94,Sold,C0955,307.43760091400947
170114,17,2024-10-01,Apartment,13,916.9,311395.34,Sold,C1135,339.6175591667576
170134,17,2024-10-01,Apartment,15,1365.73,385047.18,Sold,C1242,281.93506769273574
170181,17,2024-10-01,Apartment,20,792.27,277940.01,Sold,C1928,350.81476011965617
170205,17,2024-10-01,Apartment,23,1025.52,288705.15,Sold,C1770,281.52074069740235
170214,17,2024-10-01,Apartment,25,939.46,312132.33,Available,,332.2465352436506
170216,17,2024-10-01,Apartment,25,939.46,259568.71,Sold,C0802,276.2956485640687
170237,17,2024-10-01,Apartment,27,677.24,214837.5,Sold,C1975,317.2250605398382
170245,17,2024-10-01,Apartment,27,677.24,189997.94,Available,,280.54742779516863
170249,17,2024-10-01,Office,28,1201.04,398974.61,Sold,C0375,332.1909428495304
170274,17,2024-10-01,Apartment,33,1532.89,467335.84,Sold,C1074,304.8723913653295
170291,17,2024-10-01,Apartment,35,1667.01,486946.4,Sold,C1424,292.1076658208409
170310,17,2024-10-01,Apartment,38,721.83,210485.41,Available,,291.5996979898314
170316,17,2024-10-01,Apartment,39,1341.67,341188.07,Sold,C1551,254.30103527693097
170374,17,2024-10-01,Apartment,46,1582.61,465014.45,Sold,C1564,293.82756964760745
170383,17,2024-10-01,Apartment,47,1106.83,333320.89,Sold,C0256,301.1491285924668
170446,17,2024-10-01,Apartment,51,1375.52,374757.19,Sold,C1856,272.4476488891474
180017,18,2024-10-01,Apartment,3,524.48,183881.37,Sold,C0643,350.59748703477726
180072,18,2024-10-01,Apartment,9,894.92,257213.45,Sold,C1430,287.4150203370134
180076,18,2024-10-01,Office,9,894.92,312227.38,Available,,348.88859339382293
180080,18,2024-10-01,Apartment,11,507.04,165624.19,Sold,C1257,326.6491598295992
180082,18,2024-10-01,Apartment,11,507.04,131544.5,Sold,C1388,259.4361391606185
180099,18,2024-10-01,Apartment,14,1742.3,501441.18,Sold,C0237,287.8041554267348
180102,18,2024-10-01,Apartment,14,1742.3,518630.99,Available,,297.67031510072894
180105,18,2024-10-01,Apartment,14,1742.3,581837.55,Sold,C1469,333.94797107272
180120,18,2024-10-01,Apartment,16,1360.96,429565.64,Available,,315.6342875617211
180154,18,2024-10-01,Apartment,20,1631.48,403699.08,Sold,C1223,247.44347463652636
180199,18,2024-10-01,Apartment,25,911.94,276124.59,Available,,302.78811105993816
180223,18,2024-10-01,Apartment,28,514.67,153024.68,Sold,C0394,297.3258204286242
180226,18,2024-10-01,Office,28,514.67,159338.05,Sold,C0509,309.5926516019974
180233,18,2024-10-01,Apartment,29,578.36,161600.76,Sold,C0844,279.4120616916799
180241,18,2024-10-01,Apartment,30,1795.66,534260.23,Sold,C1602,297.52861343461456
180321,18,2024-10-01,Apartment,37,1092.32,316603.14,Sold,C0732,289.8446792148821
180342,18,2024-10-01,Apartment,39,662.88,191623.18,Sold,C1477,289.07672580255854
180371,18,2024-10-01,Apartment,41,852.83,275046.94,Sold,C1460,322.5108638298371
180399,18,2024-10-01,Office,45,1627.52,487865.86,Sold,C1966,299.7602855878883
180480,18,2024-10-01,Apartment,53,1806.7,537806.31,Sold,C0413,297.6732772458073
180515,18,2024-10-01,Apartment,58,955.23,283186.34,Sold,C0088,296.4588004983093
180517,18,2024-10-01,Apartment,58,955.23,324852.1,Available,,340.07736356688963
180588,18,2024-10-01,Apartment,68,1445.28,425612.61,Available,,294.4845358684822
180589,18,2024-10-01,Apartment,68,1445.28,476578.58,Sold,C0368,329.74827023137385
190024,19,2024-10-01,Apartment,5,1408.42,410069.43,Sold,C1517,291.1556424930063
190029,19,2024-10-01,Apartment,5,1408.42,395263.8,Available,,280.64341602646937
190032,19,2024-10-01,Apartment,6,1067.81,323027.63,Available,,302.5141457749974
190060,19,2024-10-01,Apartment,9,695.8,189471.15,Sold,C0116,272.3069129060075
190086,19,2024-10-01,Apartment,13,766.61,206694.75,Sold,C1808,269.6217763921681
190103,19,2024-10-01,Office,14,630.47,215808.72,Sold,C1594,342.29815851666217
190159,19,2024-10-01,Apartment,20,1772.03,577980.13,Sold,C0893,326.16836622404816
190170,19,2024-10-01,Apartment,21,477.75,142429.29,Available,,298.1251491365777
190173,19,2024-10-01,Apartment,21,477.75,150401.04,Sold,C0045,314.81117739403453
190194,19,2024-10-01,Apartment,23,1592.45,486629.72,Sold,C0422,305.5855568463688
190197,19,2024-10-01,Apartment,24,620.51,189301.73,Available,,305.0744226523344
190226,19,2024-10-01,Apartment,26,668.24,216103.44,Sold,C0521,323.39195498623246
190256,19,2024-10-01,Office,29,1657.84,515588.06,Available,,310.99989142498674
190272,19,2024-10-01,Apartment,31,1089.64,286904.35,Sold,C0233,263.3019621159282
190290,19,2024-10-01,Apartment,34,783.42,242972.81,Sold,C0738,310.14374154348883
190350,19,2024-10-01,Office,41,1657.19,520346.45,Sold,C1848,313.99323553726487
190366,19,2024-10-01,Apartment,42,1137.59,390859.32,Sold,C1631,343.5854042317531
190384,19,2024-10-01,Office,43,1697.72,512301.15,Available,,301.75832881747283
190391,19,2024-10-01,Apartment,44,982.8,234480.31,Sold,C1996,238.583954008954
190393,19,2024-10-01,Apartment,44,982.8,248431.99,Sold,C0249,252.7798026048026
190405,19,2024-10-01,Apartment,46,1926.19,557463.33,Sold,C0827,289.4124307570904
190414,19,2024-10-01,Apartment,47,1126.37,357883.39,Sold,C1863,317.7316423555315
190426,19,2024-10-01,Apartment,49,1004.26,304945.99,Available,,303.65243064545035
200037,20,2024-10-01,Apartment,3,1645.93,498948.04,Sold,C0107,303.14049807707494
200054,20,2024-10-01,Office,6,1401.0,445987.2,Sold,C1075,318.334903640257
200062,20,2024-10-01,Office,7,1757.4,543241.56,Available,,309.1166268350973
200090,20,2024-10-01,Apartment,13,1587.57,539007.54,Sold,C0971,339.517337818175
200105,20,2024-10-01,Apartment,14,837.37,237866.8,Sold,C0374,284.0641532416972
200158,20,2024-10-01,Office,18,1868.01,575322.53,Sold,C1798,307.98685767206814
200192,20,2024-10-01,Apartment,21,954.87,229170.82,Sold,C1961,240.00211547121597
200206,20,2024-10-01,Apartment,25,780.74,241644.79,Sold,C1713,309.5073776161078
200240,20,2024-10-01,Apartment,30,1703.94,471871.72,Sold,C0361,276.9297745225771
200244,20,2024-10-01,Apartment,30,1703.94,507372.42,Available,,297.7642522624036
200299,20,2024-10-01,Apartment,33,630.53,183562.93,Sold,C0847,291.1248156312943
200314,20,2024-10-01,Apartment,34,858.93,246938.23,Sold,C1579,287.49517422840046
200328,20,2024-10-01,Apartment,36,1484.99,423292.04,Available,,285.0470642899952
200352,20,2024-10-01,Apartment,38,1499.47,368567.45,Sold,C1463,245.79848213035274
200401,20,2024-10-01,Apartment,46,1227.49,360930.49,Sold,C1337,294.0394544965743
200438,20,2024-10-01,Office,49,880.76,319009.74,Sold,C0303,362.19826059312413
990020,5,2024-10-01,Apartment,25,618.16,199730.73,Available,,323.10523165523495
1024,1,2024-11-01,Apartment,24,782.25,235762.34,Sold,C0050,301.39001597954615
1039,1,2024-11-01,Apartment,39,782.25,196220.05,Sold,C0137,250.84058804729943
2003,2,2024-11-01,Apartment,3,927.08,289727.99,Sold,C0149,312.5167083746818
2031,2,2024-11-01,Apartment,31,1604.75,452667.01,Sold,C0096,282.0794578594797
2049,2,2024-11-01,Apartment,49,1288.62,323915.81,Sold,C0124,251.36643075538174
3008,3,2024-11-01,Apartment,8,697.89,219865.76,Sold,C0088,315.0435742022382
3013,3,2024-11-01,Apartment,13,781.07,253025.78,Sold,C0053,323.94763593531945
3033,3,2024-11-01,Apartment,33,670.89,200300.63,Sold,C0042,298.5595701232691
3038,3,2024-11-01,Apartment,38,1596.35,464549.19,Sold,C0032,291.0071037053278
3039,3,2024-11-01,Apartment,39,923.21,312211.14,Sold,C0103,338.1799807194463
3046,3,2024-11-01,Apartment,46,923.21,252185.99,Sold,C0092,273.162108296054
3056,3,2024-11-01,Apartment,56,1343.39,401894.82,Available,,299.16466551038786
3058,3,2024-11-01,Apartment,58,758.69,264275.78,Available,,348.33170333074116
4018,4,2024-11-01,Apartment,18,1121.95,310832.59,Sold,C0020,277.04674005080443
4029,4,2024-11-01,Apartment,29,794.52,200148.89,Sold,C0120,251.91170769772947
4030,4,2024-11-01,Apartment,30,1121.95,310577.04,Sold,C0085,276.81896697713796
4041,4,2024-11-01,Apartment,41,1305.62,402081.8,Sold,C0061,307.9623473905118
5026,5,2024-11-01,Apartment,26,1273.55,338482.45,Available,,265.7786894900083
5027,5,2024-11-01,Apartment,27,798.28,269075.3,Sold,C0026,337.0688229693842
10003,1,2024-11-01,Apartment,1,748.06,235768.48,Available,,315.17322139935305
10013,1,2024-11-01,Apartment,2,715.67,215511.14,Sold,C0792,301.1320021797756
10042,1,2024-11-01,Apartment,5,753.87,252968.73,Available,,335.56014962791994
10111,1,2024-11-01,Apartment,14,1181.69,337234.57,Sold,C1351,285.3832815713089
10118,1,2024-11-01,Apartment,14,1181.69,346672.38,Sold,C0484,293.36998705244184
10119,1,2024-11-01,Apartment,14,1181.69,374355.36,Sold,C0916,316.79658793761473
10127,1,2024-11-01,Office,15,765.0,207359.1,Sold,C0282,271.05764705882353
10128,1,2024-11-01,Apartment,15,765.0,198960.72,Available,,260.0793725490196
10136,1,2024-11-01,Apartment,17,608.25,167875.27,Sold,C0203,275.99715577476366
10167,1,2024-11-01,Apartment,21,1957.16,545614.44,Sold,C0501,278.7786588730609
10259,1,2024-11-01,Apartment,29,757.2,229840.97,Sold,C0455,303.5406365557316
10376,1,2024-11-01,Apartment,41,835.25,210587.3,Sold,C0825,252.12487279257707
10390,1,2024-11-01,Apartment,45,767.46,214122.99,Sold,C1199,279.002149949183
10391,1,2024-11-01,Apartment,46,1153.16,326441.6,Sold,C1212,283.0843941864095
10396,1,2024-11-01,Apartment,46,1153.16,380928.08,Available,,330.33410801623364
10409,1,2024-11-01,Apartment,47,771.08,230895.04,Sold,C1428,299.4436893707527
20003,2,2024-11-01,Apartment,1,706.3,202389.15,Sold,C0280,286.54842135070083
20037,2,2024-11-01,Apartment,4,1281.85,407225.63,Sold,C1670,317.6858680812888
20096,2,2024-11-01,Apartment,11,1625.05,401094.64,Sold,C0855,246.81987631149812
20106,2,2024-11-01,Apartment,12,1610.5,430917.22,Sold,C1594,267.5673517541136
20115,2,2024-11-01,Apartment,14,1296.39,352637.6,Sold,C1502,272.01505719729397
20140,2,2024-11-01,Apartment,17,1397.4,436648.96,Available,,312.4724202089595
20175,2,2024-11-01,Apartment,20,727.55,207221.76,Sold,C0726,284.82133186722564
20186,2,2024-11-01,Apartment,21,921.38,247542.86,Available,,268.6653280948143
20194,2,2024-11-01,Apartment,22,653.41,172520.48,Sold,C0299,264.03097595690303
20280,2,2024-11-01,Apartment,33,931.4,271241.62,Sold,C1812,291.2192613270346
20298,2,2024-11-01,Apartment,35,1391.68,414228.09,Sold,C0418,297.64607524718326
20331,2,2024-11-01,Apartment,40,1599.45,424080.23,Sold,C0462,265.14128606708556
20348,2,2024-11-01,Apartment,42,786.45,232997.81,Sold,C1976,296.2652552609829
20377,2,2024-11-01,Apartment,45,782.2,272124.69,Available,,347.89656098184605
20379,2,2024-11-01,Office,45,782.2,234213.56,Sold,C0790,299.4292508309895
20380,2,2024-11-01,Office,45,782.2,268510.94,Sold,C1515,343.2765788800818
20389,2,2024-11-01,Apartment,46,697.74,195064.03,Sold,C1202,279.56549717659874
20395,2,2024-11-01,Apartment,46,697.74,233644.34,Sold,C1395,334.85874394473586
20400,2,2024-11-01,Apartment,46,697.74,203506.46,Sold,C0826,291.6651761401095
20408,2,2024-11-01,Apartment,47,708.32,223015.27,Available,,314.8510136661396
20417,2,2024-11-01,Apartment,47,708.32,231277.63,Sold,C1918,326.51574147278063
20445,2,2024-11-01,Apartment,51,699.31,211377.64,Sold,C1766,302.2660050621327
20446,2,2024-11-01,Apartment,51,699.31,170898.56,Sold,C1531,244.38169052351606
20474,2,2024-11-01,Apartment,55,579.26,186508.92,Sold,C1692,321.9779028415565
20478,2,2024-11-01,Apartment,55,579.26,180470.85,Sold,C1600,311.5541380381867
20479,2,2024-11-01,Apartment,55,579.26,149722.3,Sold,C0863,258.47167075233915
20482,2,2024-11-01,Apartment,55,579.26,183552.54,Sold,C0914,316.87418430411213
20486,2,2024-11-01,Apartment,56,722.22,213732.45,Sold,C1350,295.9381490404586
30001,3,2024-11-01,Apartment,1,689.75,191864.06,Sold,C0071,278.1646393620877
30022,3,2024-11-01,Apartment,2,672.64,240374.88,Sold,C0788,357.36037107516654
30060,3,2024-11-01,Apartment,7,744.01,220411.63,Sold,C0168,296.24820902944856
30105,3,2024-11-01,Apartment,10,784.09,219225.38,Sold,C1822,279.59211315027613
30115,3,2024-11-01,Office,10,784.09,237286.38,Sold,C1077,302.6264586973434
30167,3,2024-11-01,Apartment,19,1602.22,482466.49,Sold,C1422,301.12374705096676
30193,3,2024-11-01,Apartment,21,1122.15,305315.5,Sold,C1794,272.0808269839148
30205,3,2024-11-01,Apartment,22,1165.89,383302.73,Sold,C1172,328.76406007427795
30260,3,2024-11-01,Apartment,28,679.93,198426.44,Sold,C0243,291.83362993249307
30276,3,2024-11-01,Apartment,31,915.38,301015.09,Available,,328.84167231095284
30299,3,2024-11-01,Apartment,36,733.45,207396.58,Sold,C1166,282.7685322789556
30306,3,2024-11-01,Apartment,37,659.12,185073.47,Sold,C1873,280.78873346279886
30347,3,2024-11-01,Apartment,42,1343.96,398769.1,Sold,C0450,296.712030119944
30359,3,2024-11-01,Apartment,44,673.86,220677.17,Sold,C0144,327.48222182649215
30363,3,2024-11-01,Apartment,45,1598.85,428464.18,Available,,267.98272508365386
30364,3,2024-11-01,Apartment,45,1598.85,485278.06,Sold,C0880,303.51694030084127
30368,3,2024-11-01,Apartment,46,1599.81,395214.07,Sold,C0303,247.03812952788144
30402,3,2024-11-01,Apartment,49,1174.48,399369.84,Available,,340.03971119133575
30438,3,2024-11-01,Apartment,50,713.67,259597.98,Available,,363.75072512505784
30473,3,2024-11-01,Office,56,1179.42,392645.79,Sold,C0101,332.9143053365213
30486,3,2024-11-01,Apartment,57,1607.94,493269.39,Available,,306.77101757528266
30496,3,2024-11-01,Apartment,58,1588.14,528227.73,Sold,C0308,332.607786467188
40010,4,2024-11-01,Apartment,1,1615.98,507625.15,Sold,C0262,314.1283617371502
40031,4,2024-11-01,Apartment,3,1630.82,419373.26,Sold,C1704,257.15484234924764
40087,4,2024-11-01,Apartment,11,802.79,248706.16,Sold,C1562,309.80226460219984
40096,4,2024-11-01,Office,12,789.38,262483.04,Sold,C0816,332.5179761331678
40110,4,2024-11-01,Apartment,14,1322.66,336673.91,Sold,C0082,254.54304961214518
40119,4,2024-11-01,Office,14,1322.66,443646.85,Sold,C0449,335.4201760089516
40123,4,2024-11-01,Apartment,14,1322.66,449636.39,Available,,339.94858089002463
40145,4,2024-11-01,Apartment,18,1294.91,339650.5,Sold,C0170,262.29660748623456
40149,4,2024-11-01,Office,18,1294.91,411474.59,Sold,C1992,317.76308005961806
40151,4,2024-11-01,Apartment,18,1294.91,432835.22,Sold,C0030,334.25892146944574
40185,4,2024-11-01,Apartment,23,1110.99,318695.18,Sold,C1047,286.85692940530515
40209,4,2024-11-01,Apartment,26,790.05,227041.65,Sold,C1771,287.3763052971331
40220,4,2024-11-01,Apartment,26,790.05,239720.69,Sold,C0831,303.42470729700653
40236,4,2024-11-01,Apartment,29,776.79,248289.51,Sold,C1651,319.63530683968645
40248,4,2024-11-01,Office,30,1307.35,415366.42,Sold,C1560,317.7163116227483
40256,4,2024-11-01,Apartment,31,793.1,267974.26,Available,,337.88205774807716
40259,4,2024-11-01,Apartment,31,793.1,232921.37,Sold,C0270,293.68474341192785
40267,4,2024-11-01,Apartment,31,793.1,246750.84,Sold,C1085,311.1219770520741
40284,4,2024-11-01,Apartment,33,734.73,240169.93,Sold,C0470,326.8818885849223
40287,4,2024-11-01,Office,33,734.73,228208.94,Sold,C0928,310.60245260163595
40291,4,2024-11-01,Office,34,795.1,304292.56,Available,,382.7097975097472
40330,4,2024-11-01,Apartment,39,743.73,229285.01,Sold,C0700,308.2906565554704
40351,4,2024-11-01,Apartment,42,738.34,222155.47,Sold,C0342,300.8850529566324
40354,4,2024-11-01,Office,43,1616.99,581950.52,Sold,C1537,359.89741433156667
40378,4,2024-11-01,Apartment,45,1160.48,358031.05,Available,,308.5197935337102
40380,4,2024-11-01,Apartment,45,1160.48,339771.48,Sold,C0903,292.7852957396939
40383,4,2024-11-01,Apartment,45,1160.48,419164.55,Sold,C0641,361.1992882255618
40387,4,2024-11-01,Office,45,1160.48,324753.68,Sold,C0358,279.8442713359989
40394,4,2024-11-01,Apartment,45,1160.48,348785.34,Sold,C1734,300.5526506273266
40418,4,2024-11-01,Apartment,49,739.7,243338.41,Sold,C0324,328.96905502230635
40421,4,2024-11-01,Office,49,739.7,263102.72,Available,,355.6884142219818
50004,5,2024-11-01,Office,1,790.55,257071.38,Sold,C1933,325.1804186958447
50015,5,2024-11-01,Apartment,4,799.1,222889.34,Sold,C0157,278.92546614941807
50030,5,2024-11-01,Apartment,6,775.85,231930.65,Sold,C1840,298.9374879164787
50068,5,2024-11-01,Office,10,629.27,208569.64,Sold,C0553,331.4469782446327
50083,5,2024-11-01,Apartment,11,1058.56,339165.46,Sold,C0535,320.4026791112455
50121,5,2024-11-01,Office,15,1050.95,296079.64,Sold,C0804,281.72571482944005
50122,5,2024-11-01,Apartment,15,1050.95,331811.36,Sold,C1626,315.7251629478091
50130,5,2024-11-01,Apartment,17,798.74,245892.17,Sold,C0048,307.8500763702832
50147,5,2024-11-01,Apartment,19,819.72,230776.08,Sold,C1037,281.53037622602835
50186,5,2024-11-01,Office,23,1006.65,311141.43,Sold,C1002,309.08600804649086
50208,5,2024-11-01,Apartment,27,1278.6,481540.5,Sold,C0899,376.615438761145
50237,5,2024-11-01,Apartment,32,1051.39,305116.48,Sold,C0371,290.2029503799731
50287,5,2024-11-01,Apartment,37,1790.7,575737.82,Sold,C0184,321.5155079019378
50290,5,2024-11-01,Apartment,38,1283.87,379665.9,Sold,C1063,295.7198937587139
50295,5,2024-11-01,Apartment,39,591.14,186077.63,Sold,C1341,314.77759921507595
50337,5,2024-11-01,Apartment,43,802.72,229725.79,Available,,286.18421118198125
50340,5,2024-11-01,Apartment,44,806.03,199052.96,Sold,C1829,246.95477835812562
50346,5,2024-11-01,Apartment,44,806.03,204999.29,Sold,C0750,254.3320844137315
50389,5,2024-11-01,Apartment,46,1272.95,343500.43,Sold,C1374,269.8459719549079
50425,5,2024-11-01,Apartment,49,795.75,203817.34,Sold,C0098,256.1323782595036
60021,6,2024-11-01,Apartment,1,1720.95,486875.04,Available,,282.91062494552426
60023,6,2024-11-01,Apartment,2,1338.63,330762.51,Available,,247.09031621882073
60044,6,2024-11-01,Apartment,4,1925.28,487921.83,Sold,C0669,253.42902331089505
60083,6,2024-11-01,Apartment,7,1075.42,327614.46,Sold,C1609,304.63861561064516
60103,6,2024-11-01,Apartment,8,986.97,334482.01,Sold,C0704,338.89784897210654
60104,6,2024-11-01,Apartment,8,986.97,329294.11,Available,,333.64145820035054
60125,6,2024-11-01,Apartment,10,942.08,257759.96,Sold,C0162,273.60729449728257
60134,6,2024-11-01,Apartment,11,1719.85,542668.47,Sold,C0180,315.5324417827136
60203,6,2024-11-01,Apartment,19,1542.71,418659.41,Available,,271.3792028313811
60210,6,2024-11-01,Apartment,20,1897.17,581422.65,Available,,306.46839766599726
60223,6,2024-11-01,Apartment,20,1897.17,495367.08,Sold,C1014,261.10842992457185
60226,6,2024-11-01,Apartment,21,833.23,304037.29,Sold,C0795,364.88999435930054
60284,6,2024-11-01,Apartment,31,1768.9,586091.18,Sold,C1856,331.33087229351577
60315,6,2024-11-01,Apartment,34,1353.81,432277.14,Available,,319.3041416446917
60340,6,2024-11-01,Apartment,37,1721.96,600992.42,Sold,C0564,349.01648121907596
60370,6,2024-11-01,Apartment,42,1766.89,574929.03,Sold,C0064,325.3903921579725
60387,6,2024-11-01,Apartment,44,842.69,222108.32,Sold,C0457,263.57061315549015
60393,6,2024-11-01,Office,46,1870.54,553675.21,Sold,C1982,295.99752477894083
60449,6,2024-11-01,Office,53,1170.96,410695.68,Sold,C1435,350.73416683746666
60474,6,2024-11-01,Apartment,55,562.37,173084.07,Sold,C1462,307.77614381990503
70012,7,2024-11-01,Apartment,3,888.5,292195.46,Sold,C1305,328.8637703995498
70013,7,2024-11-01,Apartment,3,888.5,254393.27,Available,,286.317692740574
70048,7,2024-11-01,Apartment,8,1561.28,470603.4,Sold,C0509,301.4215259274442
70124,7,2024-11-01,Apartment,15,602.92,149595.29,Available,,248.11797585085918
70128,7,2024-11-01,Apartment,15,602.92,143567.5,Available,,238.1203144695814
70160,7,2024-11-01,Apartment,19,751.07,245886.58,Sold,C0760,327.38170876216594
70173,7,2024-11-01,Apartment,20,1160.82,399084.27,Sold,C0293,343.79513619682643
70179,7,2024-11-01,Apartment,20,1160.82,304852.58,Available,,262.61830430213126
70180,7,2024-11-01,Apartment,20,1160.82,337242.59,Sold,C1694,290.52100239485884
70197,7,2024-11-01,Apartment,22,1914.21,541890.18,Sold,C1243,283.0881564718605
70222,7,2024-11-01,Apartment,25,573.8,194575.52,Sold,C1160,339.09989543394914
70223,7,2024-11-01,Apartment,25,573.8,199102.71,Available,,346.98973509933774
70240,7,2024-11-01,Apartment,27,768.05,266565.7,Available,,347.06815962502446
70297,7,2024-11-01,Apartment,35,613.21,187821.39,Available,,306.2921185238336
70345,7,2024-11-01,Apartment,41,1093.92,356161.33,Sold,C1476,325.58261115986545
70354,7,2024-11-01,Apartment,41,1093.92,377039.12,Sold,C0601,344.66790990200377
70468,7,2024-11-01,Apartment,55,601.23,212513.83,Sold,C1134,353.46511318463814
70487,7,2024-11-01,Apartment,57,1347.67,345879.21,Available,,256.64978073267196
70517,7,2024-11-01,Apartment,60,1219.54,362889.52,Available,,297.56262197221906
80032,8,2024-11-01,Apartment,4,1934.75,562008.09,Sold,C0627,290.48098720764955
80046,8,2024-11-01,Apartment,5,887.23,272263.19,Available,,306.86878261555626
80074,8,2024-11-01,Apartment,8,1552.34,518735.4,Sold,C0473,334.1635208781582
80101,8,2024-11-01,Apartment,12,1430.46,406304.61,Available,,284.0377291221006
80115,8,2024-11-01,Apartment,14,685.93,179753.73,Available,,262.05841703963966
80133,8,2024-11-01,Office,16,424.09,114987.3,Sold,C1760,271.1389091938032
80136,8,2024-11-01,Apartment,16,424.09,133385.68,Sold,C0533,314.522106156712
80177,8,2024-11-01,Office,23,1114.67,372407.25,Available,,334.09641418536427
80181,8,2024-11-01,Apartment,25,1833.58,486921.52,Available,,265.55782676512615
80186,8,2024-11-01,Office,26,1625.38,579412.56,Sold,C1654,356.47821432526547
80208,8,2024-11-01,Apartment,28,1431.61,429778.33,Sold,C1728,300.2062922164556
80209,8,2024-11-01,Apartment,28,1431.61,436529.91,Sold,C0331,304.9223671251249
80281,8,2024-11-01,Apartment,33,1809.87,629276.73,Sold,C0790,347.6916739876345
80284,8,2024-11-01,Apartment,33,1809.87,577250.82,Available,,318.9460126970445
80313,8,2024-11-01,Apartment,37,890.65,255727.61,Available,,287.1246954471453
80342,8,2024-11-01,Apartment,39,1290.89,446169.39,Sold,C1000,345.62928677114235
80363,8,2024-11-01,Office,43,1490.59,517271.54,Sold,C1407,347.0246949194614
80417,8,2024-11-01,Apartment,47,543.08,152252.04,Sold,C1687,280.3491934889887
80464,8,2024-11-01,Apartment,55,1300.05,293754.17,Sold,C1371,225.95605553632552
80466,8,2024-11-01,Apartment,55,1300.05,410171.8,Sold,C1241,315.50463443713704
80483,8,2024-11-01,Apartment,56,1874.7,535453.26,Sold,C1934,285.62077132341176
90012,9,2024-11-01,Apartment,1,832.35,232726.96,Sold,C0292,279.6022826935784
90027,9,2024-11-01,Office,6,1821.59,498028.07,Sold,C1981,273.402944680197
90040,9,2024-11-01,Office,7,697.68,242154.43,Sold,C1590,347.08523965141615
90041,9,2024-11-01,Apartment,8,1315.55,369604.6,Sold,C1030,280.9506290144806
90044,9,2024-11-01,Apartment,8,1315.55,413870.18,Sold,C1095,314.5985937440614
90045,9,2024-11-01,Apartment,8,1315.55,332067.85,Sold,C0221,252.41750598608945
90050,9,2024-11-01,Apartment,8,1315.55,317799.98,Sold,C1595,241.57195089506288
90112,9,2024-11-01,Apartment,17,1481.32,399912.07,Sold,C1923,269.9700739880647
90155,9,2024-11-01,Apartment,24,914.61,252664.87,Sold,C0563,276.25421764467916
90156,9,2024-11-01,Apartment,24,914.61,288228.27,Sold,C1611,315.1378948404238
90163,9,2024-11-01,Office,25,1904.38,580258.17,Available,,304.69663092450037
90176,9,2024-11-01,Apartment,26,1038.39,299753.36,Sold,C0949,288.6712699467444
90180,9,2024-11-01,Apartment,27,1207.33,318135.46,Sold,C1251,263.5033172372094
90203,9,2024-11-01,Apartment,30,1250.17,408434.17,Sold,C1166,326.7029044050009
90263,9,2024-11-01,Apartment,34,1577.36,564424.34,Sold,C0144,357.8284855708272
90270,9,2024-11-01,Apartment,35,1376.88,456333.23,Sold,C1901,331.4255635930509
90333,9,2024-11-01,Apartment,40,1090.32,273525.85,Sold,C0798,250.86749761537897
90384,9,2024-11-01,Office,45,786.13,255671.55,Sold,C1628,325.2280793253024
90422,9,2024-11-01,Apartment,53,599.72,170472.55,Sold,C0435,284.2535683318882
90436,9,2024-11-01,Apartment,56,1516.4,460188.45,Available,,303.4743141651279
90446,9,2024-11-01,Apartment,56,1516.4,418981.24,Sold,C0165,276.29994724347137
90470,9,2024-11-01,Apartment,57,1198.57,370077.4,Sold,C1717,308.7657792202375
90496,9,2024-11-01,Apartment,58,838.34,242857.89,Available,,289.6890163895317
90504,9,2024-11-01,Apartment,58,838.34,268594.51,Sold,C0486,320.38851778514686
90513,9,2024-11-01,Office,58,838.34,263976.08,Sold,C1194,314.87949996421503
100023,10,2024-11-01,Apartment,4,1765.37,469177.34,Available,,265.7671422987816
100028,10,2024-11-01,Office,4,1765.37,570222.0,Sold,C0995,323.00424273665016
100033,10,2024-11-01,Apartment,4,1765.37,542510.83,Sold,C1069,307.3071537411421
100038,10,2024-11-01,Apartment,5,1741.96,444902.95,Sold,C0862,255.4036545041218
100043,10,2024-11-01,Apartment,5,1741.96,559209.89,Sold,C1817,321.02338170796116
100076,10,2024-11-01,Apartment,9,1849.4,588644.89,Sold,C0420,318.2896561046826
100108,10,2024-11-01,Apartment,14,1318.01,384006.83,Sold,C1504,291.3535026289634
100115,10,2024-11-01,Apartment,15,1948.32,564194.97,Sold,C0774,289.58023835920176
100116,10,2024-11-01,Apartment,15,1948.32,564388.0,Sold,C0051,289.6793134598013
100121,10,2024-11-01,Apartment,15,1948.32,693149.9,Available,,355.76799499055596
100128,10,2024-11-01,Apartment,17,647.35,203491.65,Sold,C0814,314.34563991658297
100149,10,2024-11-01,Apartment,19,948.04,289760.74,Available,,305.64189274714147
100159,10,2024-11-01,Apartment,20,1264.43,334152.7,Sold,C1549,264.2714108333399
100163,10,2024-11-01,Apartment,20,1264.43,349197.14,Sold,C0378,276.1696100219071
100168,10,2024-11-01,Apartment,22,1116.68,394144.56,Sold,C1119,352.9610631514847
100196,10,2024-11-01,Apartment,26,1294.85,383816.78,Sold,C0412,296.41794802486777
100232,10,2024-11-01,Apartment,28,1606.58,426208.52,Sold,C0446,265.28932266055847
100245,10,2024-11-01,Apartment,30,1559.4,546710.43,Sold,C1537,350.59024624855715
100316,10,2024-11-01,Office,37,1177.85,366995.11,Sold,C0941,311.58051534575714
100329,10,2024-11-01,Apartment,39,1188.51,339275.85,Sold,C0640,285.4631849963399
100346,10,2024-11-01,Apartment,42,1757.51,522599.89,Sold,C0454,297.3524418068745
100390,10,2024-11-01,Apartment,45,1119.1,333823.75,Sold,C1377,298.29662228576535
100393,10,2024-11-01,Apartment,45,1119.1,366955.61,Sold,C1622,327.90243052452865
100394,10,2024-11-01,Apartment,45,1119.1,332700.31,Sold,C0424,297.2927441694219
100422,10,2024-11-01,Apartment,50,1138.32,369834.68,Sold,C1320,324.8951788600745
110016,11,2024-11-01,Apartment,2,938.0,312873.77,Sold,C0354,333.55412579957357
110031,11,2024-11-01,Apartment,4,1414.25,516866.8,Sold,C1464,365.47060279299984
110047,11,2024-11-01,Apartment,6,1724.08,504984.93,Available,,292.90110087698946
110068,11,2024-11-01,Apartment,8,1001.41,311102.25,Available,,310.6642134590228
110084,11,2024-11-01,Apartment,10,1519.64,361461.89,Sold,C1179,237.86021031296886
110092,11,2024-11-01,Office,10,1519.64,519571.55,Sold,C0616,341.9043655076202
110117,11,2024-11-01,Apartment,13,474.93,162211.14,Sold,C0259,341.5474701534963
110145,11,2024-11-01,Apartment,15,1385.68,507714.49,Sold,C0555,366.4009655909012
110165,11,2024-11-01,Apartment,17,1946.06,622819.85,Available,,320.0414427098856
110182,11,2024-11-01,Office,20,570.62,205017.07,Sold,C0927,359.28826539553467
110196,11,2024-11-01,Apartment,23,1098.83,258369.14,Available,,235.13113038413587
110266,11,2024-11-01,Apartment,32,1285.87,376063.41,Sold,C0815,292.4583433784131
110275,11,2024-11-01,Apartment,34,680.07,189535.24,Sold,C0573,278.6996044524828
110329,11,2024-11-01,Apartment,39,1816.63,609045.19,Sold,C0192,335.26099976329795
110336,11,2024-11-01,Apartment,41,1125.56,353854.21,Sold,C1709,314.38058388713176
110350,11,2024-11-01,Apartment,42,808.59,241210.83,Sold,C0295,298.3104292657589
110354,11,2024-11-01,Apartment,42,808.59,249424.37,Sold,C0301,308.4682842973571
110406,11,2024-11-01,Apartment,48,661.7,179875.05,Sold,C1650,271.8377663593773
110407,11,2024-11-01,Office,48,661.7,209179.48,Available,,316.124346380535
110411,11,2024-11-01,Apartment,49,1095.85,320839.12,Available,,292.7764931331843
110420,11,2024-11-01,Apartment,49,1095.85,292610.53,Sold,C0061,267.01695487521107
110428,11,2024-11-01,Apartment,50,948.72,331896.95,Sold,C0921,349.83656927228265
110462,11,2024-11-01,Apartment,54,802.65,223780.85,Sold,C0578,278.80252912228246
110490,11,2024-11-01,Apartment,58,1159.31,327566.38,Sold,C0373,282.5528805927664
110504,11,2024-11-01,Office,60,1295.04,403011.66,Sold,C0500,311.1963028169014
110542,11,2024-11-01,Apartment,62,1938.82,598158.07,Sold,C0278,308.516556462178
120025,12,2024-11-01,Apartment,3,1469.27,430665.65,Sold,C1452,293.1153906361663
120100,12,2024-11-01,Office,13,1394.03,458362.92,Sold,C0523,328.80420077042817
120131,12,2024-11-01,Apartment,15,1456.98,482509.93,Sold,C1778,331.1712789468627
120148,12,2024-11-01,Office,17,1428.55,512659.6,Sold,C0143,358.8671030065451
120156,12,2024-11-01,Apartment,17,1428.55,385976.11,Available,,270.18732980994713
120160,12,2024-11-01,Apartment,18,1702.66,576725.19,Sold,C0915,338.72011440921847
120161,12,2024-11-01,Apartment,18,1702.66,512721.62,Sold,C1366,301.12977341336494
120173,12,2024-11-01,Apartment,19,1381.22,496924.72,Sold,C0064,359.7723172267995
120188,12,2024-11-01,Apartment,21,1408.9,451859.26,Sold,C1982,320.71776563276313
120189,12,2024-11-01,Apartment,22,892.67,262270.44,Sold,C1578,293.80447421779604
120200,12,2024-11-01,Apartment,22,892.67,260362.03,Available,,291.66660692081064
120245,12,2024-11-01,Apartment,26,557.9,178488.52,Sold,C0396,319.929234629862
120248,12,2024-11-01,Apartment,27,871.52,244246.04,Available,,280.25293739673214
120285,12,2024-11-01,Apartment,32,1906.38,496630.54,Sold,C1927,260.50973048395383
120321,12,2024-11-01,Apartment,35,1690.62,532684.51,Available,,315.08234257254736
120325,12,2024-11-01,Apartment,35,1690.62,572833.62,Available,,338.8305000532349
120352,12,2024-11-01,Apartment,38,1157.23,409994.99,Sold,C1988,354.2899769276635
120353,12,2024-11-01,Apartment,38,1157.23,343936.88,Sold,C1913,297.2070202120581
120362,12,2024-11-01,Apartment,38,1157.23,386654.16,Sold,C1759,334.12040821617137
120372,12,2024-11-01,Apartment,39,1653.93,399974.1,Sold,C0444,241.83254430356783
120412,12,2024-11-01,Office,48,1919.31,591264.92,Available,,308.06118865634005
130077,13,2024-11-01,Apartment,9,1448.68,441779.65,Available,,304.9532332882348
130081,13,2024-11-01,Office,10,1314.38,465277.3,Available,,353.98994202589813
130121,13,2024-11-01,Office,14,777.75,227143.34,Available,,292.05186756669883
130136,13,2024-11-01,Apartment,16,1772.88,478656.41,Sold,C0034,269.98804769640356
130160,13,2024-11-01,Office,18,1820.34,724345.49,Sold,C1161,397.917691200545
130164,13,2024-11-01,Apartment,19,758.69,231244.89,Sold,C0701,304.79496236934716
130167,13,2024-11-01,Apartment,19,758.69,248982.96,Sold,C1700,328.1748276634725
130172,13,2024-11-01,Office,20,516.72,185140.26,Sold,C0746,358.2990013934045
130177,13,2024-11-01,Office,20,516.72,132138.97,Sold,C0684,255.72644759250656
130183,13,2024-11-01,Office,20,516.72,197033.27,Sold,C0041,381.315354544047
130207,13,2024-11-01,Apartment,24,1044.69,298657.8,Sold,C0585,285.8817448238233
130308,13,2024-11-01,Apartment,33,1445.84,460172.3,Sold,C1725,318.2733220826648
130378,13,2024-11-01,Office,42,1044.42,353067.6,Available,,338.0513586488194
130392,13,2024-11-01,Apartment,43,1875.83,650500.68,Available,,346.78018797012527
130410,13,2024-11-01,Apartment,46,1098.38,339242.23,Sold,C1013,308.8568892368761
130476,13,2024-11-01,Office,54,1029.15,343339.0,Available,,333.61414759753194
130478,13,2024-11-01,Office,55,710.41,241240.19,Sold,C0865,339.5788206810152
130504,13,2024-11-01,Apartment,59,1434.04,402812.7,Sold,C1908,280.89362918747037
130518,13,2024-11-01,Apartment,60,1401.81,427505.73,Available,,304.96695700558564
130537,13,2024-11-01,Apartment,61,1333.63,372328.2,Sold,C1973,279.18403155297943
130547,13,2024-11-01,Apartment,63,1623.8,470140.59,Sold,C0399,289.53109373075506
130581,13,2024-11-01,Apartment,67,524.97,150051.67,Sold,C1016,285.8290378497819
140031,14,2024-11-01,Apartment,5,424.34,132481.59,Sold,C1723,312.2062261394165
140060,14,2024-11-01,Apartment,8,618.89,157537.5,Sold,C1996,254.5484658016772
140064,14,2024-11-01,Apartment,8,618.89,160534.76,Sold,C1864,259.3914265863078
140073,14,2024-11-01,Apartment,9,803.5,228990.94,Sold,C0080,284.99183571873056
140095,14,2024-11-01,Apartment,12,459.44,127809.54,Sold,C1500,278.1854866794358
140101,14,2024-11-01,Apartment,12,459.44,134739.12,Sold,C1940,293.26815253351907
140109,14,2024-11-01,Apartment,12,459.44,146274.65,Sold,C0315,318.3759576876197
140116,14,2024-11-01,Office,13,442.74,149389.92,Sold,C1531,337.421330803632
140126,14,2024-11-01,Apartment,13,442.74,128009.61,Sold,C0566,289.1304377286895
140142,14,2024-11-01,Apartment,15,784.04,198795.95,Sold,C1692,253.55332636089997
140180,14,2024-11-01,Apartment,19,1554.83,452869.84,Available,,291.26646643041363
140184,14,2024-11-01,Apartment,20,1224.91,361431.92,Available,,295.0681437819921
140192,14,2024-11-01,Apartment,21,1560.87,403540.53,Sold,C0638,258.5356435833862
140230,14,2024-11-01,Apartment,25,586.85,165634.39,Available,,282.2431456079066
140234,14,2024-11-01,Apartment,25,586.85,180342.16,Sold,C0612,307.3053761608588
140245,14,2024-11-01,Office,28,486.35,180048.26,Sold,C1758,370.20306363729827
140258,14,2024-11-01,Apartment,29,1618.34,441652.41,Sold,C1077,272.90458741673564
140263,14,2024-11-01,Apartment,29,1618.34,485471.2,Sold,C0304,299.9809681525514
140302,14,2024-11-01,Apartment,35,1152.84,349684.96,Sold,C0005,303.32479789042713
140312,14,2024-11-01,Apartment,36,1034.47,322414.06,Sold,C0361,311.6707686061461
140318,14,2024-11-01,Office,37,1469.73,527180.96,Sold,C0981,358.69238567628065
140356,14,2024-11-01,Apartment,43,520.49,152118.46,Sold,C0011,292.2601010586178
140367,14,2024-11-01,Apartment,45,1388.61,383650.52,Sold,C0692,276.2838521975213
140400,14,2024-11-01,Apartment,48,1941.78,705388.85,Sold,C1389,363.2691911545077
140418,14,2024-11-01,Apartment,51,1346.3,424933.22,Available,,315.6304092698507
140428,14,2024-11-01,Apartment,51,1346.3,444521.07,Sold,C1099,330.1798039070044
140442,14,2024-11-01,Office,52,571.74,188431.43,Sold,C1873,329.5753839157659
140453,14,2024-11-01,Apartment,53,1493.72,387618.51,Sold,C1512,259.4987748707924
140457,14,2024-11-01,Apartment,54,1724.77,552928.83,Sold,C0693,320.58119633342415
140466,14,2024-11-01,Apartment,55,1415.9,427830.22,Sold,C1957,302.1613249523271
150047,15,2024-11-01,Apartment,7,1113.85,342414.51,Sold,C0123,307.4152803339768
150061,15,2024-11-01,Apartment,9,565.48,185323.76,Sold,C1185,327.7282308834972
150076,15,2024-11-01,Apartment,11,1437.62,369075.29,Sold,C1885,256.7265967362724
150082,15,2024-11-01,Apartment,13,653.54,235328.67,Sold,C0326,360.083040058757
150094,15,2024-11-01,Apartment,15,522.71,145287.94,Available,,277.95133056570563
150105,15,2024-11-01,Apartment,15,522.71,180780.95,Sold,C1698,345.85324558550633
150115,15,2024-11-01,Apartment,16,1692.61,461119.91,Sold,C1742,272.4312806848595
150121,15,2024-11-01,Apartment,16,1692.61,522875.6,Sold,C1643,308.9167616875713
150126,15,2024-11-01,Apartment,16,1692.61,490209.93,Available,,289.61776782602016
150141,15,2024-11-01,Office,17,562.64,166805.88,Available,,296.4699985781317
150175,15,2024-11-01,Office,22,1317.29,468522.56,Sold,C1652,355.6715377783176
150179,15,2024-11-01,Apartment,23,1279.23,356062.49,Sold,C0435,278.34125997670475
150195,15,2024-11-01,Apartment,23,1279.23,498655.74,Sold,C0811,389.80929152693415
150201,15,2024-11-01,Apartment,23,1279.23,381526.41,Available,,298.2469219765015
150238,15,2024-11-01,Office,28,1567.93,600656.79,Available,,383.08903458700325
150257,15,2024-11-01,Apartment,30,1523.22,463318.62,Sold,C1806,304.1705203450585
150292,15,2024-11-01,Apartment,35,745.49,210487.89,Sold,C0816,282.3483748943648
150356,15,2024-11-01,Apartment,43,1655.05,364678.48,Sold,C0068,220.34287785867497
150391,15,2024-11-01,Apartment,50,1841.5,627817.81,Sold,C0236,340.9274015748032
150432,15,2024-11-01,Apartment,54,1495.13,471331.07,Sold,C1015,315.2442061894283
150507,15,2024-11-01,Office,60,1033.2,310009.56,Available,,300.04796747967475
160011,16,2024-11-01,Apartment,2,1388.75,364283.73,Available,,262.3105166516651
160012,16,2024-11-01,Office,2,1388.75,508371.29,Sold,C0087,366.06393519351934
160025,16,2024-11-01,Apartment,4,1561.55,395742.9,Sold,C1492,253.42954116102592
160058,16,2024-11-01,Apartment,8,986.18,315292.46,Sold,C1380,319.71086414244866
160077,16,2024-11-01,Apartment,9,1524.04,459850.51,Sold,C0777,301.73126033437444
160093,16,2024-11-01,Apartment,10,1608.56,558250.19,Sold,C1286,347.0496531058835
160121,16,2024-11-01,Apartment,13,500.49,157919.68,Available,,315.5301404623469
160203,16,2024-11-01,Apartment,25,853.37,260928.85,Sold,C0905,305.76285784595194
160227,16,2024-11-01,Apartment,27,1164.55,369105.44,Sold,C0929,316.95113133828517
160247,16,2024-11-01,Apartment,29,489.49,174809.5,Sold,C1730,357.1257839792437
160285,16,2024-11-01,Office,34,743.19,252948.01,Sold,C1159,340.3544315720072
160326,16,2024-11-01,Apartment,38,431.83,127936.41,Sold,C0899,296.2656832549846
160338,16,2024-11-01,Apartment,41,1001.72,277637.08,Available,,277.16036417362136
160352,16,2024-11-01,Office,41,1001.72,303985.03,Sold,C1215,303.4630735135567
160378,16,2024-11-01,Apartment,43,1185.4,438939.75,Sold,C0238,370.2882993082504
170020,17,2024-11-01,Apartment,1,530.28,153669.57,Available,,289.7894885720752
170029,17,2024-11-01,Apartment,2,1738.5,472362.72,Sold,C1440,271.70705780845555
170039,17,2024-11-01,Office,4,448.67,149645.32,Sold,C0750,333.53092473310005
170046,17,2024-11-01,Office,6,1739.03,505829.95,Sold,C0511,290.86901893584354
170049,17,2024-11-01,Apartment,6,1739.03,486833.55,Sold,C0919,279.94545810020526
170079,17,2024-11-01,Apartment,10,1059.07,282046.7,Sold,C0815,266.3154465710482
170080,17,2024-11-01,Apartment,10,1059.07,363238.99,Sold,C1889,342.9792081732086
170091,17,2024-11-01,Apartment,11,596.22,186406.84,Sold,C1939,312.64774747576394
170105,17,2024-11-01,Apartment,13,916.9,250569.4,Sold,C1248,273.27887446831716
170130,17,2024-11-01,Apartment,15,1365.73,441846.2,Available,,323.52382974672884
170132,17,2024-11-01,Apartment,15,1365.73,445150.57,Sold,C1810,325.9433196898362
170151,17,2024-11-01,Apartment,16,1693.0,447263.48,Sold,C0584,264.1839810986415
170189,17,2024-11-01,Apartment,20,792.27,263038.44,Sold,C1536,332.006058540649
170256,17,2024-11-01,Apartment,30,1200.23,365284.07,Sold,C0704,304.3450588637178
170307,17,2024-11-01,Apartment,38,721.83,204844.07,Sold,C1217,283.7843675103556
170333,17,2024-11-01,Office,41,1422.93,472361.05,Available,,331.96365949133127
170336,17,2024-11-01,Office,41,1422.93,462947.81,Sold,C1914,325.34826730759767
170339,17,2024-11-01,Office,42,691.03,221164.52,Sold,C0715,320.0505332619423
170348,17,2024-11-01,Apartment,45,1574.3,480390.25,Sold,C0725,305.1453026742044
170424,17,2024-11-01,Apartment,49,1283.67,385520.65,Sold,C0635,300.326914238083
180022,18,2024-11-01,Apartment,3,524.48,158224.66,Sold,C1729,301.679110738255
180027,18,2024-11-01,Apartment,4,1096.58,290759.45,Sold,C0355,265.15115176275333
180034,18,2024-11-01,Apartment,4,1096.58,309174.78,Available,,281.94457312735966
180061,18,2024-11-01,Office,6,840.25,338265.11,Available,,402.57674501636416
180079,18,2024-11-01,Apartment,11,507.04,150284.25,Sold,C0337,296.3952548122436
180097,18,2024-11-01,Office,13,537.4,161031.99,Available,,299.6501488649051
180125,18,2024-11-01,Apartment,16,1360.96,346882.78,Sold,C1265,254.88095168116624
180159,18,2024-11-01,Apartment,21,1790.69,485944.71,Sold,C0078,271.37288419547775
180168,18,2024-11-01,Office,22,1108.09,303789.51,Available,,274.1559891344566
180222,18,2024-11-01,Apartment,28,514.67,135283.13,Available,,262.8541201158024
180255,18,2024-11-01,Apartment,30,1795.66,567788.73,Sold,C1431,316.20057806043457
180276,18,2024-11-01,Office,33,1191.96,468524.95,Sold,C0363,393.0710342628947
180278,18,2024-11-01,Apartment,34,684.02,220432.21,Sold,C1825,322.2598900616941
180280,18,2024-11-01,Apartment,35,799.05,235947.23,Sold,C0282,295.2846880670797
180296,18,2024-11-01,Apartment,36,1089.77,350287.08,Available,,321.43211870394674
180301,18,2024-11-01,Apartment,36,1089.77,308545.24,Sold,C0625,283.1287702909788
180325,18,2024-11-01,Apartment,38,1219.8,383353.46,Available,,314.27566814231847
180333,18,2024-11-01,Apartment,38,1219.8,405186.38,Available,,332.17443843252994
180343,18,2024-11-01,Apartment,39,662.88,193455.41,Sold,C0200,291.84077057687665
180347,18,2024-11-01,Apartment,40,990.46,330669.52,Sold,C0973,333.85449185227066
180354,18,2024-11-01,Apartment,40,990.46,295905.81,Sold,C0516,298.7559416836621
180387,18,2024-11-01,Office,44,1334.77,380861.11,Available,,285.33838039512426
180401,18,2024-11-01,Apartment,45,1627.52,485373.77,Sold,C1459,298.229066309477
180407,18,2024-11-01,Apartment,45,1627.52,588706.93,Available,,361.72024306920963
180439,18,2024-11-01,Apartment,49,1457.92,433115.11,Sold,C0063,297.0774185140474
180464,18,2024-11-01,Apartment,52,1424.54,407789.69,Sold,C0668,286.26061044266925
180475,18,2024-11-01,Apartment,53,1806.7,516252.84,Sold,C0589,285.7435324071512
180479,18,2024-11-01,Apartment,53,1806.7,555330.51,Sold,C0883,307.37283998450215
180489,18,2024-11-01,Apartment,54,1756.12,492343.42,Sold,C0035,280.3586429173405
180499,18,2024-11-01,Apartment,55,930.04,267387.07,Sold,C1180,287.50061287686555
180503,18,2024-11-01,Apartment,56,1311.59,368548.96,Available,,280.99403014661596
180522,18,2024-11-01,Apartment,58,955.23,260867.71,Sold,C0223,273.0941343969515
180563,18,2024-11-01,Apartment,66,1631.24,406624.17,Available,,249.27304994973147
190025,19,2024-11-01,Apartment,5,1408.42,411233.36,Sold,C0161,291.9820508087076
190034,19,2024-11-01,Apartment,6,1067.81,326716.56,Sold,C0062,305.9688146767684
190072,19,2024-11-01,Apartment,10,747.71,216518.11,Sold,C1580,289.5749822792259
190077,19,2024-11-01,Apartment,11,1869.93,619787.84,Sold,C0112,331.4497548036557
190096,19,2024-11-01,Apartment,14,630.47,168270.43,Sold,C0962,266.89680714387674
190106,19,2024-11-01,Apartment,14,630.47,195542.61,Available,,310.15371072374575
190136,19,2024-11-01,Office,18,1599.44,510826.71,Available,,319.37847621667584
190154,19,2024-11-01,Apartment,19,1697.73,550990.78,Available,,324.5455873430993
190179,19,2024-11-01,Apartment,22,935.25,256486.59,Sold,C1491,274.2438813151564
190190,19,2024-11-01,Apartment,23,1592.45,451808.0,Available,,283.7187980784326
190210,19,2024-11-01,Apartment,25,996.38,296420.21,Sold,C0311,297.4971496818483
190218,19,2024-11-01,Apartment,26,668.24,180602.57,Available,,270.26602717586496
190220,19,2024-11-01,Office,26,668.24,213075.1,Sold,C1330,318.8601400694361
190232,19,2024-11-01,Apartment,28,1599.78,516197.37,Available,,322.66772306192104
190239,19,2024-11-01,Office,28,1599.78,662403.71,Sold,C1821,414.0592518971358
190242,19,2024-11-01,Office,28,1599.78,463547.14,Sold,C0502,289.75680406055835
190249,19,2024-11-01,Office,29,1657.84,575177.72,Sold,C1764,346.94404767649473
190288,19,2024-11-01,Apartment,33,1454.84,418163.55,Sold,C1120,287.42923620466854
190298,19,2024-11-01,Office,35,1099.62,354463.37,Sold,C0887,322.350784816573
190300,19,2024-11-01,Apartment,36,855.94,244636.06,Available,,285.80982311844286
190311,19,2024-11-01,Apartment,37,1565.26,539294.72,Sold,C0481,344.54002529931125
190335,19,2024-11-01,Apartment,40,893.49,268225.04,Sold,C0462,300.1992635619872
190347,19,2024-11-01,Office,41,1657.19,520340.47,Sold,C0487,313.9896270192313
190359,19,2024-11-01,Apartment,42,1137.59,336636.28,Sold,C0268,295.9205689220194
190364,19,2024-11-01,Office,42,1137.59,361288.82,Available,,317.59141694283534
190383,19,2024-11-01,Apartment,43,1697.72,454489.63,Available,,267.70588200645574
190410,19,2024-11-01,Office,46,1926.19,578726.68,Sold,C1326,300.45150270741726
200036,20,2024-11-01,Office,3,1645.93,564116.06,Sold,C1767,342.73393157667704
200063,20,2024-11-01,Apartment,8,1268.45,430028.88,Sold,C1600,339.01918089006267
200079,20,2024-11-01,Apartment,11,1722.28,426159.42,Available,,247.43910397844718
200080,20,2024-11-01,Apartment,11,1722.28,420273.62,Sold,C1687,244.02165733794737
200082,20,2024-11-01,Apartment,11,1722.28,531069.6,Sold,C1434,308.35264881436234
200089,20,2024-11-01,Apartment,12,856.15,251932.36,Available,,294.2619400805933
200101,20,2024-11-01,Apartment,14,837.37,221887.98,Sold,C1910,264.9820031766125
200128,20,2024-11-01,Apartment,16,645.44,189778.78,Sold,C1371,294.03008800198313
200133,20,2024-11-01,Apartment,16,645.44,209532.6,Available,,324.6352875557759
200151,20,2024-11-01,Office,18,1868.01,556002.13,Available,,297.6440864877597
200167,20,2024-11-01,Apartment,18,1868.01,632746.53,Available,,338.72759246470844
200191,20,2024-11-01,Apartment,21,954.87,239906.9,Available,,251.24561458627875
200203,20,2024-11-01,Apartment,24,1188.07,359309.12,Sold,C1983,302.43093420421354
200225,20,2024-11-01,Office,28,463.13,150726.44,Available,,325.45168743117483
200232,20,2024-11-01,Apartment,29,1844.16,579944.58,Sold,C1550,314.47628188443514
200239,20,2024-11-01,Apartment,30,1703.94,477371.12,Available,,280.15723558341256
200248,20,2024-11-01,Office,30,1703.94,515916.62,Sold,C1293,302.778630702959
200266,20,2024-11-01,Office,30,1703.94,411253.4,Sold,C0532,241.35439041280796
200280,20,2024-11-01,Apartment,31,1414.44,441780.05,Available,,312.33565934221315
200308,20,2024-11-01,Apartment,33,630.53,159563.73,Sold,C0781,253.0628677461818
200319,20,2024-11-01,Office,34,858.93,297822.29,Sold,C0191,346.7363929540242
200324,20,2024-11-01,Apartment,36,1484.99,487337.89,Sold,C0530,328.1758732382036
200364,20,2024-11-01,Apartment,40,428.03,127354.14,Available,,297.5355465738383
200375,20,2024-11-01,Apartment,40,428.03,110458.66,Sold,C1873,258.0628927878887
200396,20,2024-11-01,Apartment,45,1532.67,465402.48,Sold,C1866,303.6547201941709
200398,20,2024-11-01,Apartment,45,1532.67,430163.14,Sold,C1957,280.662595340158
200422,20,2024-11-01,Apartment,48,860.8,260547.09,Sold,C1142,302.6801696096654
200428,20,2024-11-01,Apartment,48,860.8,287022.15,Sold,C0144,333.43651254646846
200448,20,2024-11-01,Apartment,50,493.06,163085.03,Sold,C1851,330.7610229992293
200458,20,2024-11-01,Apartment,51,1062.33,280856.5,Available,,264.37782986454306
200489,20,2024-11-01,Apartment,56,1333.01,344381.29,Available,,258.3486170396321
990018,4,2024-11-01,Apartment,49,1325.31,377043.6,Available,,284.4946465355275
990022,5,2024-11-01,Apartment,34,798.28,212916.36,Available,,266.718895625595
1020,1,2024-12-01,Apartment,20,1160.36,398903.42,Sold,C0005,343.77556965079805
1035,1,2024-12-01,Apartment,35,827.87,238811.06,Sold,C0132,288.4644449007694
2006,2,2024-12-01,Apartment,6,1307.45,396973.83,Sold,C0009,303.6244827718077
2011,2,2024-12-01,Apartment,11,649.69,225401.62,Sold,C0091,346.9371854268959
2035,2,2024-12-01,Apartment,35,785.48,192092.24,Sold,C0028,244.5539542700005
2048,2,2024-12-01,Apartment,48,785.48,220865.0,Sold,C0043,281.1847532718847
3053,3,2024-12-01,Apartment,53,670.24,190119.5,Sold,C0122,283.65883862497014
4021,4,2024-12-01,Apartment,21,789.25,256376.28,Available,,324.83532467532467
4027,4,2024-12-01,Apartment,27,789.25,233172.49,Available,,295.4355273994298
4051,4,2024-12-01,Apartment,51,1608.84,496266.41,Sold,C0001,308.4622523060093
5009,5,2024-12-01,Apartment,9,798.5,227072.88,Available,,284.3743018159048
10028,1,2024-12-01,Office,3,788.73,261844.74,Available,,331.9827317332927
10034,1,2024-12-01,Apartment,4,633.61,199203.79,Available,,314.394959044207
10039,1,2024-12-01,Apartment,5,753.87,189843.68,Sold,C1897,251.8254871529574
10044,1,2024-12-01,Office,5,753.87,232407.25,Sold,C0209,308.2855797418653
10049,1,2024-12-01,Apartment,6,740.75,200107.88,Sold,C1008,270.1422612217347
10077,1,2024-12-01,Apartment,10,1439.52,493851.26,Sold,C1907,343.06661942869846
10089,1,2024-12-01,Apartment,12,621.14,193074.48,Sold,C0254,310.8389091026178
10098,1,2024-12-01,Apartment,13,719.47,199968.31,Available,,277.9383574019764
10121,1,2024-12-01,Apartment,15,765.0,296667.95,Sold,C1170,387.80124183006535
10131,1,2024-12-01,Apartment,16,612.76,213430.42,Sold,C1917,348.3099745414192
10134,1,2024-12-01,Office,17,608.25,239307.41,Available,,393.4359391697493
10219,1,2024-12-01,Apartment,25,1154.92,354701.55,Sold,C1243,307.12218162296955
10225,1,2024-12-01,Apartment,26,828.98,263940.6,Sold,C1649,318.3919998069917
10231,1,2024-12-01,Apartment,26,828.98,268587.6,Available,,323.9976839006972
10240,1,2024-12-01,Apartment,28,1946.26,530674.29,Sold,C1459,272.66361637191335
10242,1,2024-12-01,Apartment,28,1946.26,605564.38,Sold,C1446,311.14259143177173
10258,1,2024-12-01,Apartment,29,757.2,230266.96,Available,,304.1032223983095
10260,1,2024-12-01,Apartment,29,757.2,243084.29,Sold,C1919,321.0304939249868
10267,1,2024-12-01,Apartment,29,757.2,261721.6,Sold,C1333,345.6439513998943
10295,1,2024-12-01,Apartment,31,619.78,181475.71,Sold,C0611,292.80665720094225
10319,1,2024-12-01,Apartment,34,1469.14,395086.1,Sold,C0883,268.9233837483153
10357,1,2024-12-01,Apartment,38,1355.85,405898.92,Sold,C0041,299.36860272154
10366,1,2024-12-01,Apartment,40,784.22,252147.89,Sold,C0161,321.52698222437584
10381,1,2024-12-01,Apartment,44,779.24,270937.97,Available,,347.6951516862584
10389,1,2024-12-01,Apartment,45,767.46,234640.23,Sold,C1169,305.73610351028066
20032,2,2024-12-01,Apartment,4,1281.85,393085.72,Available,,306.65500643601047
20038,2,2024-12-01,Apartment,4,1281.85,391902.09,Sold,C0037,305.7316300659204
20074,2,2024-12-01,Apartment,9,584.19,199444.82,Sold,C1668,341.40402951094677
20083,2,2024-12-01,Office,10,788.79,259489.79,Sold,C0074,328.971957048137
20090,2,2024-12-01,Apartment,10,788.79,204957.28,Sold,C1808,259.83757400575564
20133,2,2024-12-01,Apartment,16,1117.38,401500.38,Sold,C0289,359.3230414004188
20136,2,2024-12-01,Apartment,17,1397.4,427677.52,Sold,C0561,306.05232574781735
20139,2,2024-12-01,Apartment,17,1397.4,407127.6,Available,,291.3465006440532
20164,2,2024-12-01,Apartment,19,795.52,238133.99,Sold,C1761,299.34381285197105
20189,2,2024-12-01,Apartment,22,653.41,187636.65,Available,,287.16525611790456
20216,2,2024-12-01,Apartment,24,785.12,234080.49,Sold,C1370,298.1461305278174
20242,2,2024-12-01,Apartment,26,1577.79,527169.72,Sold,C0341,334.11906527484643
20251,2,2024-12-01,Apartment,28,650.67,201418.27,Sold,C0067,309.55518158206155
20254,2,2024-12-01,Apartment,28,650.67,203858.66,Sold,C0407,313.30576175326973
20297,2,2024-12-01,Office,35,1391.68,387396.64,Sold,C0464,278.36617613244425
20310,2,2024-12-01,Apartment,36,641.72,175163.42,Sold,C1050,272.95926572336845
20327,2,2024-12-01,Apartment,39,788.77,221263.52,Available,,280.517159628282
20341,2,2024-12-01,Apartment,41,654.93,174694.61,Sold,C1848,266.7378345777411
20356,2,2024-12-01,Apartment,42,786.45,272856.66,Sold,C0605,346.94724394430665
20378,2,2024-12-01,Apartment,45,782.2,244301.69,Sold,C0338,312.32637432881614
20416,2,2024-12-01,Apartment,47,708.32,210817.61,Sold,C1774,297.6304636322566
20419,2,2024-12-01,Office,47,708.32,232550.78,Available,,328.31316354190193
20434,2,2024-12-01,Apartment,50,1604.8,507541.5,Sold,C1033,316.2646435692921
20451,2,2024-12-01,Apartment,52,914.01,314302.72,Sold,C0026,343.8722989901642
20454,2,2024-12-01,Office,53,781.27,260279.37,Sold,C0107,333.1490649839364
20477,2,2024-12-01,Apartment,55,579.26,165052.35,Sold,C0140,284.9365569865
20481,2,2024-12-01,Apartment,55,579.26,173779.21,Sold,C0648,300.0020888720091
20483,2,2024-12-01,Apartment,56,722.22,219431.86,Sold,C1556,303.8296640912741
30079,3,2024-12-01,Apartment,7,744.01,204992.11,Sold,C1958,275.5233262993777
30083,3,2024-12-01,Apartment,8,1152.39,376093.9,Available,,326.3599128767171
30129,3,2024-12-01,Apartment,11,1283.1,361971.44,Sold,C1590,282.10695970695974
30137,3,2024-12-01,Apartment,13,754.84,220531.2,Available,,292.15621853637856
30175,3,2024-12-01,Apartment,19,1602.22,535348.43,Sold,C1151,334.1291645342088
30187,3,2024-12-01,Apartment,20,802.97,271251.53,Sold,C1066,337.8102917917233
30239,3,2024-12-01,Apartment,27,1117.14,266757.35,Sold,C1579,238.78596236819016
30246,3,2024-12-01,Apartment,28,679.93,195873.81,Sold,C0191,288.0793758180989
30261,3,2024-12-01,Apartment,29,666.0,215208.07,Available,,323.13524024024025
30317,3,2024-12-01,Office,39,1598.95,427479.02,Sold,C0693,267.34983582976326
30319,3,2024-12-01,Apartment,39,1598.95,473117.57,Sold,C1340,295.89266080865565
30329,3,2024-12-01,Office,40,678.71,213999.9,Sold,C1337,315.30388531184155
30334,3,2024-12-01,Apartment,41,965.5,304008.75,Sold,C0541,314.87182806835835
30352,3,2024-12-01,Apartment,43,928.43,290577.04,Sold,C1142,312.9767887724438
30361,3,2024-12-01,Apartment,44,673.86,190741.67,Sold,C0504,283.05830587955955
30362,3,2024-12-01,Apartment,44,673.86,209364.49,Available,,310.69434303861334
30366,3,2024-12-01,Apartment,45,1598.85,470911.04,Sold,C1447,294.53109422397347
30397,3,2024-12-01,Apartment,49,1174.48,316007.47,Sold,C1185,269.06160173012734
30462,3,2024-12-01,Apartment,55,688.14,177394.92,Sold,C1548,257.7889964251461
30502,3,2024-12-01,Apartment,58,1588.14,459626.95,Available,,289.4121110229577
30504,3,2024-12-01,Apartment,58,1588.14,519834.8,Available,,327.323031974511
40066,4,2024-12-01,Apartment,7,786.36,235332.62,Sold,C1806,299.2682995065873
40070,4,2024-12-01,Office,7,786.36,229822.2,Sold,C1345,292.2607965817183
40080,4,2024-12-01,Apartment,10,1614.62,557392.74,Sold,C1719,345.2160508354907
40121,4,2024-12-01,Apartment,14,1322.66,361289.62,Available,,273.1538112591293
40218,4,2024-12-01,Apartment,26,790.05,224595.39,Sold,C0114,284.2799696221758
40228,4,2024-12-01,Apartment,26,790.05,240880.7,Sold,C0774,304.89298145686985
40268,4,2024-12-01,Office,31,793.1,257496.93,Sold,C0042,324.6714537889295
40278,4,2024-12-01,Apartment,33,734.73,189152.52,Sold,C0046,257.4449389571679
40293,4,2024-12-01,Apartment,34,795.1,212131.44,Sold,C0729,266.7984404477424
40353,4,2024-12-01,Apartment,42,738.34,254680.1,Available,,344.93607281198365
40366,4,2024-12-01,Apartment,43,1616.99,506566.27,Available,,313.27730536366954
40374,4,2024-12-01,Apartment,44,799.67,226191.71,Available,,282.85631573023875
40384,4,2024-12-01,Apartment,45,1160.48,323933.82,Available,,279.1377878119399
40398,4,2024-12-01,Apartment,45,1160.48,336264.83,Available,,289.76357197021923
40404,4,2024-12-01,Apartment,46,800.23,216829.01,Available,,270.95836197093337
40432,4,2024-12-01,Apartment,50,791.37,273481.02,Available,,345.5792107358126
50010,5,2024-12-01,Apartment,2,795.91,211632.57,Available,,265.90012689877
50031,5,2024-12-01,Apartment,6,775.85,201788.02,Sold,C0187,260.08638267706385
50032,5,2024-12-01,Apartment,7,625.24,207450.34,Available,,331.79313543599255
50051,5,2024-12-01,Apartment,8,782.15,207569.34,Sold,C1675,265.3830339448955
50072,5,2024-12-01,Apartment,10,629.27,200300.4,Sold,C0946,318.30597358844375
50111,5,2024-12-01,Apartment,13,791.13,259068.93,Sold,C0629,327.4669523340033
50120,5,2024-12-01,Apartment,15,1050.95,306423.34,Sold,C0991,291.56795280460534
50139,5,2024-12-01,Apartment,18,1267.03,391039.93,Available,,308.62720693274827
50171,5,2024-12-01,Apartment,23,1006.65,309187.49,Sold,C0188,307.14497591019716
50174,5,2024-12-01,Apartment,23,1006.65,302949.76,Sold,C0718,300.9484527889535
50175,5,2024-12-01,Office,23,1006.65,271409.35,Sold,C0137,269.61640093379026
50184,5,2024-12-01,Apartment,23,1006.65,349312.79,Available,,347.0052053841951
50187,5,2024-12-01,Apartment,23,1006.65,290605.38,Available,,288.685620622858
50192,5,2024-12-01,Apartment,24,807.02,231022.58,Available,,286.2662387549255
50230,5,2024-12-01,Apartment,31,1008.52,278817.56,Available,,276.46210288343315
50252,5,2024-12-01,Office,33,1787.13,664530.42,Sold,C1215,371.8422386731799
50276,5,2024-12-01,Office,36,627.56,184184.3,Sold,C0789,293.49273376250875
50311,5,2024-12-01,Apartment,41,630.83,174843.11,Sold,C1959,277.16359399521264
50312,5,2024-12-01,Apartment,41,630.83,167124.56,Sold,C0900,264.92804717594277
50356,5,2024-12-01,Apartment,44,806.03,260684.22,Available,,323.41751547709146
50380,5,2024-12-01,Office,46,1272.95,433722.55,Available,,340.72237715542633
50422,5,2024-12-01,Office,48,788.04,300501.51,Sold,C1277,381.32773717070205
50443,5,2024-12-01,Office,52,1755.18,569679.58,Sold,C1276,324.57046000979955
60013,6,2024-12-01,Apartment,1,1720.95,582011.89,Sold,C1026,338.1922136029519
60016,6,2024-12-01,Office,1,1720.95,607591.51,Available,,353.0558761149365
60123,6,2024-12-01,Apartment,10,942.08,254290.0,Available,,269.9239979619565
60157,6,2024-12-01,Office,13,581.47,203255.63,Available,,349.55480076358197
60227,6,2024-12-01,Apartment,21,833.23,240771.42,Sold,C1269,288.96153523036855
60231,6,2024-12-01,Apartment,22,1656.54,493038.86,Sold,C1922,297.6317263694206
60236,6,2024-12-01,Apartment,23,1243.4,365713.38,Sold,C0854,294.1236770146373
60264,6,2024-12-01,Apartment,28,1723.12,545741.02,Sold,C0565,316.7167811876132
60306,6,2024-12-01,Apartment,33,1131.0,376815.49,Sold,C0643,333.1701945181255
60319,6,2024-12-01,Apartment,35,999.85,294335.41,Sold,C0152,294.3795669350402
60327,6,2024-12-01,Apartment,37,1721.96,499912.08,Sold,C0779,290.31573323422145
60366,6,2024-12-01,Apartment,41,940.72,281317.87,Sold,C1082,299.0452738328089
60372,6,2024-12-01,Apartment,42,1766.89,599850.78,Sold,C0644,339.4952600331656
60413,6,2024-12-01,Apartment,50,1579.99,416694.88,Available,,263.732605902569
60421,6,2024-12-01,Apartment,51,1476.63,381644.71,Available,,258.4565598694324
60425,6,2024-12-01,Apartment,51,1476.63,485832.54,Sold,C1916,329.0144044208772
60432,6,2024-12-01,Apartment,51,1476.63,476404.88,Available,,322.62982602276804
60444,6,2024-12-01,Apartment,53,1170.96,319044.27,Sold,C1223,272.463850174216
60446,6,2024-12-01,Apartment,53,1170.96,391496.99,Sold,C0843,334.33848295415726
60450,6,2024-12-01,Apartment,53,1170.96,286069.52,Sold,C0459,244.30340916854547
60457,6,2024-12-01,Apartment,53,1170.96,330774.86,Sold,C1854,282.48177563708407
60475,6,2024-12-01,Apartment,55,562.37,172351.28,Available,,306.4731048953536
70039,7,2024-12-01,Apartment,7,1071.02,328219.18,Available,,306.45476274952847
70057,7,2024-12-01,Apartment,9,926.11,231116.53,Available,,249.55624061936487
70083,7,2024-12-01,Apartment,12,804.65,225540.1,Available,,280.29590505188594
70091,7,2024-12-01,Apartment,13,604.6,157057.02,Sold,C0799,259.77012901091626
70184,7,2024-12-01,Apartment,21,1528.62,433359.3,Available,,283.4970757938533
70200,7,2024-12-01,Apartment,23,1222.69,406088.62,Sold,C1904,332.1272113127612
70214,7,2024-12-01,Apartment,24,852.99,264681.72,Sold,C1284,310.29873738261875
70236,7,2024-12-01,Apartment,26,717.0,173398.4,Sold,C0428,241.83877266387725
70257,7,2024-12-01,Apartment,28,694.55,197254.69,Sold,C0063,284.00358505507165
70262,7,2024-12-01,Apartment,29,441.65,159881.5,Sold,C0094,362.00950979282237
70266,7,2024-12-01,Office,30,1237.23,383676.59,Sold,C0711,310.109349110513
70267,7,2024-12-01,Office,30,1237.23,348872.01,Sold,C1995,281.9782982953857
70291,7,2024-12-01,Apartment,35,613.21,191074.27,Sold,C0121,311.5967939205166
70296,7,2024-12-01,Apartment,35,613.21,166487.84,Sold,C0724,271.5021607605877
70298,7,2024-12-01,Apartment,35,613.21,209673.07,Available,,341.92702336882957
70311,7,2024-12-01,Apartment,37,1171.04,386845.88,Sold,C1196,330.34386528214236
70322,7,2024-12-01,Apartment,38,1755.26,558904.53,Sold,C1507,318.41694677711564
70326,7,2024-12-01,Apartment,38,1755.26,592648.66,Available,,337.6415231931452
70328,7,2024-12-01,Apartment,38,1755.26,570156.97,Sold,C1503,324.8276437678748
70370,7,2024-12-01,Apartment,43,498.61,139398.8,Sold,C1212,279.57481799402336
70372,7,2024-12-01,Apartment,43,498.61,146361.74,Sold,C0989,293.5395198652253
70377,7,2024-12-01,Apartment,43,498.61,144307.67,Sold,C1618,289.4199273981669
70384,7,2024-12-01,Apartment,43,498.61,155195.53,Sold,C1428,311.25635266039586
70385,7,2024-12-01,Apartment,44,1859.83,575207.87,Sold,C0698,309.2798105203164
70404,7,2024-12-01,Apartment,47,1033.08,302499.83,Sold,C0667,292.81355751732684
70410,7,2024-12-01,Apartment,48,533.35,175165.7,Sold,C1546,328.4254242054936
70426,7,2024-12-01,Apartment,49,1383.05,396729.97,Sold,C1571,286.851502114891
70449,7,2024-12-01,Apartment,53,884.87,194671.4,Sold,C0739,220.0
70463,7,2024-12-01,Apartment,54,1940.69,629574.18,Sold,C0116,324.40739118560924
70482,7,2024-12-01,Office,56,1589.6,426772.21,Available,,268.47773653749374
70483,7,2024-12-01,Apartment,56,1589.6,517811.18,Sold,C1046,325.7493583291394
70485,7,2024-12-01,Apartment,57,1347.67,431607.68,Sold,C1498,320.2621413253986
70500,7,2024-12-01,Apartment,58,1629.83,485419.29,Sold,C0040,297.8343078726002
80014,8,2024-12-01,Apartment,2,1097.36,344860.78,Available,,314.2640336808341
80031,8,2024-12-01,Apartment,4,1934.75,474239.63,Sold,C0679,245.1167489339708
80085,8,2024-12-01,Apartment,9,1869.81,629874.36,Available,,336.8654355255347
80097,8,2024-12-01,Apartment,11,742.87,234850.32,Sold,C1697,316.1391898986364
80112,8,2024-12-01,Apartment,14,685.93,163848.69,Available,,238.8708614581663
80160,8,2024-12-01,Apartment,21,1501.64,446866.23,Available,,297.5854598971791
80189,8,2024-12-01,Apartment,26,1625.38,478106.01,Sold,C1585,294.1502971612792
80192,8,2024-12-01,Apartment,26,1625.38,462200.84,Sold,C0464,284.3647885417564
80218,8,2024-12-01,Apartment,29,1848.51,498074.48,Sold,C1084,269.446462285841
80226,8,2024-12-01,Apartment,29,1848.51,630993.32,Sold,C0462,341.3523973362329
80235,8,2024-12-01,Apartment,30,1070.46,374039.09,Available,,349.41902546568764
80240,8,2024-12-01,Apartment,30,1070.46,301339.52,Sold,C1848,281.50469891448535
80247,8,2024-12-01,Apartment,31,1253.18,406291.57,Sold,C1021,324.20846965320226
80255,8,2024-12-01,Office,31,1253.18,385368.41,Available,,307.5124164126462
80277,8,2024-12-01,Office,33,1809.87,540572.8,Sold,C1035,298.6804577124324
80298,8,2024-12-01,Apartment,34,1684.75,456582.84,Available,,271.0092535984568
80299,8,2024-12-01,Apartment,34,1684.75,537968.77,Available,,319.316676064698
80374,8,2024-12-01,Apartment,45,1185.72,313503.99,Available,,264.39968120635564
80384,8,2024-12-01,Office,46,1175.51,356052.72,Available,,302.8921234187714
80401,8,2024-12-01,Office,46,1175.51,317963.0,Sold,C0914,270.48940459885495
80412,8,2024-12-01,Apartment,47,543.08,131564.73,Available,,242.25662885762688
80422,8,2024-12-01,Apartment,48,480.99,163987.28,Sold,C0720,340.93698413688435
80490,8,2024-12-01,Apartment,57,1949.35,511531.5,Sold,C0764,262.4113165927104
80502,8,2024-12-01,Apartment,58,1448.59,444560.41,Sold,C1765,306.8918120379127
90029,9,2024-12-01,Apartment,6,1821.59,483462.07,Sold,C0369,265.4066337650075
90073,9,2024-12-01,Apartment,12,952.38,293944.69,Sold,C1410,308.6422331422331
90090,9,2024-12-01,Office,15,1732.33,586460.03,Sold,C1334,338.5382865851195
90106,9,2024-12-01,Apartment,16,924.6,284298.65,Sold,C0532,307.4828574518711
90109,9,2024-12-01,Apartment,17,1481.32,453518.72,Sold,C0405,306.1585072772932
90110,9,2024-12-01,Apartment,17,1481.32,401749.61,Available,,271.21054869980827
90115,9,2024-12-01,Apartment,17,1481.32,551780.87,Sold,C1932,372.4926889530959
90119,9,2024-12-01,Apartment,18,860.97,271354.98,Sold,C0419,315.17356005435727
90125,9,2024-12-01,Apartment,19,1866.15,537563.89,Sold,C1868,288.06038635693807
90131,9,2024-12-01,Apartment,21,1261.65,378534.84,Available,,300.03157769587443
90132,9,2024-12-01,Apartment,21,1261.65,384401.32,Available,,304.68142511790114
90189,9,2024-12-01,Office,28,1931.82,512682.59,Sold,C0028,265.38838504622584
90204,9,2024-12-01,Apartment,30,1250.17,363862.74,Sold,C1400,291.05060911716004
90214,9,2024-12-01,Apartment,31,1052.27,319340.28,Sold,C0958,303.4775105248653
90219,9,2024-12-01,Apartment,32,707.0,222525.37,Sold,C1512,314.7459264497878
90285,9,2024-12-01,Apartment,36,1582.79,505127.63,Sold,C0002,319.1374913917829
90310,9,2024-12-01,Apartment,38,1260.31,374028.63,Available,,296.7751029508613
90314,9,2024-12-01,Apartment,38,1260.31,368901.23,Sold,C1404,292.7067388182273
90377,9,2024-12-01,Apartment,44,1351.57,403458.01,Sold,C0385,298.51062838032806
90417,9,2024-12-01,Apartment,53,599.72,195087.94,Sold,C0491,325.29837257386777
90462,9,2024-12-01,Apartment,57,1198.57,324849.3,Available,,271.03072828453907
90477,9,2024-12-01,Office,58,838.34,270283.97,Available,,322.403762196722
90482,9,2024-12-01,Apartment,58,838.34,240394.52,Sold,C1121,286.7506262375647
90490,9,2024-12-01,Apartment,58,838.34,255059.53,Sold,C0513,304.2435408068325
90528,9,2024-12-01,Apartment,60,1919.77,530119.92,Sold,C0816,276.1372039358882
90536,9,2024-12-01,Apartment,62,1263.44,426745.42,Sold,C0097,337.7646900525549
100026,10,2024-12-01,Apartment,4,1765.37,446138.39,Sold,C1314,252.71664863456388
100079,10,2024-12-01,Apartment,9,1849.4,554297.11,Sold,C1488,299.71726505893804
100081,10,2024-12-01,Apartment,10,1196.84,357028.07,Sold,C1231,298.30893853815047
100085,10,2024-12-01,Office,10,1196.84,353703.41,Sold,C0236,295.531073493533
100109,10,2024-12-01,Apartment,14,1318.01,306030.71,Sold,C1620,232.1914932360149
100120,10,2024-12-01,Office,15,1948.32,705817.01,Sold,C0910,362.2695501765624
100127,10,2024-12-01,Apartment,17,647.35,193463.8,Available,,298.8550243299606
100132,10,2024-12-01,Apartment,17,647.35,152799.46,Sold,C1621,236.03840271877652
100164,10,2024-12-01,Office,21,1251.45,454589.3,Sold,C1823,363.25006991889404
100180,10,2024-12-01,Office,24,708.64,207485.5,Available,,292.79394332806504
100198,10,2024-12-01,Apartment,26,1294.85,456412.46,Sold,C1688,352.48288218712594
100203,10,2024-12-01,Apartment,26,1294.85,354252.16,Sold,C0204,273.5854809437387
100204,10,2024-12-01,Apartment,26,1294.85,324190.87,Sold,C0600,250.36944047573078
100276,10,2024-12-01,Office,32,1661.46,379173.42,Available,,228.21700191397926
100304,10,2024-12-01,Office,36,1920.65,580992.98,Sold,C1059,302.4981022049827
100314,10,2024-12-01,Apartment,37,1177.85,342176.37,Sold,C1921,290.5092923547141
100336,10,2024-12-01,Apartment,39,1188.51,311878.98,Sold,C0440,262.4117424338037
100351,10,2024-12-01,Apartment,42,1757.51,468096.73,Available,,266.34086292538876
100395,10,2024-12-01,Office,45,1119.1,346660.08,Sold,C0575,309.76684836028954
100415,10,2024-12-01,Apartment,50,1138.32,408310.1,Sold,C0905,358.69535807154404
100425,10,2024-12-01,Apartment,50,1138.32,354595.01,Sold,C0388,311.5073178016727
110024,11,2024-12-01,Office,3,1479.84,442609.68,Sold,C1358,299.09292896529354
110025,11,2024-12-01,Office,3,1479.84,366569.28,Sold,C0266,247.70872526759652
110157,11,2024-12-01,Apartment,16,1829.02,621750.26,Available,,339.9362828181212
110163,11,2024-12-01,Apartment,17,1946.06,578341.45,Available,,297.1858267473767
110164,11,2024-12-01,Apartment,17,1946.06,589311.2,Sold,C1542,302.8227290011613
110180,11,2024-12-01,Apartment,19,1083.98,293740.15,Available,,270.9829978412886
110276,11,2024-12-01,Apartment,34,680.07,195416.64,Sold,C1835,287.3478318408399
110297,11,2024-12-01,Apartment,36,1752.38,552866.95,Sold,C1534,315.49489836679254
110302,11,2024-12-01,Apartment,37,1368.16,318619.68,Sold,C1145,232.88188515963043
110317,11,2024-12-01,Apartment,38,788.47,245885.21,Sold,C1242,311.8510659885601
110320,11,2024-12-01,Apartment,38,788.47,216600.53,Sold,C1313,274.70991921062307
110375,11,2024-12-01,Apartment,44,434.38,111035.88,Sold,C0336,255.61922740457666
110394,11,2024-12-01,Office,46,1798.85,569216.17,Available,,316.433371320566
110408,11,2024-12-01,Office,48,661.7,177247.3,Available,,267.86655584101555
110413,11,2024-12-01,Apartment,49,1095.85,378804.75,Sold,C0805,345.6720810329881
110436,11,2024-12-01,Apartment,52,1397.58,427331.65,Available,,305.765430243707
110463,11,2024-12-01,Apartment,54,802.65,223827.64,Sold,C0558,278.86082352208314
110481,11,2024-12-01,Apartment,57,1008.58,281566.76,Sold,C0317,279.1714687977156
110482,11,2024-12-01,Apartment,57,1008.58,312680.76,Available,,310.02078169307345
110528,11,2024-12-01,Apartment,62,1938.82,537168.96,Sold,C1048,277.05973736602675
120008,12,2024-12-01,Office,1,839.95,230696.3,Sold,C0708,274.6548008810048
120038,12,2024-12-01,Apartment,4,1559.34,469904.9,Available,,301.34858337501765
120041,12,2024-12-01,Apartment,4,1559.34,543417.09,Available,,348.4917272692293
120092,12,2024-12-01,Apartment,12,959.05,256455.73,Sold,C0783,267.4060059433815
120117,12,2024-12-01,Apartment,14,1369.96,444751.33,Available,,324.64548599959124
120129,12,2024-12-01,Apartment,15,1456.98,477431.41,Sold,C0610,327.6856305508655
120133,12,2024-12-01,Apartment,16,1523.02,496384.24,Sold,C0372,325.9210253312498
120157,12,2024-12-01,Apartment,17,1428.55,427099.27,Available,,298.9739736096042
120265,12,2024-12-01,Apartment,28,1563.65,462834.75,Available,,295.99638665941865
120267,12,2024-12-01,Apartment,28,1563.65,524949.43,Available,,335.72054487896906
120283,12,2024-12-01,Office,31,1245.29,368829.15,Sold,C1401,296.1793236916702
120290,12,2024-12-01,Apartment,33,1232.2,392338.13,Sold,C0050,318.40458529459505
120310,12,2024-12-01,Office,34,1817.64,593581.03,Sold,C0335,326.5668834312625
120327,12,2024-12-01,Apartment,35,1690.62,526901.7,Sold,C0765,311.66181637505764
120360,12,2024-12-01,Office,38,1157.23,431727.12,Sold,C1420,373.0694157600477
120361,12,2024-12-01,Apartment,38,1157.23,359484.97,Sold,C1825,310.6426293822317
120364,12,2024-12-01,Apartment,38,1157.23,334058.93,Available,,288.6711630358701
120370,12,2024-12-01,Office,38,1157.23,364356.74,Available,,314.85248394873963
120375,12,2024-12-01,Apartment,39,1653.93,401863.68,Sold,C1772,242.9750231267345
120406,12,2024-12-01,Office,47,1528.05,565288.74,Sold,C0334,369.9412584666732
130006,13,2024-12-01,Apartment,1,1899.92,502325.67,Sold,C1133,264.3930639184808
130008,13,2024-12-01,Apartment,1,1899.92,607483.38,Sold,C1403,319.7415575392648
130023,13,2024-12-01,Apartment,2,1651.02,588858.11,Available,,356.6632203122918
130054,13,2024-12-01,Apartment,5,441.3,104509.38,Sold,C0707,236.82161794697484
130085,13,2024-12-01,Apartment,10,1314.38,416004.34,Available,,316.50233570200396
130162,13,2024-12-01,Apartment,19,758.69,207387.45,Available,,273.34939171466607
130185,13,2024-12-01,Apartment,20,516.72,183522.61,Sold,C0088,355.16838906951534
130190,13,2024-12-01,Apartment,20,516.72,148388.65,Sold,C0161,287.1741949218145
130194,13,2024-12-01,Apartment,21,1680.5,432134.46,Sold,C0493,257.14636120202323
130205,13,2024-12-01,Apartment,24,1044.69,279992.4,Sold,C1784,268.0148177928381
130219,13,2024-12-01,Apartment,25,633.86,168610.91,Sold,C0989,266.006547187076
130225,13,2024-12-01,Apartment,26,1867.78,567758.66,Sold,C1618,303.9751255501183
130238,13,2024-12-01,Office,28,1173.72,347424.71,Available,,296.00305865112637
130241,13,2024-12-01,Apartment,28,1173.72,346821.16,Available,,295.4888389053607
130264,13,2024-12-01,Apartment,31,627.57,203411.23,Sold,C1546,324.12516532020334
130305,13,2024-12-01,Apartment,33,1445.84,443394.23,Sold,C0841,306.668946771427
130391,13,2024-12-01,Apartment,43,1875.83,605988.38,Available,,323.05079884637735
130412,13,2024-12-01,Office,47,1874.35,604278.58,Available,,322.393672473124
130415,13,2024-12-01,Apartment,47,1874.35,627385.67,Sold,C1227,334.7217275322112
130432,13,2024-12-01,Apartment,47,1874.35,518691.38,Sold,C0940,276.73133619654817
130462,13,2024-12-01,Apartment,53,968.77,351354.52,Sold,C1736,362.6810491654366
130469,13,2024-12-01,Apartment,53,968.77,287821.17,Sold,C0108,297.0995902020087
130482,13,2024-12-01,Apartment,55,710.41,177998.09,Sold,C0752,250.55684745428698
130494,13,2024-12-01,Apartment,57,1717.49,445580.19,Sold,C0837,259.4368467938678
130533,13,2024-12-01,Apartment,61,1333.63,402189.34,Sold,C1790,301.57490458373013
130540,13,2024-12-01,Apartment,63,1623.8,523216.37,Sold,C0574,322.21724966128835
130546,13,2024-12-01,Apartment,63,1623.8,407382.75,Sold,C1925,250.88234388471489
130595,13,2024-12-01,Apartment,69,736.95,201663.74,Sold,C1718,273.646434629215
130603,13,2024-12-01,Office,70,750.41,191764.78,Sold,C0881,255.5466744846151
140044,14,2024-12-01,Apartment,7,641.37,200311.05,Sold,C1310,312.31746105991857
140048,14,2024-12-01,Apartment,8,618.89,201373.78,Available,,325.3789526410186
140056,14,2024-12-01,Apartment,8,618.89,159063.45,Sold,C0790,257.01408974131107
140068,14,2024-12-01,Apartment,9,803.5,255711.66,Sold,C1202,318.24724331051647
140090,14,2024-12-01,Apartment,11,1431.42,399457.77,Sold,C1774,279.0639854130863
140103,14,2024-12-01,Apartment,12,459.44,141906.57,Sold,C0924,308.86855737419467
140121,14,2024-12-01,Apartment,13,442.74,134015.89,Sold,C0026,302.6965939377513
140146,14,2024-12-01,Apartment,15,784.04,256044.78,Sold,C1552,326.57106780266315
140215,14,2024-12-01,Apartment,23,1610.37,583905.11,Sold,C1397,362.590653079727
140250,14,2024-12-01,Apartment,29,1618.34,488803.45,Sold,C1822,302.04002249218337
140257,14,2024-12-01,Office,29,1618.34,507713.37,Available,,313.72478589171624
140275,14,2024-12-01,Apartment,32,1120.81,361235.7,Available,,322.2987839152042
140296,14,2024-12-01,Apartment,34,513.06,151459.02,Sold,C0272,295.20722722488597
140301,14,2024-12-01,Apartment,35,1152.84,353902.36,Sold,C1410,306.9830679018771
140314,14,2024-12-01,Apartment,37,1469.73,507209.24,Sold,C0387,345.1036857109809
140320,14,2024-12-01,Apartment,38,1170.11,374000.47,Available,,319.62847082752904
140331,14,2024-12-01,Apartment,39,1811.84,542239.24,Sold,C0952,299.27545478629463
140339,14,2024-12-01,Apartment,40,532.44,161368.51,Sold,C0488,303.0736045376005
140341,14,2024-12-01,Apartment,40,532.44,152258.24,Sold,C0532,285.96318834047025
140350,14,2024-12-01,Office,42,1350.7,361293.73,Sold,C1693,267.4862885911009
140374,14,2024-12-01,Apartment,45,1388.61,382289.82,Sold,C0694,275.3039514334479
140417,14,2024-12-01,Apartment,51,1346.3,432797.51,Sold,C0028,321.471819059645
140427,14,2024-12-01,Apartment,51,1346.3,392801.93,Sold,C1814,291.7640421897051
140468,14,2024-12-01,Apartment,55,1415.9,428653.51,Sold,C0834,302.74278550745106
140471,14,2024-12-01,Apartment,55,1415.9,412865.9,Sold,C0637,291.59255597146694
140474,14,2024-12-01,Apartment,55,1415.9,446560.5,Sold,C0541,315.38985804082205
150014,15,2024-12-01,Apartment,2,1522.89,494892.28,Sold,C1575,324.9691573258738
150034,15,2024-12-01,Apartment,5,769.6,245975.45,Available,,319.61466995841994
150056,15,2024-12-01,Office,9,565.48,158297.69,Sold,C1017,279.9350817005022
150081,15,2024-12-01,Apartment,13,653.54,164118.35,Available,,251.12211953361694
150098,15,2024-12-01,Apartment,15,522.71,161288.11,Available,,308.5613628972087
150103,15,2024-12-01,Apartment,15,522.71,181197.22,Sold,C1971,346.64961450900114
150129,15,2024-12-01,Apartment,17,562.64,188067.0,Sold,C1548,334.2581401962178
150136,15,2024-12-01,Apartment,17,562.64,181983.18,Available,,323.4451514289777
150154,15,2024-12-01,Office,20,1662.01,527912.18,Sold,C0039,317.63477957413016
150190,15,2024-12-01,Apartment,23,1279.23,374108.25,Sold,C1267,292.4479960601299
150204,15,2024-12-01,Apartment,23,1279.23,373202.64,Sold,C0925,291.74006238127623
150208,15,2024-12-01,Apartment,24,924.36,241356.6,Sold,C1568,261.1067116707776
150212,15,2024-12-01,Office,24,924.36,283751.0,Available,,306.9702280496776
150226,15,2024-12-01,Apartment,26,961.01,276181.48,Available,,287.3866869231329
150236,15,2024-12-01,Apartment,27,1437.97,352435.83,Available,,245.09261667489588
150243,15,2024-12-01,Office,29,1748.18,568008.79,Sold,C1121,324.9143623654315
150259,15,2024-12-01,Apartment,30,1523.22,394401.98,Sold,C1372,258.9264715536823
150269,15,2024-12-01,Apartment,31,1901.65,483089.44,Available,,254.03698893066547
150404,15,2024-12-01,Apartment,51,1689.08,543106.45,Sold,C0551,321.5398027328486
150448,15,2024-12-01,Apartment,55,892.75,271118.72,Sold,C0300,303.68940912909545
150450,15,2024-12-01,Office,55,892.75,301393.71,Sold,C0270,337.60146737608517
150464,15,2024-12-01,Office,56,939.93,255723.6,Sold,C0193,272.06664326066834
150470,15,2024-12-01,Apartment,57,429.34,125572.05,Sold,C1672,292.4769413518424
150500,15,2024-12-01,Apartment,59,1286.47,381719.77,Sold,C1329,296.7187497570872
150514,15,2024-12-01,Apartment,60,1033.2,309389.23,Sold,C1818,299.44757065427797
160009,16,2024-12-01,Apartment,2,1388.75,400540.86,Sold,C0749,288.4182610261026
160010,16,2024-12-01,Apartment,2,1388.75,355804.31,Sold,C0498,256.2047236723672
160029,16,2024-12-01,Apartment,4,1561.55,463587.51,Available,,296.8765073164484
160137,16,2024-12-01,Apartment,16,1451.17,436603.35,Sold,C0519,300.8629933088473
160145,16,2024-12-01,Apartment,18,1432.77,419555.74,Sold,C0402,292.82839534607785
160151,16,2024-12-01,Apartment,19,1163.06,314295.78,Sold,C0673,270.23178511856656
160167,16,2024-12-01,Apartment,21,837.95,260759.58,Sold,C0524,311.1875171549615
160188,16,2024-12-01,Apartment,23,594.14,166825.11,Available,,280.78417544686437
160202,16,2024-12-01,Apartment,25,853.37,262709.9,Available,,307.8499361355567
160217,16,2024-12-01,Apartment,26,1458.08,471348.92,Available,,323.2668440689125
160267,16,2024-12-01,Office,32,431.76,131562.21,Sold,C1146,304.7114369093941
160271,16,2024-12-01,Apartment,33,881.17,263447.22,Available,,298.9743409330776
160302,16,2024-12-01,Apartment,35,629.97,219338.0,Available,,348.17213518104035
160305,16,2024-12-01,Apartment,35,629.97,182607.12,Sold,C1002,289.8663745892661
160312,16,2024-12-01,Apartment,37,922.03,285332.67,Sold,C0576,309.4613732741885
160318,16,2024-12-01,Apartment,38,431.83,130514.41,Sold,C0616,302.2356251302596
160335,16,2024-12-01,Apartment,40,688.81,233630.18,Sold,C0988,339.1794253858103
160379,16,2024-12-01,Apartment,44,1695.03,579072.02,Sold,C0846,341.6293634920916
170045,17,2024-12-01,Office,5,1829.38,423868.45,Sold,C0884,231.7006034831473
170073,17,2024-12-01,Apartment,9,1505.53,425964.32,Sold,C0660,282.9331331823345
170102,17,2024-12-01,Apartment,12,451.91,129987.09,Available,,287.6393308402115
170116,17,2024-12-01,Apartment,13,916.9,305098.44,Sold,C0395,332.74996182789835
170136,17,2024-12-01,Office,15,1365.73,417096.92,Sold,C0314,305.4021805188434
170170,17,2024-12-01,Apartment,17,1827.25,560968.54,Sold,C1416,307.0015268846628
170180,17,2024-12-01,Apartment,20,792.27,276688.99,Sold,C1025,349.2357277190857
170201,17,2024-12-01,Apartment,23,1025.52,330602.94,Sold,C0918,322.3759068570091
170212,17,2024-12-01,Office,24,894.72,262975.64,Available,,293.9194831902718
170244,17,2024-12-01,Apartment,27,677.24,187719.53,Sold,C0448,277.18316992498967
170277,17,2024-12-01,Office,33,1532.89,434121.6,Sold,C0162,283.204665696821
170296,17,2024-12-01,Apartment,37,644.06,227389.86,Sold,C0241,353.05695121572523
170303,17,2024-12-01,Apartment,38,721.83,244736.09,Available,,339.04948533588237
170318,17,2024-12-01,Apartment,39,1341.67,415809.78,Sold,C0500,309.9195629327629
170323,17,2024-12-01,Apartment,39,1341.67,399182.83,Sold,C0986,297.52683595817155
170335,17,2024-12-01,Apartment,41,1422.93,363367.6,Sold,C0607,255.36575938380662
170373,17,2024-12-01,Office,46,1582.61,495697.84,Sold,C0861,313.2154099872995
170410,17,2024-12-01,Apartment,48,1833.96,610364.02,Sold,C0879,332.8120678749809
170414,17,2024-12-01,Apartment,48,1833.96,561574.14,Sold,C0305,306.208499640123
170431,17,2024-12-01,Apartment,50,1392.01,413894.32,Sold,C1081,297.3357375306212
170448,17,2024-12-01,Apartment,52,1742.3,567471.58,Sold,C0982,325.7025655742409
180009,18,2024-12-01,Apartment,1,1379.64,377504.51,Sold,C0858,273.6253732857847
180010,18,2024-12-01,Apartment,1,1379.64,419346.92,Sold,C0717,303.9538720245861
180013,18,2024-12-01,Office,2,650.96,212599.63,Available,,326.59399963131375
180032,18,2024-12-01,Apartment,4,1096.58,400375.74,Available,,365.11311532218355
180058,18,2024-12-01,Apartment,6,840.25,299889.06,Available,,356.9045641178221
180117,18,2024-12-01,Apartment,16,1360.96,381213.39,Sold,C0695,280.1062411826946
180149,18,2024-12-01,Apartment,20,1631.48,536689.03,Available,,328.9583874764018
180155,18,2024-12-01,Apartment,21,1790.69,638860.68,Available,,356.76788277144567
180156,18,2024-12-01,Apartment,21,1790.69,504632.86,Available,,281.8091685328002
180291,18,2024-12-01,Apartment,36,1089.77,347608.97,Sold,C1827,318.9746184974811
180307,18,2024-12-01,Apartment,36,1089.77,323499.11,Sold,C1101,296.850812556778
180335,18,2024-12-01,Apartment,38,1219.8,356599.56,Available,,292.34264633546485
180361,18,2024-12-01,Apartment,40,990.46,311777.53,Available,,314.78053631645906
180364,18,2024-12-01,Apartment,41,852.83,267144.13,Sold,C1694,313.2442925319231
180380,18,2024-12-01,Office,42,1045.42,357661.01,Sold,C1094,342.1218361998049
180382,18,2024-12-01,Apartment,43,937.7,254439.1,Sold,C0696,271.34381998506984
180400,18,2024-12-01,Office,45,1627.52,575967.88,Sold,C1284,353.892965985057
180436,18,2024-12-01,Apartment,49,1457.92,444915.47,Available,,305.17138800482877
180451,18,2024-12-01,Apartment,51,1527.31,477444.0,Sold,C1271,312.6045138184128
180461,18,2024-12-01,Apartment,52,1424.54,412200.04,Sold,C0069,289.3565923034804
180486,18,2024-12-01,Apartment,54,1756.12,559177.67,Sold,C1529,318.41654898298526
180539,18,2024-12-01,Apartment,61,1019.7,312674.39,Sold,C1684,306.63370599195844
180552,18,2024-12-01,Apartment,64,893.66,227339.25,Available,,254.39121142268874
180553,18,2024-12-01,Apartment,64,893.66,208140.68,Sold,C0198,232.90813060895644
180559,18,2024-12-01,Apartment,66,1631.24,483647.09,Sold,C1890,296.4904551139011
180571,18,2024-12-01,Apartment,66,1631.24,501575.25,Sold,C0247,307.48096540055417
180577,18,2024-12-01,Apartment,66,1631.24,412683.22,Sold,C1541,252.9874328731517
180578,18,2024-12-01,Apartment,66,1631.24,452777.15,Sold,C1484,277.56623795394916
190016,19,2024-12-01,Apartment,4,1225.38,344641.4,Sold,C0050,281.2526726403238
190019,19,2024-12-01,Apartment,4,1225.38,327077.64,Sold,C0853,266.9193556284581
190075,19,2024-12-01,Apartment,11,1869.93,585167.95,Sold,C0421,312.935751605675
190092,19,2024-12-01,Apartment,13,766.61,255608.63,Sold,C0960,333.42720548910137
190104,19,2024-12-01,Apartment,14,630.47,205486.74,Sold,C1316,325.9262772217552
190124,19,2024-12-01,Apartment,17,574.75,175749.34,Sold,C0951,305.7839756415833
190129,19,2024-12-01,Apartment,18,1599.44,521125.08,Sold,C0321,325.81721102385836
190142,19,2024-12-01,Apartment,19,1697.73,491253.25,Sold,C0261,289.35887920929713
190143,19,2024-12-01,Apartment,19,1697.73,487600.08,Sold,C1227,287.2070823982612
190160,19,2024-12-01,Apartment,20,1772.03,459381.05,Sold,C0840,259.23999593686335
190172,19,2024-12-01,Apartment,21,477.75,151362.59,Available,,316.8238409209838
190177,19,2024-12-01,Apartment,22,935.25,298017.54,Sold,C1168,318.65013632718524
190200,19,2024-12-01,Apartment,24,620.51,206458.43,Available,,332.7237756039387
190201,19,2024-12-01,Apartment,25,996.38,289350.19,Sold,C0473,290.4014432244726
190217,19,2024-12-01,Office,26,668.24,199931.08,Sold,C0008,299.1905303483778
190221,19,2024-12-01,Apartment,26,668.24,199853.8,Sold,C0090,299.07488327546986
190235,19,2024-12-01,Apartment,28,1599.78,566395.41,Sold,C1032,354.04581254922556
190245,19,2024-12-01,Apartment,29,1657.84,473439.56,Sold,C0539,285.5761472759736
190258,19,2024-12-01,Apartment,29,1657.84,477048.94,Sold,C1328,287.7533055059596
190292,19,2024-12-01,Apartment,34,783.42,259829.62,Sold,C0173,331.6606928595134
190297,19,2024-12-01,Apartment,35,1099.62,435759.96,Available,,396.2823157090632
190305,19,2024-12-01,Apartment,37,1565.26,458129.19,Sold,C0464,292.68568161200056
190323,19,2024-12-01,Apartment,39,1237.04,363695.77,Sold,C0891,294.00485837159675
190329,19,2024-12-01,Apartment,39,1237.04,344804.54,Available,,278.73354135678716
190334,19,2024-12-01,Apartment,40,893.49,225808.71,Sold,C0514,252.72662256992243
190337,19,2024-12-01,Apartment,40,893.49,283267.47,Sold,C1218,317.03485209683373
190344,19,2024-12-01,Apartment,40,893.49,264363.94,Sold,C0691,295.87789454834416
190357,19,2024-12-01,Apartment,42,1137.59,340542.6,Sold,C1991,299.3544247048585
190365,19,2024-12-01,Apartment,42,1137.59,316898.28,Sold,C0605,278.5698538137642
190371,19,2024-12-01,Apartment,42,1137.59,354756.38,Sold,C0284,311.84906688701557
190399,19,2024-12-01,Apartment,46,1926.19,577630.33,Sold,C1920,299.88232209698936
200018,20,2024-12-01,Office,1,1898.39,699865.87,Available,,368.662851152819
200022,20,2024-12-01,Apartment,2,1669.84,594550.99,Available,,356.0526697168591
200028,20,2024-12-01,Office,3,1645.93,509367.59,Sold,C1531,309.47099208350295
200107,20,2024-12-01,Apartment,14,837.37,252186.35,Sold,C1997,301.16477781625804
200114,20,2024-12-01,Apartment,15,1805.12,470809.32,Sold,C0966,260.8188486084028
200140,20,2024-12-01,Apartment,17,1089.33,285954.4,Sold,C1566,262.5048424260784
200166,20,2024-12-01,Apartment,18,1868.01,541416.84,Sold,C1260,289.8361571940193
200173,20,2024-12-01,Apartment,19,759.72,232129.93,Sold,C0939,305.5466882535671
200176,20,2024-12-01,Apartment,19,759.72,225648.44,Available,,297.0152687832359
200193,20,2024-12-01,Apartment,22,460.81,146612.19,Sold,C1173,318.1619105488162
200202,20,2024-12-01,Apartment,24,1188.07,394828.55,Sold,C1030,332.3276827122981
200205,20,2024-12-01,Apartment,25,780.74,244512.28,Sold,C0221,313.18016241002124
200211,20,2024-12-01,Apartment,26,1941.62,532651.76,Sold,C1423,274.3336801227841
200213,20,2024-12-01,Apartment,26,1941.62,502440.47,Sold,C0409,258.77384349151737
200291,20,2024-12-01,Apartment,32,1630.81,462356.44,Sold,C0866,283.5133706562996
200295,20,2024-12-01,Apartment,33,630.53,218348.87,Sold,C1855,346.2941810857533
200312,20,2024-12-01,Office,34,858.93,312624.46,Sold,C0754,363.9696599257216
200320,20,2024-12-01,Apartment,34,858.93,244324.93,Sold,C0406,284.4526678541907
200323,20,2024-12-01,Apartment,36,1484.99,467621.17,Sold,C0348,314.8985313032411
200349,20,2024-12-01,Apartment,38,1499.47,387376.74,Sold,C0028,258.3424409958185
200402,20,2024-12-01,Apartment,46,1227.49,356609.27,Sold,C1686,290.5190836585227
200433,20,2024-12-01,Apartment,48,860.8,236640.56,Available,,274.90771375464686
200451,20,2024-12-01,Apartment,51,1062.33,334718.74,Sold,C1096,315.0798151233609
200482,20,2024-12-01,Apartment,54,589.61,148198.24,Sold,C0379,251.3496039755092
200485,20,2024-12-01,Apartment,56,1333.01,343595.19,Sold,C1214,257.7588990330155
200486,20,2024-12-01,Apartment,56,1333.01,373874.21,Sold,C0370,280.4736723655487
200500,20,2024-12-01,Office,58,1208.52,384992.37,Sold,C0095,318.5651623473339
990008,3,2024-12-01,Apartment,7,720.38,216552.71,Available,,300.6089980288181
990021,5,2024-12-01,Apartment,30,1057.92,351304.58,Available,,332.0710261645493
1002,1,2025-01-01,Office,2,1238.58,410932.67,Sold,C0102,331.77725298325504
1033,1,2025-01-01,Apartment,33,1434.09,412856.56,Sold,C0025,287.8874826545057
2001,2,2025-01-01,Apartment,1,587.28,169158.29,Sold,C0014,288.03686486854656
3019,3,2025-01-01,Apartment,19,680.57,230154.53,Sold,C0118,338.1790704850346
4020,4,2025-01-01,Apartment,20,1611.85,498994.03,Available,,309.57845333002456
4023,4,2025-01-01,Apartment,23,794.52,235633.26,Sold,C0158,296.5731007400695
4025,4,2025-01-01,Apartment,25,733.19,236608.95,Sold,C0007,322.7116436394386
10017,1,2025-01-01,Apartment,3,788.73,285152.79,Available,,361.5340991213723
10045,1,2025-01-01,Apartment,5,753.87,226602.24,Sold,C1305,300.58529985275976
10050,1,2025-01-01,Office,6,740.75,236641.59,Available,,319.4621532230847
10075,1,2025-01-01,Apartment,10,1439.52,421479.88,Sold,C0509,292.79195843058795
10097,1,2025-01-01,Apartment,13,719.47,205329.68,Sold,C1080,285.3901900009729
10142,1,2025-01-01,Apartment,18,716.85,187240.43,Available,,261.19889795633674
10154,1,2025-01-01,Apartment,20,1146.24,342738.34,Available,,299.0109750139587
10163,1,2025-01-01,Office,20,1146.24,286502.53,Available,,249.9498621580123
10196,1,2025-01-01,Apartment,23,1201.5,369648.47,Available,,307.655821889305
10205,1,2025-01-01,Apartment,24,1146.11,372663.5,Available,,325.15508982558396
10226,1,2025-01-01,Apartment,26,828.98,302468.7,Sold,C0186,364.8685131124997
10245,1,2025-01-01,Office,29,757.2,277875.52,Sold,C1160,366.97770734284205
10265,1,2025-01-01,Apartment,29,757.2,267927.55,Available,,353.83987057580555
10304,1,2025-01-01,Apartment,32,800.77,228154.68,Sold,C0668,284.9191153514742
10327,1,2025-01-01,Apartment,35,1168.59,310562.19,Sold,C0120,265.75804174261293
10348,1,2025-01-01,Apartment,37,758.3,240860.6,Sold,C1503,317.6323354872742
10350,1,2025-01-01,Apartment,38,1355.85,474858.86,Sold,C0746,350.22964192204154
10420,1,2025-01-01,Apartment,49,629.24,184627.23,Available,,293.4130538427309
20015,2,2025-01-01,Apartment,2,788.72,267893.43,Sold,C1605,339.65593620042597
20141,2,2025-01-01,Office,17,1397.4,474237.35,Sold,C1013,339.3712251323887
20165,2,2025-01-01,Office,19,795.52,254773.64,Sold,C1951,320.26050884955754
20177,2,2025-01-01,Apartment,20,727.55,218055.03,Sold,C1392,299.71140127826266
20214,2,2025-01-01,Apartment,24,785.12,237035.97,Sold,C1330,301.9104977583045
20372,2,2025-01-01,Apartment,44,580.26,188055.47,Sold,C1850,324.0882880088236
20415,2,2025-01-01,Apartment,47,708.32,214449.87,Sold,C0047,302.75845662977184
20456,2,2025-01-01,Apartment,54,924.4,268881.64,Sold,C1843,290.8715274772826
20460,2,2025-01-01,Apartment,54,924.4,282193.58,Sold,C1989,305.27215491129385
20476,2,2025-01-01,Office,55,579.26,136944.18,Sold,C1552,236.4122846390222
30086,3,2025-01-01,Apartment,8,1152.39,337354.39,Available,,292.7432466439313
30136,3,2025-01-01,Apartment,13,754.84,221376.35,Sold,C0874,293.2758597848551
30191,3,2025-01-01,Apartment,21,1122.15,378433.14,Available,,337.23935302767006
30198,3,2025-01-01,Apartment,21,1122.15,325454.57,Sold,C1923,290.0276879205097
30234,3,2025-01-01,Apartment,27,1117.14,395854.74,Sold,C1445,354.3465814490574
30244,3,2025-01-01,Apartment,28,679.93,207951.17,Sold,C0563,305.84202785580874
30247,3,2025-01-01,Apartment,28,679.93,214175.32,Sold,C0406,314.9961319547601
30252,3,2025-01-01,Apartment,28,679.93,225228.02,Sold,C0197,331.2517759181092
30281,3,2025-01-01,Apartment,32,777.85,244977.74,Sold,C0084,314.9421353731439
30348,3,2025-01-01,Apartment,42,1343.96,406705.44,Sold,C0544,302.61722075061755
30384,3,2025-01-01,Apartment,47,691.09,202725.25,Sold,C1576,293.3413158922861
30387,3,2025-01-01,Apartment,47,691.09,204994.87,Sold,C0103,296.62543228812456
30406,3,2025-01-01,Apartment,49,1174.48,325999.89,Sold,C1404,277.5695541856822
30407,3,2025-01-01,Apartment,49,1174.48,385011.74,Sold,C0542,327.8146413732035
30419,3,2025-01-01,Apartment,49,1174.48,338313.48,Sold,C1820,288.0538451059192
30458,3,2025-01-01,Apartment,54,787.64,247736.87,Sold,C1140,314.53058503885023
30465,3,2025-01-01,Apartment,56,1179.42,390678.42,Sold,C1178,331.2462227196418
30476,3,2025-01-01,Apartment,56,1179.42,352620.85,Available,,298.97818419223006
30478,3,2025-01-01,Apartment,56,1179.42,396573.07,Sold,C1268,336.24414542741346
30495,3,2025-01-01,Apartment,58,1588.14,468351.84,Available,,294.9058899089501
40041,4,2025-01-01,Apartment,4,783.03,280086.4,Sold,C1717,357.6956183032579
40045,4,2025-01-01,Apartment,5,786.98,239134.14,Sold,C0397,303.8630460748685
40055,4,2025-01-01,Apartment,5,786.98,251404.16,Sold,C0349,319.4543190424153
40077,4,2025-01-01,Apartment,10,1614.62,500013.28,Sold,C1049,309.67861168572176
40217,4,2025-01-01,Apartment,26,790.05,248127.36,Sold,C1072,314.06538826656544
40225,4,2025-01-01,Apartment,26,790.05,238107.01,Sold,C0410,301.38220365799634
40310,4,2025-01-01,Apartment,37,800.13,225340.35,Available,,281.6296726781898
40311,4,2025-01-01,Apartment,37,800.13,200713.96,Available,,250.85168660092734
40316,4,2025-01-01,Apartment,39,743.73,231799.35,Sold,C1581,311.67137267556774
40321,4,2025-01-01,Apartment,39,743.73,255069.28,Sold,C0917,342.959514877711
40364,4,2025-01-01,Apartment,43,1616.99,531552.36,Available,,328.72952832113987
50022,5,2025-01-01,Apartment,4,799.1,229209.92,Sold,C1443,286.83508947566014
50060,5,2025-01-01,Office,9,793.56,241777.75,Sold,C0741,304.6748197993851
50062,5,2025-01-01,Apartment,9,793.56,245523.79,Sold,C1349,309.3953702303544
50100,5,2025-01-01,Apartment,12,787.5,208063.37,Sold,C1055,264.20745396825396
50134,5,2025-01-01,Office,17,798.74,232448.63,Sold,C1747,291.01914264967326
50165,5,2025-01-01,Apartment,22,1059.78,344895.35,Sold,C1373,325.44051595614184
50166,5,2025-01-01,Apartment,22,1059.78,306962.07,Sold,C1449,289.64697390024344
50176,5,2025-01-01,Apartment,23,1006.65,324753.38,Available,,322.60803655689665
50188,5,2025-01-01,Apartment,24,807.02,260912.82,Sold,C0652,323.30403211816315
50222,5,2025-01-01,Apartment,29,786.28,231969.34,Available,,295.021290125655
50266,5,2025-01-01,Apartment,35,605.55,197165.85,Sold,C1598,325.5979687887045
50377,5,2025-01-01,Apartment,46,1272.95,327517.83,Sold,C1206,257.29041203503675
50388,5,2025-01-01,Apartment,46,1272.95,363708.24,Sold,C0033,285.72075886719824
50390,5,2025-01-01,Apartment,46,1272.95,359443.76,Available,,282.3706822734593
50414,5,2025-01-01,Office,47,1241.14,354546.23,Sold,C0395,285.6617545160094
60048,6,2025-01-01,Apartment,4,1925.28,521054.42,Sold,C1356,270.6382552148259
60056,6,2025-01-01,Apartment,5,1617.43,521703.52,Sold,C0220,322.5509110131505
60061,6,2025-01-01,Apartment,5,1617.43,573660.29,Sold,C1650,354.673951886635
60072,6,2025-01-01,Apartment,7,1075.42,317822.29,Sold,C1797,295.5331777352104
60098,6,2025-01-01,Apartment,7,1075.42,316514.21,Sold,C0375,294.31683435309
60136,6,2025-01-01,Apartment,11,1719.85,602654.49,Sold,C1424,350.41107654737334
60173,6,2025-01-01,Apartment,15,1392.45,482685.96,Sold,C1914,346.6450931810837
60189,6,2025-01-01,Apartment,19,1542.71,389622.67,Sold,C1354,252.5572985201366
60207,6,2025-01-01,Apartment,20,1897.17,530773.97,Sold,C0861,279.77143324003646
60250,6,2025-01-01,Apartment,25,1086.43,339531.13,Sold,C0836,312.5200242997708
60276,6,2025-01-01,Apartment,30,552.59,159939.07,Sold,C0158,289.4353318011546
60358,6,2025-01-01,Apartment,41,940.72,322598.15,Sold,C1559,342.9268538991411
60384,6,2025-01-01,Apartment,43,1492.81,475627.51,Available,,318.6122212471782
60424,6,2025-01-01,Apartment,51,1476.63,402848.9,Sold,C1041,272.816413048631
70030,7,2025-01-01,Apartment,5,1144.09,349604.45,Available,,305.57425552185583
70101,7,2025-01-01,Office,13,604.6,172730.12,Sold,C1420,285.69321865696327
70103,7,2025-01-01,Apartment,13,604.6,168102.17,Sold,C1759,278.0386536553093
70110,7,2025-01-01,Apartment,15,602.92,183532.39,Available,,304.40587474291783
70118,7,2025-01-01,Apartment,15,602.92,197392.19,Sold,C1052,327.3936674849068
70133,7,2025-01-01,Apartment,16,1239.87,392998.19,Sold,C1238,316.967254631534
70148,7,2025-01-01,Apartment,18,703.28,237741.19,Sold,C1931,338.04628313047436
70219,7,2025-01-01,Apartment,24,852.99,291299.93,Sold,C1183,341.5045076730091
70228,7,2025-01-01,Apartment,25,573.8,181396.76,Sold,C0027,316.1323806204253
70234,7,2025-01-01,Apartment,26,717.0,175221.24,Sold,C1653,244.38108786610877
70254,7,2025-01-01,Apartment,28,694.55,189255.74,Available,,272.48684759916495
70335,7,2025-01-01,Apartment,40,1138.18,349106.37,Sold,C0587,306.7233390149185
70341,7,2025-01-01,Apartment,41,1093.92,330897.08,Sold,C1669,302.487457949393
70342,7,2025-01-01,Apartment,41,1093.92,282085.85,Sold,C0161,257.8669829603627
70374,7,2025-01-01,Apartment,43,498.61,164944.49,Sold,C0198,330.8086279858005
70376,7,2025-01-01,Apartment,43,498.61,148232.84,Available,,297.29215218306894
70413,7,2025-01-01,Apartment,48,533.35,157806.81,Sold,C1289,295.8785225461704
70417,7,2025-01-01,Apartment,49,1383.05,434807.71,Available,,314.383218249521
70438,7,2025-01-01,Apartment,51,648.27,214948.78,Sold,C1871,331.5729248615546
70450,7,2025-01-01,Office,54,1940.69,550949.39,Sold,C0136,283.8935584766243
70501,7,2025-01-01,Office,58,1629.83,464148.93,Sold,C1610,284.78364614714417
70516,7,2025-01-01,Office,60,1219.54,334261.4,Available,,274.0880987913476
80015,8,2025-01-01,Apartment,2,1097.36,363064.89,Sold,C0198,330.8530382007728
80050,8,2025-01-01,Apartment,5,887.23,296098.37,Sold,C0911,333.7334963876334
80082,8,2025-01-01,Apartment,9,1869.81,567459.84,Sold,C1275,303.4852952973832
80149,8,2025-01-01,Apartment,19,865.63,244406.0,Sold,C0574,282.344650716819
80204,8,2025-01-01,Office,28,1431.61,389141.48,Sold,C0163,271.82087300312236
80233,8,2025-01-01,Apartment,30,1070.46,318391.04,Available,,297.43385086785116
80261,8,2025-01-01,Apartment,31,1253.18,375272.42,Sold,C1319,299.45611963165703
80278,8,2025-01-01,Apartment,33,1809.87,580646.02,Available,,320.8219485377403
80318,8,2025-01-01,Apartment,37,890.65,282175.27,Sold,C0537,316.81948015494305
90121,9,2025-01-01,Apartment,18,860.97,244266.24,Sold,C0011,283.7105125614133
90235,9,2025-01-01,Apartment,33,973.52,306463.1,Available,,314.79897690853807
90258,9,2025-01-01,Apartment,34,1577.36,437298.41,Available,,277.23437262260995
90287,9,2025-01-01,Apartment,36,1582.79,502456.39,Sold,C0123,317.44981330435496
90297,9,2025-01-01,Apartment,36,1582.79,434288.76,Sold,C1639,274.3817941735796
90306,9,2025-01-01,Apartment,38,1260.31,409323.23,Sold,C1210,324.7798002078854
90348,9,2025-01-01,Apartment,41,1488.32,433230.74,Sold,C1540,291.087091485702
90367,9,2025-01-01,Apartment,44,1351.57,370487.95,Available,,274.1167309129383
90368,9,2025-01-01,Apartment,44,1351.57,398764.96,Available,,295.03833319768864
90379,9,2025-01-01,Office,44,1351.57,463860.46,Sold,C0508,343.20121044415015
90394,9,2025-01-01,Apartment,47,1262.78,354323.8,Sold,C1342,280.5902849269073
90413,9,2025-01-01,Apartment,53,599.72,199212.53,Available,,332.17589875275127
90425,9,2025-01-01,Apartment,53,599.72,159920.2,Sold,C0365,266.65810711665443
90451,9,2025-01-01,Office,56,1516.4,570859.46,Sold,C1568,376.4570429965708
90476,9,2025-01-01,Apartment,58,838.34,242986.14,Sold,C0645,289.84199728033974
90517,9,2025-01-01,Apartment,59,1697.13,522341.36,Available,,307.77922728370834
100055,10,2025-01-01,Apartment,6,842.66,256100.46,Sold,C0195,303.9190895497591
100067,10,2025-01-01,Office,9,1849.4,561351.99,Sold,C0832,303.53195090299556
100095,10,2025-01-01,Apartment,11,1675.44,510194.12,Sold,C0332,304.51351286826144
100101,10,2025-01-01,Apartment,12,852.74,271729.26,Sold,C0930,318.65429087412343
100167,10,2025-01-01,Office,22,1116.68,285833.85,Sold,C0193,255.96755561127625
100222,10,2025-01-01,Apartment,27,777.35,213904.67,Available,,275.1716343989194
100301,10,2025-01-01,Apartment,35,1675.74,543673.09,Sold,C1942,324.43761562056164
100349,10,2025-01-01,Apartment,42,1757.51,535002.72,Sold,C0187,304.4094884239634
100356,10,2025-01-01,Apartment,43,1093.67,331504.2,Sold,C1115,303.1117247432955
100372,10,2025-01-01,Apartment,43,1093.67,282078.89,Sold,C1738,257.91956440242484
100396,10,2025-01-01,Apartment,46,1525.34,434337.24,Sold,C1514,284.74782015812866
110033,11,2025-01-01,Office,4,1414.25,381879.4,Sold,C0313,270.02255612515467
110036,11,2025-01-01,Office,4,1414.25,446236.57,Sold,C0135,315.5287749690649
110048,11,2025-01-01,Apartment,6,1724.08,585004.16,Sold,C1186,339.31381374414184
110050,11,2025-01-01,Apartment,6,1724.08,516397.54,Sold,C0012,299.5206370934063
110067,11,2025-01-01,Apartment,8,1001.41,279379.41,Sold,C0577,278.98603968404547
110073,11,2025-01-01,Apartment,8,1001.41,283671.4,Sold,C0967,283.2719864990364
110089,11,2025-01-01,Office,10,1519.64,527746.08,Sold,C0768,347.28361980469055
110120,11,2025-01-01,Office,13,474.93,161687.29,Available,,340.444465500179
110166,11,2025-01-01,Apartment,18,1562.55,449725.17,Sold,C0789,287.81489872324084
110221,11,2025-01-01,Apartment,27,1638.1,418232.26,Available,,255.31546303644467
110224,11,2025-01-01,Apartment,27,1638.1,529761.19,Sold,C0472,323.3997863378304
110242,11,2025-01-01,Apartment,29,993.51,307831.28,Sold,C0181,309.8421555897777
110284,11,2025-01-01,Office,34,680.07,191273.75,Sold,C0582,281.2559736497713
110306,11,2025-01-01,Apartment,37,1368.16,375698.11,Sold,C0130,274.6010042685066
110311,11,2025-01-01,Apartment,38,788.47,217061.6,Available,,275.2946846424087
110427,11,2025-01-01,Apartment,50,948.72,237505.2,Sold,C1609,250.34277763723756
110472,11,2025-01-01,Apartment,56,724.8,203988.37,Available,,281.4409078366446
110523,11,2025-01-01,Apartment,62,1938.82,611138.02,Available,,315.2113244138187
110524,11,2025-01-01,Apartment,62,1938.82,523101.86,Sold,C0715,269.80424175529447
110541,11,2025-01-01,Office,62,1938.82,693830.82,Sold,C1354,357.86242147285463
120032,12,2025-01-01,Apartment,3,1469.27,445260.24,Sold,C0683,303.0486159793639
120050,12,2025-01-01,Apartment,5,495.04,148566.34,Sold,C0621,300.109768907563
120052,12,2025-01-01,Apartment,5,495.04,164106.72,Available,,331.50193923723333
120064,12,2025-01-01,Apartment,8,1803.36,526401.55,Sold,C1453,291.9004247626653
120079,12,2025-01-01,Apartment,9,857.88,268688.51,Sold,C1381,313.20057583811257
120116,12,2025-01-01,Apartment,14,1369.96,381173.34,Sold,C0152,278.23683903179653
120127,12,2025-01-01,Apartment,15,1456.98,477616.0,Available,,327.81232412249994
120151,12,2025-01-01,Apartment,17,1428.55,450975.7,Available,,315.68772531587973
120165,12,2025-01-01,Apartment,18,1702.66,417251.87,Sold,C0322,245.05883147545603
120187,12,2025-01-01,Apartment,20,1802.21,450541.6,Sold,C0670,249.9939518702038
120190,12,2025-01-01,Apartment,22,892.67,286110.52,Sold,C0695,320.51096149752993
120195,12,2025-01-01,Apartment,22,892.67,304758.75,Sold,C0483,341.4013577245791
120221,12,2025-01-01,Apartment,24,1306.75,437978.56,Sold,C0702,335.1662980677253
120226,12,2025-01-01,Apartment,24,1306.75,421012.83,Available,,322.18314903386266
120262,12,2025-01-01,Apartment,27,871.52,281637.63,Sold,C1782,323.15681797319627
120277,12,2025-01-01,Apartment,30,622.2,216541.46,Sold,C0209,348.0254901960784
120282,12,2025-01-01,Apartment,30,622.2,234791.28,Sold,C1008,377.3566055930569
120293,12,2025-01-01,Apartment,33,1232.2,364975.55,Sold,C0632,296.1983038467781
120300,12,2025-01-01,Apartment,34,1817.64,600821.21,Sold,C0394,330.5501694504962
120332,12,2025-01-01,Apartment,35,1690.62,536210.24,Sold,C0351,317.16780825969175
120338,12,2025-01-01,Apartment,37,1681.78,463430.97,Sold,C1431,275.5598056820749
120344,12,2025-01-01,Apartment,38,1157.23,319615.17,Sold,C1351,276.1898412588681
120345,12,2025-01-01,Apartment,38,1157.23,334438.68,Sold,C0194,288.9993173353611
120389,12,2025-01-01,Apartment,45,1898.75,524988.7,Sold,C1238,276.49174456879524
120401,12,2025-01-01,Apartment,47,1528.05,483527.37,Available,,316.43425935015216
130057,13,2025-01-01,Office,5,441.3,135427.72,Sold,C1259,306.88357126671195
130062,13,2025-01-01,Apartment,6,1240.96,273011.2,Sold,C1966,220.0
130065,13,2025-01-01,Apartment,7,1115.82,307845.19,Sold,C1446,275.8914430642935
130072,13,2025-01-01,Office,8,1449.43,427086.44,Sold,C0027,294.65820356967913
130099,13,2025-01-01,Apartment,11,1678.3,465116.85,Sold,C1249,277.1357027944944
130117,13,2025-01-01,Apartment,14,777.75,262108.83,Available,,337.00910318225647
130143,13,2025-01-01,Apartment,16,1772.88,552662.92,Sold,C0883,311.7317133703353
130226,13,2025-01-01,Apartment,26,1867.78,541536.26,Available,,289.93578472839414
130273,13,2025-01-01,Apartment,32,1114.07,351539.71,Available,,315.545441489314
130315,13,2025-01-01,Apartment,35,1867.34,490501.95,Sold,C0343,262.67415146679235
130317,13,2025-01-01,Apartment,35,1867.34,538677.47,Sold,C1152,288.47315968168624
130329,13,2025-01-01,Apartment,37,1555.67,439078.0,Sold,C1668,282.2436635018995
130330,13,2025-01-01,Office,37,1555.67,555297.43,Available,,356.9506579158819
130337,13,2025-01-01,Apartment,37,1555.67,538355.4,Available,,346.06015414580213
130372,13,2025-01-01,Apartment,41,1168.7,301991.77,Sold,C1316,258.39973474801064
130379,13,2025-01-01,Apartment,42,1044.42,282504.55,Sold,C1502,270.48941039045593
130458,13,2025-01-01,Apartment,53,968.77,294203.62,Sold,C0651,303.687789671439
130485,13,2025-01-01,Apartment,56,606.9,164608.18,Sold,C1370,271.22784643269074
130536,13,2025-01-01,Apartment,61,1333.63,391577.58,Available,,293.61785502725644
130544,13,2025-01-01,Apartment,63,1623.8,474039.53,Sold,C1676,291.9322145584432
130556,13,2025-01-01,Office,64,792.66,205474.2,Sold,C1583,259.22110362576643
130565,13,2025-01-01,Apartment,66,1283.8,365694.22,Sold,C1779,284.8529521732357
140016,14,2025-01-01,Apartment,4,1797.81,542265.03,Sold,C0487,301.6253274817695
140041,14,2025-01-01,Apartment,7,641.37,192882.89,Sold,C1565,300.735753153406
140079,14,2025-01-01,Apartment,11,1431.42,387972.92,Sold,C0848,271.04058906540354
140089,14,2025-01-01,Apartment,11,1431.42,459403.88,Sold,C0047,320.94275614424834
140161,14,2025-01-01,Apartment,17,686.6,187481.07,Sold,C0327,273.05719487328867
140171,14,2025-01-01,Apartment,17,686.6,219459.84,Sold,C1089,319.6327410428197
140226,14,2025-01-01,Apartment,24,1205.25,390537.99,Sold,C1061,324.0306907280647
140270,14,2025-01-01,Apartment,29,1618.34,513021.02,Sold,C0164,317.00447371998473
140300,14,2025-01-01,Office,34,513.06,181212.2,Sold,C1193,353.19884613885324
140321,14,2025-01-01,Apartment,38,1170.11,350292.46,Sold,C1334,299.36711933066124
150008,15,2025-01-01,Apartment,2,1522.89,472485.62,Sold,C0450,310.2559081745891
150077,15,2025-01-01,Apartment,11,1437.62,491966.69,Sold,C1214,342.20913036824754
150282,15,2025-01-01,Apartment,34,1304.22,400330.93,Sold,C1911,306.9504608118262
150290,15,2025-01-01,Apartment,35,745.49,257914.02,Sold,C1496,345.96576748179046
150312,15,2025-01-01,Apartment,35,745.49,234624.17,Sold,C1655,314.7247716267153
150318,15,2025-01-01,Office,36,1424.81,484693.93,Sold,C0620,340.1814487545708
150342,15,2025-01-01,Office,39,1713.42,515035.42,Available,,300.58912584188346
150389,15,2025-01-01,Apartment,49,460.17,116092.04,Sold,C1253,252.280765803942
150440,15,2025-01-01,Apartment,55,892.75,284965.13,Sold,C1390,319.1992495099412
150465,15,2025-01-01,Apartment,56,939.93,288907.22,Sold,C1119,307.37099571244664
150488,15,2025-01-01,Apartment,58,1750.89,585649.12,Available,,334.4865297077486
150497,15,2025-01-01,Apartment,59,1286.47,392351.64,Sold,C1881,304.98312436356855
150515,15,2025-01-01,Apartment,60,1033.2,302845.83,Sold,C0700,293.11443089430895
160005,16,2025-01-01,Apartment,1,637.07,226490.6,Available,,355.51917371717394
160008,16,2025-01-01,Office,2,1388.75,372421.45,Sold,C0446,268.1702610261026
160054,16,2025-01-01,Apartment,7,941.57,248945.18,Available,,264.3937041324596
160107,16,2025-01-01,Apartment,11,1288.42,340036.99,Available,,263.9178140668415
160112,16,2025-01-01,Apartment,11,1288.42,379602.6,Sold,C0931,294.6264416882693
160125,16,2025-01-01,Apartment,14,660.84,181790.56,Sold,C1557,275.0901277162399
160156,16,2025-01-01,Apartment,19,1163.06,377230.63,Sold,C0263,324.3432239093426
160205,16,2025-01-01,Apartment,25,853.37,269027.59,Sold,C1607,315.2531609969884
160268,16,2025-01-01,Apartment,33,881.17,264303.57,Sold,C1148,299.9461738370576
160321,16,2025-01-01,Apartment,38,431.83,125935.98,Sold,C0250,291.6332353009286
160347,16,2025-01-01,Apartment,41,1001.72,308315.97,Sold,C0770,307.7865770874096
160365,16,2025-01-01,Apartment,42,1496.62,437082.22,Sold,C0706,292.04622415843704
160366,16,2025-01-01,Apartment,42,1496.62,479711.66,Sold,C0362,320.53003434405525
160371,16,2025-01-01,Office,42,1496.62,457384.74,Sold,C0017,305.6118052678703
160372,16,2025-01-01,Apartment,42,1496.62,479358.58,Sold,C1542,320.2941160748888
170032,17,2025-01-01,Office,2,1738.5,498320.91,Sold,C0634,286.63842968075926
170041,17,2025-01-01,Apartment,5,1829.38,519866.77,Sold,C0044,284.17648055625403
170061,17,2025-01-01,Apartment,8,1297.3,346864.73,Sold,C1521,267.3743390117937
170081,17,2025-01-01,Apartment,10,1059.07,306057.52,Sold,C0287,288.98705468004954
170137,17,2025-01-01,Apartment,16,1693.0,520252.16,Available,,307.29601890135854
170146,17,2025-01-01,Apartment,16,1693.0,536802.3,Sold,C1690,317.0716479621973
170159,17,2025-01-01,Apartment,17,1827.25,420462.7,Available,,230.1068271993433
170174,17,2025-01-01,Apartment,19,1712.06,466184.49,Available,,272.2944815018165
170238,17,2025-01-01,Apartment,27,677.24,219537.26,Sold,C0703,324.164638828185
170261,17,2025-01-01,Apartment,31,1806.06,556733.5,Sold,C1270,308.25858498610233
170317,17,2025-01-01,Apartment,39,1341.67,401901.3,Available,,299.5530197440503
170340,17,2025-01-01,Office,42,691.03,228875.86,Sold,C1048,331.20973040244274
170369,17,2025-01-01,Apartment,46,1582.61,483164.81,Available,,305.2961942613784
170371,17,2025-01-01,Apartment,46,1582.61,406250.16,Sold,C0222,256.69631810743016
170378,17,2025-01-01,Apartment,47,1106.83,314114.79,Sold,C1208,283.79677999331426
170436,17,2025-01-01,Apartment,51,1375.52,426338.68,Sold,C0845,309.9472781202745
180052,18,2025-01-01,Apartment,6,840.25,219795.98,Sold,C1778,261.5840285629277
180065,18,2025-01-01,Apartment,7,505.94,155133.85,Sold,C0901,306.6249950587026
180095,18,2025-01-01,Apartment,13,537.4,131819.04,Sold,C0685,245.29036099739488
180110,18,2025-01-01,Office,15,1728.6,513299.69,Sold,C1250,296.94532569709594
180111,18,2025-01-01,Apartment,15,1728.6,471855.64,Sold,C1309,272.969825292144
180144,18,2025-01-01,Apartment,19,1268.1,374750.52,Sold,C1036,295.5212680387982
180177,18,2025-01-01,Apartment,23,1659.02,483905.55,Available,,291.6815650203132
180213,18,2025-01-01,Apartment,27,650.82,199115.19,Sold,C1597,305.9451000276574
180230,18,2025-01-01,Apartment,29,578.36,180205.66,Sold,C1058,311.5804343315582
180252,18,2025-01-01,Apartment,30,1795.66,584611.99,Sold,C0003,325.56942294198234
180281,18,2025-01-01,Apartment,35,799.05,240417.02,Available,,300.87856829985606
180288,18,2025-01-01,Apartment,35,799.05,223242.17,Sold,C0444,279.3844815718666
180309,18,2025-01-01,Apartment,36,1089.77,308720.4,Sold,C0753,283.28950145443537
180324,18,2025-01-01,Apartment,38,1219.8,319114.04,Sold,C0959,261.61177242170845
180334,18,2025-01-01,Office,38,1219.8,410772.92,Sold,C1573,336.75432038039025
180346,18,2025-01-01,Apartment,39,662.88,199623.02,Sold,C0760,301.1450337919382
180349,18,2025-01-01,Apartment,40,990.46,238075.26,Sold,C0687,240.3683742907336
180444,18,2025-01-01,Apartment,50,854.74,261667.93,Available,,306.1374570044692
180476,18,2025-01-01,Apartment,53,1806.7,568990.61,Available,,314.9336414457298
180514,18,2025-01-01,Apartment,58,955.23,292794.12,Available,,306.5168807512327
180564,18,2025-01-01,Apartment,66,1631.24,494656.28,Sold,C1953,303.2394252225301
190001,19,2025-01-01,Apartment,1,1688.31,496466.31,Sold,C0932,294.06110844572385
190002,19,2025-01-01,Apartment,1,1688.31,558730.59,Sold,C0518,330.9407573253727
190088,19,2025-01-01,Office,13,766.61,241468.69,Sold,C0367,314.982442180509
190095,19,2025-01-01,Apartment,14,630.47,172253.45,Sold,C0151,273.2143480260758
190134,19,2025-01-01,Apartment,18,1599.44,503687.91,Sold,C0561,314.91516405742004
190181,19,2025-01-01,Apartment,22,935.25,278958.96,Available,,298.27207698476343
190185,19,2025-01-01,Apartment,22,935.25,353029.52,Available,,377.4707511360599
190204,19,2025-01-01,Office,25,996.38,297272.73,Sold,C1022,298.35276701660007
190264,19,2025-01-01,Apartment,30,673.27,191782.03,Available,,284.8515900010397
190268,19,2025-01-01,Apartment,31,1089.64,292398.57,Sold,C1790,268.3441962483022
190326,19,2025-01-01,Apartment,39,1237.04,431971.97,Available,,349.1980615016491
190369,19,2025-01-01,Apartment,42,1137.59,321045.92,Sold,C1020,282.21584226302974
190425,19,2025-01-01,Apartment,49,1004.26,292433.99,Sold,C1774,291.1935056658634
200012,20,2025-01-01,Apartment,1,1898.39,485326.73,Sold,C0762,255.65175227429557
200019,20,2025-01-01,Apartment,1,1898.39,611749.24,Available,,322.2463455875768
200052,20,2025-01-01,Apartment,6,1401.0,456799.28,Sold,C1448,326.05230549607427
200086,20,2025-01-01,Apartment,12,856.15,230351.54,Available,,269.0551188459966
200094,20,2025-01-01,Apartment,13,1587.57,448959.32,Sold,C0392,282.79655070327607
200117,20,2025-01-01,Apartment,16,645.44,208927.52,Sold,C0638,323.69781854238965
200119,20,2025-01-01,Apartment,16,645.44,184932.22,Sold,C0211,286.52116385721365
200139,20,2025-01-01,Apartment,17,1089.33,338195.62,Sold,C0662,310.46204547749534
200154,20,2025-01-01,Apartment,18,1868.01,513250.83,Sold,C1958,274.7580741002457
200187,20,2025-01-01,Apartment,20,1110.23,323595.45,Sold,C0304,291.46703836142063
200199,20,2025-01-01,Apartment,24,1188.07,377107.87,Sold,C0572,317.4121642664153
200259,20,2025-01-01,Apartment,30,1703.94,521182.71,Sold,C0952,305.8691679284482
200303,20,2025-01-01,Apartment,33,630.53,168406.6,Sold,C1926,267.08737094190604
200376,20,2025-01-01,Apartment,40,428.03,129284.34,Available,,302.04504357171226
200443,20,2025-01-01,Office,50,493.06,136987.43,Sold,C1163,277.8311564515475
200461,20,2025-01-01,Apartment,51,1062.33,365691.35,Sold,C0103,344.2351717451263
200465,20,2025-01-01,Apartment,52,1634.67,451642.29,Sold,C1419,276.28958138339846
990019,5,2025-01-01,Apartment,16,798.5,234032.88,Available,,293.0906449592987
1016,1,2025-02-01,Apartment,16,782.25,224076.84,Sold,C0016,286.4516970278044
1049,1,2025-02-01,Apartment,49,1375.45,467083.31,Sold,C0087,339.5858155512741
2046,2,2025-02-01,Apartment,46,928.16,253831.02,Sold,C0018,273.4776547147044
3029,3,2025-02-01,Apartment,29,1127.76,310831.21,Sold,C0017,275.6182255089736
3059,3,2025-02-01,Apartment,59,1171.55,367976.46,Sold,C0093,314.0936878494303
5020,5,2025-02-01,Apartment,20,1273.55,349865.22,Available,,274.71651682305367
10090,1,2025-02-01,Apartment,12,621.14,170047.61,Sold,C1613,273.76696074958943
10124,1,2025-02-01,Office,15,765.0,220409.41,Sold,C1420,288.11687581699346
10143,1,2025-02-01,Apartment,18,716.85,234207.26,Sold,C1052,326.7172490758178
10144,1,2025-02-01,Apartment,18,716.85,254207.29,Available,,354.6171305014996
10173,1,2025-02-01,Apartment,22,740.83,235996.49,Sold,C1117,318.55687539651467
10202,1,2025-02-01,Apartment,24,1146.11,330642.27,Sold,C1694,288.4908691137849
10223,1,2025-02-01,Apartment,26,828.98,257018.21,Sold,C1004,310.0415088421916
10227,1,2025-02-01,Apartment,26,828.98,253333.84,Available,,305.59704697338896
10250,1,2025-02-01,Office,29,757.2,212438.42,Sold,C0294,280.5578711040676
10282,1,2025-02-01,Office,30,753.29,213710.41,Sold,C0094,283.7027041378486
10290,1,2025-02-01,Apartment,31,619.78,185249.68,Sold,C0173,298.8958662751299
10317,1,2025-02-01,Apartment,34,1469.14,382707.57,Sold,C1805,260.49768572089795
10358,1,2025-02-01,Office,39,742.93,251029.99,Sold,C0088,337.8918471457607
10361,1,2025-02-01,Apartment,39,742.93,215537.99,Available,,290.1188402675891
10368,1,2025-02-01,Apartment,41,835.25,246579.07,Sold,C1476,295.2158874588447
20027,2,2025-02-01,Apartment,3,645.84,169113.16,Sold,C0015,261.849931871671
20111,2,2025-02-01,Apartment,13,782.33,239666.38,Available,,306.34946889420064
20135,2,2025-02-01,Apartment,16,1117.38,390742.56,Available,,349.6953229877033
20153,2,2025-02-01,Apartment,18,784.76,244660.43,Sold,C0433,311.76465416178195
20171,2,2025-02-01,Apartment,20,727.55,205668.1,Available,,282.68586351453513
20212,2,2025-02-01,Apartment,24,785.12,235049.47,Sold,C0752,299.38031128999387
20239,2,2025-02-01,Office,26,1577.79,487791.17,Sold,C1764,309.16102269630306
20268,2,2025-02-01,Apartment,32,925.63,240269.82,Sold,C0399,259.5743655672353
20279,2,2025-02-01,Apartment,33,931.4,305773.57,Sold,C1120,328.29457805454155
20296,2,2025-02-01,Apartment,35,1391.68,407027.74,Sold,C1585,292.47222062543113
20303,2,2025-02-01,Apartment,35,1391.68,454375.43,Sold,C0682,326.49418688204184
20305,2,2025-02-01,Office,36,641.72,178222.98,Sold,C0481,277.72701489746305
20347,2,2025-02-01,Apartment,41,654.93,197579.07,Sold,C0208,301.67967569053184
20357,2,2025-02-01,Apartment,42,786.45,273717.69,Sold,C1631,348.0420751478161
20404,2,2025-02-01,Apartment,47,708.32,232033.87,Sold,C1326,327.5833945109555
20410,2,2025-02-01,Apartment,47,708.32,169534.41,Sold,C1863,239.3472018296815
20411,2,2025-02-01,Apartment,47,708.32,220615.2,Sold,C1034,311.462615766885
20423,2,2025-02-01,Apartment,48,788.44,232961.9,Sold,C1473,295.4719445994622
30055,3,2025-02-01,Apartment,6,668.89,191680.58,Available,,286.56517514090507
30058,3,2025-02-01,Apartment,7,744.01,186193.1,Available,,250.25617935242806
30094,3,2025-02-01,Apartment,9,1125.84,354725.76,Sold,C1471,315.07652952462166
30113,3,2025-02-01,Apartment,10,784.09,239494.9,Available,,305.4431251514494
30141,3,2025-02-01,Apartment,14,788.59,232882.7,Sold,C1423,295.3153096032159
30154,3,2025-02-01,Office,17,937.24,360341.5,Sold,C1193,384.4708932610644
30200,3,2025-02-01,Office,21,1122.15,317794.58,Available,,283.20151494898187
30201,3,2025-02-01,Apartment,21,1122.15,388570.89,Sold,C0139,346.27357305173103
30218,3,2025-02-01,Office,25,765.56,249123.19,Sold,C1071,325.41301792152154
30266,3,2025-02-01,Apartment,29,666.0,232418.01,Available,,348.975990990991
30273,3,2025-02-01,Apartment,30,796.57,261361.16,Sold,C1394,328.10821396738515
30283,3,2025-02-01,Apartment,34,768.76,227965.28,Sold,C0201,296.53634424267653
30381,3,2025-02-01,Apartment,46,1599.81,526063.15,Sold,C0451,328.82851713640997
30399,3,2025-02-01,Apartment,49,1174.48,342590.98,Sold,C0664,291.69588243307675
30451,3,2025-02-01,Apartment,52,1361.9,489316.52,Sold,C0997,359.2896101035318
30477,3,2025-02-01,Apartment,56,1179.42,295003.43,Sold,C0808,250.12584999406485
30479,3,2025-02-01,Apartment,56,1179.42,324029.03,Available,,274.7359125671941
40074,4,2025-02-01,Apartment,9,792.66,215782.79,Available,,272.2261625413166
40100,4,2025-02-01,Apartment,13,809.06,199578.85,Sold,C1181,246.679912491039
40106,4,2025-02-01,Apartment,13,809.06,251590.54,Available,,310.9664796183225
40140,4,2025-02-01,Apartment,17,780.68,223765.97,Sold,C1225,286.6295665317416
40169,4,2025-02-01,Apartment,21,801.66,258574.46,Sold,C0740,322.5487862684929
40201,4,2025-02-01,Apartment,25,1310.16,438877.49,Available,,334.98007113634975
40229,4,2025-02-01,Apartment,26,790.05,261614.9,Sold,C0051,331.13714321878365
40272,4,2025-02-01,Apartment,31,793.1,281815.97,Sold,C1743,355.33472449880213
40349,4,2025-02-01,Apartment,42,738.34,256968.41,Sold,C1353,348.03533602405395
40355,4,2025-02-01,Apartment,43,1616.99,522854.67,Sold,C0178,323.35058967587923
40356,4,2025-02-01,Apartment,43,1616.99,441147.68,Sold,C1492,272.82028955033735
40386,4,2025-02-01,Apartment,45,1160.48,315150.92,Available,,271.5694540190266
50018,5,2025-02-01,Apartment,4,799.1,236524.71,Sold,C0426,295.9888749843574
50027,5,2025-02-01,Apartment,5,821.43,268385.32,Available,,326.7293865575886
50037,5,2025-02-01,Apartment,8,782.15,201120.11,Available,,257.13751837882756
50038,5,2025-02-01,Apartment,8,782.15,248699.46,Sold,C0519,317.96900850220544
50053,5,2025-02-01,Apartment,9,793.56,253517.9,Sold,C1849,319.46910126518475
50056,5,2025-02-01,Apartment,9,793.56,252929.91,Available,,318.7281491002571
50080,5,2025-02-01,Apartment,10,629.27,180268.05,Sold,C0424,286.4717053093267
50098,5,2025-02-01,Apartment,12,787.5,233010.15,Sold,C0665,295.8859047619048
50116,5,2025-02-01,Apartment,15,1050.95,330647.39,Sold,C1409,314.61762215138685
50123,5,2025-02-01,Apartment,15,1050.95,320250.05,Sold,C1378,304.7243446405633
50124,5,2025-02-01,Apartment,15,1050.95,338565.22,Sold,C0809,322.15159617488933
50168,5,2025-02-01,Apartment,22,1059.78,313882.7,Sold,C0594,296.1772254618883
50180,5,2025-02-01,Office,23,1006.65,286546.53,Sold,C1116,284.6535836686038
50193,5,2025-02-01,Apartment,24,807.02,281449.31,Sold,C1478,348.7513444524299
50201,5,2025-02-01,Apartment,26,1272.4,363278.34,Sold,C0616,285.50639735932094
50223,5,2025-02-01,Apartment,29,786.28,237733.07,Available,,302.3516686167778
50308,5,2025-02-01,Apartment,41,630.83,166623.49,Sold,C1845,264.13374443193885
50313,5,2025-02-01,Apartment,41,630.83,181139.35,Available,,287.1444763248419
50371,5,2025-02-01,Apartment,45,608.89,181792.91,Sold,C0671,298.5644533495377
50405,5,2025-02-01,Apartment,47,1241.14,371938.81,Sold,C1248,299.6751454308136
50444,5,2025-02-01,Office,52,1755.18,549519.31,Available,,313.08430474367304
60055,6,2025-02-01,Apartment,5,1617.43,543286.73,Available,,335.8950495539219
60119,6,2025-02-01,Apartment,10,942.08,216531.18,Sold,C0578,229.8437287703804
60138,6,2025-02-01,Apartment,12,1678.17,447904.01,Sold,C0317,266.90026040270055
60209,6,2025-02-01,Apartment,20,1897.17,634070.07,Sold,C1564,334.2188997295972
60254,6,2025-02-01,Apartment,26,1538.47,473238.41,Sold,C0591,307.6032746819892
60275,6,2025-02-01,Apartment,30,552.59,153396.33,Sold,C1453,277.59519716245313
60296,6,2025-02-01,Apartment,33,1131.0,325206.04,Available,,287.53849690539346
60332,6,2025-02-01,Apartment,37,1721.96,492821.75,Sold,C1875,286.19814049106833
60388,6,2025-02-01,Apartment,44,842.69,258741.18,Available,,307.04194899666544
60407,6,2025-02-01,Office,49,1167.52,322088.43,Sold,C0926,275.8740150061669
60410,6,2025-02-01,Apartment,49,1167.52,414385.38,Available,,354.92786419076333
60417,6,2025-02-01,Apartment,51,1476.63,427031.5,Available,,289.1932982534555
60445,6,2025-02-01,Apartment,53,1170.96,342357.64,Sold,C0078,292.37347133975544
60464,6,2025-02-01,Apartment,54,1633.19,474954.11,Sold,C0142,290.813751002639
70014,7,2025-02-01,Apartment,3,888.5,247222.26,Sold,C0401,278.2467754642656
70111,7,2025-02-01,Apartment,15,602.92,198180.92,Sold,C0203,328.70185099183976
70116,7,2025-02-01,Apartment,15,602.92,168489.9,Available,,279.456478471439
70120,7,2025-02-01,Office,15,602.92,170552.15,Sold,C0625,282.8769156770384
70125,7,2025-02-01,Apartment,15,602.92,165907.49,Sold,C1101,275.17330657466994
70175,7,2025-02-01,Apartment,20,1160.82,373814.11,Available,,322.02590410227253
70265,7,2025-02-01,Office,30,1237.23,384080.49,Available,,310.43580417545644
70292,7,2025-02-01,Apartment,35,613.21,171388.38,Sold,C1635,279.49377864027
70315,7,2025-02-01,Apartment,38,1755.26,520127.02,Sold,C0442,296.32477239839113
70389,7,2025-02-01,Apartment,44,1859.83,553756.62,Sold,C0247,297.74582623142976
70418,7,2025-02-01,Apartment,49,1383.05,415154.19,Sold,C1744,300.1729438559705
70425,7,2025-02-01,Office,49,1383.05,434241.53,Available,,313.9738476555439
70439,7,2025-02-01,Office,51,648.27,175097.75,Sold,C1292,270.1000354790442
70466,7,2025-02-01,Apartment,54,1940.69,507423.55,Sold,C1861,261.46553545388497
70467,7,2025-02-01,Apartment,55,601.23,189501.07,Sold,C0782,315.1889792591853
80055,8,2025-02-01,Apartment,5,887.23,272174.29,Sold,C0045,306.7685831182444
80062,8,2025-02-01,Apartment,6,1370.17,430340.07,Available,,314.0778662501733
80073,8,2025-02-01,Apartment,8,1552.34,495541.93,Sold,C0299,319.2225478954353
80102,8,2025-02-01,Office,12,1430.46,527730.49,Sold,C0690,368.9236259664723
80104,8,2025-02-01,Apartment,13,660.3,205786.97,Sold,C0837,311.65677722247466
80106,8,2025-02-01,Apartment,13,660.3,187336.3,Available,,283.71391791609875
80110,8,2025-02-01,Apartment,14,685.93,190406.88,Available,,277.58937500911173
80117,8,2025-02-01,Office,14,685.93,210058.02,Sold,C1908,306.23827504264284
80170,8,2025-02-01,Apartment,22,1495.57,406648.6,Sold,C1812,271.90208415520505
80174,8,2025-02-01,Apartment,23,1114.67,301038.15,Available,,270.0693030224192
80222,8,2025-02-01,Apartment,29,1848.51,591360.76,Available,,319.9121238186431
80248,8,2025-02-01,Apartment,31,1253.18,352347.86,Sold,C0208,281.16300930432976
80267,8,2025-02-01,Apartment,32,1410.88,448837.59,Available,,318.1259852007258
80287,8,2025-02-01,Apartment,33,1809.87,489564.98,Sold,C0249,270.49731748689135
80304,8,2025-02-01,Apartment,36,673.86,200870.54,Available,,298.08942510313716
80315,8,2025-02-01,Apartment,37,890.65,231059.65,Sold,C1326,259.428114298546
80316,8,2025-02-01,Apartment,37,890.65,284422.16,Sold,C0400,319.3422332004715
80380,8,2025-02-01,Apartment,45,1185.72,316429.2,Sold,C1375,266.86671389535474
80409,8,2025-02-01,Apartment,47,543.08,143682.52,Sold,C0031,264.56971348604253
80428,8,2025-02-01,Office,49,1081.0,362667.03,Available,,335.4921646623497
80451,8,2025-02-01,Apartment,53,1891.72,527612.39,Sold,C0638,278.9061753325016
80459,8,2025-02-01,Apartment,54,1699.02,536046.25,Sold,C1466,315.5032018457699
80473,8,2025-02-01,Apartment,55,1300.05,385361.66,Sold,C1566,296.42064535979387
80481,8,2025-02-01,Apartment,56,1874.7,561295.7,Available,,299.40561156451696
90053,9,2025-02-01,Apartment,9,1391.22,410603.84,Available,,295.13940282629636
90060,9,2025-02-01,Apartment,11,559.6,179388.02,Available,,320.564724803431
90066,9,2025-02-01,Apartment,12,952.38,277070.0,Sold,C0812,290.92379092379093
90075,9,2025-02-01,Apartment,12,952.38,280193.32,Sold,C1781,294.2032802032802
90080,9,2025-02-01,Apartment,12,952.38,287245.48,Sold,C1532,301.60805560805557
90133,9,2025-02-01,Apartment,21,1261.65,382547.93,Available,,303.21240439107515
90161,9,2025-02-01,Apartment,25,1904.38,729836.68,Available,,383.2410968399164
90167,9,2025-02-01,Apartment,26,1038.39,312442.45,Sold,C1086,300.8912354702953
90168,9,2025-02-01,Apartment,26,1038.39,335383.02,Sold,C0766,322.98367665328055
90242,9,2025-02-01,Apartment,34,1577.36,481949.2,Sold,C1591,305.5416645534311
90375,9,2025-02-01,Apartment,44,1351.57,362893.07,Sold,C0097,268.4974289160014
90402,9,2025-02-01,Apartment,48,1264.94,312096.7,Sold,C1525,246.7284614290006
90415,9,2025-02-01,Apartment,53,599.72,171267.91,Sold,C0964,285.57978723404256
90433,9,2025-02-01,Apartment,55,1182.51,295744.88,Sold,C1964,250.09926343117607
90434,9,2025-02-01,Apartment,55,1182.51,332249.26,Sold,C0262,280.9695139998816
90459,9,2025-02-01,Office,57,1198.57,441154.94,Sold,C1704,368.06773071243236
90497,9,2025-02-01,Apartment,58,838.34,301410.9,Sold,C1705,359.53300570174395
90529,9,2025-02-01,Apartment,62,1263.44,357655.99,Sold,C1490,283.0811039701133
90531,9,2025-02-01,Apartment,62,1263.44,380051.12,Available,,300.8066231874881
100017,10,2025-02-01,Apartment,4,1765.37,596435.43,Sold,C1261,337.85293168004443
100056,10,2025-02-01,Office,6,842.66,266868.89,Sold,C0350,316.698181947642
100062,10,2025-02-01,Apartment,8,1054.86,265540.4,Sold,C1637,251.7304666022032
100091,10,2025-02-01,Apartment,11,1675.44,516067.93,Sold,C0747,308.0193441722771
100093,10,2025-02-01,Office,11,1675.44,464815.25,Sold,C0824,277.4287649811393
100119,10,2025-02-01,Office,15,1948.32,594434.15,Available,,305.100881785333
100147,10,2025-02-01,Apartment,19,948.04,361049.96,Sold,C0384,380.83831905826764
100195,10,2025-02-01,Apartment,26,1294.85,326351.74,Sold,C1949,252.0382592578291
100221,10,2025-02-01,Apartment,27,777.35,242708.74,Sold,C0499,312.2258184858815
100223,10,2025-02-01,Apartment,27,777.35,247387.97,Sold,C0089,318.24528204798355
100233,10,2025-02-01,Apartment,28,1606.58,526465.62,Sold,C0749,327.6933735014752
100348,10,2025-02-01,Office,42,1757.51,490529.51,Sold,C1840,279.1048187492532
100383,10,2025-02-01,Apartment,44,1224.71,375810.64,Sold,C0553,306.85683957834914
110062,11,2025-02-01,Office,7,1734.79,406298.92,Sold,C0718,234.20639962185624
110099,11,2025-02-01,Apartment,10,1519.64,440930.72,Sold,C0899,290.1547208549393
110123,11,2025-02-01,Apartment,13,474.93,126637.08,Available,,266.64367380456065
110146,11,2025-02-01,Apartment,15,1385.68,395511.02,Available,,285.4273858322268
110194,11,2025-02-01,Apartment,23,1098.83,385857.81,Sold,C0404,351.1533267202388
110202,11,2025-02-01,Apartment,24,1481.82,498779.18,Sold,C0126,336.59903362081764
110241,11,2025-02-01,Office,29,993.51,267233.83,Sold,C1606,268.9795070004328
110258,11,2025-02-01,Apartment,31,1232.68,354022.3,Available,,287.1972450270954
110262,11,2025-02-01,Apartment,32,1285.87,337448.81,Sold,C1938,262.42840256013443
110287,11,2025-02-01,Apartment,34,680.07,190843.28,Sold,C1867,280.6229946917229
110303,11,2025-02-01,Office,37,1368.16,390611.21,Sold,C1543,285.50111829025843
110305,11,2025-02-01,Apartment,37,1368.16,451310.88,Available,,329.86703309554434
110330,11,2025-02-01,Office,39,1816.63,460780.85,Sold,C1056,253.6459543220138
110334,11,2025-02-01,Apartment,40,638.97,187291.27,Sold,C0584,293.1143402663661
110339,11,2025-02-01,Apartment,42,808.59,278521.93,Sold,C1092,344.4538393994484
110341,11,2025-02-01,Apartment,42,808.59,225455.98,Sold,C0366,278.8260799663612
110343,11,2025-02-01,Apartment,42,808.59,246266.66,Sold,C1872,304.563078939883
110347,11,2025-02-01,Apartment,42,808.59,180903.98,Sold,C0425,223.72769883377237
110349,11,2025-02-01,Apartment,42,808.59,234941.79,Sold,C0624,290.5573776574036
110403,11,2025-02-01,Apartment,48,661.7,201779.65,Sold,C0220,304.94128759256455
110422,11,2025-02-01,Apartment,50,948.72,268278.37,Sold,C0177,282.7792920988279
110446,11,2025-02-01,Apartment,52,1397.58,513689.05,Available,,367.5560969676155
110467,11,2025-02-01,Apartment,55,1713.32,495437.61,Sold,C1090,289.1681705694208
120007,12,2025-02-01,Apartment,1,839.95,296060.71,Sold,C1014,352.4742067980237
120158,12,2025-02-01,Office,18,1702.66,673008.78,Sold,C0944,395.2690378584098
120164,12,2025-02-01,Office,18,1702.66,634835.96,Available,,372.84951781330386
120179,12,2025-02-01,Apartment,20,1802.21,596353.18,Sold,C1544,330.9010492672885
120225,12,2025-02-01,Apartment,24,1306.75,363577.18,Available,,278.23009757030803
120253,12,2025-02-01,Apartment,27,871.52,256747.85,Sold,C1854,294.59777170919773
120256,12,2025-02-01,Apartment,27,871.52,291656.08,Sold,C0792,334.6521938681843
120346,12,2025-02-01,Apartment,38,1157.23,356613.57,Available,,308.161359453177
120354,12,2025-02-01,Office,38,1157.23,412809.69,Sold,C0484,356.72225054656377
130017,13,2025-02-01,Apartment,1,1899.92,552644.49,Available,,290.8777685376226
130091,13,2025-02-01,Apartment,11,1678.3,523310.82,Available,,311.8100577965799
130146,13,2025-02-01,Apartment,17,1278.95,407835.54,Sold,C0413,318.8830994174909
130189,13,2025-02-01,Office,20,516.72,162335.17,Sold,C1669,314.164673324044
130232,13,2025-02-01,Apartment,27,885.68,292667.0,Sold,C1699,330.44327522355707
130255,13,2025-02-01,Apartment,30,1777.51,533306.66,Sold,C0554,300.03018829711226
130291,13,2025-02-01,Apartment,33,1445.84,438504.35,Sold,C0957,303.28691279809664
130313,13,2025-02-01,Apartment,34,1557.0,377174.02,Sold,C1057,242.2440719332049
130314,13,2025-02-01,Apartment,35,1867.34,524863.71,Sold,C1522,281.0755995158889
130336,13,2025-02-01,Apartment,37,1555.67,503083.73,Sold,C0421,323.3871772291038
130338,13,2025-02-01,Apartment,38,656.42,214023.32,Sold,C0856,326.04631181255905
130349,13,2025-02-01,Apartment,38,656.42,180340.51,Sold,C1498,274.7334176289571
130351,13,2025-02-01,Apartment,38,656.42,211245.25,Available,,321.814158617958
130463,13,2025-02-01,Apartment,53,968.77,244847.22,Sold,C1022,252.74029955510596
130465,13,2025-02-01,Office,53,968.77,326702.9,Sold,C0828,337.2347409601867
130479,13,2025-02-01,Apartment,55,710.41,197075.07,Sold,C0004,277.4103264312158
130488,13,2025-02-01,Apartment,56,606.9,173524.87,Sold,C0521,285.92003624979407
130578,13,2025-02-01,Apartment,67,524.97,162549.19,Sold,C1298,309.635198201802
140005,14,2025-02-01,Apartment,2,922.7,297571.83,Available,,322.50117047794515
140019,14,2025-02-01,Apartment,4,1797.81,599434.98,Available,,333.4251005389891
140091,14,2025-02-01,Apartment,12,459.44,136551.67,Sold,C1918,297.2132813860352
140148,14,2025-02-01,Apartment,16,915.37,263773.21,Sold,C1600,288.1602084403028
140166,14,2025-02-01,Apartment,17,686.6,192542.32,Sold,C0071,280.42866297698805
140198,14,2025-02-01,Apartment,22,1148.66,425275.93,Sold,C1466,370.2365626033813
140240,14,2025-02-01,Apartment,27,1866.49,517052.17,Available,,277.018451746326
140249,14,2025-02-01,Apartment,29,1618.34,475030.73,Sold,C1195,293.52962294697033
140252,14,2025-02-01,Apartment,29,1618.34,476326.35,Sold,C1011,294.3302087324048
140255,14,2025-02-01,Apartment,29,1618.34,518926.42,Sold,C0414,320.6535215096951
140313,14,2025-02-01,Apartment,37,1469.73,436673.97,Available,,297.1116939846094
140366,14,2025-02-01,Apartment,44,840.77,257084.92,Sold,C1071,305.7731841050466
140387,14,2025-02-01,Apartment,47,917.53,265736.45,Sold,C1611,289.6215382603294
140398,14,2025-02-01,Office,48,1941.78,587630.43,Sold,C0766,302.6246176188858
140433,14,2025-02-01,Apartment,51,1346.3,426811.39,Sold,C1400,317.02546980613533
140469,14,2025-02-01,Apartment,55,1415.9,472750.27,Sold,C1337,333.8867646020199
150033,15,2025-02-01,Apartment,5,769.6,227720.97,Sold,C1681,295.8952312889813
150035,15,2025-02-01,Apartment,5,769.6,232747.31,Available,,302.42633835758835
150057,15,2025-02-01,Office,9,565.48,180509.34,Sold,C1419,319.21436655584637
150149,15,2025-02-01,Apartment,18,567.74,204975.53,Sold,C0808,361.0376756966217
150181,15,2025-02-01,Apartment,23,1279.23,358223.33,Sold,C1262,280.0304323694723
150186,15,2025-02-01,Apartment,23,1279.23,413166.71,Sold,C0276,322.98078531616676
150206,15,2025-02-01,Apartment,24,924.36,318156.13,Sold,C0165,344.1907157384569
150245,15,2025-02-01,Apartment,29,1748.18,508674.8,Sold,C1228,290.97392716997103
150310,15,2025-02-01,Apartment,35,745.49,202307.22,Sold,C0579,271.3748272947994
150329,15,2025-02-01,Apartment,38,585.57,163782.67,Available,,279.6978499581604
150333,15,2025-02-01,Office,38,585.57,207212.83,Available,,353.86517410386455
150344,15,2025-02-01,Apartment,40,982.37,292030.79,Sold,C1225,297.27168989281023
150351,15,2025-02-01,Apartment,42,1298.37,364634.43,Available,,280.84015342313825
150408,15,2025-02-01,Apartment,51,1689.08,461101.0,Sold,C0118,272.98943803727474
150419,15,2025-02-01,Apartment,52,829.2,259423.47,Sold,C0410,312.8599493487699
150467,15,2025-02-01,Apartment,56,939.93,281265.09,Available,,299.24046471545756
150506,15,2025-02-01,Apartment,60,1033.2,324615.74,Sold,C1943,314.184804490902
150513,15,2025-02-01,Office,60,1033.2,340778.92,Sold,C1501,329.82861014324425
160043,16,2025-02-01,Apartment,6,1062.34,401252.51,Sold,C0490,377.7062993015419
160062,16,2025-02-01,Apartment,8,986.18,271891.69,Sold,C0546,275.70189012147887
160066,16,2025-02-01,Apartment,8,986.18,302579.35,Available,,306.81959682816523
160078,16,2025-02-01,Apartment,9,1524.04,450533.33,Sold,C1909,295.6177856224246
160111,16,2025-02-01,Apartment,11,1288.42,375916.09,Sold,C1347,291.76517750423
160117,16,2025-02-01,Apartment,12,549.98,153033.12,Sold,C0157,278.2521546238045
160191,16,2025-02-01,Apartment,23,594.14,177597.95,Available,,298.91599622984484
160206,16,2025-02-01,Apartment,26,1458.08,386781.39,Available,,265.26760534401404
160251,16,2025-02-01,Apartment,29,489.49,139220.68,Sold,C1358,284.4198655743733
160265,16,2025-02-01,Apartment,32,431.76,122072.19,Available,,282.73158699277377
160282,16,2025-02-01,Apartment,33,881.17,246388.55,Available,,279.61522748164373
160288,16,2025-02-01,Apartment,34,743.19,228152.13,Sold,C0188,306.990312033262
160327,16,2025-02-01,Apartment,38,431.83,141982.12,Sold,C1878,328.79170043767226
160348,16,2025-02-01,Apartment,41,1001.72,301088.09,Sold,C1588,300.57110769476503
160351,16,2025-02-01,Apartment,41,1001.72,282183.87,Available,,281.6993471229485
160355,16,2025-02-01,Apartment,41,1001.72,343497.51,Sold,C1240,342.9077087409655
170062,17,2025-02-01,Apartment,8,1297.3,367286.05,Sold,C0231,283.1157403838742
170078,17,2025-02-01,Apartment,10,1059.07,331410.45,Available,,312.9259161339666
170086,17,2025-02-01,Apartment,10,1059.07,243250.45,Available,,229.68307099625144
170090,17,2025-02-01,Apartment,11,596.22,181421.79,Sold,C1835,304.28665593237395
170119,17,2025-02-01,Apartment,14,1646.02,545914.63,Available,,331.657349242415
170140,17,2025-02-01,Apartment,16,1693.0,504379.44,Available,,297.9205197873597
170226,17,2025-02-01,Apartment,26,929.59,317758.61,Sold,C0597,341.8266224894846
170231,17,2025-02-01,Apartment,27,677.24,213538.13,Available,,315.3064349418227
170250,17,2025-02-01,Apartment,28,1201.04,408993.51,Sold,C0212,340.53279657630054
170350,17,2025-02-01,Apartment,45,1574.3,441706.47,Sold,C0723,280.57325160388746
170357,17,2025-02-01,Office,46,1582.61,425502.86,Sold,C1125,268.861475663619
170375,17,2025-02-01,Apartment,46,1582.61,382955.82,Available,,241.9773791395227
180026,18,2025-02-01,Apartment,3,524.48,170571.14,Sold,C0549,325.21953172666264
180055,18,2025-02-01,Apartment,6,840.25,237460.8,Sold,C1970,282.60731925022316
180073,18,2025-02-01,Apartment,9,894.92,219920.56,Sold,C0143,245.74326196755018
180075,18,2025-02-01,Apartment,9,894.92,293067.82,Sold,C0240,327.47935010950704
180078,18,2025-02-01,Apartment,10,1111.43,273871.34,Available,,246.41348532971037
180129,18,2025-02-01,Apartment,17,1195.81,363575.75,Sold,C0763,304.0414028984538
180164,18,2025-02-01,Apartment,22,1108.09,366169.68,Available,,330.45120883682733
180197,18,2025-02-01,Apartment,25,911.94,297415.23,Available,,326.13464701625105
180240,18,2025-02-01,Apartment,30,1795.66,562818.96,Sold,C0013,313.4329215998574
180249,18,2025-02-01,Apartment,30,1795.66,499251.91,Available,,278.03253956762416
180251,18,2025-02-01,Apartment,30,1795.66,526416.26,Sold,C0351,293.1603198823831
180275,18,2025-02-01,Apartment,33,1191.96,334939.3,Sold,C0181,280.99877512668206
180279,18,2025-02-01,Apartment,35,799.05,242910.33,Sold,C1759,303.99891120705837
180340,18,2025-02-01,Apartment,38,1219.8,346043.52,Available,,283.68873585833745
180374,18,2025-02-01,Apartment,42,1045.42,344722.4,Sold,C0515,329.7453654990339
180420,18,2025-02-01,Apartment,48,564.59,200099.0,Sold,C0428,354.4147080182079
180496,18,2025-02-01,Apartment,55,930.04,263674.47,Sold,C0701,283.5087415595028
180502,18,2025-02-01,Apartment,55,930.04,278811.89,Sold,C1344,299.7848372113028
180512,18,2025-02-01,Apartment,57,636.39,203193.41,Sold,C0587,319.29070224233567
180541,18,2025-02-01,Apartment,61,1019.7,315923.54,Sold,C0659,309.82008433853093
180542,18,2025-02-01,Office,61,1019.7,261651.11,Sold,C1169,256.59616553888395
180573,18,2025-02-01,Office,66,1631.24,486354.46,Sold,C0906,298.1501557097668
190041,19,2025-02-01,Apartment,7,973.6,307421.87,Sold,C0307,315.757877978636
190051,19,2025-02-01,Office,8,974.77,315031.62,Sold,C0136,323.1855924987433
190089,19,2025-02-01,Apartment,13,766.61,196028.29,Available,,255.70797406764848
190100,19,2025-02-01,Apartment,14,630.47,215726.19,Sold,C0128,342.1672561739654
190102,19,2025-02-01,Apartment,14,630.47,213497.85,Sold,C1451,338.63284533760526
190120,19,2025-02-01,Apartment,16,1711.98,467106.95,Available,,272.846032079814
190123,19,2025-02-01,Apartment,17,574.75,209680.44,Available,,364.8202522836016
190131,19,2025-02-01,Apartment,18,1599.44,426712.1,Available,,266.7884384534587
190199,19,2025-02-01,Apartment,24,620.51,182623.67,Available,,294.3122109232728
190205,19,2025-02-01,Apartment,25,996.38,305412.4,Sold,C1042,306.5220096750236
190238,19,2025-02-01,Apartment,28,1599.78,436128.05,Sold,C1174,272.6175161584718
190265,19,2025-02-01,Office,30,673.27,197900.76,Sold,C1836,293.93966759249633
190281,19,2025-02-01,Office,32,1048.61,327521.14,Sold,C0070,312.3383717492681
190282,19,2025-02-01,Apartment,33,1454.84,503290.73,Sold,C0339,345.9423235544802
190299,19,2025-02-01,Apartment,35,1099.62,327921.89,Sold,C1853,298.21382841345195
190314,19,2025-02-01,Apartment,37,1565.26,533438.18,Available,,340.79844882000435
190388,19,2025-02-01,Apartment,44,982.8,310988.41,Sold,C1393,316.4310236060236
190404,19,2025-02-01,Apartment,46,1926.19,611112.1,Sold,C1235,317.264703897331
190420,19,2025-02-01,Apartment,48,851.11,266270.58,Sold,C1034,312.8509593354561
200020,20,2025-02-01,Apartment,2,1669.84,503401.23,Sold,C0283,301.4667453169166
200043,20,2025-02-01,Apartment,5,802.5,257463.69,Available,,320.8270280373832
200047,20,2025-02-01,Apartment,5,802.5,239207.88,Available,,298.07835514018694
200087,20,2025-02-01,Office,12,856.15,273895.07,Sold,C1089,319.91481632891436
200096,20,2025-02-01,Apartment,13,1587.57,406942.26,Available,,256.33027834993106
200138,20,2025-02-01,Apartment,17,1089.33,341503.37,Sold,C1397,313.4985449771878
200217,20,2025-02-01,Apartment,26,1941.62,619157.65,Sold,C1399,318.88714063513976
200310,20,2025-02-01,Apartment,33,630.53,187899.97,Available,,298.0032195137424
200412,20,2025-02-01,Apartment,47,590.12,164834.69,Sold,C1567,279.324018843625
200460,20,2025-02-01,Apartment,51,1062.33,315514.31,Sold,C1323,297.00216505229076
200474,20,2025-02-01,Apartment,54,589.61,189747.29,Available,,321.8183036244297
200495,20,2025-02-01,Apartment,57,445.15,140335.17,Sold,C0598,315.2536673031563
1022,1,2025-03-01,Apartment,22,743.09,210745.17,Sold,C0005,283.606521417325
1044,1,2025-03-01,Apartment,44,827.87,229464.71,Sold,C0094,277.1748100547187
2027,2,2025-03-01,Apartment,27,785.48,247739.44,Sold,C0007,315.3987880022407
2037,2,2025-03-01,Apartment,37,723.83,229581.78,Sold,C0051,317.17638119447935
4024,4,2025-03-01,Apartment,24,1121.95,372001.7,Sold,C0139,331.5670930077098
4034,4,2025-03-01,Apartment,34,794.52,243052.59,Sold,C0114,305.91122942153754
5022,5,2025-03-01,Apartment,22,798.28,287466.41,Sold,C0072,360.1072430726061
5030,5,2025-03-01,Apartment,30,1057.92,357538.2,Sold,C0130,337.9633620689655
10006,1,2025-03-01,Apartment,2,715.67,223171.15,Sold,C0183,311.83527324046
10010,1,2025-03-01,Apartment,2,715.67,215269.12,Sold,C1854,300.793829558316
10015,1,2025-03-01,Apartment,3,788.73,269440.75,Sold,C0142,341.61341650501436
10047,1,2025-03-01,Apartment,5,753.87,216862.53,Sold,C0195,287.6656850650643
10053,1,2025-03-01,Apartment,7,758.88,243318.88,Sold,C1207,320.62892683955306
10059,1,2025-03-01,Apartment,7,758.88,261397.12,Sold,C0186,344.4511912291798
10083,1,2025-03-01,Office,11,1429.46,510261.37,Sold,C0844,356.96092930197415
10096,1,2025-03-01,Apartment,13,719.47,226445.32,Sold,C0185,314.739071816754
10138,1,2025-03-01,Apartment,17,608.25,192041.76,Available,,315.7283353884094
10147,1,2025-03-01,Apartment,19,773.17,218014.0,Available,,281.97421007023036
10204,1,2025-03-01,Apartment,24,1146.11,411828.28,Sold,C0956,359.3270104963747
10246,1,2025-03-01,Apartment,29,757.2,256617.65,Sold,C0445,338.90339408346534
10302,1,2025-03-01,Apartment,32,800.77,237300.35,Available,,296.340210047829
10422,1,2025-03-01,Apartment,49,629.24,200128.76,Available,,318.04837581844765
20013,2,2025-03-01,Apartment,2,788.72,260832.79,Sold,C0518,330.70391266862765
20031,2,2025-03-01,Office,3,645.84,201088.27,Available,,311.35926854948593
20043,2,2025-03-01,Apartment,5,933.95,284116.54,Sold,C0596,304.2095829541196
20129,2,2025-03-01,Apartment,15,1603.33,529448.55,Sold,C1660,330.2180773764603
20134,2,2025-03-01,Apartment,16,1117.38,313850.22,Sold,C0198,280.8804703860817
20185,2,2025-03-01,Apartment,21,921.38,267340.32,Sold,C1254,290.1520762334759
20195,2,2025-03-01,Apartment,22,653.41,214779.83,Sold,C0473,328.70606510460505
20213,2,2025-03-01,Apartment,24,785.12,252088.96,Available,,321.0833503158753
20260,2,2025-03-01,Apartment,30,786.4,251909.58,Sold,C0233,320.33262970498475
20301,2,2025-03-01,Apartment,35,1391.68,425215.43,Available,,305.54109421706136
20315,2,2025-03-01,Apartment,37,780.46,199200.35,Sold,C0891,255.2345411680291
20355,2,2025-03-01,Apartment,42,786.45,218343.57,Sold,C1319,277.6318519931337
20360,2,2025-03-01,Apartment,42,786.45,272617.43,Available,,346.6430542310382
20364,2,2025-03-01,Apartment,42,786.45,213633.08,Available,,271.6422913090469
20387,2,2025-03-01,Apartment,46,697.74,207424.44,Sold,C1308,297.28041964055376
20399,2,2025-03-01,Office,46,697.74,213454.35,Sold,C0827,305.92247828704103
20418,2,2025-03-01,Office,47,708.32,218276.55,Available,,308.1609300880957
20430,2,2025-03-01,Apartment,49,1617.9,507869.0,Sold,C1000,313.90629828790406
20463,2,2025-03-01,Apartment,55,579.26,181212.71,Sold,C1844,312.8348410040396
30003,3,2025-03-01,Apartment,1,689.75,204858.89,Sold,C1434,297.0045523740486
30007,3,2025-03-01,Apartment,1,689.75,221364.52,Sold,C0720,320.93442551649144
30014,3,2025-03-01,Apartment,1,689.75,172763.55,Sold,C1910,250.47270750271835
30017,3,2025-03-01,Apartment,1,689.75,196425.12,Sold,C1997,284.7772671257702
30045,3,2025-03-01,Office,5,701.19,217700.03,Sold,C1834,310.47224004905945
30050,3,2025-03-01,Apartment,5,701.19,191573.49,Sold,C0141,273.2119539639755
30102,3,2025-03-01,Apartment,9,1125.84,337104.83,Sold,C0939,299.42516698642794
30160,3,2025-03-01,Apartment,18,706.68,232965.64,Sold,C1524,329.662138450218
30161,3,2025-03-01,Apartment,18,706.68,205599.43,Sold,C1532,290.9371002433916
30220,3,2025-03-01,Apartment,25,765.56,200763.27,Available,,262.2436778306077
30226,3,2025-03-01,Office,26,923.9,304707.65,Sold,C1979,329.8058772594437
30236,3,2025-03-01,Apartment,27,1117.14,304737.66,Available,,272.78376926795204
30270,3,2025-03-01,Apartment,29,666.0,222047.97,Available,,333.40536036036036
30286,3,2025-03-01,Apartment,34,768.76,259647.03,Sold,C1463,337.74784067849527
30301,3,2025-03-01,Apartment,36,733.45,204902.86,Sold,C1083,279.3685459131502
30339,3,2025-03-01,Apartment,41,965.5,334240.7,Sold,C1780,346.1840497151735
30372,3,2025-03-01,Apartment,46,1599.81,433989.62,Sold,C0829,271.275726492521
30376,3,2025-03-01,Office,46,1599.81,568142.17,Sold,C1851,355.1310280595821
30409,3,2025-03-01,Apartment,49,1174.48,311720.22,Available,,265.4112628567536
30452,3,2025-03-01,Apartment,52,1361.9,373635.26,Sold,C1732,274.3485277920552
30454,3,2025-03-01,Office,53,567.84,177709.65,Sold,C0065,312.95725908706675
40036,4,2025-03-01,Apartment,4,783.03,181705.84,Sold,C0622,232.0547616310997
40060,4,2025-03-01,Apartment,5,786.98,232426.35,Available,,295.3395893161198
40083,4,2025-03-01,Apartment,11,802.79,255732.58,Sold,C1511,318.5547652561691
40086,4,2025-03-01,Apartment,11,802.79,199370.74,Sold,C1679,248.34731374332017
40107,4,2025-03-01,Office,13,809.06,258147.75,Available,,319.07120609101923
40135,4,2025-03-01,Apartment,16,1128.21,353988.11,Sold,C0787,313.76083353276425
40164,4,2025-03-01,Apartment,20,1609.62,574177.29,Sold,C0907,356.71605099340223
40193,4,2025-03-01,Office,24,786.05,256722.44,Available,,326.5981044462821
40226,4,2025-03-01,Office,26,790.05,218259.42,Sold,C0075,276.26026200873366
40281,4,2025-03-01,Apartment,33,734.73,206454.32,Available,,280.9934533774312
40288,4,2025-03-01,Apartment,33,734.73,217334.75,Sold,C1088,295.80219944741606
40302,4,2025-03-01,Apartment,36,736.77,222972.29,Sold,C0412,302.63486569757185
40320,4,2025-03-01,Apartment,39,743.73,206292.08,Available,,277.3749613434983
40328,4,2025-03-01,Office,39,743.73,216749.68,Available,,291.4359781103357
40334,4,2025-03-01,Apartment,40,780.74,272122.22,Sold,C1137,348.5439711043369
40390,4,2025-03-01,Apartment,45,1160.48,354717.69,Available,,305.6646301530401
40416,4,2025-03-01,Apartment,49,739.7,212434.99,Available,,287.190739488982
40434,4,2025-03-01,Apartment,50,791.37,245818.42,Sold,C1286,310.6238801066505
50061,5,2025-03-01,Apartment,9,793.56,246714.42,Sold,C1912,310.8957356721609
50079,5,2025-03-01,Apartment,10,629.27,220638.59,Sold,C1622,350.626265355094
50113,5,2025-03-01,Office,14,624.96,211905.97,Sold,C0388,339.0712525601638
50115,5,2025-03-01,Apartment,15,1050.95,340987.95,Sold,C0246,324.45687235358486
50129,5,2025-03-01,Office,17,798.74,269956.4,Available,,337.9778150587175
50135,5,2025-03-01,Apartment,17,798.74,236197.69,Sold,C1730,295.71286025490144
50196,5,2025-03-01,Office,25,1049.99,279852.1,Sold,C0768,266.5283478890275
50238,5,2025-03-01,Office,32,1051.39,351533.62,Available,,334.3513063658585
50270,5,2025-03-01,Apartment,36,627.56,179421.99,Available,,285.90412072152463
60008,6,2025-03-01,Apartment,1,1720.95,564815.29,Sold,C0477,328.1997094627967
60012,6,2025-03-01,Apartment,1,1720.95,478936.91,Available,,278.2979807664371
60086,6,2025-03-01,Apartment,7,1075.42,359309.3,Sold,C0719,334.1106730393706
60115,6,2025-03-01,Apartment,10,942.08,277376.95,Sold,C0286,294.4303562330163
60147,6,2025-03-01,Office,12,1678.17,666248.73,Sold,C1385,397.0090813207243
60177,6,2025-03-01,Apartment,16,1687.92,500551.32,Sold,C0245,296.54919664439075
60186,6,2025-03-01,Apartment,17,1502.18,470839.17,Sold,C0723,313.43725119493
60206,6,2025-03-01,Apartment,20,1897.17,597216.83,Sold,C0148,314.79352403843615
60208,6,2025-03-01,Apartment,20,1897.17,686530.85,Available,,361.87102368264306
60258,6,2025-03-01,Office,26,1538.47,503560.15,Sold,C0635,327.31229728236497
60314,6,2025-03-01,Apartment,34,1353.81,465516.42,Available,,343.8565382143728
60373,6,2025-03-01,Apartment,43,1492.81,461758.65,Sold,C1513,309.32178241035365
60389,6,2025-03-01,Apartment,45,435.53,121496.74,Available,,278.96296466374304
60400,6,2025-03-01,Apartment,47,550.99,170552.87,Available,,309.53895714985754
60434,6,2025-03-01,Apartment,51,1476.63,410957.65,Available,,278.3078022253374
60463,6,2025-03-01,Apartment,54,1633.19,503034.95,Sold,C1645,308.00761087197446
60467,6,2025-03-01,Apartment,55,562.37,176261.92,Available,,313.42696089762967
60473,6,2025-03-01,Apartment,55,562.37,151179.06,Sold,C1782,268.8249017550723
70006,7,2025-03-01,Apartment,2,1478.43,453645.31,Sold,C0758,306.8426033021516
70019,7,2025-03-01,Apartment,4,1309.78,347849.83,Sold,C1927,265.57882239765456
70058,7,2025-03-01,Apartment,9,926.11,268177.27,Sold,C0994,289.57388431179885
70092,7,2025-03-01,Apartment,13,604.6,172642.9,Sold,C0264,285.5489579887529
70106,7,2025-03-01,Apartment,14,714.65,207166.22,Sold,C1917,289.88486671797386
70108,7,2025-03-01,Office,14,714.65,250498.72,Sold,C0260,350.51944308402716
70134,7,2025-03-01,Office,16,1239.87,387314.45,Available,,312.3831127456911
70190,7,2025-03-01,Apartment,21,1528.62,447108.45,Sold,C0515,292.4915610158182
70194,7,2025-03-01,Apartment,22,1914.21,693731.35,Sold,C0961,362.4113080591993
70198,7,2025-03-01,Apartment,22,1914.21,570050.15,Available,,297.79917041494923
70211,7,2025-03-01,Apartment,23,1222.69,412118.88,Sold,C0077,337.0591728074982
70301,7,2025-03-01,Apartment,36,1748.75,513627.42,Available,,293.7111765546819
70402,7,2025-03-01,Office,47,1033.08,356614.79,Sold,C0554,345.1957157238549
70515,7,2025-03-01,Apartment,60,1219.54,329030.02,Sold,C1624,269.79846499499814
80021,8,2025-03-01,Apartment,3,1736.05,502610.03,Sold,C0261,289.5135681575992
80025,8,2025-03-01,Office,3,1736.05,530898.76,Sold,C1792,305.80845021744767
80090,8,2025-03-01,Apartment,9,1869.81,537291.01,Sold,C0008,287.35059177135645
80116,8,2025-03-01,Apartment,14,685.93,175256.09,Sold,C1821,255.5014214278425
80118,8,2025-03-01,Apartment,14,685.93,201911.89,Sold,C0502,294.3622381292552
80224,8,2025-03-01,Office,29,1848.51,536177.39,Sold,C1662,290.0592314891453
80234,8,2025-03-01,Apartment,30,1070.46,307826.14,Sold,C0691,287.564355510715
80242,8,2025-03-01,Apartment,31,1253.18,415476.82,Sold,C0188,331.5380232688041
80272,8,2025-03-01,Apartment,33,1809.87,556388.88,Sold,C0232,307.4192511064331
80292,8,2025-03-01,Apartment,34,1684.75,547341.89,Available,,324.88018400356134
80331,8,2025-03-01,Apartment,37,890.65,297513.05,Sold,C1258,334.04036377926235
80338,8,2025-03-01,Office,37,890.65,286051.39,Available,,321.17149273002866
80416,8,2025-03-01,Apartment,47,543.08,141656.98,Available,,260.83998674228474
80423,8,2025-03-01,Apartment,48,480.99,138782.37,Available,,288.53483440404165
80439,8,2025-03-01,Office,51,803.06,255042.44,Available,,317.58827484870375
80442,8,2025-03-01,Apartment,52,559.73,182831.05,Sold,C1799,326.641505725975
80446,8,2025-03-01,Apartment,53,1891.72,599896.96,Sold,C0788,317.1172055061002
80471,8,2025-03-01,Apartment,55,1300.05,425583.77,Sold,C0662,327.35954001769164
90003,9,2025-03-01,Apartment,1,832.35,230038.43,Available,,276.37223523758036
90009,9,2025-03-01,Apartment,1,832.35,219973.09,Available,,264.2795578782964
90046,9,2025-03-01,Apartment,8,1315.55,388878.86,Sold,C1713,295.601733115427
90092,9,2025-03-01,Office,15,1732.33,586679.08,Sold,C0913,338.66473477917026
90126,9,2025-03-01,Apartment,19,1866.15,547017.84,Available,,293.12640462985286
90162,9,2025-03-01,Apartment,25,1904.38,562194.46,Available,,295.21128136191305
90210,9,2025-03-01,Office,30,1250.17,479088.84,Sold,C1533,383.21895422222576
90225,9,2025-03-01,Apartment,33,973.52,292852.5,Sold,C1340,300.81816500945024
90233,9,2025-03-01,Apartment,33,973.52,318942.96,Available,,327.6182923822829
90255,9,2025-03-01,Apartment,34,1577.36,449790.86,Available,,285.15421970888065
90292,9,2025-03-01,Apartment,36,1582.79,448348.86,Sold,C1325,283.26490564130427
90334,9,2025-03-01,Apartment,40,1090.32,310903.56,Sold,C1820,285.1489104116223
90356,9,2025-03-01,Apartment,41,1488.32,454222.45,Available,,305.19139029241023
90363,9,2025-03-01,Apartment,43,1908.91,558618.92,Sold,C0512,292.63764137649235
90370,9,2025-03-01,Apartment,44,1351.57,458342.78,Sold,C0065,339.1187877801372
90465,9,2025-03-01,Apartment,57,1198.57,382528.88,Sold,C0776,319.15439231751174
90471,9,2025-03-01,Office,57,1198.57,360318.53,Sold,C1246,300.623684891162
90472,9,2025-03-01,Apartment,57,1198.57,348984.03,Sold,C0353,291.16699900715025
90480,9,2025-03-01,Apartment,58,838.34,247507.53,Sold,C1367,295.2352625426438
90485,9,2025-03-01,Apartment,58,838.34,262587.26,Available,,313.2228690030298
90509,9,2025-03-01,Office,58,838.34,263088.1,Sold,C1300,313.82028771142967
90525,9,2025-03-01,Apartment,59,1697.13,478022.04,Sold,C1972,281.66495200721215
100054,10,2025-03-01,Office,5,1741.96,459558.39,Sold,C0068,263.8168442444143
100066,10,2025-03-01,Apartment,9,1849.4,527522.52,Available,,285.23981831945497
100074,10,2025-03-01,Apartment,9,1849.4,527107.1,Sold,C0073,285.0151941170109
100099,10,2025-03-01,Apartment,12,852.74,265492.59,Sold,C0551,311.3406079226963
100111,10,2025-03-01,Apartment,15,1948.32,524175.54,Sold,C0410,269.0397573293915
100144,10,2025-03-01,Apartment,18,1244.03,347987.67,Sold,C1560,279.7261078912888
100207,10,2025-03-01,Apartment,26,1294.85,413491.65,Available,,319.33556010348696
100209,10,2025-03-01,Office,26,1294.85,518409.3,Sold,C1581,400.3624358033749
100218,10,2025-03-01,Apartment,27,777.35,232234.81,Sold,C1501,298.751926416672
100269,10,2025-03-01,Apartment,31,1499.0,463667.58,Sold,C0641,309.31793195463644
100282,10,2025-03-01,Apartment,33,1010.7,300235.9,Sold,C0894,297.05738597011975
100293,10,2025-03-01,Apartment,34,1435.44,387981.26,Sold,C1322,270.2873404670345
100308,10,2025-03-01,Apartment,36,1920.65,531282.16,Sold,C0184,276.61581235519225
100335,10,2025-03-01,Office,39,1188.51,359387.46,Available,,302.3848852765227
100345,10,2025-03-01,Apartment,42,1757.51,618238.68,Sold,C1443,351.7696513817845
100347,10,2025-03-01,Apartment,42,1757.51,509155.44,Sold,C1165,289.7027271537573
100401,10,2025-03-01,Apartment,46,1525.34,375800.81,Sold,C1614,246.37183185388176
100413,10,2025-03-01,Apartment,50,1138.32,373299.4,Sold,C1055,327.9388924028393
110010,11,2025-03-01,Apartment,1,1902.88,555202.09,Sold,C0821,291.7693653829984
110011,11,2025-03-01,Apartment,2,938.0,235785.16,Available,,251.37010660980812
110034,11,2025-03-01,Apartment,4,1414.25,488382.72,Sold,C0947,345.3298356019091
110052,11,2025-03-01,Apartment,6,1724.08,609943.05,Sold,C1373,353.7788559695606
110090,11,2025-03-01,Apartment,10,1519.64,489897.85,Available,,322.3775696875575
110126,11,2025-03-01,Apartment,14,524.68,140749.68,Sold,C0770,268.2581382938172
110138,11,2025-03-01,Apartment,14,524.68,158061.44,Sold,C0996,301.25303041854085
110168,11,2025-03-01,Apartment,18,1562.55,467446.4,Sold,C0713,299.1561230040639
110177,11,2025-03-01,Apartment,19,1083.98,289695.75,Sold,C0184,267.25193269248507
110185,11,2025-03-01,Apartment,20,570.62,206179.46,Sold,C1187,361.32533034243454
110212,11,2025-03-01,Apartment,25,1802.24,534988.59,Available,,296.84647438742894
110225,11,2025-03-01,Apartment,27,1638.1,497575.53,Sold,C0820,303.7516207801722
110289,11,2025-03-01,Apartment,35,540.82,156638.87,Sold,C0983,289.63216966828145
110333,11,2025-03-01,Apartment,40,638.97,211286.34,Available,,330.66707357152916
110344,11,2025-03-01,Apartment,42,808.59,226783.93,Sold,C0545,280.468383235014
110387,11,2025-03-01,Apartment,45,1651.09,528153.88,Available,,319.8819446547432
110443,11,2025-03-01,Apartment,52,1397.58,450319.99,Available,,322.21410581147416
110466,11,2025-03-01,Apartment,55,1713.32,450951.38,Available,,263.20324282679246
110491,11,2025-03-01,Apartment,58,1159.31,376729.35,Available,,324.9599761927353
110530,11,2025-03-01,Apartment,62,1938.82,574413.17,Available,,296.26946802694425
120013,12,2025-03-01,Office,2,1285.87,384219.6,Sold,C0079,298.8012785118247
120036,12,2025-03-01,Office,4,1559.34,442139.42,Sold,C0305,283.5426654866803
120037,12,2025-03-01,Office,4,1559.34,441228.83,Sold,C0836,282.95870688881195
120039,12,2025-03-01,Apartment,4,1559.34,392122.42,Sold,C1433,251.46691548988676
120045,12,2025-03-01,Apartment,4,1559.34,508239.14,Sold,C1317,325.9322149114369
120137,12,2025-03-01,Apartment,16,1523.02,508184.49,Available,,333.668953789182
120142,12,2025-03-01,Apartment,16,1523.02,461655.95,Sold,C0018,303.1187706005174
120166,12,2025-03-01,Apartment,18,1702.66,447987.25,Sold,C1280,263.110221653178
120170,12,2025-03-01,Apartment,19,1381.22,365814.85,Sold,C0685,264.84908269500875
120171,12,2025-03-01,Apartment,19,1381.22,393216.26,Available,,284.68763846454584
120211,12,2025-03-01,Apartment,23,1094.46,341221.59,Sold,C1574,311.7716408091662
120281,12,2025-03-01,Apartment,30,622.2,156634.64,Available,,251.7432336869174
120335,12,2025-03-01,Apartment,36,813.16,227280.56,Available,,279.50287766245265
120378,12,2025-03-01,Apartment,41,938.23,279698.29,Sold,C1052,298.11271223473983
130018,13,2025-03-01,Apartment,1,1899.92,652896.45,Available,,343.644179754937
130095,13,2025-03-01,Apartment,11,1678.3,455545.83,Available,,271.43289638324495
130111,13,2025-03-01,Apartment,14,777.75,241168.73,Available,,310.08515589842494
130246,13,2025-03-01,Apartment,28,1173.72,296226.57,Available,,252.3826551477354
130248,13,2025-03-01,Apartment,29,568.7,164991.39,Sold,C1541,290.120256725866
130272,13,2025-03-01,Apartment,32,1114.07,337590.23,Available,,303.02425341316075
130279,13,2025-03-01,Apartment,32,1114.07,357213.9,Sold,C0015,320.63864927697546
130370,13,2025-03-01,Apartment,41,1168.7,356090.1,Sold,C1451,304.6890562163087
130376,13,2025-03-01,Apartment,42,1044.42,262496.75,Available,,251.33255778326725
130394,13,2025-03-01,Apartment,43,1875.83,530003.66,Available,,282.5435460569455
130430,13,2025-03-01,Apartment,47,1874.35,614304.54,Sold,C1437,327.74270547123007
130446,13,2025-03-01,Apartment,49,572.01,180013.62,Sold,C1491,314.7036240625164
130450,13,2025-03-01,Apartment,50,1469.09,480172.84,Sold,C0830,326.85052651641496
130480,13,2025-03-01,Apartment,55,710.41,189589.64,Sold,C0974,266.87355189256914
130516,13,2025-03-01,Apartment,60,1401.81,341221.35,Available,,243.41483510604147
130585,13,2025-03-01,Apartment,67,524.97,179942.16,Sold,C1124,342.76655808903365
130592,13,2025-03-01,Apartment,68,1590.69,492001.45,Sold,C0851,309.3006494037179
130599,13,2025-03-01,Apartment,70,750.41,252362.11,Available,,336.2989698964566
140035,14,2025-03-01,Apartment,6,1733.36,458349.81,Sold,C0631,264.42851456131444
140077,14,2025-03-01,Apartment,10,686.98,198869.37,Sold,C0189,289.4834929692276
140086,14,2025-03-01,Apartment,11,1431.42,358234.23,Sold,C0179,250.26493272414803
140113,14,2025-03-01,Apartment,12,459.44,132687.06,Available,,288.8017151314644
140141,14,2025-03-01,Apartment,15,784.04,205905.46,Available,,262.62111626957807
140157,14,2025-03-01,Apartment,16,915.37,295485.71,Sold,C0046,322.80466915017973
140201,14,2025-03-01,Apartment,22,1148.66,382113.57,Sold,C1149,332.6602911218289
140224,14,2025-03-01,Apartment,24,1205.25,337423.76,Sold,C1673,279.96163451566065
140237,14,2025-03-01,Office,27,1866.49,608264.77,Sold,C1977,325.8869696596285
140280,14,2025-03-01,Apartment,33,1894.96,538973.07,Sold,C0221,284.42451027990035
140377,14,2025-03-01,Apartment,46,1258.99,404402.26,Sold,C1445,321.2116537859713
140437,14,2025-03-01,Apartment,51,1346.3,413330.24,Sold,C0517,307.0119884126866
140455,14,2025-03-01,Apartment,53,1493.72,507394.76,Sold,C1129,339.68532255041106
150031,15,2025-03-01,Apartment,4,1110.88,340794.83,Sold,C0303,306.77915706466945
150062,15,2025-03-01,Apartment,9,565.48,183064.12,Sold,C1210,323.73226285633444
150086,15,2025-03-01,Apartment,14,1832.17,444156.91,Available,,242.42123274586962
150151,15,2025-03-01,Apartment,19,1550.36,467492.04,Sold,C1128,301.5377331716505
150162,15,2025-03-01,Apartment,21,1271.25,393044.79,Available,,309.1797758112094
150163,15,2025-03-01,Apartment,21,1271.25,408366.16,Available,,321.2319842674533
150172,15,2025-03-01,Apartment,22,1317.29,398333.55,Available,,302.38865397900236
150182,15,2025-03-01,Apartment,23,1279.23,380799.02,Available,,297.67830648124266
150240,15,2025-03-01,Office,28,1567.93,416427.59,Available,,265.59067687970764
150241,15,2025-03-01,Apartment,28,1567.93,470015.42,Available,,299.7681146479753
150349,15,2025-03-01,Apartment,41,1586.79,391450.82,Available,,246.69352592340513
150383,15,2025-03-01,Apartment,48,1403.33,436176.31,Sold,C0224,310.81521096249634
150407,15,2025-03-01,Apartment,51,1689.08,485561.11,Sold,C0060,287.47075922987665
150426,15,2025-03-01,Apartment,53,696.04,233058.54,Sold,C0910,334.8349807482329
150443,15,2025-03-01,Office,55,892.75,298596.43,Sold,C0202,334.4681377765332
150472,15,2025-03-01,Apartment,57,429.34,145693.65,Sold,C0046,339.3432943587833
150477,15,2025-03-01,Apartment,57,429.34,125457.43,Available,,292.2099734476173
150486,15,2025-03-01,Apartment,58,1750.89,603910.96,Sold,C1204,344.9165624339621
160081,16,2025-03-01,Apartment,9,1524.04,506404.29,Available,,332.2775583318023
160082,16,2025-03-01,Office,9,1524.04,482645.67,Available,,316.6883218288234
160096,16,2025-03-01,Office,10,1608.56,546573.79,Sold,C0552,339.7907383000945
160190,16,2025-03-01,Apartment,23,594.14,182540.03,Available,,307.23403574915005
160228,16,2025-03-01,Apartment,28,1440.71,440954.34,Available,,306.0673834428858
160250,16,2025-03-01,Apartment,29,489.49,152218.98,Available,,310.9746470816564
160275,16,2025-03-01,Apartment,33,881.17,246824.34,Sold,C0012,280.10978585290013
160304,16,2025-03-01,Office,35,629.97,190181.08,Sold,C1007,301.88910583043634
170016,17,2025-03-01,Apartment,1,530.28,158604.2,Sold,C0595,299.0951949913254
170093,17,2025-03-01,Apartment,11,596.22,175259.38,Sold,C1617,293.95085706618363
170095,17,2025-03-01,Apartment,11,596.22,176104.69,Available,,295.36863909295226
170112,17,2025-03-01,Apartment,13,916.9,253453.37,Sold,C1990,276.4242229250736
170145,17,2025-03-01,Office,16,1693.0,523881.71,Sold,C1276,309.43987595983464
170152,17,2025-03-01,Office,16,1693.0,598240.7,Sold,C1244,353.3613112817483
170175,17,2025-03-01,Apartment,19,1712.06,480709.27,Sold,C0295,280.77828463955706
170183,17,2025-03-01,Office,20,792.27,289102.68,Sold,C0117,364.9042371918664
170197,17,2025-03-01,Apartment,22,1221.66,347335.46,Sold,C0226,284.31434277949677
170300,17,2025-03-01,Apartment,37,644.06,207576.51,Sold,C0373,322.2937459242928
170376,17,2025-03-01,Apartment,46,1582.61,490828.61,Sold,C1352,310.13870125931214
180089,18,2025-03-01,Apartment,12,1692.5,451978.85,Sold,C1664,267.04806499261446
180180,18,2025-03-01,Apartment,23,1659.02,498617.7,Sold,C1645,300.5495412954636
180221,18,2025-03-01,Office,28,514.67,169373.25,Available,,329.09097091340084
180339,18,2025-03-01,Apartment,38,1219.8,388297.11,Available,,318.3285046728972
180356,18,2025-03-01,Apartment,40,990.46,299605.04,Sold,C0661,302.4908022534983
180389,18,2025-03-01,Apartment,44,1334.77,399778.78,Sold,C1004,299.5113615079752
180412,18,2025-03-01,Office,46,1410.38,398235.67,Sold,C0027,282.36054822104677
180582,18,2025-03-01,Apartment,67,1664.17,527806.89,Sold,C0554,317.1592385393319
190017,19,2025-03-01,Apartment,4,1225.38,348262.5,Available,,284.207755961416
190021,19,2025-03-01,Apartment,4,1225.38,305943.58,Sold,C1571,249.67241182327115
190055,19,2025-03-01,Office,8,974.77,260831.8,Sold,C0429,267.5829169958041
190059,19,2025-03-01,Apartment,9,695.8,216366.01,Sold,C0538,310.96006036217307
190068,19,2025-03-01,Apartment,10,747.71,196219.32,Sold,C1739,262.4270372203127
190161,19,2025-03-01,Apartment,20,1772.03,498959.88,Sold,C0803,281.5753006438943
190253,19,2025-03-01,Apartment,29,1657.84,414744.38,Available,,250.17153645707668
190255,19,2025-03-01,Office,29,1657.84,522401.95,Available,,315.109992520388
190358,19,2025-03-01,Apartment,42,1137.59,334977.57,Sold,C0775,294.46247769407256
190367,19,2025-03-01,Apartment,42,1137.59,331618.34,Available,,291.5095421021634
190407,19,2025-03-01,Apartment,46,1926.19,631227.87,Sold,C0189,327.7079986917178
190412,19,2025-03-01,Office,46,1926.19,595842.66,Sold,C0537,309.3374277719228
200004,20,2025-03-01,Apartment,1,1898.39,558878.17,Sold,C0709,294.3958670241626
200030,20,2025-03-01,Apartment,3,1645.93,387777.74,Sold,C1209,235.59795374043853
200038,20,2025-03-01,Apartment,3,1645.93,567155.53,Available,,344.5805896970102
200065,20,2025-03-01,Apartment,8,1268.45,342407.94,Sold,C1773,269.9420079624739
200085,20,2025-03-01,Office,12,856.15,257796.8,Sold,C0720,301.1117210769141
200099,20,2025-03-01,Apartment,13,1587.57,424941.45,Available,,267.6678508664185
200102,20,2025-03-01,Apartment,14,837.37,236063.06,Available,,281.91009947812796
200120,20,2025-03-01,Apartment,16,645.44,208186.37,Sold,C1880,322.5495321021318
200134,20,2025-03-01,Apartment,16,645.44,207492.13,Sold,C0436,321.4739247645017
200136,20,2025-03-01,Apartment,17,1089.33,329276.52,Available,,302.27435212470056
200188,20,2025-03-01,Apartment,20,1110.23,325628.04,Sold,C0369,293.2978211721895
200207,20,2025-03-01,Apartment,25,780.74,229143.41,Sold,C0874,293.49515843942925
200243,20,2025-03-01,Apartment,30,1703.94,565105.27,Available,,331.646225806073
200316,20,2025-03-01,Office,34,858.93,250793.6,Sold,C0563,291.98374722037886
200359,20,2025-03-01,Apartment,39,1106.36,315013.84,Available,,284.7299613145812
200370,20,2025-03-01,Apartment,40,428.03,121120.05,Available,,282.9709366165923
200374,20,2025-03-01,Office,40,428.03,157369.37,Sold,C1533,367.6596733873794
200388,20,2025-03-01,Apartment,42,811.56,264162.3,Available,,325.49940854650305
200399,20,2025-03-01,Apartment,45,1532.67,509429.47,Sold,C1750,332.38040152152774
1034,1,2025-04-01,Apartment,34,625.8,204434.68,Sold,C0005,326.6773410035155
1036,1,2025-04-01,Apartment,36,1160.36,317473.86,Sold,C0151,273.59945189423973
1041,1,2025-04-01,Apartment,41,1434.09,480545.81,Sold,C0150,335.08762351037944
2024,2,2025-04-01,Apartment,24,1604.75,456919.46,Sold,C0143,284.7293721763515
2057,2,2025-04-01,Apartment,57,1396.86,382277.15,Sold,C0144,273.668907406612
3027,3,2025-04-01,Apartment,27,781.07,245572.79,Sold,C0136,314.4056102526022
3030,3,2025-04-01,Apartment,30,720.81,215774.28,Sold,C0076,299.349731552004
5014,5,2025-04-01,Apartment,14,1273.55,372016.56,Available,,292.1098975305249
5039,5,2025-04-01,Apartment,39,798.28,195874.94,Sold,C0006,245.37122312972892
5052,5,2025-04-01,Apartment,52,1769.48,532877.38,Available,,301.14913986029796
10016,1,2025-04-01,Apartment,3,788.73,258432.34,Sold,C0870,327.65628288514444
10046,1,2025-04-01,Apartment,5,753.87,227495.05,Sold,C0401,301.7696021860533
10085,1,2025-04-01,Apartment,11,1429.46,345603.17,Sold,C0994,241.77183691743733
10116,1,2025-04-01,Apartment,14,1181.69,400855.51,Sold,C1988,339.22222410276805
10156,1,2025-04-01,Apartment,20,1146.24,314853.73,Available,,274.6839492601898
10175,1,2025-04-01,Apartment,22,740.83,221183.29,Available,,298.56146484348636
10178,1,2025-04-01,Apartment,22,740.83,223568.77,Sold,C0344,301.7814748322827
10251,1,2025-04-01,Apartment,29,757.2,189273.09,Available,,249.96446117274166
10256,1,2025-04-01,Apartment,29,757.2,203308.36,Available,,268.5002113048071
10332,1,2025-04-01,Apartment,35,1168.59,365818.56,Sold,C1247,313.0426924755475
10347,1,2025-04-01,Office,37,758.3,189015.42,Sold,C1700,249.26205987076358
10369,1,2025-04-01,Apartment,41,835.25,251376.49,Sold,C0493,300.9595809637833
10406,1,2025-04-01,Office,47,771.08,238409.16,Sold,C1953,309.1886185609794
20131,2,2025-04-01,Apartment,15,1603.33,541634.06,Sold,C0321,337.81820336424823
20169,2,2025-04-01,Apartment,20,727.55,249065.14,Sold,C0045,342.3340526424301
20202,2,2025-04-01,Apartment,23,1416.33,411480.9,Sold,C1482,290.5261485670713
20227,2,2025-04-01,Apartment,25,943.48,299860.84,Sold,C1032,317.8242676050367
20308,2,2025-04-01,Apartment,36,641.72,188705.75,Sold,C0163,294.06244156329865
20370,2,2025-04-01,Apartment,44,580.26,148713.22,Available,,256.28721607555235
20413,2,2025-04-01,Apartment,47,708.32,212683.17,Sold,C0492,300.26424497402303
20455,2,2025-04-01,Apartment,53,781.27,238017.83,Available,,304.65502323140527
20465,2,2025-04-01,Apartment,55,579.26,189638.47,Available,,327.38057176397473
20473,2,2025-04-01,Apartment,55,579.26,182930.76,Available,,315.80078030590755
30037,3,2025-04-01,Office,4,719.96,220289.68,Available,,305.97488749374963
30053,3,2025-04-01,Apartment,5,701.19,248159.95,Sold,C1566,353.91256292873544
30100,3,2025-04-01,Apartment,9,1125.84,294905.73,Available,,261.94284267746747
30150,3,2025-04-01,Apartment,16,1587.26,446778.13,Sold,C0272,281.47759661303127
30169,3,2025-04-01,Apartment,19,1602.22,477744.58,Sold,C0981,298.176642408658
30221,3,2025-04-01,Apartment,25,765.56,232747.53,Available,,304.02258477454416
30300,3,2025-04-01,Apartment,36,733.45,224405.33,Sold,C1400,305.9585929511214
30310,3,2025-04-01,Apartment,38,1173.4,377838.86,Sold,C1768,322.00346003068006
30315,3,2025-04-01,Apartment,39,1598.95,494864.22,Sold,C1129,309.4932424403515
30355,3,2025-04-01,Apartment,44,673.86,200567.03,Available,,297.6390199744754
30370,3,2025-04-01,Office,46,1599.81,484626.56,Sold,C1681,302.9275726492521
30423,3,2025-04-01,Apartment,49,1174.48,344231.92,Sold,C0598,293.09304543287243
30450,3,2025-04-01,Apartment,52,1361.9,418410.07,Available,,307.2252514868933
30455,3,2025-04-01,Office,54,787.64,251578.52,Sold,C0097,319.4080036564928
30464,3,2025-04-01,Apartment,56,1179.42,369992.93,Sold,C1628,313.7075257329874
40026,4,2025-04-01,Apartment,3,1630.82,483098.81,Sold,C1256,296.2306140469212
40040,4,2025-04-01,Apartment,4,783.03,234324.7,Sold,C1846,299.25379615084995
40048,4,2025-04-01,Apartment,5,786.98,240730.31,Available,,305.89126788482554
40049,4,2025-04-01,Apartment,5,786.98,258340.9,Sold,C1667,328.2686980609418
40064,4,2025-04-01,Apartment,6,1602.95,476692.43,Available,,297.38446614055334
40089,4,2025-04-01,Apartment,12,789.38,212764.22,Sold,C1065,269.53332995515467
40099,4,2025-04-01,Apartment,13,809.06,293294.07,Sold,C0744,362.5121375423331
40117,4,2025-04-01,Apartment,14,1322.66,398376.72,Sold,C0257,301.1935947257798
40128,4,2025-04-01,Apartment,15,760.39,262156.81,Sold,C0995,344.76625152882076
40141,4,2025-04-01,Apartment,17,780.68,216907.86,Sold,C0024,277.8447763488241
40156,4,2025-04-01,Office,18,1294.91,366379.21,Available,,282.93797252318694
40203,4,2025-04-01,Apartment,25,1310.16,384261.45,Available,,293.2935290346217
40205,4,2025-04-01,Apartment,26,790.05,213545.23,Sold,C0882,270.2933105499652
40234,4,2025-04-01,Apartment,28,1070.72,349761.45,Sold,C1108,326.6600511805141
40240,4,2025-04-01,Apartment,29,776.79,206436.34,Sold,C0234,265.75566111819154
40251,4,2025-04-01,Apartment,30,1307.35,390539.15,Sold,C0868,298.7257811603626
40271,4,2025-04-01,Apartment,31,793.1,263291.82,Sold,C0096,331.9780859916782
40275,4,2025-04-01,Apartment,32,1328.09,361228.37,Sold,C1672,271.9908816420574
40299,4,2025-04-01,Apartment,35,777.82,222493.85,Sold,C1685,286.0479931089455
40346,4,2025-04-01,Apartment,41,779.87,238498.46,Available,,305.8182261146088
40359,4,2025-04-01,Apartment,43,1616.99,453748.83,Sold,C0794,280.6132567300973
50036,5,2025-04-01,Apartment,8,782.15,250548.46,Sold,C1115,320.3330051780349
50059,5,2025-04-01,Apartment,9,793.56,264566.37,Available,,333.39176621805535
50074,5,2025-04-01,Apartment,10,629.27,225125.36,Sold,C0965,357.7563843819028
50082,5,2025-04-01,Office,11,1058.56,319262.64,Sold,C1514,301.6008917775091
50096,5,2025-04-01,Apartment,11,1058.56,353207.2,Sold,C1946,333.66762394195894
50107,5,2025-04-01,Apartment,13,791.13,210611.2,Sold,C0735,266.21566619898124
50141,5,2025-04-01,Apartment,18,1267.03,423535.41,Sold,C0266,334.2741766177596
50195,5,2025-04-01,Apartment,24,807.02,177544.4,Available,,220.0
50205,5,2025-04-01,Apartment,27,1278.6,393641.91,Sold,C1915,307.86947442515253
50233,5,2025-04-01,Apartment,31,1008.52,317877.17,Sold,C1006,315.1917364058224
50289,5,2025-04-01,Apartment,38,1283.87,362406.24,Available,,282.27642985660543
50368,5,2025-04-01,Apartment,45,608.89,218883.32,Available,,359.47924912545784
50438,5,2025-04-01,Apartment,51,1029.59,300788.15,Sold,C1153,292.14362027603227
60005,6,2025-04-01,Apartment,1,1720.95,492551.34,Sold,C1092,286.20897759958166
60045,6,2025-04-01,Apartment,4,1925.28,549773.4,Sold,C1023,285.5550361505859
60046,6,2025-04-01,Apartment,4,1925.28,538254.22,Available,,279.5719168121
60078,6,2025-04-01,Apartment,7,1075.42,341503.87,Sold,C1777,317.5539510144873
60096,6,2025-04-01,Apartment,7,1075.42,330158.13,Sold,C1586,307.003896152201
60122,6,2025-04-01,Apartment,10,942.08,250769.15,Sold,C1090,266.18668265964675
60228,6,2025-04-01,Apartment,21,833.23,261951.73,Sold,C1338,314.38105925134715
60239,6,2025-04-01,Apartment,23,1243.4,359341.4,Sold,C1994,288.99903490429466
60240,6,2025-04-01,Office,23,1243.4,492557.23,Sold,C1993,396.13738941611706
60252,6,2025-04-01,Apartment,25,1086.43,271652.39,Sold,C1198,250.04131881483391
60274,6,2025-04-01,Apartment,29,1691.02,502693.56,Sold,C0833,297.27239181085974
60341,6,2025-04-01,Apartment,38,698.21,175143.52,Sold,C0018,250.8464788530671
60350,6,2025-04-01,Apartment,39,744.54,203285.7,Sold,C0337,273.0352969618825
60374,6,2025-04-01,Apartment,43,1492.81,477598.19,Sold,C1469,319.9323356622745
60409,6,2025-04-01,Apartment,49,1167.52,394871.49,Sold,C0763,338.2138978347266
60442,6,2025-04-01,Apartment,53,1170.96,374820.34,Available,,320.09662157545944
60468,6,2025-04-01,Apartment,55,562.37,161026.68,Available,,286.33582872486085
70026,7,2025-04-01,Apartment,5,1144.09,358801.76,Sold,C0050,313.6132297284305
70075,7,2025-04-01,Apartment,11,834.5,217019.16,Available,,260.05890952666266
70076,7,2025-04-01,Office,11,834.5,232221.73,Sold,C0351,278.2764889155183
70137,7,2025-04-01,Office,16,1239.87,413475.24,Sold,C0154,333.4827360933001
70142,7,2025-04-01,Apartment,17,1586.15,451507.7,Sold,C0172,284.6563691958516
70154,7,2025-04-01,Apartment,19,751.07,247162.69,Available,,329.08076477558683
70155,7,2025-04-01,Apartment,19,751.07,207641.48,Sold,C1956,276.4608891315057
70186,7,2025-04-01,Apartment,21,1528.62,441373.04,Sold,C1813,288.7395428556476
70252,7,2025-04-01,Apartment,28,694.55,209114.19,Sold,C1893,301.0786696422144
70293,7,2025-04-01,Apartment,35,613.21,187384.47,Sold,C0034,305.5796056815773
70309,7,2025-04-01,Apartment,37,1171.04,361700.25,Sold,C0413,308.8709608553081
70368,7,2025-04-01,Apartment,43,498.61,137339.47,Sold,C1199,275.44467619983556
70381,7,2025-04-01,Apartment,43,498.61,149860.49,Sold,C1100,300.5565271454644
70400,7,2025-04-01,Apartment,46,1677.84,473146.44,Sold,C0280,281.9973537405235
70454,7,2025-04-01,Apartment,54,1940.69,626989.8,Sold,C0343,323.07571018555257
70494,7,2025-04-01,Apartment,58,1629.83,499350.81,Sold,C0960,306.3821441500034
70507,7,2025-04-01,Apartment,58,1629.83,512486.22,Available,,314.44151844057353
70510,7,2025-04-01,Apartment,58,1629.83,437806.03,Sold,C1929,268.62067209463567
70520,7,2025-04-01,Apartment,60,1219.54,364036.93,Available,,298.50347672073076
80005,8,2025-04-01,Apartment,1,1109.29,359079.71,Sold,C0951,323.7022870484725
80068,8,2025-04-01,Apartment,7,1352.74,455070.84,Sold,C1254,336.4067300442066
80145,8,2025-04-01,Apartment,17,1109.27,363016.75,Available,,327.25734041306447
80153,8,2025-04-01,Apartment,20,774.16,249418.11,Sold,C1676,322.1790198408598
80172,8,2025-04-01,Apartment,22,1495.57,426507.47,Available,,285.1805465474702
80175,8,2025-04-01,Apartment,23,1114.67,389259.62,Available,,349.21512196434816
80207,8,2025-04-01,Apartment,28,1431.61,341892.98,Sold,C1050,238.81712198154526
80211,8,2025-04-01,Office,28,1431.61,550825.37,Available,,384.75937580765714
80214,8,2025-04-01,Apartment,29,1848.51,544032.25,Sold,C0891,294.30852416270403
80268,8,2025-04-01,Apartment,32,1410.88,452041.67,Sold,C0284,320.39696501474253
80289,8,2025-04-01,Apartment,33,1809.87,494313.18,Sold,C1864,273.12082083243547
80293,8,2025-04-01,Apartment,34,1684.75,518174.75,Sold,C0025,307.5677400207746
80295,8,2025-04-01,Apartment,34,1684.75,478604.33,Sold,C1920,284.08032645793145
80335,8,2025-04-01,Office,37,890.65,268851.49,Sold,C1130,301.85986638971536
80392,8,2025-04-01,Apartment,46,1175.51,316632.64,Available,,269.35767454126295
80411,8,2025-04-01,Office,47,543.08,141410.93,Available,,260.3869227369816
80414,8,2025-04-01,Apartment,47,543.08,170974.32,Available,,314.8234514252044
80430,8,2025-04-01,Apartment,50,913.15,308556.94,Sold,C0890,337.9038931172316
80485,8,2025-04-01,Apartment,56,1874.7,635580.39,Sold,C1200,339.0304528724596
90099,9,2025-04-01,Apartment,16,924.6,268708.07,Sold,C0092,290.62088470690026
90139,9,2025-04-01,Apartment,21,1261.65,380843.87,Sold,C1802,301.861744540879
90149,9,2025-04-01,Apartment,23,901.21,273914.04,Available,,303.9403024822183
90165,9,2025-04-01,Apartment,26,1038.39,250841.37,Sold,C0197,241.56759021177012
90329,9,2025-04-01,Apartment,39,1839.34,552125.64,Sold,C0370,300.1759544184327
90390,9,2025-04-01,Apartment,46,662.32,224375.63,Sold,C1312,338.7722400048315
90395,9,2025-04-01,Apartment,47,1262.78,385179.19,Sold,C0808,305.02477866295
90405,9,2025-04-01,Apartment,51,1816.78,525344.23,Sold,C0310,289.1622706106408
90424,9,2025-04-01,Apartment,53,599.72,180754.72,Available,,301.39851930901085
90456,9,2025-04-01,Apartment,56,1516.4,528928.11,Available,,348.80513716697436
90506,9,2025-04-01,Apartment,58,838.34,255802.61,Sold,C0461,305.12991149175747
90518,9,2025-04-01,Office,59,1697.13,587797.99,Sold,C1679,346.3482408536765
100012,10,2025-04-01,Apartment,3,1197.61,405117.95,Available,,338.2720167667271
100046,10,2025-04-01,Apartment,5,1741.96,525251.32,Sold,C0170,301.52892144480927
100069,10,2025-04-01,Apartment,9,1849.4,557229.76,Sold,C1079,301.30299556612954
100075,10,2025-04-01,Apartment,9,1849.4,535865.96,Sold,C0113,289.75124905374713
100088,10,2025-04-01,Apartment,11,1675.44,564226.6,Sold,C0733,336.7632383135176
100096,10,2025-04-01,Apartment,11,1675.44,520562.02,Sold,C0801,310.7016783650862
100153,10,2025-04-01,Apartment,19,948.04,301000.32,Sold,C1304,317.4974895574027
100185,10,2025-04-01,Apartment,25,1487.17,460665.54,Sold,C1088,309.75983915759457
100201,10,2025-04-01,Apartment,26,1294.85,378742.91,Available,,292.4994478124879
100211,10,2025-04-01,Apartment,27,777.35,207013.27,Sold,C0592,266.3063870843249
100212,10,2025-04-01,Apartment,27,777.35,248150.99,Available,,319.2268476233357
100266,10,2025-04-01,Apartment,31,1499.0,493844.01,Sold,C1291,329.4489726484323
100279,10,2025-04-01,Apartment,33,1010.7,354490.38,Sold,C1450,350.7374888691006
100296,10,2025-04-01,Apartment,34,1435.44,471813.07,Sold,C0978,328.6888131862007
100300,10,2025-04-01,Apartment,35,1675.74,476510.16,Sold,C0819,284.3580507715994
100380,10,2025-04-01,Apartment,44,1224.71,406156.68,Available,,331.63498297556157
100387,10,2025-04-01,Apartment,44,1224.71,378567.66,Sold,C0946,309.10800107780614
100397,10,2025-04-01,Apartment,46,1525.34,464919.18,Sold,C0535,304.7970813064628
100408,10,2025-04-01,Apartment,48,1421.82,398340.41,Sold,C1348,280.1623341913885
110059,11,2025-04-01,Office,7,1734.79,615305.89,Sold,C0188,354.6860945705244
110103,11,2025-04-01,Apartment,11,1581.88,457152.28,Sold,C0646,288.99302096239916
110108,11,2025-04-01,Apartment,13,474.93,143450.98,Available,,302.04657528477884
110132,11,2025-04-01,Apartment,14,524.68,174422.08,Sold,C1357,332.435160478768
110154,11,2025-04-01,Apartment,16,1829.02,476184.87,Available,,260.3497337371926
110201,11,2025-04-01,Apartment,23,1098.83,365015.6,Sold,C0185,332.1856884140404
110204,11,2025-04-01,Apartment,24,1481.82,491381.22,Sold,C0595,331.6065514030044
110218,11,2025-04-01,Office,26,490.37,166438.51,Sold,C1440,339.41413626445336
110244,11,2025-04-01,Apartment,29,993.51,279311.68,Sold,C1018,281.1362542903443
110254,11,2025-04-01,Apartment,30,642.72,202392.01,Sold,C1999,314.89919405028627
110291,11,2025-04-01,Apartment,35,540.82,159899.33,Sold,C1272,295.66090381272875
110385,11,2025-04-01,Apartment,45,1651.09,490981.35,Sold,C1661,297.3680114348703
120029,12,2025-04-01,Apartment,3,1469.27,405947.93,Sold,C0879,276.2922607825655
120060,12,2025-04-01,Apartment,7,1179.99,309402.26,Sold,C0022,262.20752718243375
120107,12,2025-04-01,Apartment,13,1394.03,393863.57,Sold,C1729,282.5359353815915
120153,12,2025-04-01,Apartment,17,1428.55,426047.28,Available,,298.2375695635435
120259,12,2025-04-01,Office,27,871.52,280596.77,Sold,C0870,321.96251376904723
120278,12,2025-04-01,Apartment,30,622.2,161146.12,Sold,C1305,258.99408550305367
120289,12,2025-04-01,Apartment,33,1232.2,359785.64,Sold,C0186,291.9863983119623
120301,12,2025-04-01,Apartment,34,1817.64,523732.73,Sold,C1837,288.1388668823309
120319,12,2025-04-01,Apartment,35,1690.62,512688.27,Sold,C0013,303.25458707456437
120366,12,2025-04-01,Apartment,38,1157.23,357999.55,Available,,309.3590297520804
120374,12,2025-04-01,Apartment,39,1653.93,483612.33,Sold,C1827,292.4019335763908
120398,12,2025-04-01,Apartment,47,1528.05,403107.84,Sold,C0172,263.8053990379896
120415,12,2025-04-01,Apartment,48,1919.31,612698.53,Sold,C1479,319.22854046506296
130029,13,2025-04-01,Apartment,2,1651.02,535653.54,Available,,324.4379474506669
130051,13,2025-04-01,Apartment,4,1629.74,520697.9,Available,,319.4975272129297
130088,13,2025-04-01,Apartment,11,1678.3,549102.55,Sold,C1815,327.17782875528815
130089,13,2025-04-01,Office,11,1678.3,468875.36,Sold,C1363,279.3751772627063
130126,13,2025-04-01,Apartment,15,458.29,142219.93,Sold,C1547,310.3273691330816
130195,13,2025-04-01,Apartment,22,1811.36,543700.18,Available,,300.16130421340876
130203,13,2025-04-01,Apartment,23,882.35,246940.65,Sold,C0825,279.86700289000964
130204,13,2025-04-01,Apartment,23,882.35,242668.27,Available,,275.0249560831869
130284,13,2025-04-01,Office,32,1114.07,435998.52,Available,,391.35648567863785
130286,13,2025-04-01,Apartment,32,1114.07,299263.58,Sold,C1517,268.6218819284246
130312,13,2025-04-01,Apartment,34,1557.0,517123.58,Sold,C0136,332.12818240205524
130348,13,2025-04-01,Apartment,38,656.42,210320.24,Sold,C1189,320.40498461350967
130367,13,2025-04-01,Apartment,40,571.5,172816.68,Sold,C1610,302.3913910761155
130501,13,2025-04-01,Office,58,1115.72,345154.56,Sold,C1174,309.355895744452
130542,13,2025-04-01,Apartment,63,1623.8,522057.75,Available,,321.50372582830397
130577,13,2025-04-01,Apartment,67,524.97,158612.64,Sold,C0418,302.13657923309904
130580,13,2025-04-01,Apartment,67,524.97,168464.51,Available,,320.90311827342515
130604,13,2025-04-01,Office,70,750.41,238812.89,Sold,C0649,318.24321370983864
140025,14,2025-04-01,Apartment,5,424.34,104911.93,Sold,C1976,247.23554225385303
140088,14,2025-04-01,Apartment,11,1431.42,500962.79,Sold,C0942,349.9761006552933
140092,14,2025-04-01,Office,12,459.44,134549.97,Sold,C1258,292.85645568518197
140232,14,2025-04-01,Apartment,25,586.85,161280.03,Sold,C1475,274.8232597767743
140271,14,2025-04-01,Apartment,30,1746.48,588343.01,Sold,C1980,336.87360290412715
140272,14,2025-04-01,Apartment,30,1746.48,450012.44,Sold,C0572,257.66824698822774
140277,14,2025-04-01,Apartment,32,1120.81,367127.0,Sold,C1983,327.55507177844595
140294,14,2025-04-01,Apartment,34,513.06,157775.85,Sold,C1399,307.5192959887733
140311,14,2025-04-01,Apartment,36,1034.47,274000.72,Available,,264.8706294044293
140322,14,2025-04-01,Apartment,38,1170.11,359308.65,Sold,C1293,307.07254018852933
140326,14,2025-04-01,Apartment,38,1170.11,396445.5,Available,,338.81045371802657
140337,14,2025-04-01,Apartment,40,532.44,164423.48,Available,,308.8112839005334
140390,14,2025-04-01,Apartment,47,917.53,244186.44,Sold,C0348,266.134556908221
140451,14,2025-04-01,Apartment,53,1493.72,429874.58,Sold,C0007,287.7879254478751
150009,15,2025-04-01,Apartment,2,1522.89,504689.77,Sold,C0544,331.4026423444897
150050,15,2025-04-01,Apartment,8,1056.46,360765.64,Sold,C1325,341.4853756886205
150064,15,2025-04-01,Office,9,565.48,139782.57,Sold,C0664,247.19277428025748
150118,15,2025-04-01,Apartment,16,1692.61,597681.88,Sold,C1732,353.1125776168167
150225,15,2025-04-01,Apartment,26,961.01,270078.98,Available,,281.03659691366374
150233,15,2025-04-01,Apartment,26,961.01,267093.52,Sold,C0016,277.93001113411935
150242,15,2025-04-01,Apartment,29,1748.18,511596.53,Sold,C1367,292.64522532004713
150271,15,2025-04-01,Office,31,1901.65,575463.2,Sold,C1952,302.61257329161515
150297,15,2025-04-01,Apartment,35,745.49,191419.3,Sold,C1181,256.76977558384414
150352,15,2025-04-01,Office,42,1298.37,471352.97,Sold,C1992,363.03439697466825
150381,15,2025-04-01,Office,48,1403.33,434894.1,Sold,C0420,309.9015199561044
150425,15,2025-04-01,Apartment,53,696.04,213043.96,Sold,C1569,306.0800528705247
150447,15,2025-04-01,Apartment,55,892.75,264804.47,Sold,C1304,296.616600392047
150508,15,2025-04-01,Office,60,1033.2,373155.57,Sold,C1581,361.16489547038327
160014,16,2025-04-01,Apartment,2,1388.75,400575.75,Sold,C0626,288.4433843384338
160015,16,2025-04-01,Office,2,1388.75,424874.5,Available,,305.94023402340235
160026,16,2025-04-01,Apartment,4,1561.55,551751.96,Available,,353.33608273830487
160028,16,2025-04-01,Apartment,4,1561.55,490807.65,Available,,314.3079952611188
160071,16,2025-04-01,Apartment,9,1524.04,461651.6,Sold,C1322,302.9130469016561
160101,16,2025-04-01,Apartment,11,1288.42,448751.61,Sold,C0938,348.2960602908989
160108,16,2025-04-01,Apartment,11,1288.42,403463.16,Sold,C0132,313.14568230856395
160138,16,2025-04-01,Apartment,17,836.32,265976.26,Sold,C1067,318.03168643581404
160192,16,2025-04-01,Apartment,23,594.14,185581.94,Sold,C1383,312.35388965563675
160213,16,2025-04-01,Apartment,26,1458.08,417431.61,Available,,286.28855069680674
160214,16,2025-04-01,Office,26,1458.08,423191.37,Available,,290.2387866235049
160225,16,2025-04-01,Apartment,27,1164.55,361991.73,Sold,C0029,310.8425829719634
160231,16,2025-04-01,Apartment,28,1440.71,416298.42,Sold,C0991,288.9536547952051
160237,16,2025-04-01,Office,28,1440.71,464047.92,Sold,C0821,322.0966884383394
160246,16,2025-04-01,Apartment,29,489.49,127065.41,Available,,259.5873460131974
160269,16,2025-04-01,Apartment,33,881.17,240781.62,Sold,C1899,273.2521760840701
160322,16,2025-04-01,Office,38,431.83,123213.47,Sold,C1915,285.3286478475326
160361,16,2025-04-01,Apartment,42,1496.62,480842.09,Sold,C0085,321.2853563362778
160374,16,2025-04-01,Apartment,43,1185.4,361775.45,Sold,C1528,305.192719757044
170058,17,2025-04-01,Apartment,7,1300.91,428259.32,Sold,C0722,329.19980628944353
170106,17,2025-04-01,Apartment,13,916.9,297966.85,Available,,324.9720253026502
170156,17,2025-04-01,Apartment,17,1827.25,442174.78,Sold,C1092,241.989207825968
170157,17,2025-04-01,Apartment,17,1827.25,460504.52,Available,,252.02053358872624
170215,17,2025-04-01,Apartment,25,939.46,286880.36,Available,,305.3672961062738
170315,17,2025-04-01,Apartment,39,1341.67,413675.04,Sold,C0497,308.32845632681654
170347,17,2025-04-01,Office,45,1574.3,511954.11,Sold,C1852,325.19475957568443
170362,17,2025-04-01,Office,46,1582.61,504560.47,Available,,318.815418833446
170382,17,2025-04-01,Office,47,1106.83,327842.55,Available,,296.1995518733681
170404,17,2025-04-01,Apartment,48,1833.96,549422.32,Sold,C1993,299.58249907304406
170411,17,2025-04-01,Apartment,48,1833.96,484751.08,Sold,C0683,264.31933084691053
170413,17,2025-04-01,Office,48,1833.96,540188.44,Sold,C1376,294.5475582891666
170429,17,2025-04-01,Apartment,49,1283.67,372530.49,Sold,C0621,290.2073663792096
170432,17,2025-04-01,Apartment,50,1392.01,444764.89,Sold,C0333,319.5127118339667
170434,17,2025-04-01,Apartment,50,1392.01,339080.79,Sold,C1648,243.59077161801997
170438,17,2025-04-01,Apartment,51,1375.52,467548.41,Available,,339.9066607537513
170447,17,2025-04-01,Apartment,51,1375.52,381360.21,Sold,C0716,277.2480298359893
180002,18,2025-04-01,Apartment,1,1379.64,354219.71,Sold,C0658,256.7479269954481
180003,18,2025-04-01,Office,1,1379.64,346780.22,Sold,C0755,251.35558551506188
180015,18,2025-04-01,Apartment,2,650.96,203374.52,Sold,C0523,312.42245299250334
180068,18,2025-04-01,Apartment,8,1196.23,366299.04,Sold,C1896,306.2112135626092
180083,18,2025-04-01,Apartment,11,507.04,143851.79,Sold,C0915,283.7089578731461
180113,18,2025-04-01,Apartment,15,1728.6,596228.96,Sold,C0457,344.920143468703
180151,18,2025-04-01,Apartment,20,1631.48,574927.34,Sold,C1132,352.39619241424964
180214,18,2025-04-01,Apartment,27,650.82,171733.24,Sold,C0632,263.87209981254415
180215,18,2025-04-01,Office,27,650.82,179263.23,Sold,C0138,275.4421038075044
180244,18,2025-04-01,Apartment,30,1795.66,559547.45,Sold,C0185,311.611023244935
180245,18,2025-04-01,Apartment,30,1795.66,437201.32,Sold,C1080,243.47667153024514
180248,18,2025-04-01,Apartment,30,1795.66,549656.89,Sold,C1365,306.1029872024771
180266,18,2025-04-01,Apartment,31,945.46,350745.37,Sold,C0799,370.9785395468872
180285,18,2025-04-01,Apartment,35,799.05,265499.47,Sold,C1888,332.2689068268569
180312,18,2025-04-01,Apartment,36,1089.77,316098.65,Sold,C1894,290.05996678198153
180384,18,2025-04-01,Apartment,43,937.7,301088.15,Sold,C0431,321.0921936653514
180421,18,2025-04-01,Apartment,48,564.59,202636.75,Sold,C0455,358.90956269151064
180447,18,2025-04-01,Apartment,50,854.74,263784.17,Sold,C1824,308.61334440882604
180452,18,2025-04-01,Apartment,51,1527.31,412010.61,Available,,269.76226830178547
180471,18,2025-04-01,Apartment,53,1806.7,539078.45,Sold,C0609,298.37740078596335
180521,18,2025-04-01,Apartment,58,955.23,306670.78,Sold,C0161,321.04391612491236
180528,18,2025-04-01,Apartment,59,1900.58,497893.62,Sold,C0086,261.9693041071673
180543,18,2025-04-01,Apartment,62,1330.41,367400.47,Sold,C1199,276.1558241444366
190020,19,2025-04-01,Apartment,4,1225.38,346500.14,Sold,C1696,282.7695408771157
190026,19,2025-04-01,Apartment,5,1408.42,441253.62,Sold,C1670,313.2969000724216
190043,19,2025-04-01,Apartment,7,973.6,329064.09,Available,,337.98694535743635
190067,19,2025-04-01,Apartment,10,747.71,220548.69,Sold,C1668,294.96554814032174
190167,19,2025-04-01,Apartment,21,477.75,150133.36,Available,,314.25088435374147
190176,19,2025-04-01,Apartment,22,935.25,277608.69,Sold,C1481,296.8283239775461
190180,19,2025-04-01,Apartment,22,935.25,273831.37,Available,,292.7894894413258
190189,19,2025-04-01,Apartment,22,935.25,289023.56,Sold,C1318,309.03347767976476
190227,19,2025-04-01,Apartment,26,668.24,221518.38,Sold,C1162,331.49524123069557
190241,19,2025-04-01,Apartment,28,1599.78,466641.0,Available,,291.69073247571544
190315,19,2025-04-01,Apartment,37,1565.26,472632.31,Sold,C0163,301.95131160318414
190319,19,2025-04-01,Apartment,39,1237.04,418320.77,Sold,C0331,338.1626867360797
190331,19,2025-04-01,Office,39,1237.04,393996.5,Sold,C0649,318.49940179784
190355,19,2025-04-01,Apartment,41,1657.19,503445.63,Sold,C1976,303.79475497679806
190377,19,2025-04-01,Apartment,43,1697.72,495491.79,Sold,C1850,291.85719082063
190423,19,2025-04-01,Apartment,49,1004.26,395405.61,Sold,C0942,393.72832732559294
200002,20,2025-04-01,Office,1,1898.39,678504.41,Sold,C1130,357.4104425328831
200025,20,2025-04-01,Apartment,2,1669.84,562229.33,Sold,C1766,336.69652781104776
200035,20,2025-04-01,Apartment,3,1645.93,383399.62,Sold,C0026,232.9379864271263
200066,20,2025-04-01,Apartment,8,1268.45,404330.66,Sold,C0648,318.759635775947
200069,20,2025-04-01,Apartment,8,1268.45,367661.21,Sold,C0046,289.85077062556667
200093,20,2025-04-01,Apartment,13,1587.57,555052.72,Available,,349.62409216601475
200137,20,2025-04-01,Apartment,17,1089.33,333422.42,Available,,306.0802695234686
200153,20,2025-04-01,Apartment,18,1868.01,596267.69,Sold,C0764,319.1994100673979
200159,20,2025-04-01,Apartment,18,1868.01,555615.27,Available,,297.4369890953475
200251,20,2025-04-01,Apartment,30,1703.94,497713.05,Available,,292.09540828902425
200298,20,2025-04-01,Apartment,33,630.53,178721.82,Sold,C0692,283.446973181292
200345,20,2025-04-01,Office,38,1499.47,517695.89,Sold,C0084,345.25258257917795
200356,20,2025-04-01,Apartment,38,1499.47,447756.59,Available,,298.6099021654318
200390,20,2025-04-01,Apartment,43,1697.49,443038.02,Available,,260.9959528480286
200411,20,2025-04-01,Office,47,590.12,151178.64,Sold,C1656,256.18287805869994
200418,20,2025-04-01,Apartment,48,860.8,245942.1,Available,,285.71340613382904
200466,20,2025-04-01,Office,52,1634.67,507216.3,Sold,C0842,310.2866633632476
200477,20,2025-04-01,Apartment,54,589.61,179336.56,Sold,C1382,304.1613269788504
1005,1,2025-05-01,Office,5,410.71,117564.07,Sold,C0155,286.2459399576344
1013,1,2025-05-01,Apartment,13,756.21,206958.71,Sold,C0005,273.67888549476993
2004,2,2025-05-01,Apartment,4,649.69,168834.04,Sold,C0009,259.86861426218655
2015,2,2025-05-01,Apartment,15,723.93,228170.03,Sold,C0108,315.18244857928255
2033,2,2025-05-01,Apartment,33,649.8,205085.4,Sold,C0108,315.61311172668513
2036,2,2025-05-01,Apartment,36,1109.25,460001.26,Sold,C0067,414.69574938021185
3017,3,2025-05-01,Apartment,17,743.41,205098.21,Sold,C0022,275.8884195800433
5006,5,2025-05-01,Apartment,6,1058.25,264011.7,Available,,249.47951807228918
5048,5,2025-05-01,Apartment,48,1013.27,287996.53,Available,,284.224866027811
10043,1,2025-05-01,Apartment,5,753.87,192382.99,Available,,255.19385305158713
10065,1,2025-05-01,Apartment,8,763.88,224101.03,Sold,C0632,293.37203487458765
10086,1,2025-05-01,Apartment,11,1429.46,425847.12,Sold,C1520,297.90768541966895
10099,1,2025-05-01,Apartment,13,719.47,213970.0,Sold,C0145,297.399474613257
10123,1,2025-05-01,Apartment,15,765.0,227057.19,Sold,C0363,296.8067843137255
10141,1,2025-05-01,Apartment,18,716.85,197556.99,Sold,C0104,275.59041640510566
10150,1,2025-05-01,Apartment,19,773.17,213333.34,Sold,C0083,275.9203538678428
10177,1,2025-05-01,Apartment,22,740.83,208869.86,Sold,C1573,281.9403371893686
10188,1,2025-05-01,Apartment,23,1201.5,333805.8,Available,,277.8242197253433
10190,1,2025-05-01,Apartment,23,1201.5,354052.01,Sold,C0687,294.6749979192676
10237,1,2025-05-01,Apartment,27,725.12,239200.56,Sold,C0032,329.8772065313327
10296,1,2025-05-01,Apartment,31,619.78,166744.56,Available,,269.03830391429216
10303,1,2025-05-01,Apartment,32,800.77,227545.66,Sold,C1368,284.15857237408994
10322,1,2025-05-01,Office,34,1469.14,528013.52,Available,,359.4031338061723
10405,1,2025-05-01,Apartment,47,771.08,287674.64,Available,,373.0801473258287
10414,1,2025-05-01,Apartment,48,1170.93,333101.77,Sold,C0247,284.47624537760584
20019,2,2025-05-01,Apartment,2,788.72,263962.33,Sold,C1603,334.671784663759
20042,2,2025-05-01,Apartment,5,933.95,253388.7,Available,,271.308635365919
20045,2,2025-05-01,Apartment,5,933.95,312262.95,Sold,C1657,334.3465388939451
20047,2,2025-05-01,Apartment,5,933.95,265780.53,Sold,C1292,284.5768295947321
20051,2,2025-05-01,Apartment,6,967.84,275527.07,Sold,C0841,284.68245784427177
20057,2,2025-05-01,Office,6,967.84,263877.34,Sold,C0136,272.64562324351135
20065,2,2025-05-01,Apartment,8,715.54,252468.08,Sold,C0538,352.8357324538111
20088,2,2025-05-01,Apartment,10,788.79,277290.5,Sold,C1498,351.53906616463195
20098,2,2025-05-01,Office,11,1625.05,395093.69,Sold,C1828,243.1270976277653
20104,2,2025-05-01,Apartment,12,1610.5,481672.65,Sold,C0128,299.08267618751944
20163,2,2025-05-01,Office,19,795.52,278522.0,Sold,C0193,350.1131335478681
20173,2,2025-05-01,Office,20,727.55,218325.78,Sold,C1481,300.08354065012713
20176,2,2025-05-01,Apartment,20,727.55,204717.2,Sold,C1491,281.3788743041716
20223,2,2025-05-01,Apartment,25,943.48,339365.18,Sold,C0255,359.69514987069147
20230,2,2025-05-01,Apartment,26,1577.79,559717.96,Sold,C1821,354.74807166986733
20349,2,2025-05-01,Apartment,42,786.45,257788.12,Sold,C1715,327.78704304151563
20354,2,2025-05-01,Apartment,42,786.45,293846.83,Sold,C0631,373.637014431941
20369,2,2025-05-01,Apartment,44,580.26,178180.61,Sold,C0232,307.07029607417365
20466,2,2025-05-01,Apartment,55,579.26,149623.91,Sold,C1375,258.3018161102096
30018,3,2025-05-01,Apartment,1,689.75,257295.13,Available,,373.0266473359913
30051,3,2025-05-01,Apartment,5,701.19,203257.42,Sold,C1397,289.8749554329069
30106,3,2025-05-01,Apartment,10,784.09,217542.01,Sold,C0630,277.4452039944394
30114,3,2025-05-01,Apartment,10,784.09,227403.28,Available,,290.02191075004146
30162,3,2025-05-01,Apartment,18,706.68,204218.36,Sold,C1619,288.98279277749475
30181,3,2025-05-01,Apartment,20,802.97,248953.74,Available,,310.04114724086827
30195,3,2025-05-01,Apartment,21,1122.15,363901.47,Sold,C0405,324.2895067504344
30215,3,2025-05-01,Apartment,24,776.04,239388.89,Sold,C0860,308.4749368589248
30279,3,2025-05-01,Apartment,32,777.85,219257.86,Sold,C0312,281.8767885839172
30284,3,2025-05-01,Apartment,34,768.76,251749.52,Sold,C0992,327.47479057182994
30291,3,2025-05-01,Apartment,35,925.48,271586.15,Sold,C0476,293.45436962441113
30296,3,2025-05-01,Office,36,733.45,251482.95,Sold,C0026,342.876746881178
30308,3,2025-05-01,Apartment,37,659.12,196469.4,Sold,C0898,298.0783468867581
30349,3,2025-05-01,Apartment,42,1343.96,395199.65,Available,,294.0561103009018
30350,3,2025-05-01,Apartment,42,1343.96,378986.47,Sold,C0872,281.99237328491915
30428,3,2025-05-01,Apartment,50,713.67,207652.43,Available,,290.96421315173683
30430,3,2025-05-01,Apartment,50,713.67,221898.05,Sold,C0095,310.9252875979094
30433,3,2025-05-01,Apartment,50,713.67,182601.13,Available,,255.8621351605084
30435,3,2025-05-01,Office,50,713.67,216692.83,Sold,C1237,303.63169251895135
30460,3,2025-05-01,Apartment,54,787.64,234267.9,Available,,297.43017114417756
40009,4,2025-05-01,Office,1,1615.98,501520.52,Sold,C1964,310.35069740962143
40033,4,2025-05-01,Office,4,783.03,246720.63,Sold,C0543,315.08451783456576
40062,4,2025-05-01,Apartment,6,1602.95,445333.44,Sold,C1438,277.82116722293273
40072,4,2025-05-01,Apartment,7,786.36,222912.15,Sold,C0486,283.47340912559133
40139,4,2025-05-01,Apartment,17,780.68,234107.29,Sold,C1817,299.87612081774864
40157,4,2025-05-01,Apartment,19,1063.07,297965.35,Sold,C0350,280.2876104113558
40243,4,2025-05-01,Apartment,29,776.79,247342.01,Sold,C0876,318.4155434544729
40252,4,2025-05-01,Apartment,30,1307.35,409647.06,Sold,C1029,313.34153822618276
40253,4,2025-05-01,Office,30,1307.35,403369.61,Available,,308.5398783799289
40279,4,2025-05-01,Apartment,33,734.73,246127.73,Available,,334.990717678603
40319,4,2025-05-01,Apartment,39,743.73,227607.98,Available,,306.0357656676482
40342,4,2025-05-01,Apartment,40,780.74,243877.45,Sold,C0749,312.36704920972414
40373,4,2025-05-01,Apartment,44,799.67,236051.3,Sold,C0058,295.18588917928645
50043,5,2025-05-01,Apartment,8,782.15,213915.0,Sold,C0945,273.4961324554114
50065,5,2025-05-01,Apartment,9,793.56,265768.77,Available,,334.9069635566309
50078,5,2025-05-01,Apartment,10,629.27,220388.67,Sold,C1530,350.2291067427337
50101,5,2025-05-01,Apartment,12,787.5,261463.31,Available,,332.01690158730156
50143,5,2025-05-01,Apartment,18,1267.03,374103.56,Sold,C1233,295.26022272558663
50179,5,2025-05-01,Apartment,23,1006.65,248569.02,Sold,C0577,246.9269557443004
50210,5,2025-05-01,Apartment,27,1278.6,408109.75,Available,,319.18485061786333
50215,5,2025-05-01,Apartment,28,1247.24,329008.0,Sold,C1425,263.7888457714634
50228,5,2025-05-01,Apartment,31,1008.52,337197.82,Available,,334.34916511323524
50267,5,2025-05-01,Office,35,605.55,176582.96,Available,,291.60756337214104
50269,5,2025-05-01,Apartment,36,627.56,189545.13,Sold,C0052,302.0350723436803
50298,5,2025-05-01,Apartment,39,591.14,153072.85,Available,,258.94517373211085
50306,5,2025-05-01,Office,41,630.83,236306.88,Available,,374.59676933563713
50329,5,2025-05-01,Apartment,42,791.2,251971.56,Sold,C0984,318.46759352881696
50338,5,2025-05-01,Apartment,43,802.72,229942.63,Sold,C1147,286.454342734702
50429,5,2025-05-01,Apartment,50,1261.07,340608.67,Sold,C0655,270.09497490226556
50442,5,2025-05-01,Apartment,52,1755.18,448811.4,Available,,255.70676511810754
60067,6,2025-05-01,Apartment,6,951.22,311096.8,Sold,C1040,327.05031433317214
60181,6,2025-05-01,Apartment,16,1687.92,510808.24,Sold,C1526,302.6258590454524
60218,6,2025-05-01,Office,20,1897.17,468592.51,Sold,C0009,246.9955301844326
60220,6,2025-05-01,Apartment,20,1897.17,565996.94,Sold,C1355,298.33749215937416
60238,6,2025-05-01,Apartment,23,1243.4,349749.68,Available,,281.2849284220685
60253,6,2025-05-01,Apartment,25,1086.43,359202.38,Sold,C0877,330.6263450015187
60290,6,2025-05-01,Apartment,32,793.11,241805.57,Sold,C0346,304.8827653162865
60307,6,2025-05-01,Office,34,1353.81,448817.69,Sold,C1306,331.5219196194444
60326,6,2025-05-01,Office,36,463.91,149767.48,Sold,C1633,322.8373606949624
60357,6,2025-05-01,Office,41,940.72,259855.15,Available,,276.2300684582022
60360,6,2025-05-01,Apartment,41,940.72,279865.7,Available,,297.50159452334384
60439,6,2025-05-01,Apartment,52,1408.23,427534.07,Sold,C0817,303.5967633128111
60448,6,2025-05-01,Apartment,53,1170.96,306183.74,Sold,C0258,261.4809557969529
70001,7,2025-05-01,Apartment,1,759.04,260441.29,Sold,C0192,343.1193217748735
70015,7,2025-05-01,Office,3,888.5,266544.05,Sold,C0195,299.9933033202026
70127,7,2025-05-01,Apartment,15,602.92,190314.12,Sold,C0753,315.65401711669875
70146,7,2025-05-01,Office,18,703.28,231837.71,Available,,329.65207314298715
70147,7,2025-05-01,Apartment,18,703.28,204864.62,Available,,291.29879990899786
70152,7,2025-05-01,Office,19,751.07,195740.81,Sold,C1573,260.61593459997067
70153,7,2025-05-01,Apartment,19,751.07,230306.24,Sold,C0344,306.6375171422104
70195,7,2025-05-01,Apartment,22,1914.21,606086.6,Sold,C1094,316.624926209768
70260,7,2025-05-01,Apartment,29,441.65,126200.04,Sold,C0383,285.74672251783085
70268,7,2025-05-01,Office,30,1237.23,368764.14,Available,,298.05625469799475
70282,7,2025-05-01,Apartment,34,1487.05,455404.07,Sold,C1547,306.2466426818197
70295,7,2025-05-01,Apartment,35,613.21,187620.95,Available,,305.9652484466985
70312,7,2025-05-01,Apartment,37,1171.04,370830.27,Sold,C0177,316.66746652548164
70339,7,2025-05-01,Office,41,1093.92,334197.72,Sold,C1795,305.50471698113205
70405,7,2025-05-01,Apartment,47,1033.08,256543.63,Sold,C0076,248.32890966817675
70469,7,2025-05-01,Apartment,55,601.23,187791.7,Sold,C1668,312.3458576584668
70504,7,2025-05-01,Apartment,58,1629.83,524785.88,Sold,C1594,321.98810918930195
80017,8,2025-05-01,Apartment,2,1097.36,340541.6,Sold,C0393,310.3280600714442
80030,8,2025-05-01,Apartment,4,1934.75,595656.86,Available,,307.87277942886675
80038,8,2025-05-01,Apartment,5,887.23,243883.4,Sold,C0893,274.88182320255174
80071,8,2025-05-01,Apartment,8,1552.34,407657.44,Sold,C1283,262.608346109744
80137,8,2025-05-01,Apartment,16,424.09,152382.95,Available,,359.3174797802354
80167,8,2025-05-01,Apartment,21,1501.64,409979.77,Sold,C1583,273.0213433312911
80212,8,2025-05-01,Apartment,29,1848.51,577483.25,Sold,C1718,312.40472055872027
80241,8,2025-05-01,Apartment,30,1070.46,299341.47,Available,,279.6381649010705
80345,8,2025-05-01,Office,39,1290.89,381192.56,Sold,C1033,295.2943782971438
80352,8,2025-05-01,Apartment,41,610.26,159707.09,Available,,261.7033559466457
80357,8,2025-05-01,Office,42,1473.68,439227.72,Sold,C0389,298.0482329949514
80366,8,2025-05-01,Office,43,1490.59,488108.91,Sold,C1767,327.4602070321148
80383,8,2025-05-01,Apartment,46,1175.51,379740.64,Sold,C1075,323.0433088616856
80470,8,2025-05-01,Apartment,55,1300.05,422703.93,Sold,C1397,325.1443636783201
80477,8,2025-05-01,Apartment,56,1874.7,491384.8,Available,,262.11383154638077
80489,8,2025-05-01,Apartment,57,1949.35,529541.23,Available,,271.6501551799318
90021,9,2025-05-01,Apartment,4,1139.87,408511.51,Sold,C0306,358.384298209445
90025,9,2025-05-01,Office,5,1416.81,423694.55,Sold,C1683,299.04824923595964
90051,9,2025-05-01,Apartment,9,1391.22,417103.42,Sold,C1804,299.81125918258795
90077,9,2025-05-01,Apartment,12,952.38,244096.92,Sold,C1550,256.3020223020223
90137,9,2025-05-01,Apartment,21,1261.65,395284.05,Sold,C0692,313.30721673998335
90193,9,2025-05-01,Apartment,28,1931.82,675285.62,Sold,C0727,349.5592860618484
90232,9,2025-05-01,Apartment,33,973.52,309061.29,Available,,317.46783835976663
90246,9,2025-05-01,Apartment,34,1577.36,507504.36,Sold,C1567,321.7428868489121
90281,9,2025-05-01,Apartment,35,1376.88,364329.06,Available,,264.6048021614084
90341,9,2025-05-01,Office,40,1090.32,326851.69,Sold,C0095,299.77592816787734
90345,9,2025-05-01,Apartment,40,1090.32,340807.81,Sold,C1237,312.57595017976377
90366,9,2025-05-01,Apartment,43,1908.91,576858.24,Available,,302.19247633466216
90374,9,2025-05-01,Apartment,44,1351.57,358419.01,Available,,265.187160117493
90450,9,2025-05-01,Apartment,56,1516.4,397503.1,Sold,C1043,262.1360458981799
90507,9,2025-05-01,Apartment,58,838.34,218992.09,Sold,C0759,261.2210916811795
90523,9,2025-05-01,Apartment,59,1697.13,437506.24,Sold,C0340,257.7918250222434
100005,10,2025-05-01,Apartment,1,1006.89,289076.11,Sold,C1104,287.09800474729116
100027,10,2025-05-01,Apartment,4,1765.37,515578.93,Available,,292.05148495782754
100098,10,2025-05-01,Apartment,12,852.74,250926.91,Available,,294.259575017004
100106,10,2025-05-01,Apartment,14,1318.01,417201.93,Sold,C1701,316.5392751193086
100122,10,2025-05-01,Apartment,15,1948.32,516476.18,Sold,C1108,265.087962962963
100141,10,2025-05-01,Apartment,18,1244.03,382842.94,Available,,307.7441380031028
100158,10,2025-05-01,Apartment,20,1264.43,410347.16,Available,,324.53133823145606
100214,10,2025-05-01,Apartment,27,777.35,201415.36,Sold,C0917,259.1051135267254
100219,10,2025-05-01,Apartment,27,777.35,262420.84,Sold,C1818,337.58389399884226
100317,10,2025-05-01,Apartment,37,1177.85,340374.8,Available,,288.97975124166913
100337,10,2025-05-01,Apartment,40,1322.98,389328.46,Sold,C1746,294.28144038458635
100341,10,2025-05-01,Apartment,41,1750.64,565457.28,Sold,C1335,323.0003198830142
100359,10,2025-05-01,Apartment,43,1093.67,383263.24,Available,,350.4377371602037
100421,10,2025-05-01,Apartment,50,1138.32,342174.93,Sold,C0943,300.59643158338605
110038,11,2025-05-01,Apartment,4,1414.25,398416.6,Sold,C0430,281.7158211065936
110041,11,2025-05-01,Apartment,5,1723.2,494410.43,Available,,286.91413068709375
110058,11,2025-05-01,Apartment,6,1724.08,487075.17,Sold,C1638,282.5130910398589
110093,11,2025-05-01,Apartment,10,1519.64,430666.39,Sold,C1219,283.40027243294463
110106,11,2025-05-01,Apartment,13,474.93,140213.02,Sold,C0244,295.2288126671299
110134,11,2025-05-01,Apartment,14,524.68,172200.35,Sold,C0536,328.2007128154304
110193,11,2025-05-01,Apartment,22,1755.05,596516.36,Sold,C1158,339.88567847069885
110234,11,2025-05-01,Apartment,29,993.51,336177.61,Sold,C0884,338.37365502108685
110237,11,2025-05-01,Office,29,993.51,313924.14,Sold,C0511,315.974816559471
110239,11,2025-05-01,Apartment,29,993.51,310876.37,Sold,C0919,312.9071373212147
110263,11,2025-05-01,Apartment,32,1285.87,391255.01,Available,,304.27260142938246
110373,11,2025-05-01,Apartment,44,434.38,131519.77,Sold,C0228,302.7758414291634
110378,11,2025-05-01,Apartment,44,434.38,137674.5,Available,,316.9448409226944
110386,11,2025-05-01,Apartment,45,1651.09,548150.16,Sold,C0226,331.99290165890415
110432,11,2025-05-01,Office,51,1318.98,454364.35,Sold,C1975,344.48160699934795
110438,11,2025-05-01,Apartment,52,1397.58,427948.68,Available,,306.2069291203366
110469,11,2025-05-01,Apartment,56,724.8,195152.94,Sold,C1417,269.2507450331126
120002,12,2025-05-01,Apartment,1,839.95,205528.92,Sold,C0009,244.69185070539913
120004,12,2025-05-01,Apartment,1,839.95,252295.18,Sold,C1355,300.36928388594555
120009,12,2025-05-01,Apartment,1,839.95,265630.46,Sold,C0795,316.2455622358474
120014,12,2025-05-01,Apartment,2,1285.87,380015.64,Available,,295.5319277998554
120072,12,2025-05-01,Apartment,8,1803.36,466253.04,Available,,258.54684588767634
120073,12,2025-05-01,Apartment,8,1803.36,634188.62,Sold,C1596,351.6705594002307
120085,12,2025-05-01,Apartment,11,1348.81,348797.92,Sold,C0755,258.5967779005197
120103,12,2025-05-01,Apartment,13,1394.03,520101.47,Sold,C1737,373.09202097515833
120113,12,2025-05-01,Apartment,14,1369.96,367617.71,Sold,C0355,268.34192969137786
120146,12,2025-05-01,Apartment,16,1523.02,505829.79,Sold,C1553,332.1228808551431
120198,12,2025-05-01,Apartment,22,892.67,290299.07,Sold,C0756,325.2031209741562
120235,12,2025-05-01,Apartment,24,1306.75,349839.43,Sold,C1223,267.7171838530706
120359,12,2025-05-01,Apartment,38,1157.23,367496.03,Sold,C0363,317.5652463209561
120377,12,2025-05-01,Apartment,41,938.23,282768.9,Available,,301.3854811719941
120395,12,2025-05-01,Apartment,47,1528.05,509148.56,Sold,C0501,333.20150518634864
120407,12,2025-05-01,Apartment,47,1528.05,360456.35,Sold,C1573,235.8930336049213
130024,13,2025-05-01,Office,2,1651.02,475718.5,Sold,C0956,288.1361219125147
130028,13,2025-05-01,Apartment,2,1651.02,538246.86,Sold,C1461,326.0086855398481
130056,13,2025-05-01,Office,5,441.3,117558.15,Sold,C0325,266.39055064581913
130075,13,2025-05-01,Apartment,9,1448.68,431877.48,Sold,C0785,298.11792804484077
130082,13,2025-05-01,Apartment,10,1314.38,396126.59,Available,,301.3790456336828
130086,13,2025-05-01,Apartment,11,1678.3,498317.73,Sold,C1919,296.918149317762
130087,13,2025-05-01,Apartment,11,1678.3,469476.95,Sold,C1255,279.73362926771136
130102,13,2025-05-01,Apartment,12,1858.65,538375.93,Sold,C0063,289.6596615823313
130173,13,2025-05-01,Apartment,20,516.72,184957.97,Available,,357.94621845486915
130181,13,2025-05-01,Apartment,20,516.72,154757.84,Sold,C0587,299.50038705681993
130258,13,2025-05-01,Apartment,30,1777.51,534630.42,Sold,C0076,300.77491547164294
130274,13,2025-05-01,Apartment,32,1114.07,298538.23,Available,,267.97080075758254
130277,13,2025-05-01,Apartment,32,1114.07,307504.71,Sold,C0235,276.0191998707442
130301,13,2025-05-01,Apartment,33,1445.84,424439.28,Available,,293.55895534775635
130350,13,2025-05-01,Apartment,38,656.42,182096.35,Available,,277.40829042381404
130362,13,2025-05-01,Apartment,40,571.5,138257.97,Sold,C1828,241.92120734908136
130368,13,2025-05-01,Apartment,40,571.5,183248.76,Sold,C0128,320.64524934383206
130389,13,2025-05-01,Apartment,43,1875.83,535236.81,Sold,C0167,285.33332444837754
130404,13,2025-05-01,Apartment,45,986.91,302325.29,Sold,C0990,306.335218003668
130429,13,2025-05-01,Apartment,47,1874.35,595397.77,Sold,C0803,317.65559794061943
130493,13,2025-05-01,Apartment,57,1717.49,539317.69,Available,,314.0150393888756
130511,13,2025-05-01,Apartment,59,1434.04,353752.57,Sold,C1369,246.68249839613958
130529,13,2025-05-01,Apartment,60,1401.81,438895.96,Sold,C0533,313.09233062968593
130564,13,2025-05-01,Apartment,66,1283.8,367765.98,Sold,C0173,286.4667237887521
140008,14,2025-05-01,Office,2,922.7,231951.22,Available,,251.38313644738267
140083,14,2025-05-01,Office,11,1431.42,492509.45,Sold,C0302,344.070538346537
140118,14,2025-05-01,Apartment,13,442.74,141101.65,Sold,C1209,318.70093056873105
140128,14,2025-05-01,Apartment,14,1628.68,517610.73,Sold,C0438,317.80996266915537
140150,14,2025-05-01,Apartment,16,915.37,268606.11,Available,,293.4399313938626
140156,14,2025-05-01,Apartment,16,915.37,302441.81,Sold,C1556,330.40389132263454
140170,14,2025-05-01,Office,17,686.6,299967.93,Available,,436.88891639965044
140267,14,2025-05-01,Apartment,29,1618.34,501471.56,Sold,C1961,309.8678646019996
140286,14,2025-05-01,Apartment,33,1894.96,616501.26,Available,,325.33734749018447
140324,14,2025-05-01,Apartment,38,1170.11,372305.86,Available,,318.1802223722556
140347,14,2025-05-01,Apartment,41,543.61,162818.91,Sold,C1923,299.5141921598205
140353,14,2025-05-01,Apartment,43,520.49,155210.56,Sold,C1172,298.2008491997925
140375,14,2025-05-01,Apartment,45,1388.61,392569.11,Sold,C0216,282.70652667055543
140379,14,2025-05-01,Apartment,46,1258.99,379081.98,Sold,C1721,301.10007228016104
140429,14,2025-05-01,Apartment,51,1346.3,372457.73,Sold,C0773,276.65284854787194
140435,14,2025-05-01,Apartment,51,1346.3,422800.28,Available,,314.0461115650301
140467,14,2025-05-01,Apartment,55,1415.9,502780.15,Sold,C1750,355.09580478847374
150070,15,2025-05-01,Apartment,10,1072.95,317628.8,Sold,C1404,296.0331795517032
150099,15,2025-05-01,Apartment,15,522.71,175599.9,Sold,C0001,335.94134414876316
150106,15,2025-05-01,Office,15,522.71,155535.1,Sold,C1287,297.5552409557881
150133,15,2025-05-01,Apartment,17,562.64,177349.05,Available,,315.20874804493104
150140,15,2025-05-01,Apartment,17,562.64,187358.7,Sold,C1312,332.9992535191242
150143,15,2025-05-01,Apartment,17,562.64,167897.44,Sold,C0101,298.41006682781176
150165,15,2025-05-01,Apartment,21,1271.25,376814.3,Sold,C0310,296.41242871189775
150183,15,2025-05-01,Apartment,23,1279.23,435723.27,Sold,C0365,340.6137051194859
150189,15,2025-05-01,Apartment,23,1279.23,434858.74,Available,,339.93788450864974
150194,15,2025-05-01,Apartment,23,1279.23,401460.83,Sold,C1647,313.83006183407207
150250,15,2025-05-01,Apartment,30,1523.22,425190.67,Available,,279.1393692309712
150261,15,2025-05-01,Apartment,30,1523.22,432917.5,Available,,284.21206391722797
150268,15,2025-05-01,Apartment,31,1901.65,557626.79,Sold,C1300,293.2331343832987
150280,15,2025-05-01,Apartment,34,1304.22,407450.17,Sold,C1679,312.4090797564828
150314,15,2025-05-01,Office,35,745.49,212947.87,Sold,C0257,285.64819112261733
150341,15,2025-05-01,Apartment,39,1713.42,476819.19,Sold,C1627,278.2850614560353
150483,15,2025-05-01,Apartment,57,429.34,125064.35,Available,,291.2944286579401
160024,16,2025-05-01,Office,4,1561.55,548503.64,Sold,C0178,351.2558931830553
160196,16,2025-05-01,Office,24,1077.77,264146.36,Sold,C0689,245.08602020839325
160223,16,2025-05-01,Apartment,27,1164.55,369524.95,Sold,C0246,317.31136490489894
160242,16,2025-05-01,Apartment,28,1440.71,493044.25,Sold,C0048,342.2231052744827
160301,16,2025-05-01,Office,35,629.97,205003.87,Sold,C1054,325.41846437131926
170010,17,2025-05-01,Apartment,1,530.28,171074.17,Sold,C0999,322.611016821302
170011,17,2025-05-01,Apartment,1,530.28,155277.3,Sold,C0769,292.8213396696085
170018,17,2025-05-01,Office,1,530.28,170733.9,Sold,C0985,321.969336954062
170024,17,2025-05-01,Office,2,1738.5,618068.19,Sold,C0290,355.5180845556514
170048,17,2025-05-01,Apartment,6,1739.03,495814.92,Available,,285.11004410504705
170082,17,2025-05-01,Office,10,1059.07,328477.73,Sold,C0033,310.15676961862766
170100,17,2025-05-01,Apartment,12,451.91,137774.09,Sold,C1278,304.8706379588856
170209,17,2025-05-01,Office,23,1025.52,281260.7,Sold,C1769,274.26154536235276
170236,17,2025-05-01,Apartment,27,677.24,236838.98,Sold,C1136,349.7120370917252
170246,17,2025-05-01,Apartment,28,1201.04,375578.61,Available,,312.7111586624925
170262,17,2025-05-01,Apartment,32,954.54,302112.82,Sold,C1398,316.500953338781
170271,17,2025-05-01,Apartment,33,1532.89,392498.69,Available,,256.0514387855619
170286,17,2025-05-01,Apartment,35,1667.01,490050.27,Sold,C1360,293.96960426152214
170313,17,2025-05-01,Apartment,39,1341.67,479425.55,Available,,357.33492587596055
170338,17,2025-05-01,Apartment,42,691.03,222293.76,Available,,321.6846736031721
170344,17,2025-05-01,Apartment,43,1602.46,483360.49,Available,,301.63654006964293
170358,17,2025-05-01,Apartment,46,1582.61,444006.51,Sold,C0748,280.55333278571476
170384,17,2025-05-01,Apartment,48,1833.96,580903.05,Sold,C0009,316.74793888634434
170426,17,2025-05-01,Apartment,49,1283.67,390972.72,Sold,C0122,304.57416625768303
180036,18,2025-05-01,Apartment,4,1096.58,312109.48,Sold,C0482,284.62080285980045
180038,18,2025-05-01,Apartment,4,1096.58,288304.74,Sold,C1076,262.9126374728702
180044,18,2025-05-01,Apartment,5,883.32,278963.92,Available,,315.81297830910654
180054,18,2025-05-01,Apartment,6,840.25,266282.79,Sold,C1584,316.90900327283543
180109,18,2025-05-01,Apartment,14,1742.3,514682.27,Sold,C0176,295.4039315846869
180128,18,2025-05-01,Apartment,17,1195.81,306003.32,Sold,C1752,255.8962711467541
180190,18,2025-05-01,Apartment,25,911.94,284177.91,Sold,C1572,311.6190867820251
180195,18,2025-05-01,Apartment,25,911.94,253775.13,Sold,C0835,278.2805118757813
180210,18,2025-05-01,Apartment,27,650.82,174212.21,Sold,C0186,267.68109461909586
180217,18,2025-05-01,Apartment,27,650.82,173179.78,Sold,C0496,266.0947420177622
180225,18,2025-05-01,Apartment,28,514.67,142843.57,Sold,C1837,277.5439990673636
180260,18,2025-05-01,Apartment,30,1795.66,477379.71,Available,,265.851948587149
180263,18,2025-05-01,Office,30,1795.66,610038.08,Sold,C0194,339.7291692191172
180317,18,2025-05-01,Apartment,37,1092.32,340086.33,Available,,311.34313204921636
180322,18,2025-05-01,Apartment,37,1092.32,270158.79,Available,,247.32568295005126
180326,18,2025-05-01,Apartment,38,1219.8,381620.77,Sold,C1674,312.8551975733727
180359,18,2025-05-01,Apartment,40,990.46,278073.35,Available,,280.75172142236937
180456,18,2025-05-01,Apartment,51,1527.31,496847.34,Sold,C1775,325.30877163116855
180477,18,2025-05-01,Apartment,53,1806.7,510663.36,Available,,282.6497813693474
180493,18,2025-05-01,Apartment,54,1756.12,480611.69,Available,,273.6781598068469
180494,18,2025-05-01,Apartment,54,1756.12,485852.2,Sold,C1682,276.6623009817097
180526,18,2025-05-01,Apartment,58,955.23,309544.73,Sold,C0134,324.05256325701663
190030,19,2025-05-01,Apartment,5,1408.42,358445.19,Sold,C1826,254.50163303560015
190056,19,2025-05-01,Apartment,8,974.77,298003.07,Sold,C1152,305.71629204838064
190063,19,2025-05-01,Apartment,10,747.71,239035.92,Sold,C1861,319.6906822163673
190078,19,2025-05-01,Apartment,11,1869.93,613288.15,Available,,327.97385463626983
190165,19,2025-05-01,Apartment,21,477.75,149634.66,Sold,C1761,313.207032967033
190230,19,2025-05-01,Apartment,27,1691.96,484359.77,Sold,C0837,286.27140712546395
190284,19,2025-05-01,Apartment,33,1454.84,474802.39,Available,,326.36055511258974
190286,19,2025-05-01,Apartment,33,1454.84,464979.69,Available,,319.6088160897418
190339,19,2025-05-01,Office,40,893.49,302160.55,Sold,C1902,338.1801139352427
190352,19,2025-05-01,Apartment,41,1657.19,385563.1,Sold,C0099,232.66076913329186
190362,19,2025-05-01,Office,42,1137.59,348718.59,Sold,C0631,306.54153957049556
190413,19,2025-05-01,Apartment,46,1926.19,712128.48,Sold,C0302,369.70832576225604
190422,19,2025-05-01,Apartment,49,1004.26,258687.05,Sold,C0492,257.5897178021628
200016,20,2025-05-01,Apartment,1,1898.39,560474.88,Sold,C0315,295.23695341842296
200023,20,2025-05-01,Apartment,2,1669.84,539787.73,Sold,C1847,323.2571563742634
200031,20,2025-05-01,Apartment,3,1645.93,450173.43,Available,,273.50703249834436
200071,20,2025-05-01,Apartment,8,1268.45,317764.63,Available,,250.51411565296226
200091,20,2025-05-01,Apartment,13,1587.57,538931.69,Sold,C0131,339.4695603973368
200147,20,2025-05-01,Office,18,1868.01,516360.61,Sold,C1673,276.4228296422396
200168,20,2025-05-01,Office,19,759.72,229230.27,Available,,301.72993997788654
200333,20,2025-05-01,Office,36,1484.99,511551.83,Sold,C1389,344.48166654320903
200379,20,2025-05-01,Apartment,41,541.22,159669.21,Sold,C0958,295.01720187724027
200403,20,2025-05-01,Apartment,46,1227.49,404547.78,Sold,C0637,329.57317778556245
200410,20,2025-05-01,Apartment,47,590.12,175837.18,Sold,C1336,297.9685148783298
200432,20,2025-05-01,Apartment,48,860.8,245338.37,Available,,285.0120469330855
200450,20,2025-05-01,Apartment,51,1062.33,336892.39,Sold,C0002,317.1259307371533
200488,20,2025-05-01,Apartment,56,1333.01,443597.74,Sold,C1523,332.7790039084478
200491,20,2025-05-01,Apartment,57,445.15,161786.97,Sold,C0798,363.44371560148267
200498,20,2025-05-01,Apartment,58,1208.52,387163.37,Sold,C1001,320.36157448780324
200502,20,2025-05-01,Apartment,58,1208.52,362699.48,Available,,300.11872372819647
990001,1,2025-05-01,Apartment,2,1238.58,400865.92,Available,,323.64959873403416
990003,1,2025-05-01,Apartment,8,763.21,219630.9,Available,,287.77256587308864
1025,1,2025-06-01,Apartment,25,1434.09,382041.13,Sold,C0065,266.3996890013877
1040,1,2025-06-01,Apartment,40,782.25,234172.39,Sold,C0030,299.3574816235219
1047,1,2025-06-01,Apartment,47,1479.72,448134.27,Sold,C0104,302.8507217581705
3002,3,2025-06-01,Apartment,2,923.21,261871.7,Sold,C0083,283.65344829453755
5003,5,2025-06-01,Apartment,3,798.5,212644.39,Available,,266.30480901690675
10026,1,2025-06-01,Apartment,3,788.73,225196.58,Available,,285.5179592509477
10027,1,2025-06-01,Apartment,3,788.73,219973.45,Sold,C1462,278.89575646926073
10054,1,2025-06-01,Apartment,7,758.88,203777.68,Sold,C1927,268.52424625764286
10088,1,2025-06-01,Apartment,12,621.14,198416.21,Sold,C1616,319.43878996683515
10102,1,2025-06-01,Apartment,13,719.47,191700.01,Sold,C1365,266.44614785884056
10122,1,2025-06-01,Office,15,765.0,274098.77,Sold,C0181,358.299045751634
10162,1,2025-06-01,Apartment,20,1146.24,368811.3,Sold,C1238,321.75748534338356
10216,1,2025-06-01,Apartment,25,1154.92,339799.9,Sold,C1094,294.21942645378033
10233,1,2025-06-01,Apartment,27,725.12,219325.04,Sold,C1259,302.46723300970876
10277,1,2025-06-01,Apartment,30,753.29,204682.12,Sold,C0063,271.7175589746313
10331,1,2025-06-01,Apartment,35,1168.59,374662.04,Available,,320.6103423784219
10346,1,2025-06-01,Apartment,37,758.3,197514.96,Sold,C1180,260.47073717526047
10413,1,2025-06-01,Apartment,48,1170.93,375305.68,Available,,320.5193137079074
20030,2,2025-06-01,Apartment,3,645.84,233677.77,Sold,C1571,361.8199089557785
20077,2,2025-06-01,Office,9,584.19,180025.94,Sold,C1580,308.1633372704086
20082,2,2025-06-01,Apartment,10,788.79,266730.8,Sold,C0112,338.15185283789094
20093,2,2025-06-01,Apartment,11,1625.05,526987.75,Available,,324.29017568690193
20154,2,2025-06-01,Apartment,18,784.76,250182.28,Sold,C1535,318.80100922575053
20261,2,2025-06-01,Apartment,31,629.92,183932.23,Sold,C0574,291.99299911099826
20314,2,2025-06-01,Apartment,37,780.46,241560.55,Sold,C1718,309.51048099838556
20361,2,2025-06-01,Apartment,42,786.45,227817.72,Available,,289.67858096509633
20382,2,2025-06-01,Apartment,45,782.2,236688.4,Sold,C0793,302.59319867041677
20426,2,2025-06-01,Apartment,49,1617.9,444828.73,Available,,274.9420421534087
30011,3,2025-06-01,Apartment,1,689.75,211623.61,Sold,C0131,306.8120478434215
30026,3,2025-06-01,Apartment,3,783.65,248612.76,Available,,317.2497415938238
30030,3,2025-06-01,Apartment,4,719.96,216233.33,Available,,300.34075504194675
30040,3,2025-06-01,Apartment,4,719.96,178170.39,Sold,C0653,247.4726234790822
30047,3,2025-06-01,Apartment,5,701.19,234957.5,Sold,C0178,335.0839287496969
30069,3,2025-06-01,Apartment,7,744.01,258599.68,Available,,347.57554333947127
30098,3,2025-06-01,Apartment,9,1125.84,298173.59,Available,,264.845439849357
30158,3,2025-06-01,Apartment,18,706.68,195341.0,Sold,C1550,276.42072791079414
30209,3,2025-06-01,Office,23,924.21,248050.0,Sold,C0011,268.3913829108103
30210,3,2025-06-01,Apartment,23,924.21,286172.72,Sold,C1028,309.64036312093566
30295,3,2025-06-01,Apartment,36,733.45,222919.3,Sold,C0773,303.9325107369282
30311,3,2025-06-01,Office,38,1173.4,341826.64,Sold,C1869,291.31297085392873
30340,3,2025-06-01,Apartment,41,965.5,314641.73,Sold,C1336,325.8847540134645
30356,3,2025-06-01,Apartment,44,673.86,202812.57,Sold,C1575,300.9713738758793
30380,3,2025-06-01,Apartment,46,1599.81,522366.69,Available,,326.5179552571868
30405,3,2025-06-01,Apartment,49,1174.48,296753.67,Available,,252.66813398269872
30414,3,2025-06-01,Apartment,49,1174.48,366989.11,Sold,C0370,312.469441795518
30429,3,2025-06-01,Apartment,50,713.67,238169.16,Sold,C1783,333.7244945142713
30434,3,2025-06-01,Apartment,50,713.67,191594.66,Sold,C1327,268.4639399162078
30437,3,2025-06-01,Apartment,50,713.67,249497.22,Sold,C1540,349.59746101139183
40014,4,2025-06-01,Apartment,2,1620.07,503513.09,Available,,310.7971198775362
40023,4,2025-06-01,Apartment,3,1630.82,561592.03,Sold,C1568,344.3617505304081
40067,4,2025-06-01,Apartment,7,786.36,248235.55,Sold,C1705,315.67672567271984
40104,4,2025-06-01,Apartment,13,809.06,214784.29,Available,,265.4738709119225
40108,4,2025-06-01,Apartment,14,1322.66,409829.82,Available,,309.85273615290396
40222,4,2025-06-01,Apartment,26,790.05,255135.92,Sold,C1504,322.9364217454592
40238,4,2025-06-01,Apartment,29,776.79,245279.18,Sold,C0814,315.7599608645837
40250,4,2025-06-01,Apartment,30,1307.35,446358.88,Sold,C0202,341.4226335717291
40262,4,2025-06-01,Apartment,31,793.1,269484.63,Sold,C1455,339.7864455932417
40292,4,2025-06-01,Apartment,34,795.1,264746.45,Available,,332.9725191799774
40312,4,2025-06-01,Apartment,37,800.13,237481.19,Sold,C0204,296.80325697074227
40350,4,2025-06-01,Apartment,42,738.34,211507.17,Sold,C0251,286.4631064279329
40391,4,2025-06-01,Apartment,45,1160.48,332875.8,Sold,C1527,286.8432028126292
50040,5,2025-06-01,Apartment,8,782.15,246908.49,Sold,C0377,315.67920475612095
50048,5,2025-06-01,Apartment,8,782.15,245895.64,Sold,C1307,314.3842485456754
50105,5,2025-06-01,Apartment,13,791.13,246755.89,Available,,311.90308798806774
50150,5,2025-06-01,Apartment,19,819.72,229878.61,Available,,280.4355267652369
50160,5,2025-06-01,Apartment,22,1059.78,300950.66,Sold,C0507,283.97465511709976
50235,5,2025-06-01,Apartment,32,1051.39,295517.69,Sold,C1870,281.0733314944977
50291,5,2025-06-01,Apartment,38,1283.87,441600.42,Available,,343.96038539727545
50378,5,2025-06-01,Apartment,46,1272.95,373991.51,Sold,C0660,293.79905730782826
50406,5,2025-06-01,Apartment,47,1241.14,354787.43,Sold,C0983,285.8560919799539
60001,6,2025-06-01,Apartment,1,1720.95,501136.87,Sold,C0584,291.1978093494872
60003,6,2025-06-01,Apartment,1,1720.95,480292.7,Sold,C1709,279.0857956361312
60020,6,2025-06-01,Apartment,1,1720.95,628455.63,Sold,C0295,365.17948226270374
60035,6,2025-06-01,Office,4,1925.28,687894.92,Sold,C1536,357.2960400565113
60073,6,2025-06-01,Apartment,7,1075.42,346651.01,Available,,322.3401182793699
60111,6,2025-06-01,Apartment,9,1194.12,388454.83,Sold,C1757,325.30635949485816
60121,6,2025-06-01,Office,10,942.08,305183.98,Sold,C1074,323.9469896399456
60166,6,2025-06-01,Apartment,14,1890.0,594789.16,Available,,314.70325925925926
60249,6,2025-06-01,Apartment,25,1086.43,324022.67,Sold,C0305,298.24532643612565
60256,6,2025-06-01,Apartment,26,1538.47,481603.96,Available,,313.0408522753125
60312,6,2025-06-01,Apartment,34,1353.81,367911.8,Sold,C1963,271.76029132596153
60346,6,2025-06-01,Office,39,744.54,253458.89,Available,,340.4234695248073
60359,6,2025-06-01,Office,41,940.72,378059.82,Sold,C1664,401.8834722340335
60363,6,2025-06-01,Apartment,41,940.72,325187.7,Sold,C1280,345.67958584913686
60403,6,2025-06-01,Apartment,48,1521.71,469567.78,Available,,308.5790196555191
60440,6,2025-06-01,Apartment,52,1408.23,415927.28,Sold,C1132,295.3546508737919
60458,6,2025-06-01,Apartment,53,1170.96,371616.82,Sold,C0230,317.3608150577304
60472,6,2025-06-01,Apartment,55,562.37,156014.92,Sold,C1508,277.42397354055163
70024,7,2025-06-01,Office,5,1144.09,339779.92,Available,,296.9870552141877
70051,7,2025-06-01,Office,8,1561.28,528764.4,Sold,C1907,338.6736523877844
70074,7,2025-06-01,Apartment,11,834.5,275248.14,Sold,C1365,329.83599760335534
70114,7,2025-06-01,Apartment,15,602.92,162365.24,Sold,C1772,269.2981490081603
70189,7,2025-06-01,Office,21,1528.62,497159.94,Available,,325.23448600698674
70192,7,2025-06-01,Apartment,22,1914.21,603087.62,Available,,315.0582329002565
70193,7,2025-06-01,Apartment,22,1914.21,529783.19,Sold,C0588,276.7633592970468
70220,7,2025-06-01,Apartment,24,852.99,270019.71,Available,,316.5567122709528
70251,7,2025-06-01,Apartment,28,694.55,221149.9,Sold,C0330,318.4074580663739
70264,7,2025-06-01,Office,30,1237.23,301253.43,Sold,C1824,243.4902402948522
70269,7,2025-06-01,Office,30,1237.23,405353.74,Sold,C0225,327.6300607001123
70270,7,2025-06-01,Apartment,30,1237.23,427828.94,Sold,C1271,345.7958019123364
70343,7,2025-06-01,Apartment,41,1093.92,304478.01,Sold,C0223,278.3366333918385
70411,7,2025-06-01,Apartment,48,533.35,149462.76,Sold,C1605,280.2339176900722
70475,7,2025-06-01,Apartment,55,601.23,189238.02,Sold,C0021,314.75145950800857
70489,7,2025-06-01,Office,58,1629.83,593682.12,Sold,C0367,364.26014983157756
70518,7,2025-06-01,Apartment,60,1219.54,345685.38,Sold,C1263,283.45554881348704
80013,8,2025-06-01,Apartment,2,1097.36,359043.67,Available,,327.1885889771816
80049,8,2025-06-01,Apartment,5,887.23,284075.06,Sold,C1951,320.18198212413915
80075,8,2025-06-01,Apartment,9,1869.81,659880.36,Sold,C1720,352.9130553371733
80134,8,2025-06-01,Apartment,16,424.09,121543.19,Sold,C1328,286.59763257799057
80178,8,2025-06-01,Office,23,1114.67,377525.28,Available,,338.6879345456503
80180,8,2025-06-01,Apartment,25,1833.58,595227.23,Sold,C1779,324.62572126659325
80253,8,2025-06-01,Office,31,1253.18,300033.75,Sold,C1715,239.41792080946072
80260,8,2025-06-01,Apartment,31,1253.18,326975.92,Available,,260.91696324550344
80382,8,2025-06-01,Apartment,46,1175.51,387502.88,Sold,C0495,329.6466044525355
80386,8,2025-06-01,Apartment,46,1175.51,374700.13,Sold,C0191,318.7553742630858
80420,8,2025-06-01,Office,48,480.99,128184.8,Available,,266.5020062787168
80429,8,2025-06-01,Apartment,49,1081.0,317172.33,Sold,C0131,293.40641073080485
80441,8,2025-06-01,Apartment,52,559.73,180837.56,Sold,C1714,323.07998499276437
80487,8,2025-06-01,Apartment,56,1874.7,575615.86,Sold,C1061,307.0442524137195
90026,9,2025-06-01,Apartment,6,1821.59,537661.98,Sold,C1077,295.1608100615396
90055,9,2025-06-01,Office,9,1391.22,469019.71,Sold,C1423,337.12835496902
90063,9,2025-06-01,Apartment,11,559.6,161393.35,Available,,288.40841672623304
90076,9,2025-06-01,Apartment,12,952.38,302601.7,Available,,317.73210273210276
90089,9,2025-06-01,Apartment,14,1445.3,529558.26,Sold,C0981,366.4002352452778
90207,9,2025-06-01,Apartment,30,1250.17,402938.44,Available,,322.30691825911674
90290,9,2025-06-01,Apartment,36,1582.79,420874.11,Sold,C0529,265.9064752746732
90335,9,2025-06-01,Office,40,1090.32,342005.17,Sold,C0503,313.674123193191
90357,9,2025-06-01,Apartment,42,605.78,201976.86,Sold,C0796,333.4161906962924
90378,9,2025-06-01,Office,44,1351.57,476244.3,Sold,C1140,352.3637695420881
90449,9,2025-06-01,Apartment,56,1516.4,446034.38,Available,,294.14031917699816
90467,9,2025-06-01,Apartment,57,1198.57,334651.44,Available,,279.20892396772825
90468,9,2025-06-01,Apartment,57,1198.57,293185.45,Available,,244.6127051402922
90475,9,2025-06-01,Apartment,58,838.34,260948.75,Sold,C1667,311.2683994560679
90492,9,2025-06-01,Apartment,58,838.34,234943.46,Sold,C1438,280.24841949567
90524,9,2025-06-01,Office,59,1697.13,455010.72,Sold,C0734,268.10599070194974
90535,9,2025-06-01,Apartment,62,1263.44,352725.16,Sold,C1181,279.1784018235927
100001,10,2025-06-01,Apartment,1,1006.89,299720.12,Available,,297.6691793542492
100006,10,2025-06-01,Apartment,1,1006.89,308354.1,Sold,C0082,306.24407830050944
100019,10,2025-06-01,Apartment,4,1765.37,510485.02,Available,,289.1660218537757
100048,10,2025-06-01,Office,5,1741.96,591501.86,Available,,339.56110358446807
100065,10,2025-06-01,Apartment,9,1849.4,630342.5,Sold,C1053,340.8362171515086
100087,10,2025-06-01,Office,11,1675.44,599245.34,Sold,C0019,357.6644582915532
100105,10,2025-06-01,Apartment,14,1318.01,382143.98,Sold,C0114,289.9401218503653
100131,10,2025-06-01,Apartment,17,647.35,194001.1,Sold,C0234,299.6850235575809
100134,10,2025-06-01,Apartment,17,647.35,177906.2,Available,,274.8222754306017
100183,10,2025-06-01,Apartment,25,1487.17,348131.23,Sold,C1064,234.0897341931319
100247,10,2025-06-01,Apartment,30,1559.4,412386.95,Sold,C0178,264.45232140566884
100283,10,2025-06-01,Apartment,33,1010.7,306339.37,Sold,C0546,303.09624022954387
100290,10,2025-06-01,Apartment,34,1435.44,451863.0,Available,,314.79058685838487
100291,10,2025-06-01,Apartment,34,1435.44,512350.32,Available,,356.9291088446748
100292,10,2025-06-01,Apartment,34,1435.44,437900.49,Sold,C0036,305.06359722454437
100299,10,2025-06-01,Office,35,1675.74,517353.17,Sold,C0324,308.7311695131703
110027,11,2025-06-01,Apartment,3,1479.84,432050.16,Available,,291.95734674018814
110060,11,2025-06-01,Apartment,7,1734.79,503297.17,Sold,C1343,290.11993958922983
110063,11,2025-06-01,Apartment,7,1734.79,510276.95,Available,,294.1433545270609
110071,11,2025-06-01,Apartment,8,1001.41,338725.23,Available,,338.24829989714505
110075,11,2025-06-01,Apartment,8,1001.41,316130.95,Available,,315.6858329755046
110140,11,2025-06-01,Apartment,14,524.68,175679.27,Sold,C1887,334.83126858275523
110181,11,2025-06-01,Apartment,19,1083.98,284027.76,Sold,C1905,262.0230631561468
110296,11,2025-06-01,Apartment,36,1752.38,502462.73,Available,,286.7316050171766
110325,11,2025-06-01,Apartment,38,788.47,259197.21,Sold,C0309,328.73439699671513
110352,11,2025-06-01,Apartment,42,808.59,261446.94,Available,,323.3368456201536
110365,11,2025-06-01,Apartment,43,810.65,221674.47,Sold,C0117,273.45274779497936
110412,11,2025-06-01,Apartment,49,1095.85,281239.32,Sold,C1539,256.6403431126523
110426,11,2025-06-01,Apartment,50,948.72,268667.27,Sold,C1093,283.1892128341344
110471,11,2025-06-01,Office,56,724.8,219128.51,Sold,C1331,302.3296219646799
110507,11,2025-06-01,Apartment,60,1295.04,365083.08,Sold,C1968,281.908728687917
110527,11,2025-06-01,Apartment,62,1938.82,520333.67,Available,,268.37647125571226
110538,11,2025-06-01,Apartment,62,1938.82,566513.0,Sold,C0725,292.1947370049824
120031,12,2025-06-01,Apartment,3,1469.27,459646.71,Available,,312.84019274878
120035,12,2025-06-01,Apartment,4,1559.34,424519.13,Sold,C1376,272.24282709351394
120067,12,2025-06-01,Apartment,8,1803.36,539529.66,Sold,C1604,299.1802302368912
120090,12,2025-06-01,Apartment,12,959.05,278140.73,Available,,290.0169229967155
120095,12,2025-06-01,Apartment,12,959.05,263898.13,Sold,C0717,275.1661852875241
120272,12,2025-06-01,Apartment,29,688.73,209618.11,Available,,304.35455113034135
120328,12,2025-06-01,Apartment,35,1690.62,509568.06,Available,,301.40898605245417
120329,12,2025-06-01,Apartment,35,1690.62,427288.98,Sold,C1365,252.74099442807963
120333,12,2025-06-01,Apartment,35,1690.62,380710.05,Available,,225.18960499698338
120365,12,2025-06-01,Apartment,38,1157.23,323890.25,Sold,C0614,279.88407663126605
120392,12,2025-06-01,Apartment,45,1898.75,585605.94,Available,,308.41655826201446
120402,12,2025-06-01,Apartment,47,1528.05,433439.63,Sold,C1674,283.65539740191747
130003,13,2025-06-01,Apartment,1,1899.92,617314.75,Sold,C0973,324.91618068129185
130040,13,2025-06-01,Apartment,3,979.64,269821.05,Sold,C1243,275.4287799599853
130100,13,2025-06-01,Apartment,11,1678.3,529820.54,Sold,C1756,315.6888160638742
130103,13,2025-06-01,Apartment,12,1858.65,533800.16,Available,,287.19778333736855
130201,13,2025-06-01,Apartment,22,1811.36,608461.19,Sold,C0601,335.9140038424167
130210,13,2025-06-01,Apartment,24,1044.69,280586.67,Sold,C1518,268.5836659678948
130270,13,2025-06-01,Office,32,1114.07,281918.15,Sold,C1603,253.05245630884957
130280,13,2025-06-01,Office,32,1114.07,327413.48,Available,,293.88950425018174
130442,13,2025-06-01,Apartment,49,572.01,187502.33,Sold,C0559,327.79554553242076
130551,13,2025-06-01,Apartment,64,792.66,208129.31,Sold,C0070,262.5707238917064
130561,13,2025-06-01,Apartment,65,612.66,164483.02,Sold,C1812,268.4735742499918
130587,13,2025-06-01,Apartment,68,1590.69,445779.37,Sold,C1903,280.24276886131173
130591,13,2025-06-01,Office,68,1590.69,486548.28,Sold,C0331,305.8724704373574
130596,13,2025-06-01,Office,70,750.41,233444.71,Sold,C0891,311.0895510454285
140007,14,2025-06-01,Apartment,2,922.7,283369.09,Sold,C0462,307.1085835049312
140081,14,2025-06-01,Apartment,11,1431.42,399102.88,Sold,C0400,278.81605678277515
140100,14,2025-06-01,Apartment,12,459.44,147901.85,Sold,C0427,321.9176606303326
140117,14,2025-06-01,Office,13,442.74,146344.44,Sold,C0389,330.5426209513484
140123,14,2025-06-01,Apartment,13,442.74,148553.54,Sold,C0107,335.53223110629267
140130,14,2025-06-01,Apartment,14,1628.68,439508.52,Available,,269.85566225409536
140158,14,2025-06-01,Office,16,915.37,304366.2,Sold,C1859,332.5061996788184
140189,14,2025-06-01,Apartment,21,1560.87,421652.43,Sold,C0966,270.13936458513524
140199,14,2025-06-01,Office,22,1148.66,421423.2,Sold,C0653,366.8824543380983
140241,14,2025-06-01,Apartment,27,1866.49,534655.53,Sold,C0285,286.4497157766717
140284,14,2025-06-01,Apartment,33,1894.96,498141.99,Sold,C1804,262.87731139443576
140290,14,2025-06-01,Apartment,33,1894.96,656769.01,Available,,346.5872683328408
140295,14,2025-06-01,Apartment,34,513.06,118609.39,Sold,C0812,231.1803492768877
140307,14,2025-06-01,Apartment,35,1152.84,298653.58,Sold,C1524,259.0590021165123
140360,14,2025-06-01,Apartment,43,520.49,156017.83,Sold,C0288,299.7518300063401
140365,14,2025-06-01,Apartment,44,840.77,221308.04,Available,,263.2206667697468
140408,14,2025-06-01,Office,49,1231.75,409766.6,Available,,332.67026588187537
140419,14,2025-06-01,Apartment,51,1346.3,450664.17,Sold,C1463,334.74275421525664
140426,14,2025-06-01,Apartment,51,1346.3,352048.99,Available,,261.4937161108223
140465,14,2025-06-01,Apartment,55,1415.9,425020.07,Sold,C1955,300.1766155801963
140476,14,2025-06-01,Apartment,55,1415.9,463272.35,Available,,327.19284553993924
150011,15,2025-06-01,Apartment,2,1522.89,484383.73,Available,,318.0687574283106
150022,15,2025-06-01,Apartment,2,1522.89,477879.61,Available,,313.79785145348643
150024,15,2025-06-01,Apartment,3,748.99,241539.23,Available,,322.4865886059894
150038,15,2025-06-01,Apartment,6,938.57,251516.25,Sold,C0829,267.9781476075306
150048,15,2025-06-01,Office,7,1113.85,320227.29,Sold,C0451,287.4958836468106
150085,15,2025-06-01,Apartment,13,653.54,189687.33,Sold,C1820,290.2459375095633
150108,15,2025-06-01,Apartment,15,522.71,139016.06,Available,,265.95255495398976
150120,15,2025-06-01,Apartment,16,1692.61,466273.99,Available,,275.4763294556927
150122,15,2025-06-01,Apartment,16,1692.61,539032.17,Sold,C0065,318.4621206302693
150164,15,2025-06-01,Apartment,21,1271.25,363412.93,Sold,C1221,285.8705447394297
150192,15,2025-06-01,Apartment,23,1279.23,393385.99,Sold,C0262,307.51779586157295
150199,15,2025-06-01,Apartment,23,1279.23,350514.3,Available,,274.00412748293894
150210,15,2025-06-01,Office,24,924.36,307624.42,Sold,C1256,332.79720022502056
150220,15,2025-06-01,Apartment,25,607.01,155769.09,Sold,C0543,256.6170079570353
150272,15,2025-06-01,Office,32,1338.63,374901.66,Sold,C1719,280.0636919835951
150324,15,2025-06-01,Apartment,38,585.57,182143.79,Available,,311.05382789418854
150335,15,2025-06-01,Apartment,39,1713.42,580190.12,Sold,C1069,338.61523736153424
150339,15,2025-06-01,Apartment,39,1713.42,576585.04,Sold,C1948,336.5112114951384
150363,15,2025-06-01,Apartment,44,1713.09,522943.88,Sold,C0281,305.26351797045106
150367,15,2025-06-01,Apartment,45,1911.06,606387.35,Available,,317.3041924377047
150385,15,2025-06-01,Apartment,48,1403.33,464868.56,Available,,331.26104337539994
150409,15,2025-06-01,Apartment,52,829.2,241850.84,Available,,291.6676796912687
150423,15,2025-06-01,Apartment,53,696.04,200400.68,Available,,287.91546462846964
150502,15,2025-06-01,Office,60,1033.2,342699.63,Sold,C0204,331.68760162601626
150512,15,2025-06-01,Apartment,60,1033.2,378709.68,Sold,C0206,366.54053426248544
160023,16,2025-06-01,Apartment,4,1561.55,508639.46,Sold,C1537,325.7272965963306
160030,16,2025-06-01,Apartment,5,749.15,196645.59,Sold,C0839,262.4916104918908
160106,16,2025-06-01,Apartment,11,1288.42,356627.2,Sold,C1091,276.7942130671675
160136,16,2025-06-01,Apartment,16,1451.17,472546.53,Sold,C1115,325.63140776063454
160176,16,2025-06-01,Apartment,22,1575.06,506418.4,Sold,C1530,321.52324355897554
160287,16,2025-06-01,Office,34,743.19,227673.39,Sold,C1638,306.3461429782424
160293,16,2025-06-01,Apartment,35,629.97,187384.2,Sold,C0936,297.449402352493
160308,16,2025-06-01,Office,35,629.97,232152.68,Available,,368.5138657396384
160320,16,2025-06-01,Apartment,38,431.83,159890.05,Sold,C1862,370.26156126253386
160337,16,2025-06-01,Apartment,41,1001.72,286678.7,Sold,C1006,286.18645929002116
160345,16,2025-06-01,Apartment,41,1001.72,317660.44,Sold,C1886,317.11500219622246
160354,16,2025-06-01,Office,41,1001.72,323080.86,Available,,322.5261150820588
170025,17,2025-06-01,Apartment,2,1738.5,443928.19,Available,,255.35127408685648
170038,17,2025-06-01,Apartment,4,448.67,131993.66,Available,,294.188735596318
170047,17,2025-06-01,Apartment,6,1739.03,481085.34,Sold,C0214,276.64004646268324
170050,17,2025-06-01,Apartment,6,1739.03,570977.51,Available,,328.3310293669459
170179,17,2025-06-01,Apartment,19,1712.06,510899.59,Sold,C0277,298.41219933880825
170191,17,2025-06-01,Office,21,1320.97,367790.56,Available,,278.4246122167801
170192,17,2025-06-01,Apartment,22,1221.66,356216.19,Sold,C1167,291.5837385197191
170194,17,2025-06-01,Apartment,22,1221.66,332860.12,Sold,C1726,272.46543228066724
170195,17,2025-06-01,Apartment,22,1221.66,360442.2,Sold,C1561,295.0429743136388
170200,17,2025-06-01,Apartment,22,1221.66,353628.52,Sold,C1356,289.4655796211712
170308,17,2025-06-01,Office,38,721.83,172785.5,Available,,239.37145865369962
170325,17,2025-06-01,Office,39,1341.67,496970.28,Available,,370.4117107783583
170403,17,2025-06-01,Apartment,48,1833.96,498128.56,Sold,C1994,271.613644790508
170440,17,2025-06-01,Apartment,51,1375.52,465247.02,Sold,C1453,338.23355530999186
180004,18,2025-06-01,Apartment,1,1379.64,425005.86,Sold,C1796,308.0556232060537
180023,18,2025-06-01,Apartment,3,524.48,180093.56,Sold,C1963,343.37545759609515
180040,18,2025-06-01,Apartment,4,1096.58,388944.05,Available,,354.6882580386292
180047,18,2025-06-01,Apartment,5,883.32,222979.69,Sold,C0599,252.43364805506496
180066,18,2025-06-01,Apartment,7,505.94,162183.43,Available,,320.55862355219983
180088,18,2025-06-01,Office,12,1692.5,534226.05,Available,,315.64316100443136
180127,18,2025-06-01,Apartment,16,1360.96,416303.05,Sold,C0926,305.88926199153536
180138,18,2025-06-01,Apartment,18,1127.95,374318.33,Sold,C1041,331.8572011170708
180203,18,2025-06-01,Apartment,26,1147.71,361077.2,Sold,C1008,314.60665150604245
180235,18,2025-06-01,Apartment,29,578.36,161894.87,Available,,279.92058579431495
180290,18,2025-06-01,Apartment,36,1089.77,313421.23,Available,,287.60309973664164
180306,18,2025-06-01,Apartment,36,1089.77,402516.04,Sold,C0909,369.3587087183534
180336,18,2025-06-01,Apartment,38,1219.8,340757.71,Available,,279.3553943269389
180377,18,2025-06-01,Apartment,42,1045.42,310262.34,Available,,296.78247976889674
180391,18,2025-06-01,Apartment,44,1334.77,382917.49,Available,,286.87900537171197
180419,18,2025-06-01,Apartment,47,520.85,148669.83,Sold,C0636,285.4369396179322
180506,18,2025-06-01,Apartment,56,1311.59,393273.93,Available,,299.84517265303947
180568,18,2025-06-01,Apartment,66,1631.24,455880.06,Sold,C0698,279.46841666462325
180581,18,2025-06-01,Apartment,67,1664.17,516162.59,Sold,C1102,310.1621769410577
190011,19,2025-06-01,Apartment,3,1468.68,457379.31,Sold,C0745,311.4220320287605
190018,19,2025-06-01,Apartment,4,1225.38,396498.32,Sold,C0015,323.57172468948403
190047,19,2025-06-01,Apartment,8,974.77,214449.4,Sold,C1290,220.0
190049,19,2025-06-01,Apartment,8,974.77,306437.45,Sold,C0267,314.3689793489746
190062,19,2025-06-01,Apartment,10,747.71,229661.72,Available,,307.1534685907638
190073,19,2025-06-01,Apartment,11,1869.93,555614.35,Sold,C0021,297.1310958164209
190094,19,2025-06-01,Apartment,14,630.47,165386.34,Sold,C1828,262.32229923707706
190126,19,2025-06-01,Apartment,17,574.75,188384.96,Sold,C1660,327.768525445846
190151,19,2025-06-01,Office,19,1697.73,542183.91,Sold,C0679,319.3581488222509
190164,19,2025-06-01,Apartment,21,477.75,142903.22,Sold,C0193,299.11715332286764
190224,19,2025-06-01,Apartment,26,668.24,226669.36,Sold,C1751,339.2035196935233
190237,19,2025-06-01,Apartment,28,1599.78,499977.49,Available,,312.52890397429644
190313,19,2025-06-01,Apartment,37,1565.26,502880.78,Available,,321.27619692575036
190325,19,2025-06-01,Apartment,39,1237.04,355741.84,Sold,C0562,287.5750501196405
190378,19,2025-06-01,Apartment,43,1697.72,550601.55,Sold,C1035,324.318232688547
190382,19,2025-06-01,Apartment,43,1697.72,493580.85,Available,,290.7315988502226
190394,19,2025-06-01,Office,44,982.8,295245.81,Sold,C1864,300.4129120879121
190403,19,2025-06-01,Apartment,46,1926.19,502978.74,Sold,C0080,261.1262336529626
190408,19,2025-06-01,Apartment,46,1926.19,487252.76,Sold,C1427,252.9619404108629
200007,20,2025-06-01,Apartment,1,1898.39,574257.04,Sold,C1000,302.4968736666333
200014,20,2025-06-01,Apartment,1,1898.39,530876.41,Available,,279.6455996923709
200050,20,2025-06-01,Apartment,5,802.5,242313.52,Available,,301.94831152647976
200059,20,2025-06-01,Apartment,7,1757.4,484961.34,Available,,275.95387504267666
200061,20,2025-06-01,Apartment,7,1757.4,523923.26,Sold,C0140,298.12408102879255
200073,20,2025-06-01,Apartment,9,576.96,181667.23,Sold,C1350,314.86971367165836
200097,20,2025-06-01,Apartment,13,1587.57,446886.08,Available,,281.49063033441047
200104,20,2025-06-01,Office,14,837.37,256581.18,Sold,C1592,306.4131506980188
200141,20,2025-06-01,Apartment,17,1089.33,251758.14,Sold,C1642,231.11283082261576
200170,20,2025-06-01,Apartment,19,759.72,230258.99,Sold,C1758,303.0840177960301
200196,20,2025-06-01,Apartment,24,1188.07,340066.82,Sold,C0164,286.2346663075408
200223,20,2025-06-01,Office,27,993.62,338397.47,Available,,340.57030856866805
200235,20,2025-06-01,Apartment,29,1844.16,553937.2,Sold,C1532,300.37372028457395
200353,20,2025-06-01,Apartment,38,1499.47,342484.01,Sold,C1413,228.40337585947034
200436,20,2025-06-01,Apartment,49,880.76,279388.09,Sold,C1447,317.2125096507562
200447,20,2025-06-01,Apartment,50,493.06,160247.33,Sold,C1986,325.00573966657197
200457,20,2025-06-01,Apartment,51,1062.33,336243.13,Sold,C1325,316.51476471529566
200471,20,2025-06-01,Apartment,53,1119.38,328626.21,Sold,C1185,293.57877575086206
990017,4,2025-06-01,Apartment,34,794.52,208655.67,Available,,262.6185243920858
990023,5,2025-06-01,Apartment,36,1057.92,308660.8,Available,,291.7619479733817
1032,1,2025-07-01,Apartment,32,782.25,215410.28,Sold,C0034,275.37268136784917
1046,1,2025-07-01,Apartment,46,1942.5,503790.23,Sold,C0077,259.35146975546974
2009,2,2025-07-01,Apartment,9,747.5,237060.15,Sold,C0148,317.1373244147157
2051,2,2025-07-01,Apartment,51,1383.84,376964.62,Sold,C0033,272.40477222800325
3011,3,2025-07-01,Apartment,11,675.19,203491.85,Sold,C0082,301.3845732312386
3014,3,2025-07-01,Apartment,14,1132.06,346906.89,Sold,C0086,306.43860749430246
4009,4,2025-07-01,Apartment,9,789.25,264238.95,Available,,334.79752929996835
4028,4,2025-07-01,Apartment,28,794.52,248422.66,Sold,C0116,312.67011528973467
4031,4,2025-07-01,Apartment,31,733.19,200678.75,Sold,C0106,273.70633805698384
5002,5,2025-07-01,Apartment,2,1273.88,413761.71,Available,,324.8043065280874
5008,5,2025-07-01,Apartment,8,1273.88,396330.29,Available,,311.12058435645423
10078,1,2025-07-01,Office,10,1439.52,422158.38,Sold,C1188,293.2632960986996
10153,1,2025-07-01,Apartment,19,773.17,238222.07,Sold,C0102,308.11085530995774
10191,1,2025-07-01,Apartment,23,1201.5,373627.99,Sold,C1133,310.96794839783604
10209,1,2025-07-01,Apartment,24,1146.11,278050.57,Sold,C1460,242.60373786111285
10213,1,2025-07-01,Apartment,24,1146.11,344932.28,Sold,C0588,300.95914004763944
10288,1,2025-07-01,Apartment,30,753.29,220486.36,Sold,C0225,292.69784545128704
10293,1,2025-07-01,Apartment,31,619.78,218721.31,Sold,C1775,352.9015295750105
10299,1,2025-07-01,Apartment,31,619.78,186449.51,Sold,C0069,300.8317628836039
10321,1,2025-07-01,Apartment,34,1469.14,480389.44,Available,,326.98683583593123
10367,1,2025-07-01,Apartment,40,784.22,239410.52,Sold,C0223,305.28489454489807
10370,1,2025-07-01,Apartment,41,835.25,259177.5,Sold,C0134,310.2993115833583
10375,1,2025-07-01,Apartment,41,835.25,260615.44,Sold,C0601,312.0208799760551
10386,1,2025-07-01,Apartment,45,767.46,231141.19,Sold,C1684,301.1768561227947
10388,1,2025-07-01,Apartment,45,767.46,214768.44,Sold,C0659,279.843170979595
10401,1,2025-07-01,Apartment,46,1153.16,318364.63,Available,,276.08018835200664
20011,2,2025-07-01,Office,2,788.72,256341.62,Sold,C0368,325.0096612232478
20044,2,2025-07-01,Apartment,5,933.95,262038.58,Sold,C0062,280.5702446597783
20053,2,2025-07-01,Apartment,6,967.84,251007.77,Sold,C1725,259.3484150272772
20054,2,2025-07-01,Apartment,6,967.84,230388.82,Sold,C1290,238.0443255083485
20094,2,2025-07-01,Apartment,11,1625.05,458130.82,Sold,C1182,281.9179840620289
20112,2,2025-07-01,Apartment,13,782.33,189716.04,Sold,C1811,242.5012974064653
20138,2,2025-07-01,Apartment,17,1397.4,400642.98,Available,,286.7060111635895
20150,2,2025-07-01,Apartment,17,1397.4,379274.31,Sold,C0319,271.4142765135251
20190,2,2025-07-01,Apartment,22,653.41,202732.69,Available,,310.2687286695949
20252,2,2025-07-01,Apartment,28,650.67,203274.98,Available,,312.40871716845714
20293,2,2025-07-01,Apartment,34,800.26,242793.49,Sold,C1654,303.39325969060053
20317,2,2025-07-01,Apartment,37,780.46,234043.78,Sold,C0562,299.87927632421906
20325,2,2025-07-01,Apartment,39,788.77,238068.88,Sold,C1662,301.82293951341967
20330,2,2025-07-01,Office,40,1599.45,598032.14,Sold,C0514,373.89861514895745
20339,2,2025-07-01,Apartment,41,654.93,181240.83,Sold,C0487,276.7331317850763
20365,2,2025-07-01,Apartment,43,1118.94,315555.56,Available,,282.01294081898936
20373,2,2025-07-01,Apartment,45,782.2,190749.87,Available,,243.86329583226794
20396,2,2025-07-01,Apartment,46,697.74,212432.38,Sold,C0166,304.4577923008571
20432,2,2025-07-01,Apartment,50,1604.8,519379.11,Sold,C0970,323.6410206879362
30048,3,2025-07-01,Apartment,5,701.19,222244.84,Available,,316.9538070993596
30073,3,2025-07-01,Apartment,7,744.01,202450.21,Sold,C1061,272.1068399618285
30116,3,2025-07-01,Apartment,10,784.09,237485.87,Sold,C1981,302.8808810213113
30163,3,2025-07-01,Apartment,18,706.68,193159.98,Sold,C0761,273.33443708609275
30172,3,2025-07-01,Apartment,19,1602.22,500837.84,Sold,C0913,312.5899314700853
30217,3,2025-07-01,Apartment,25,765.56,242747.0,Sold,C1855,317.0842259261195
30237,3,2025-07-01,Apartment,27,1117.14,370723.42,Sold,C0754,331.85045741804964
30305,3,2025-07-01,Apartment,37,659.12,189994.54,Sold,C1533,288.254854958126
30371,3,2025-07-01,Office,46,1599.81,498755.52,Sold,C1163,311.75922140754216
30374,3,2025-07-01,Office,46,1599.81,465704.47,Sold,C1712,291.0998618585957
30385,3,2025-07-01,Apartment,47,691.09,213289.95,Sold,C1323,308.6283262672011
30394,3,2025-07-01,Apartment,48,783.39,260404.56,Sold,C1505,332.40730670547237
30417,3,2025-07-01,Apartment,49,1174.48,371062.38,Sold,C0326,315.93758940126696
30440,3,2025-07-01,Office,51,693.85,214979.96,Sold,C1287,309.8363623261512
30481,3,2025-07-01,Apartment,56,1179.42,334406.06,Sold,C1128,283.5343304336029
30489,3,2025-07-01,Apartment,57,1607.94,506860.65,Sold,C1221,315.2236090898914
40024,4,2025-07-01,Apartment,3,1630.82,454723.5,Sold,C1833,278.8312014814633
40078,4,2025-07-01,Apartment,10,1614.62,468158.0,Sold,C1952,289.94933792471295
40134,4,2025-07-01,Apartment,16,1128.21,304246.71,Sold,C0862,269.6720557343048
40136,4,2025-07-01,Apartment,16,1128.21,361816.43,Sold,C1948,320.69954175197876
40155,4,2025-07-01,Apartment,18,1294.91,439697.13,Available,,339.55806195025133
40177,4,2025-07-01,Apartment,21,801.66,228320.41,Available,,284.8095327196068
40179,4,2025-07-01,Apartment,22,737.92,214029.65,Available,,290.04451702081525
40221,4,2025-07-01,Apartment,26,790.05,201749.58,Available,,255.36305297133092
40224,4,2025-07-01,Office,26,790.05,289745.77,Sold,C1458,366.74358584899693
40230,4,2025-07-01,Office,26,790.05,287489.21,Available,,363.887361559395
40233,4,2025-07-01,Apartment,28,1070.72,354722.93,Sold,C0910,331.2938303197848
40263,4,2025-07-01,Apartment,31,793.1,215852.8,Sold,C0378,272.1634094061278
40309,4,2025-07-01,Apartment,37,800.13,221577.59,Available,,276.9269868646345
40363,4,2025-07-01,Office,43,1616.99,545057.23,Sold,C0323,337.08138578469874
40428,4,2025-07-01,Apartment,49,739.7,240010.8,Available,,324.4704609977017
50014,5,2025-07-01,Apartment,4,799.1,217221.31,Sold,C0169,271.83244900513074
50073,5,2025-07-01,Apartment,10,629.27,208186.63,Sold,C1708,330.8383205937038
50086,5,2025-07-01,Apartment,11,1058.56,334865.34,Sold,C0357,316.3404436215236
50087,5,2025-07-01,Apartment,11,1058.56,273851.27,Sold,C1614,258.7016985338573
50090,5,2025-07-01,Apartment,11,1058.56,334529.95,Sold,C1954,316.02360754232166
50097,5,2025-07-01,Apartment,12,787.5,249069.17,Available,,316.2783111111111
50099,5,2025-07-01,Apartment,12,787.5,236624.58,Available,,300.47565714285713
50106,5,2025-07-01,Apartment,13,791.13,214742.35,Sold,C1607,271.4375007900092
50112,5,2025-07-01,Apartment,14,624.96,196161.06,Sold,C1112,313.87778417818737
50144,5,2025-07-01,Apartment,19,819.72,235001.37,Available,,286.6849290001464
50146,5,2025-07-01,Apartment,19,819.72,253448.35,Sold,C1464,309.1889303664666
50212,5,2025-07-01,Apartment,28,1247.24,405286.92,Available,,324.9470190179917
50262,5,2025-07-01,Apartment,35,605.55,162856.39,Sold,C0555,268.93962513417557
50265,5,2025-07-01,Apartment,35,605.55,182294.98,Sold,C0362,301.04034348938984
50283,5,2025-07-01,Apartment,36,627.56,194329.57,Available,,309.6589489451208
50294,5,2025-07-01,Apartment,39,591.14,157392.65,Sold,C0927,266.2527489258044
50300,5,2025-07-01,Apartment,40,1053.41,350764.21,Sold,C1303,332.97976096676507
50304,5,2025-07-01,Apartment,41,630.83,171964.59,Available,,272.6005262907598
50327,5,2025-07-01,Apartment,42,791.2,250414.38,Available,,316.49946916076846
50374,5,2025-07-01,Apartment,45,608.89,180409.23,Sold,C1999,296.29199034308334
50375,5,2025-07-01,Apartment,45,608.89,185170.24,Sold,C0604,304.1111530818374
50382,5,2025-07-01,Office,46,1272.95,461757.33,Available,,362.7458501905024
50426,5,2025-07-01,Apartment,49,795.75,270228.82,Sold,C0066,339.5900973923971
50437,5,2025-07-01,Apartment,51,1029.59,274272.39,Available,,266.38991248943756
50446,5,2025-07-01,Apartment,52,1755.18,598512.98,Sold,C1690,340.998062876742
60029,6,2025-07-01,Apartment,3,605.21,189133.4,Sold,C1666,312.50871598288194
60042,6,2025-07-01,Office,4,1925.28,626977.89,Sold,C1661,325.6554319371728
60063,6,2025-07-01,Apartment,5,1617.43,494631.27,Sold,C0802,305.8130923749405
60081,6,2025-07-01,Apartment,7,1075.42,355384.51,Sold,C0229,330.46113146491604
60090,6,2025-07-01,Apartment,7,1075.42,295490.61,Available,,274.7676349705231
60120,6,2025-07-01,Apartment,10,942.08,317171.03,Sold,C0558,336.6710152004076
60146,6,2025-07-01,Office,12,1678.17,635034.32,Sold,C0969,378.4088143632647
60149,6,2025-07-01,Apartment,12,1678.17,461132.81,Sold,C1217,274.78313281729504
60212,6,2025-07-01,Apartment,20,1897.17,629513.2,Sold,C1352,331.8169694861293
60213,6,2025-07-01,Office,20,1897.17,561711.27,Sold,C1208,296.0785116779203
60217,6,2025-07-01,Apartment,20,1897.17,577465.19,Available,,304.38241696843187
60242,6,2025-07-01,Apartment,24,1159.75,330327.79,Sold,C1745,284.8267212761371
60259,6,2025-07-01,Apartment,27,830.65,281288.26,Sold,C0122,338.6363209534702
60273,6,2025-07-01,Apartment,29,1691.02,453294.55,Sold,C0022,268.05983962342253
60310,6,2025-07-01,Apartment,34,1353.81,392854.2,Sold,C1563,290.1841469630155
60335,6,2025-07-01,Apartment,37,1721.96,514358.91,Sold,C1778,298.7054925782248
60383,6,2025-07-01,Apartment,43,1492.81,447127.24,Sold,C1309,299.5205283994614
60385,6,2025-07-01,Apartment,44,842.69,256117.85,Sold,C1465,303.9289062407291
60396,6,2025-07-01,Apartment,47,550.99,169044.97,Sold,C0111,306.8022468647344
60426,6,2025-07-01,Apartment,51,1476.63,457718.07,Sold,C0133,309.9747871843319
60455,6,2025-07-01,Apartment,53,1170.96,377185.21,Available,,322.11622087859536
60476,6,2025-07-01,Apartment,55,562.37,181449.2,Sold,C0479,322.65092376904886
70008,7,2025-07-01,Apartment,2,1478.43,403256.6,Available,,272.76002245625426
70027,7,2025-07-01,Apartment,5,1144.09,325853.23,Sold,C1597,284.81433278850443
70033,7,2025-07-01,Apartment,5,1144.09,330337.76,Sold,C0976,288.73406812401123
70068,7,2025-07-01,Apartment,10,1495.37,399356.53,Available,,267.06201809585593
70078,7,2025-07-01,Apartment,12,804.65,270004.76,Sold,C0628,335.55553346175356
70095,7,2025-07-01,Apartment,13,604.6,162649.73,Sold,C0484,269.02039364869336
70115,7,2025-07-01,Apartment,15,602.92,155871.73,Available,,258.5280468387183
70122,7,2025-07-01,Apartment,15,602.92,186300.71,Sold,C0102,308.99739600610366
70178,7,2025-07-01,Apartment,20,1160.82,389909.94,Sold,C1472,335.89181785289713
70226,7,2025-07-01,Apartment,25,573.8,176345.04,Sold,C0445,307.3284071104915
70235,7,2025-07-01,Apartment,26,717.0,230694.26,Sold,C0636,321.7493165969317
70237,7,2025-07-01,Apartment,26,717.0,215991.95,Sold,C0455,301.24400278940027
70275,7,2025-07-01,Apartment,31,839.7,184734.0,Sold,C1192,220.0
70281,7,2025-07-01,Apartment,34,1487.05,417696.06,Sold,C0611,280.8890487878686
70289,7,2025-07-01,Apartment,35,613.21,233206.03,Sold,C0668,380.3036969390584
70350,7,2025-07-01,Apartment,41,1093.92,322434.46,Sold,C1659,294.7514077811906
70375,7,2025-07-01,Apartment,43,498.61,167795.76,Sold,C0453,336.527065241371
70415,7,2025-07-01,Apartment,48,533.35,145614.58,Sold,C0745,273.018805662323
70423,7,2025-07-01,Office,49,1383.05,431452.51,Sold,C0853,311.9572755865659
70464,7,2025-07-01,Apartment,54,1940.69,582747.93,Sold,C1832,300.2787307607088
70481,7,2025-07-01,Apartment,56,1589.6,474045.23,Sold,C0074,298.21667715148465
70491,7,2025-07-01,Apartment,58,1629.83,487000.4,Available,,298.80441518440574
70496,7,2025-07-01,Apartment,58,1629.83,500475.25,Sold,C1828,307.0720565948596
70513,7,2025-07-01,Office,59,765.3,221107.63,Sold,C0807,288.91628119691626
80042,8,2025-07-01,Apartment,5,887.23,269136.39,Sold,C1437,303.34455552675183
80052,8,2025-07-01,Apartment,5,887.23,257981.51,Sold,C1414,290.7718517182692
80096,8,2025-07-01,Apartment,11,742.87,205370.02,Sold,C1751,276.4548575120815
80114,8,2025-07-01,Apartment,14,685.93,187417.14,Sold,C1174,273.2307086728967
80120,8,2025-07-01,Office,14,685.93,222588.56,Sold,C1339,324.5062324143863
80187,8,2025-07-01,Apartment,26,1625.38,461367.86,Sold,C1411,283.8523053070666
80243,8,2025-07-01,Apartment,31,1253.18,391625.27,Available,,312.50520276416796
80330,8,2025-07-01,Office,37,890.65,345383.67,Sold,C1918,387.7883231347892
80350,8,2025-07-01,Office,40,861.57,261882.02,Sold,C0283,303.9590747124435
80377,8,2025-07-01,Apartment,45,1185.72,369160.2,Sold,C0190,311.3384272846878
80400,8,2025-07-01,Apartment,46,1175.51,377547.74,Available,,321.1778206905939
80410,8,2025-07-01,Apartment,47,543.08,170653.24,Sold,C0327,314.23223097886125
80458,8,2025-07-01,Apartment,54,1699.02,566678.96,Sold,C0757,333.5328365763793
80474,8,2025-07-01,Office,55,1300.05,419469.06,Sold,C1642,322.6560978423907
80501,8,2025-07-01,Apartment,58,1448.59,501367.77,Sold,C1977,346.10743550625097
90018,9,2025-07-01,Apartment,4,1139.87,344936.43,Sold,C0630,302.61032398431405
90024,9,2025-07-01,Office,5,1416.81,463942.66,Sold,C0414,327.4558056478991
90037,9,2025-07-01,Apartment,7,697.68,220267.94,Available,,315.7148549478271
90171,9,2025-07-01,Apartment,26,1038.39,307532.45,Sold,C1389,296.16276158283495
90179,9,2025-07-01,Apartment,27,1207.33,424440.43,Sold,C1394,351.5529556956259
90228,9,2025-07-01,Apartment,33,973.52,373575.86,Sold,C1955,383.7372216287287
90231,9,2025-07-01,Office,33,973.52,337626.66,Available,,346.81019393540964
90247,9,2025-07-01,Apartment,34,1577.36,503187.79,Available,,319.0063080083177
90293,9,2025-07-01,Apartment,36,1582.79,516417.01,Sold,C1576,326.2700737305644
90294,9,2025-07-01,Office,36,1582.79,588774.57,Available,,371.98527284099595
90318,9,2025-07-01,Office,38,1260.31,357939.72,Sold,C0379,284.0092675611556
90328,9,2025-07-01,Apartment,39,1839.34,562959.47,Available,,306.0660182456751
90331,9,2025-07-01,Apartment,39,1839.34,563972.46,Sold,C1523,306.61675383561493
90339,9,2025-07-01,Apartment,40,1090.32,312165.81,Sold,C1001,286.30659806295404
90346,9,2025-07-01,Apartment,40,1090.32,274917.87,Sold,C1971,252.1442053709003
90369,9,2025-07-01,Apartment,44,1351.57,348631.72,Sold,C1643,257.9457371797243
90443,9,2025-07-01,Apartment,56,1516.4,452998.59,Available,,298.7329134792931
90445,9,2025-07-01,Office,56,1516.4,410865.42,Sold,C0925,270.94791611711946
90460,9,2025-07-01,Apartment,57,1198.57,338713.65,Sold,C0743,282.59813778085555
90473,9,2025-07-01,Apartment,58,838.34,254835.58,Sold,C0397,303.97640575422855
100051,10,2025-07-01,Apartment,5,1741.96,383231.2,Sold,C1992,220.0
100166,10,2025-07-01,Apartment,21,1251.45,364280.42,Sold,C0042,291.08667545647046
100189,10,2025-07-01,Apartment,26,1294.85,398568.84,Sold,C0729,307.8108197860756
100244,10,2025-07-01,Apartment,30,1559.4,490098.29,Sold,C0196,314.2864499166346
100255,10,2025-07-01,Apartment,30,1559.4,447157.69,Available,,286.7498332692061
100263,10,2025-07-01,Apartment,31,1499.0,434156.5,Available,,289.6307538358906
100357,10,2025-07-01,Apartment,43,1093.67,296416.45,Sold,C0519,271.0291495606536
100424,10,2025-07-01,Office,50,1138.32,388182.22,Sold,C1112,341.0132651626959
100427,10,2025-07-01,Office,50,1138.32,313972.36,Sold,C0246,275.8208236699698
110002,11,2025-07-01,Apartment,1,1902.88,500394.39,Sold,C0991,262.9668660136214
110007,11,2025-07-01,Apartment,1,1902.88,657622.51,Sold,C1378,345.59326389472795
110022,11,2025-07-01,Apartment,3,1479.84,484806.07,Sold,C0460,327.60708590117855
110184,11,2025-07-01,Apartment,20,570.62,167625.61,Sold,C1303,293.76048859135676
110191,11,2025-07-01,Apartment,22,1755.05,501753.97,Available,,285.89155294720945
110282,11,2025-07-01,Apartment,34,680.07,192370.45,Available,,282.86860176158336
110345,11,2025-07-01,Apartment,42,808.59,281759.38,Sold,C1026,348.45766086644653
110355,11,2025-07-01,Apartment,42,808.59,235144.76,Available,,290.80839486018874
110364,11,2025-07-01,Apartment,43,810.65,262417.84,Available,,323.71287238635665
110388,11,2025-07-01,Office,45,1651.09,540922.9,Sold,C0669,327.61563573154706
110389,11,2025-07-01,Apartment,45,1651.09,481857.4,Sold,C1023,291.8419952879613
110397,11,2025-07-01,Apartment,47,1456.74,446685.14,Sold,C1279,306.63340060683447
110449,11,2025-07-01,Apartment,52,1397.58,325562.57,Sold,C1005,232.9473590062823
110455,11,2025-07-01,Apartment,52,1397.58,434697.28,Available,,311.03570457505117
110485,11,2025-07-01,Apartment,57,1008.58,266688.48,Sold,C0152,264.4197584723076
110508,11,2025-07-01,Apartment,61,1299.46,370132.95,Sold,C1024,284.83597032613545
110533,11,2025-07-01,Apartment,62,1938.82,568773.25,Sold,C1139,293.36052341114697
120001,12,2025-07-01,Apartment,1,839.95,242722.44,Sold,C0256,288.9724864575272
120042,12,2025-07-01,Apartment,4,1559.34,475181.99,Sold,C0877,304.7327651442277
120051,12,2025-07-01,Apartment,5,495.04,163205.77,Sold,C0565,329.6819852941176
120077,12,2025-07-01,Apartment,9,857.88,343645.42,Sold,C0982,400.57516202732313
120093,12,2025-07-01,Apartment,12,959.05,278391.46,Sold,C1785,290.2783587925552
120134,12,2025-07-01,Apartment,16,1523.02,441676.48,Sold,C1584,290.00044648133314
120180,12,2025-07-01,Apartment,20,1802.21,509189.13,Available,,282.5359586285727
120185,12,2025-07-01,Apartment,20,1802.21,561841.89,Sold,C1465,311.75162162012197
120206,12,2025-07-01,Apartment,23,1094.46,392440.08,Sold,C1752,358.5695959651335
120213,12,2025-07-01,Apartment,24,1306.75,350796.84,Sold,C1003,268.44984886167975
120228,12,2025-07-01,Apartment,24,1306.75,409681.61,Sold,C1324,313.5118500095657
120239,12,2025-07-01,Apartment,25,1540.51,477017.14,Sold,C0560,309.6488435647935
120241,12,2025-07-01,Apartment,26,557.9,140289.6,Sold,C1435,251.46011830077077
120246,12,2025-07-01,Apartment,26,557.9,191930.42,Sold,C0183,344.0229790284998
120275,12,2025-07-01,Apartment,30,622.2,202208.48,Sold,C1897,324.98952105432335
120313,12,2025-07-01,Apartment,34,1817.64,578315.7,Sold,C0994,318.1684491978609
120363,12,2025-07-01,Apartment,38,1157.23,315993.38,Sold,C0282,273.0601349774893
120409,12,2025-07-01,Office,47,1528.05,608146.84,Sold,C1956,397.9888354438664
130002,13,2025-07-01,Apartment,1,1899.92,519344.48,Available,,273.35070950355805
130005,13,2025-07-01,Office,1,1899.92,720425.67,Sold,C0687,379.187371047202
130036,13,2025-07-01,Apartment,3,979.64,349012.84,Sold,C0588,356.2664244008003
130048,13,2025-07-01,Apartment,4,1629.74,440680.26,Sold,C1649,270.3991188778578
130104,13,2025-07-01,Office,12,1858.65,436579.35,Sold,C0242,234.89056573319343
130113,13,2025-07-01,Apartment,14,777.75,218454.43,Sold,C1995,280.880012857602
130122,13,2025-07-01,Apartment,14,777.75,253385.21,Sold,C1775,325.79261973641917
130161,13,2025-07-01,Apartment,19,758.69,193003.33,Sold,C1507,254.39023843730638
130168,13,2025-07-01,Office,19,758.69,226014.9,Sold,C1503,297.90151445254315
130179,13,2025-07-01,Office,20,516.72,126443.98,Sold,C1671,244.70502399752283
130186,13,2025-07-01,Apartment,20,516.72,155923.76,Sold,C0480,301.756773494349
130208,13,2025-07-01,Apartment,24,1044.69,328347.26,Sold,C0179,314.30114196555917
130213,13,2025-07-01,Office,24,1044.69,327589.46,Sold,C0105,313.57575931616077
130224,13,2025-07-01,Apartment,26,1867.78,587960.16,Sold,C0453,314.79090685198474
130230,13,2025-07-01,Apartment,27,885.68,265285.7,Sold,C1100,299.5277075241623
130240,13,2025-07-01,Apartment,28,1173.72,308106.88,Sold,C0247,262.5045837167297
130247,13,2025-07-01,Apartment,29,568.7,153351.4,Sold,C0849,269.65254088271496
130263,13,2025-07-01,Apartment,30,1777.51,657039.24,Sold,C0518,369.6402495625904
130328,13,2025-07-01,Apartment,37,1555.67,453416.1,Sold,C1134,291.4603354181799
130419,13,2025-07-01,Apartment,47,1874.35,620192.42,Sold,C0580,330.88399711900126
130477,13,2025-07-01,Apartment,54,1029.15,272285.59,Available,,264.57327891949666
130499,13,2025-07-01,Apartment,58,1115.72,389307.28,Sold,C1032,348.9291937045137
130538,13,2025-07-01,Apartment,61,1333.63,379627.1,Available,,284.65698881998753
140028,14,2025-07-01,Apartment,5,424.34,127025.78,Sold,C0775,299.3490597162653
140030,14,2025-07-01,Apartment,5,424.34,140813.74,Available,,331.8417778196729
140034,14,2025-07-01,Apartment,6,1733.36,434353.16,Available,,250.58450639220936
140057,14,2025-07-01,Apartment,8,618.89,183787.02,Sold,C1515,296.96233579472926
140058,14,2025-07-01,Apartment,8,618.89,169982.66,Sold,C0793,274.65730582171307
140078,14,2025-07-01,Apartment,11,1431.42,437447.15,Sold,C1427,305.60363135907
140175,14,2025-07-01,Apartment,18,500.17,135718.84,Sold,C0392,271.34542255633085
140247,14,2025-07-01,Apartment,29,1618.34,562572.19,Sold,C0292,347.6229902245511
140269,14,2025-07-01,Apartment,29,1618.34,500722.63,Sold,C0432,309.4050879296069
140283,14,2025-07-01,Apartment,33,1894.96,583134.02,Sold,C1595,307.7289335922658
140351,14,2025-07-01,Apartment,42,1350.7,385371.27,Sold,C1932,285.3122603094692
140363,14,2025-07-01,Apartment,44,840.77,285984.27,Sold,C0937,340.1456640936285
140386,14,2025-07-01,Apartment,47,917.53,301398.29,Sold,C0563,328.4887578607784
140392,14,2025-07-01,Apartment,47,917.53,273689.39,Sold,C0530,298.28930934138396
140401,14,2025-07-01,Apartment,48,1941.78,509124.24,Sold,C0147,262.19460495009736
140407,14,2025-07-01,Office,49,1231.75,448815.67,Sold,C1251,364.37237264055204
140414,14,2025-07-01,Apartment,49,1231.75,366107.61,Available,,297.22558148975037
140430,14,2025-07-01,Apartment,51,1346.3,381543.59,Sold,C0026,283.4016118250019
140446,14,2025-07-01,Office,52,571.74,158787.99,Sold,C0898,277.72762094658407
140448,14,2025-07-01,Apartment,52,571.74,166516.67,Sold,C1768,291.2454437331654
140472,14,2025-07-01,Apartment,55,1415.9,371992.71,Available,,262.72527014619675
150003,15,2025-07-01,Office,1,1596.51,411781.07,Sold,C1336,257.92576933436055
150017,15,2025-07-01,Apartment,2,1522.89,468941.17,Available,,307.92845839161066
150117,15,2025-07-01,Apartment,16,1692.61,540022.29,Sold,C0997,319.04708704308734
150142,15,2025-07-01,Apartment,17,562.64,169922.25,Sold,C0273,302.00883335703116
150184,15,2025-07-01,Office,23,1279.23,391678.22,Available,,306.18279746409945
150223,15,2025-07-01,Office,26,961.01,296351.94,Sold,C0776,308.37550077522604
150235,15,2025-07-01,Apartment,26,961.01,268604.55,Sold,C0645,279.50234648963067
150316,15,2025-07-01,Apartment,36,1424.81,475881.66,Sold,C1261,333.99657498192744
150434,15,2025-07-01,Apartment,54,1495.13,439529.6,Sold,C0234,293.97416947021327
150444,15,2025-07-01,Apartment,55,892.75,308888.38,Available,,345.9965051806217
160006,16,2025-07-01,Apartment,1,637.07,193069.04,Sold,C0878,303.05781154347244
160041,16,2025-07-01,Apartment,5,749.15,214745.32,Sold,C0058,286.65196556096913
160061,16,2025-07-01,Apartment,8,986.18,301693.78,Sold,C0894,305.92161674339377
160110,16,2025-07-01,Apartment,11,1288.42,400174.08,Available,,310.5928812033343
160114,16,2025-07-01,Apartment,12,549.98,158974.32,Sold,C0640,289.0547292628823
160115,16,2025-07-01,Apartment,12,549.98,177362.74,Sold,C0810,322.4894359794901
160128,16,2025-07-01,Apartment,14,660.84,188928.74,Sold,C1165,285.8918043701955
160142,16,2025-07-01,Office,17,836.32,243144.0,Available,,290.7308207384733
160160,16,2025-07-01,Apartment,21,837.95,248256.07,Sold,C0741,296.2659705233009
160172,16,2025-07-01,Apartment,21,837.95,246839.66,Sold,C1708,294.57564293812277
160186,16,2025-07-01,Apartment,23,594.14,184707.19,Sold,C1213,310.8815935638065
160195,16,2025-07-01,Apartment,24,1077.77,324556.46,Sold,C1348,301.1370329476605
160209,16,2025-07-01,Apartment,26,1458.08,509234.25,Available,,349.24986969164934
160220,16,2025-07-01,Apartment,27,1164.55,351319.42,Sold,C1677,301.6782619896097
160257,16,2025-07-01,Apartment,30,1024.75,318694.09,Sold,C1962,310.99691632105396
160261,16,2025-07-01,Apartment,31,1336.97,377269.07,Sold,C0947,282.18215068400934
160298,16,2025-07-01,Apartment,35,629.97,161300.27,Sold,C1415,256.0443671920885
160364,16,2025-07-01,Apartment,42,1496.62,387052.7,Sold,C1097,258.6178856356323
170005,17,2025-07-01,Apartment,1,530.28,161195.85,Sold,C1845,303.9825186693822
170104,17,2025-07-01,Apartment,12,451.91,147264.94,Sold,C1867,325.87227545307695
170133,17,2025-07-01,Apartment,15,1365.73,414990.91,Sold,C1439,303.8601407305983
170166,17,2025-07-01,Apartment,17,1827.25,577003.83,Sold,C1026,315.7771678752223
170168,17,2025-07-01,Apartment,17,1827.25,535756.29,Sold,C0672,293.20360651251883
170178,17,2025-07-01,Apartment,19,1712.06,553899.49,Sold,C0586,323.52808312792774
170227,17,2025-07-01,Apartment,26,929.59,282131.87,Sold,C0061,303.5014038447057
170228,17,2025-07-01,Office,27,677.24,172612.98,Sold,C0177,254.87711889433584
170251,17,2025-07-01,Apartment,28,1201.04,329311.13,Available,,274.1883117964431
170263,17,2025-07-01,Apartment,32,954.54,293871.3,Available,,307.86693066817526
170279,17,2025-07-01,Apartment,33,1532.89,445511.76,Available,,290.6351793018416
170328,17,2025-07-01,Apartment,40,1583.13,387637.86,Sold,C0056,244.85535616152808
170372,17,2025-07-01,Apartment,46,1582.61,479666.77,Sold,C0148,303.0858960830527
170408,17,2025-07-01,Apartment,48,1833.96,545747.26,Sold,C1452,297.57860585836113
170433,17,2025-07-01,Apartment,50,1392.01,384988.52,Available,,276.57022578860784
170443,17,2025-07-01,Apartment,51,1375.52,431210.5,Sold,C0510,313.48908049319533
180060,18,2025-07-01,Apartment,6,840.25,255157.38,Available,,303.6684082118417
180090,18,2025-07-01,Office,12,1692.5,591179.27,Sold,C0322,349.29351255539143
180118,18,2025-07-01,Apartment,16,1360.96,476038.28,Sold,C0111,349.7812426522455
180124,18,2025-07-01,Apartment,16,1360.96,349788.42,Sold,C0756,257.01594462732186
180126,18,2025-07-01,Office,16,1360.96,409183.72,Sold,C0156,300.6581530684223
180132,18,2025-07-01,Office,17,1195.81,414448.26,Sold,C1098,346.5837047691523
180133,18,2025-07-01,Apartment,17,1195.81,360530.43,Sold,C1978,301.49474414831786
180134,18,2025-07-01,Apartment,17,1195.81,328597.34,Available,,274.79059382343354
180181,18,2025-07-01,Apartment,23,1659.02,526965.08,Available,,317.6363636363636
180194,18,2025-07-01,Apartment,25,911.94,271952.94,Sold,C1897,298.21363247582076
180209,18,2025-07-01,Apartment,26,1147.71,359968.76,Sold,C0171,313.64086746652026
180220,18,2025-07-01,Apartment,28,514.67,151439.51,Sold,C0590,294.24584685332354
180224,18,2025-07-01,Apartment,28,514.67,156565.93,Available,,304.20644296345233
180268,18,2025-07-01,Apartment,31,945.46,300055.48,Sold,C1988,317.3645421276415
180292,18,2025-07-01,Apartment,36,1089.77,321544.55,Sold,C1772,295.05725978876274
180318,18,2025-07-01,Apartment,37,1092.32,273778.55,Sold,C0154,250.63951039988282
180370,18,2025-07-01,Apartment,41,852.83,237789.86,Available,,278.8244550496582
180425,18,2025-07-01,Office,48,564.59,171154.65,Sold,C1815,303.1485679873891
180437,18,2025-07-01,Apartment,49,1457.92,353163.26,Sold,C1249,242.23774967076383
180442,18,2025-07-01,Apartment,49,1457.92,431287.44,Sold,C1974,295.8238037752414
180465,18,2025-07-01,Office,52,1424.54,413387.67,Sold,C0474,290.19028598705546
180531,18,2025-07-01,Apartment,60,1488.67,482626.46,Sold,C1474,324.1997622038464
180569,18,2025-07-01,Apartment,66,1631.24,570262.07,Sold,C1724,349.5880863637478
190009,19,2025-07-01,Apartment,3,1468.68,501437.39,Sold,C1289,341.420452379007
190117,19,2025-07-01,Apartment,16,1711.98,546186.98,Sold,C1944,319.0381780160983
190168,19,2025-07-01,Apartment,21,477.75,166270.85,Sold,C0911,348.0289900575615
190178,19,2025-07-01,Office,22,935.25,307314.02,Sold,C0726,328.5902379043037
190231,19,2025-07-01,Apartment,27,1691.96,473832.01,Sold,C1924,280.0491796496371
190401,19,2025-07-01,Apartment,46,1926.19,548965.53,Sold,C1395,285.00071644022654
200009,20,2025-07-01,Office,1,1898.39,594737.23,Sold,C0970,313.2850626056816
200026,20,2025-07-01,Apartment,2,1669.84,520222.17,Available,,311.54012959325445
200045,20,2025-07-01,Office,5,802.5,259576.23,Sold,C1989,323.459476635514
200051,20,2025-07-01,Apartment,6,1401.0,385581.71,Sold,C1375,275.2189221984297
200081,20,2025-07-01,Apartment,11,1722.28,415775.9,Sold,C0071,241.41016559444458
200084,20,2025-07-01,Apartment,11,1722.28,443196.31,Sold,C1362,257.3311598578628
200149,20,2025-07-01,Apartment,18,1868.01,564689.47,Available,,302.2946718700649
200172,20,2025-07-01,Apartment,19,759.72,294375.06,Sold,C0292,387.47836044858633
200174,20,2025-07-01,Apartment,19,759.72,226160.18,Sold,C1195,297.6888590533354
200184,20,2025-07-01,Apartment,19,759.72,250848.47,Sold,C1077,330.1854235771074
200194,20,2025-07-01,Office,22,460.81,125265.2,Available,,271.8369827043684
200201,20,2025-07-01,Apartment,24,1188.07,369160.77,Sold,C1590,310.7230802898819
200215,20,2025-07-01,Apartment,26,1941.62,675388.05,Sold,C1175,347.84769934384695
200219,20,2025-07-01,Apartment,26,1941.62,535120.87,Sold,C0272,275.6053553218447
200273,20,2025-07-01,Apartment,31,1414.44,468923.36,Available,,331.5258052656882
200275,20,2025-07-01,Apartment,31,1414.44,422212.06,Sold,C0139,298.5012160289584
200289,20,2025-07-01,Office,32,1630.81,513272.97,Sold,C1868,314.73499058749945
200305,20,2025-07-01,Apartment,33,630.53,177735.84,Available,,281.8832410828985
200315,20,2025-07-01,Apartment,34,858.93,284307.13,Sold,C1073,331.0015135109963
200332,20,2025-07-01,Apartment,36,1484.99,389325.25,Sold,C0243,262.1736510010168
200337,20,2025-07-01,Office,37,632.35,172701.3,Sold,C1786,273.1103028386178
200377,20,2025-07-01,Apartment,40,428.03,133227.57,Sold,C0818,311.2575520407448
200394,20,2025-07-01,Apartment,43,1697.49,528059.78,Available,,311.0827044636493
200400,20,2025-07-01,Apartment,46,1227.49,373068.75,Sold,C0834,303.92813790743713
200419,20,2025-07-01,Apartment,48,860.8,278311.59,Sold,C0544,323.3173675650558
3036,3,2025-08-01,Apartment,36,1127.76,358525.59,Sold,C0003,317.9094754203022
5050,5,2025-08-01,Apartment,50,1093.0,390494.27,Sold,C0101,357.2683165599268
10009,1,2025-08-01,Apartment,2,715.67,219564.15,Sold,C1731,306.7952408232845
10014,1,2025-08-01,Apartment,3,788.73,248108.79,Sold,C1645,314.5674565440645
10067,1,2025-08-01,Apartment,8,763.88,243486.26,Sold,C0976,318.74935853799025
10069,1,2025-08-01,Apartment,8,763.88,208582.28,Sold,C0896,273.0563439283657
10072,1,2025-08-01,Apartment,8,763.88,191375.94,Sold,C0394,250.53141854741583
10095,1,2025-08-01,Apartment,13,719.47,196031.15,Sold,C1602,272.46605139894643
10194,1,2025-08-01,Apartment,23,1201.5,355666.94,Sold,C1039,296.0190928006658
10198,1,2025-08-01,Apartment,24,1146.11,330938.46,Sold,C0293,288.74929980542885
10211,1,2025-08-01,Apartment,24,1146.11,283492.47,Sold,C0515,247.35188594463008
10230,1,2025-08-01,Office,26,828.98,219837.17,Available,,265.18995633187774
10243,1,2025-08-01,Apartment,28,1946.26,626533.06,Available,,321.91642432151923
10278,1,2025-08-01,Apartment,30,753.29,190943.31,Available,,253.47915145561473
10307,1,2025-08-01,Apartment,32,800.77,224383.09,Sold,C0121,280.209161182362
10315,1,2025-08-01,Office,34,1469.14,468352.78,Available,,318.7938385722259
10323,1,2025-08-01,Apartment,34,1469.14,471468.04,Available,,320.91430360619137
10354,1,2025-08-01,Apartment,38,1355.85,403626.01,Sold,C1898,297.69222996644174
10424,1,2025-08-01,Apartment,49,629.24,165204.11,Sold,C1484,262.5454675481533
20002,2,2025-08-01,Office,1,706.3,198527.41,Available,,281.08085799235454
20050,2,2025-08-01,Apartment,6,967.84,288968.78,Sold,C0307,298.57081749049433
20060,2,2025-08-01,Apartment,8,715.54,203521.4,Sold,C0343,284.4305000419264
20124,2,2025-08-01,Apartment,15,1603.33,452266.31,Sold,C1087,282.0793660693681
20197,2,2025-08-01,Apartment,22,653.41,167447.91,Sold,C1720,256.2677491926968
20228,2,2025-08-01,Apartment,26,1577.79,426863.72,Sold,C1891,270.5453323953124
20259,2,2025-08-01,Apartment,30,786.4,249593.94,Available,,317.38802136317395
20299,2,2025-08-01,Apartment,35,1391.68,379072.42,Sold,C1298,272.38475799034256
20313,2,2025-08-01,Apartment,37,780.46,221160.83,Sold,C0851,283.3724085795556
20337,2,2025-08-01,Apartment,41,654.93,184248.76,Sold,C0691,281.32588215534486
20371,2,2025-08-01,Apartment,44,580.26,179779.28,Sold,C0697,309.825388618895
20402,2,2025-08-01,Apartment,47,708.32,209740.71,Sold,C1427,296.11010560198775
20437,2,2025-08-01,Apartment,50,1604.8,433638.45,Sold,C0175,270.2133910767697
20457,2,2025-08-01,Apartment,54,924.4,261633.77,Sold,C0566,283.030906533968
20461,2,2025-08-01,Apartment,54,924.4,281935.41,Sold,C1154,304.99287105149284
20471,2,2025-08-01,Office,55,579.26,162668.39,Sold,C1075,280.82103028001245
30059,3,2025-08-01,Apartment,7,744.01,230350.37,Available,,309.60655098721793
30118,3,2025-08-01,Apartment,10,784.09,172499.8,Sold,C0369,219.99999999999997
30123,3,2025-08-01,Apartment,11,1283.1,408032.61,Available,,318.005307458499
30124,3,2025-08-01,Apartment,11,1283.1,460400.58,Sold,C1173,358.8189385083002
30188,3,2025-08-01,Apartment,20,802.97,238551.35,Sold,C1930,297.08625477913245
30199,3,2025-08-01,Apartment,21,1122.15,324660.64,Available,,289.3201800115849
30208,3,2025-08-01,Office,23,924.21,285914.44,Available,,309.3609028251155
30248,3,2025-08-01,Apartment,28,679.93,199268.27,Sold,C0348,293.0717426793935
30258,3,2025-08-01,Apartment,28,679.93,197536.31,Sold,C0766,290.52448046122396
30272,3,2025-08-01,Apartment,30,796.57,244706.58,Sold,C0949,307.2003464855568
30293,3,2025-08-01,Apartment,36,733.45,265536.81,Sold,C1814,362.0380530370168
30303,3,2025-08-01,Apartment,36,733.45,207623.02,Available,,283.0772649805712
30312,3,2025-08-01,Apartment,38,1173.4,304001.87,Sold,C1402,259.0777825123572
30330,3,2025-08-01,Apartment,40,678.71,174757.05,Available,,257.4841242946177
30375,3,2025-08-01,Apartment,46,1599.81,524650.21,Sold,C1986,327.9453247573149
30379,3,2025-08-01,Apartment,46,1599.81,426455.73,Sold,C0123,266.5664860202149
30390,3,2025-08-01,Apartment,48,783.39,196490.72,Available,,250.82107251815827
30404,3,2025-08-01,Apartment,49,1174.48,345884.05,Sold,C0677,294.49973605340233
30425,3,2025-08-01,Apartment,49,1174.48,371550.12,Available,,316.3528710578298
30461,3,2025-08-01,Apartment,55,688.14,258376.64,Sold,C1554,375.47103787020086
30487,3,2025-08-01,Apartment,57,1607.94,480579.28,Sold,C1525,298.8788636391905
40016,4,2025-08-01,Office,2,1620.07,574268.12,Sold,C1577,354.4711771713568
40038,4,2025-08-01,Apartment,4,783.03,235584.51,Sold,C0776,300.86268725336197
40050,4,2025-08-01,Apartment,5,786.98,219862.84,Sold,C0645,279.37538438079747
40065,4,2025-08-01,Apartment,7,786.36,220742.5,Sold,C0190,280.71430388117403
40081,4,2025-08-01,Apartment,10,1614.62,431485.71,Sold,C1194,267.2366934634775
40118,4,2025-08-01,Apartment,14,1322.66,418846.63,Sold,C1261,316.6699151709434
40172,4,2025-08-01,Apartment,21,801.66,231625.87,Sold,C1079,288.93280193598287
40187,4,2025-08-01,Office,23,1110.99,372010.36,Sold,C1231,334.8458221946192
40235,4,2025-08-01,Apartment,28,1070.72,308842.84,Sold,C0053,288.4440750149432
40241,4,2025-08-01,Apartment,29,776.79,256700.86,Sold,C1621,330.46365169479526
40257,4,2025-08-01,Apartment,31,793.1,279217.08,Sold,C0300,352.05784894716936
40265,4,2025-08-01,Apartment,31,793.1,213135.38,Available,,268.7370823351406
40283,4,2025-08-01,Apartment,33,734.73,206069.7,Available,,280.46996855987913
40297,4,2025-08-01,Office,34,795.1,244253.23,Available,,307.19812602188404
40305,4,2025-08-01,Apartment,36,736.77,207914.99,Available,,282.1979586573829
40332,4,2025-08-01,Apartment,40,780.74,250618.24,Available,,321.0008965852909
40367,4,2025-08-01,Apartment,43,1616.99,421547.56,Available,,260.698928255586
40372,4,2025-08-01,Office,44,799.67,265635.52,Available,,332.1814248377456
40422,4,2025-08-01,Apartment,49,739.7,222422.59,Sold,C0819,300.6929701230228
40426,4,2025-08-01,Office,49,739.7,228542.89,Sold,C1059,308.96700013518995
40429,4,2025-08-01,Apartment,49,739.7,225902.2,Sold,C1801,305.39705285926726
50013,5,2025-08-01,Apartment,4,799.1,225786.57,Available,,282.55108246777627
50045,5,2025-08-01,Apartment,8,782.15,224775.54,Available,,287.3816275650451
50071,5,2025-08-01,Apartment,10,629.27,212891.5,Sold,C0678,338.3150317034024
50200,5,2025-08-01,Apartment,26,1272.4,420345.63,Sold,C0296,330.35651524677775
50216,5,2025-08-01,Office,28,1247.24,365998.75,Sold,C0244,293.44693082325773
50231,5,2025-08-01,Apartment,31,1008.52,314487.78,Available,,311.83098004997424
50296,5,2025-08-01,Apartment,39,591.14,180885.12,Available,,305.9937070744663
50318,5,2025-08-01,Apartment,41,630.83,198203.74,Sold,C0185,314.19517144080015
50324,5,2025-08-01,Apartment,42,791.2,256025.28,Sold,C0985,323.5911021233569
50325,5,2025-08-01,Apartment,42,791.2,257129.67,Available,,324.9869438827098
50344,5,2025-08-01,Apartment,44,806.03,199834.13,Available,,247.92393583365384
50383,5,2025-08-01,Office,46,1272.95,452275.63,Sold,C1938,355.29724655328175
50385,5,2025-08-01,Apartment,46,1272.95,304264.54,Sold,C0815,239.02316666012018
50400,5,2025-08-01,Apartment,47,1241.14,294124.85,Sold,C0953,236.97959134344228
60014,6,2025-08-01,Office,1,1720.95,519970.36,Sold,C0672,302.1414683750254
60032,6,2025-08-01,Apartment,3,605.21,165472.93,Available,,273.4140711488574
60038,6,2025-08-01,Office,4,1925.28,662126.19,Sold,C1167,343.9116336325106
60089,6,2025-08-01,Apartment,7,1075.42,324499.23,Sold,C0703,301.7418589946253
60101,6,2025-08-01,Office,8,986.97,312769.84,Sold,C0423,316.8990344184727
60102,6,2025-08-01,Apartment,8,986.97,270860.88,Sold,C1005,274.43679139183564
60124,6,2025-08-01,Apartment,10,942.08,327848.52,Available,,348.00496773097825
60137,6,2025-08-01,Office,11,1719.85,586709.71,Available,,341.14004709713055
60163,6,2025-08-01,Apartment,14,1890.0,495847.14,Sold,C0345,262.35298412698415
60179,6,2025-08-01,Apartment,16,1687.92,490784.82,Sold,C1139,290.7630811886819
60221,6,2025-08-01,Apartment,20,1897.17,565905.82,Sold,C1499,298.2894627260604
60248,6,2025-08-01,Apartment,25,1086.43,307679.73,Sold,C1376,283.20253490790935
60289,6,2025-08-01,Office,32,793.11,268744.96,Sold,C0980,338.8495416776992
60292,6,2025-08-01,Apartment,33,1131.0,345419.11,Sold,C0755,305.4103536693192
60330,6,2025-08-01,Apartment,37,1721.96,519549.3,Available,,301.71972635833583
60334,6,2025-08-01,Apartment,37,1721.96,533120.65,Sold,C0049,309.6010650653906
60337,6,2025-08-01,Apartment,37,1721.96,491267.17,Sold,C1584,285.2953436781342
60344,6,2025-08-01,Apartment,38,698.21,194006.16,Sold,C1553,277.86219045845803
60349,6,2025-08-01,Apartment,39,744.54,171012.46,Sold,C1625,229.68874741451097
60367,6,2025-08-01,Apartment,41,940.72,278346.08,Available,,295.8862148141849
60392,6,2025-08-01,Office,46,1870.54,666036.6,Available,,356.06648347536003
60420,6,2025-08-01,Office,51,1476.63,522271.82,Sold,C1003,353.6917304944366
70002,7,2025-08-01,Apartment,1,759.04,234980.38,Available,,309.5757535834739
70016,7,2025-08-01,Apartment,3,888.5,222286.33,Sold,C1008,250.18157568936408
70188,7,2025-08-01,Apartment,21,1528.62,482573.13,Sold,C1487,315.6920163284531
70209,7,2025-08-01,Apartment,23,1222.69,301780.43,Available,,246.8167973893628
70274,7,2025-08-01,Apartment,31,839.7,224848.12,Available,,267.771966178397
70287,7,2025-08-01,Apartment,35,613.21,177007.87,Available,,288.6578333686665
70302,7,2025-08-01,Apartment,36,1748.75,562599.61,Sold,C0731,321.71528806290206
70319,7,2025-08-01,Apartment,38,1755.26,427360.08,Sold,C0035,243.47394687966457
70428,7,2025-08-01,Office,50,502.02,176868.98,Sold,C1517,352.314608979722
70488,7,2025-08-01,Apartment,57,1347.67,411172.03,Sold,C1808,305.09845140130744
80004,8,2025-08-01,Office,1,1109.29,352321.29,Sold,C0167,317.6097233365486
80036,8,2025-08-01,Apartment,4,1934.75,650190.52,Sold,C1495,336.0591911099625
80060,8,2025-08-01,Apartment,6,1370.17,377502.89,Sold,C0726,275.5153667063211
80088,8,2025-08-01,Apartment,9,1869.81,606634.75,Sold,C0004,324.4365737695274
80098,8,2025-08-01,Apartment,12,1430.46,428385.38,Sold,C0521,299.47386155502426
80125,8,2025-08-01,Apartment,14,685.93,226667.28,Sold,C0316,330.4524951525666
80141,8,2025-08-01,Apartment,17,1109.27,357308.53,Sold,C1836,322.1114156156752
80166,8,2025-08-01,Apartment,21,1501.64,488338.32,Available,,325.2033243653605
80219,8,2025-08-01,Apartment,29,1848.51,542053.98,Sold,C0881,293.2383270850577
80294,8,2025-08-01,Apartment,34,1684.75,495102.93,Sold,C1202,293.873233417421
80297,8,2025-08-01,Apartment,34,1684.75,472720.62,Sold,C1234,280.58799228372163
80300,8,2025-08-01,Office,34,1684.75,494645.93,Available,,293.6019765543849
80326,8,2025-08-01,Apartment,37,890.65,277936.36,Sold,C0492,312.0601358558356
80343,8,2025-08-01,Apartment,39,1290.89,388539.05,Sold,C0924,300.9854054179674
80437,8,2025-08-01,Apartment,50,913.15,273978.28,Sold,C1592,300.03644527186117
80467,8,2025-08-01,Apartment,55,1300.05,396074.48,Sold,C0178,304.66095919387715
90001,9,2025-08-01,Apartment,1,832.35,292166.93,Available,,351.01451312548807
90005,9,2025-08-01,Apartment,1,832.35,239359.44,Sold,C0285,287.5706613804289
90008,9,2025-08-01,Apartment,1,832.35,267376.53,Sold,C1471,321.2308884483691
90031,9,2025-08-01,Apartment,7,697.68,200892.73,Available,,287.9439427817911
90033,9,2025-08-01,Apartment,7,697.68,209895.78,Sold,C1961,300.8482112143103
90035,9,2025-08-01,Apartment,7,697.68,234440.69,Sold,C0432,336.0289674349272
90048,9,2025-08-01,Apartment,8,1315.55,426150.16,Available,,323.93307742009046
90146,9,2025-08-01,Apartment,22,1115.88,367987.52,Sold,C0216,329.7733806502491
90154,9,2025-08-01,Apartment,24,914.61,333845.6,Sold,C1073,365.0141590404653
90206,9,2025-08-01,Apartment,30,1250.17,380898.54,Sold,C0517,304.6773958741611
90261,9,2025-08-01,Apartment,34,1577.36,440833.65,Sold,C0199,279.47561114774055
90267,9,2025-08-01,Apartment,35,1376.88,429975.23,Sold,C0880,312.2822831328801
90277,9,2025-08-01,Apartment,35,1376.88,440971.56,Sold,C1681,320.26869443960254
90304,9,2025-08-01,Apartment,38,1260.31,371180.76,Available,,294.5154446128334
90305,9,2025-08-01,Apartment,38,1260.31,367461.52,Available,,291.56439288746424
90351,9,2025-08-01,Apartment,41,1488.32,354183.19,Available,,237.97515991184693
90401,9,2025-08-01,Apartment,48,1264.94,406345.88,Sold,C0014,321.2372760763356
90420,9,2025-08-01,Apartment,53,599.72,173669.46,Sold,C0467,289.58423931167874
90429,9,2025-08-01,Apartment,54,1693.18,540205.3,Sold,C1418,319.0477681049859
90505,9,2025-08-01,Apartment,58,838.34,264552.04,Available,,315.56652432187417
100022,10,2025-08-01,Apartment,4,1765.37,619177.19,Sold,C0620,350.73508103117194
100031,10,2025-08-01,Apartment,4,1765.37,574122.16,Sold,C0408,325.2135019854195
100049,10,2025-08-01,Office,5,1741.96,704058.44,Sold,C0386,404.1760086339525
100071,10,2025-08-01,Apartment,9,1849.4,660723.3,Sold,C1311,357.2635990050827
100090,10,2025-08-01,Office,11,1675.44,462989.76,Sold,C0882,276.3392064174187
100157,10,2025-08-01,Apartment,20,1264.43,389694.82,Sold,C0270,308.19801807929264
100165,10,2025-08-01,Apartment,21,1251.45,291083.4,Sold,C1085,232.59690758719887
100256,10,2025-08-01,Apartment,30,1559.4,462179.03,Sold,C0323,296.3826022829293
100264,10,2025-08-01,Apartment,31,1499.0,500985.77,Sold,C1315,334.21332221480986
100280,10,2025-08-01,Office,33,1010.7,349143.67,Sold,C1380,345.44738300187987
100288,10,2025-08-01,Apartment,34,1435.44,415026.87,Available,,289.1286783146631
100328,10,2025-08-01,Apartment,39,1188.51,380782.35,Sold,C0931,320.3863240528056
100373,10,2025-08-01,Apartment,43,1093.67,364059.52,Sold,C0263,332.87876598974094
100381,10,2025-08-01,Apartment,44,1224.71,361389.54,Sold,C0213,295.08172546970303
100402,10,2025-08-01,Apartment,47,1047.27,293129.02,Sold,C1213,279.89823063775344
100407,10,2025-08-01,Apartment,48,1421.82,385864.39,Sold,C1444,271.38765103880945
100419,10,2025-08-01,Apartment,50,1138.32,360288.63,Sold,C1716,316.5090923466161
110014,11,2025-08-01,Office,2,938.0,280215.32,Available,,298.73701492537316
110020,11,2025-08-01,Office,3,1479.84,385425.29,Sold,C1730,260.45065007027785
110037,11,2025-08-01,Apartment,4,1414.25,422353.15,Sold,C1441,298.64108184550116
110159,11,2025-08-01,Apartment,16,1829.02,617917.92,Available,,337.84098588315055
110176,11,2025-08-01,Apartment,19,1083.98,364813.91,Available,,336.5504068340744
110251,11,2025-08-01,Apartment,30,642.72,216852.53,Sold,C0671,337.3981360468011
110270,11,2025-08-01,Apartment,32,1285.87,381642.32,Sold,C0287,296.79697014472697
110367,11,2025-08-01,Apartment,43,810.65,231665.39,Available,,285.77732683648924
110419,11,2025-08-01,Apartment,49,1095.85,322523.39,Sold,C0597,294.31344618332804
110458,11,2025-08-01,Apartment,53,1069.19,334574.59,Available,,312.923418662726
110460,11,2025-08-01,Apartment,53,1069.19,335095.0,Sold,C0286,313.41015161009733
110483,11,2025-08-01,Apartment,57,1008.58,287414.43,Available,,284.9693926113942
120021,12,2025-08-01,Apartment,2,1285.87,343389.83,Sold,C1993,267.0486363318221
120028,12,2025-08-01,Office,3,1469.27,549840.47,Sold,C0129,374.2269766618797
120130,12,2025-08-01,Apartment,15,1456.98,363553.58,Sold,C0049,249.5254430397123
120193,12,2025-08-01,Apartment,22,892.67,302473.56,Available,,338.8414083591921
120199,12,2025-08-01,Apartment,22,892.67,286734.23,Available,,321.20966314539527
120203,12,2025-08-01,Apartment,23,1094.46,302296.14,Sold,C1265,276.2057452990516
120209,12,2025-08-01,Apartment,23,1094.46,329829.37,Sold,C1098,301.3626537287795
120232,12,2025-08-01,Apartment,24,1306.75,393046.65,Sold,C1132,300.7818251387029
120233,12,2025-08-01,Apartment,24,1306.75,389151.65,Sold,C0456,297.80114788597666
120254,12,2025-08-01,Apartment,27,871.52,301543.09,Sold,C0230,345.9967527997063
120311,12,2025-08-01,Apartment,34,1817.64,446332.1,Sold,C0844,245.55583063752997
120316,12,2025-08-01,Apartment,34,1817.64,542250.95,Sold,C1616,298.3269239233291
120367,12,2025-08-01,Apartment,38,1157.23,335887.04,Available,,290.250892216759
120368,12,2025-08-01,Apartment,38,1157.23,371637.67,Sold,C1917,321.1441718586625
120381,12,2025-08-01,Apartment,41,938.23,289808.82,Sold,C0083,308.8888865203628
120408,12,2025-08-01,Apartment,47,1528.05,450231.11,Sold,C0344,294.6442263014954
130030,13,2025-08-01,Office,2,1651.02,507988.85,Available,,307.68182699179897
130059,13,2025-08-01,Apartment,5,441.3,122930.75,Sold,C0077,278.5650351234988
130128,13,2025-08-01,Apartment,15,458.29,145782.57,Sold,C1103,318.10113683475527
130138,13,2025-08-01,Apartment,16,1772.88,390033.6,Sold,C0609,219.99999999999997
130220,13,2025-08-01,Apartment,25,633.86,177168.94,Sold,C0923,279.5079986116808
130227,13,2025-08-01,Apartment,26,1867.78,595268.86,Sold,C1408,318.7039480024414
130244,13,2025-08-01,Apartment,28,1173.72,400382.01,Sold,C0906,341.12225232593806
130281,13,2025-08-01,Office,32,1114.07,327322.3,Sold,C0853,293.80766020088504
130297,13,2025-08-01,Apartment,33,1445.84,398499.79,Sold,C1292,275.6181804349029
130310,13,2025-08-01,Apartment,34,1557.0,426946.49,Sold,C0267,274.21097623635194
130319,13,2025-08-01,Apartment,35,1867.34,555241.82,Sold,C1841,297.34371887283515
130344,13,2025-08-01,Apartment,38,656.42,207388.64,Sold,C0074,315.9389415313367
130377,13,2025-08-01,Apartment,42,1044.42,336118.31,Sold,C1929,321.82293521763273
130398,13,2025-08-01,Apartment,45,986.91,328260.4,Available,,332.6143214680164
130471,13,2025-08-01,Apartment,53,968.77,285014.58,Sold,C0311,294.2025248510999
130484,13,2025-08-01,Apartment,56,606.9,133518.0,Sold,C0090,220.0
130506,13,2025-08-01,Office,59,1434.04,388770.41,Sold,C0502,271.1015104181194
130526,13,2025-08-01,Apartment,60,1401.81,516863.32,Sold,C1232,368.7113945541835
130528,13,2025-08-01,Apartment,60,1401.81,448470.16,Available,,319.9222148508
130535,13,2025-08-01,Apartment,61,1333.63,386702.48,Sold,C0791,289.96234337859823
130568,13,2025-08-01,Apartment,67,524.97,174346.4,Sold,C0887,332.1073585157247
130576,13,2025-08-01,Apartment,67,524.97,156428.32,Available,,297.9757319465874
130601,13,2025-08-01,Office,70,750.41,234899.31,Available,,313.0279580495996
140004,14,2025-08-01,Office,2,922.7,284889.27,Available,,308.7561179148152
140050,14,2025-08-01,Apartment,8,618.89,182738.17,Sold,C1850,295.2676081371488
140087,14,2025-08-01,Apartment,11,1431.42,551610.52,Sold,C0492,385.35895823727486
140114,14,2025-08-01,Apartment,12,459.44,137109.06,Sold,C0110,298.42647570955944
140119,14,2025-08-01,Apartment,13,442.74,159112.85,Sold,C1407,359.38214301847586
140140,14,2025-08-01,Office,15,784.04,228159.59,Sold,C0191,291.0050380082649
140196,14,2025-08-01,Office,22,1148.66,333341.2,Sold,C0998,290.20005919941497
140202,14,2025-08-01,Office,22,1148.66,359175.12,Available,,312.69054376403807
140206,14,2025-08-01,Apartment,22,1148.66,312372.65,Sold,C1371,271.94526665854124
140208,14,2025-08-01,Apartment,22,1148.66,350042.48,Sold,C1834,304.73985339438997
140217,14,2025-08-01,Apartment,23,1610.37,530764.64,Sold,C1566,329.5917335767557
140253,14,2025-08-01,Apartment,29,1618.34,538714.61,Available,,332.8809829825624
140256,14,2025-08-01,Apartment,29,1618.34,533570.63,Sold,C1683,329.70242965013534
140303,14,2025-08-01,Apartment,35,1152.84,356376.59,Sold,C1781,309.12927205856846
140333,14,2025-08-01,Apartment,40,532.44,175169.52,Sold,C0153,328.9939148073022
140402,14,2025-08-01,Apartment,48,1941.78,565653.37,Sold,C0298,291.3066207294338
140425,14,2025-08-01,Office,51,1346.3,413335.13,Sold,C0948,307.0156205897646
140436,14,2025-08-01,Apartment,51,1346.3,387962.94,Available,,288.16975414097897
140438,14,2025-08-01,Apartment,51,1346.3,369050.25,Sold,C1945,274.1218524845874
150015,15,2025-08-01,Office,2,1522.89,504070.7,Sold,C0180,330.9961323536171
150018,15,2025-08-01,Apartment,2,1522.89,412253.02,Available,,270.70439755990253
150152,15,2025-08-01,Apartment,20,1662.01,505470.6,Sold,C0020,304.132105101654
150161,15,2025-08-01,Apartment,21,1271.25,347956.45,Available,,273.71205506391345
150176,15,2025-08-01,Apartment,23,1279.23,430250.98,Sold,C1788,336.33590519296763
150188,15,2025-08-01,Apartment,23,1279.23,360894.66,Sold,C1418,282.11866513449496
150207,15,2025-08-01,Apartment,24,924.36,243788.12,Sold,C1043,263.7372019559479
150217,15,2025-08-01,Apartment,25,607.01,166028.66,Available,,273.51882176570405
150287,15,2025-08-01,Apartment,35,745.49,195720.27,Available,,262.5390950918188
150309,15,2025-08-01,Apartment,35,745.49,233979.83,Available,,313.8604541979101
150317,15,2025-08-01,Apartment,36,1424.81,381257.52,Sold,C0449,267.58481481741427
150346,15,2025-08-01,Apartment,40,982.37,296414.35,Sold,C0170,301.7339189918259
150395,15,2025-08-01,Apartment,50,1841.5,517724.81,Sold,C0737,281.14298669562857
150399,15,2025-08-01,Apartment,50,1841.5,519209.27,Sold,C0824,281.9491012761336
150412,15,2025-08-01,Office,52,829.2,248737.71,Sold,C1701,299.9731186685962
150433,15,2025-08-01,Apartment,54,1495.13,457107.06,Available,,305.7306454957094
150460,15,2025-08-01,Apartment,56,939.93,279312.27,Sold,C0042,297.16284191375956
150473,15,2025-08-01,Office,57,429.34,128430.27,Sold,C1184,299.13418269902644
160003,16,2025-08-01,Apartment,1,637.07,216362.33,Sold,C0639,339.62096786852305
160016,16,2025-08-01,Apartment,3,466.91,135169.08,Available,,289.49707652438366
160022,16,2025-08-01,Apartment,4,1561.55,491066.86,Sold,C0196,314.47399058627644
160033,16,2025-08-01,Office,5,749.15,199582.69,Sold,C1895,266.4121871454315
160035,16,2025-08-01,Apartment,5,749.15,199912.89,Sold,C0359,266.85295334712674
160057,16,2025-08-01,Apartment,7,941.57,299250.24,Sold,C1450,317.8204913070722
160166,16,2025-08-01,Apartment,21,837.95,237154.66,Sold,C0553,283.01767408556594
160201,16,2025-08-01,Office,25,853.37,230136.01,Sold,C1055,269.6790489471156
160234,16,2025-08-01,Apartment,28,1440.71,421867.31,Sold,C1378,292.81903367089836
160281,16,2025-08-01,Apartment,33,881.17,321750.41,Sold,C0594,365.1399956875518
160311,16,2025-08-01,Office,36,810.94,294382.11,Available,,363.0134288603349
160331,16,2025-08-01,Office,39,1562.93,540440.51,Sold,C0244,345.7867658820293
160344,16,2025-08-01,Apartment,41,1001.72,329442.1,Sold,C1106,328.876432536038
160362,16,2025-08-01,Office,42,1496.62,393962.39,Sold,C0555,263.23474896767385
170012,17,2025-08-01,Apartment,1,530.28,164681.66,Sold,C0185,310.5560458625632
170014,17,2025-08-01,Apartment,1,530.28,164903.93,Sold,C0126,310.9752017801916
170060,17,2025-08-01,Apartment,8,1297.3,347713.31,Available,,268.0284513990596
170097,17,2025-08-01,Apartment,11,596.22,170444.19,Sold,C0953,285.8746603602697
170098,17,2025-08-01,Apartment,11,596.22,170363.3,Available,,285.7389889638053
170147,17,2025-08-01,Office,16,1693.0,468036.24,Sold,C0192,276.4537743650325
170163,17,2025-08-01,Office,17,1827.25,734390.86,Sold,C0477,401.91044465727185
170242,17,2025-08-01,Office,27,677.24,188332.34,Available,,278.08803378418287
170252,17,2025-08-01,Apartment,28,1201.04,344995.54,Sold,C0423,287.2473356424432
170267,17,2025-08-01,Apartment,32,954.54,316446.78,Available,,331.51756867182104
170385,17,2025-08-01,Apartment,48,1833.96,578696.13,Sold,C0291,315.54457567231566
180008,18,2025-08-01,Apartment,1,1379.64,370207.67,Sold,C1785,268.33642834362587
180112,18,2025-08-01,Apartment,15,1728.6,494231.73,Sold,C1465,285.91445678583824
180137,18,2025-08-01,Apartment,18,1127.95,351114.27,Sold,C1078,311.2853140653398
180169,18,2025-08-01,Apartment,22,1108.09,365667.4,Sold,C0396,329.9979243563249
180184,18,2025-08-01,Apartment,24,1417.31,390892.15,Sold,C1816,275.7986255653315
180247,18,2025-08-01,Apartment,30,1795.66,556439.7,Sold,C0765,309.8803225554949
180269,18,2025-08-01,Apartment,31,945.46,252357.45,Sold,C1913,266.9149937596514
180315,18,2025-08-01,Apartment,36,1089.77,333304.61,Sold,C1391,305.84858272846566
180327,18,2025-08-01,Apartment,38,1219.8,356066.44,Sold,C1931,291.905591080505
180345,18,2025-08-01,Apartment,39,662.88,185282.56,Sold,C1479,279.51146512189234
180417,18,2025-08-01,Apartment,47,520.85,160996.66,Sold,C1653,309.10369588173177
180458,18,2025-08-01,Apartment,52,1424.54,424694.05,Available,,298.12714981678295
180467,18,2025-08-01,Apartment,53,1806.7,557253.35,Sold,C1635,308.4371229313112
190005,19,2025-08-01,Office,2,1550.33,573983.92,Sold,C1605,370.2333825701625
190010,19,2025-08-01,Apartment,3,1468.68,371548.46,Sold,C1603,252.98122123267152
190061,19,2025-08-01,Apartment,9,695.8,189974.77,Sold,C1832,273.03071284851967
190140,19,2025-08-01,Apartment,19,1697.73,488398.67,Sold,C0360,287.67746932668916
190208,19,2025-08-01,Office,25,996.38,281211.11,Sold,C0108,282.23279270960876
190223,19,2025-08-01,Apartment,26,668.24,206760.76,Sold,C1370,309.41093020471686
190225,19,2025-08-01,Apartment,26,668.24,206090.56,Sold,C1697,308.4079971267808
190244,19,2025-08-01,Apartment,29,1657.84,463761.47,Sold,C1339,279.7383764416349
190261,19,2025-08-01,Office,30,673.27,216191.56,Sold,C0533,321.1067773701487
190296,19,2025-08-01,Apartment,35,1099.62,307764.22,Sold,C1555,279.882341172405
190317,19,2025-08-01,Apartment,38,1106.86,311159.57,Sold,C1050,281.11917496341005
190416,19,2025-08-01,Apartment,47,1126.37,364901.73,Available,,323.9625789039126
190421,19,2025-08-01,Office,49,1004.26,275910.01,Sold,C0179,274.7396192221138
200017,20,2025-08-01,Apartment,1,1898.39,583901.51,Available,,307.5772154299169
200024,20,2025-08-01,Apartment,2,1669.84,487772.33,Sold,C0110,292.10722584199686
200057,20,2025-08-01,Apartment,6,1401.0,450265.88,Sold,C1691,321.38892219842967
200161,20,2025-08-01,Office,18,1868.01,728976.07,Sold,C0771,390.24205973201424
200197,20,2025-08-01,Apartment,24,1188.07,388613.06,Sold,C1980,327.09609703131974
200220,20,2025-08-01,Office,27,993.62,354812.31,Sold,C0239,357.09054769428957
200252,20,2025-08-01,Apartment,30,1703.94,521629.37,Available,,306.1313015716516
200256,20,2025-08-01,Apartment,30,1703.94,616263.98,Available,,361.670000117375
200276,20,2025-08-01,Apartment,31,1414.44,426764.59,Available,,301.71982551398435
200285,20,2025-08-01,Apartment,32,1630.81,473195.39,Sold,C0011,290.15973044070125
200287,20,2025-08-01,Apartment,32,1630.81,443461.13,Sold,C0987,271.9269136196124
200293,20,2025-08-01,Apartment,32,1630.81,462252.41,Sold,C0937,283.4495802699272
200313,20,2025-08-01,Apartment,34,858.93,257252.42,Sold,C0006,299.50335883017243
200318,20,2025-08-01,Apartment,34,858.93,216920.25,Available,,252.54706437078693
200322,20,2025-08-01,Apartment,36,1484.99,456715.62,Available,,307.55467713587296
200326,20,2025-08-01,Apartment,36,1484.99,528385.57,Sold,C0197,355.8175947312776
200327,20,2025-08-01,Apartment,36,1484.99,446810.74,Sold,C0466,300.88467935811013
200361,20,2025-08-01,Apartment,39,1106.36,341599.16,Sold,C0773,308.75949962037674
200440,20,2025-08-01,Apartment,49,880.76,298569.27,Available,,338.99049684363507
200469,20,2025-08-01,Apartment,53,1119.38,380365.78,Sold,C1505,339.80040736836463
200470,20,2025-08-01,Office,53,1119.38,400533.14,Available,,357.81695224141936
200487,20,2025-08-01,Apartment,56,1333.01,386928.92,Sold,C0778,290.26707976684344
200490,20,2025-08-01,Apartment,57,445.15,138157.57,Sold,C0326,310.3618330899697
1038,1,2025-09-01,Apartment,38,743.09,207581.43,Sold,C0011,279.3489752250737
2017,2,2025-09-01,Apartment,17,747.5,199054.2,Sold,C0045,266.2932441471572
2023,2,2025-09-01,Apartment,23,723.83,219373.41,Sold,C0080,303.07311108962045
2045,2,2025-09-01,Apartment,45,1603.99,538271.74,Available,,335.58297744998407
2047,2,2025-09-01,Apartment,47,649.8,214631.68,Sold,C0010,330.30421668205605
3037,3,2025-09-01,Apartment,37,720.81,204808.16,Sold,C0105,284.13612463756056
5011,5,2025-09-01,Apartment,11,798.5,230943.38,Available,,289.2215153412649
5013,5,2025-09-01,Apartment,13,618.38,188743.11,Sold,C0029,305.2218862188298
5017,5,2025-09-01,Apartment,17,798.28,273165.58,Available,,342.19268928195623
5028,5,2025-09-01,Apartment,28,798.28,223577.32,Sold,C0026,280.0738086886807
5036,5,2025-09-01,Apartment,36,1057.92,286433.57,Sold,C0081,270.7516352843315
10022,1,2025-09-01,Office,3,788.73,220227.16,Available,,279.21742548147023
10030,1,2025-09-01,Apartment,3,788.73,278953.11,Available,,353.67376668822027
10079,1,2025-09-01,Office,10,1439.52,532913.83,Sold,C1058,370.20244942758694
10110,1,2025-09-01,Office,14,1181.69,376550.87,Sold,C0160,318.65452868349564
10228,1,2025-09-01,Office,26,828.98,287610.63,Sold,C0707,346.94519771285195
10272,1,2025-09-01,Apartment,30,753.29,249704.13,Sold,C1893,331.4847269975707
10316,1,2025-09-01,Apartment,34,1469.14,425898.83,Available,,289.89669466490597
10326,1,2025-09-01,Apartment,34,1469.14,461784.12,Sold,C0413,314.3227466408919
10363,1,2025-09-01,Apartment,40,784.22,242457.71,Available,,309.1705261278723
10365,1,2025-09-01,Apartment,40,784.22,205607.66,Available,,262.18109714110835
10377,1,2025-09-01,Apartment,42,800.21,263780.66,Available,,329.6392946851451
20049,2,2025-09-01,Office,5,933.95,360598.52,Sold,C1906,386.10045505648054
20091,2,2025-09-01,Apartment,11,1625.05,494131.44,Sold,C0367,304.071530106766
20122,2,2025-09-01,Apartment,15,1603.33,523765.32,Sold,C1263,326.6734359115092
20172,2,2025-09-01,Apartment,20,727.55,226753.78,Sold,C0559,311.6676242182668
20226,2,2025-09-01,Apartment,25,943.48,255615.79,Sold,C0452,270.9286789333107
20274,2,2025-09-01,Apartment,32,925.63,243341.83,Sold,C0070,262.8931970657822
20427,2,2025-09-01,Apartment,49,1617.9,487369.99,Available,,301.2361641634217
20443,2,2025-09-01,Apartment,51,699.31,208699.33,Available,,298.43607270023307
20493,2,2025-09-01,Apartment,57,789.52,206465.91,Sold,C0888,261.50814418887427
30013,3,2025-09-01,Apartment,1,689.75,179465.84,Sold,C0392,260.18969191736136
30027,3,2025-09-01,Apartment,3,783.65,252745.06,Sold,C1480,322.52288649269445
30038,3,2025-09-01,Apartment,4,719.96,212345.96,Sold,C1466,294.94133007389297
30042,3,2025-09-01,Apartment,4,719.96,213815.06,Sold,C0023,296.98186010333905
30076,3,2025-09-01,Apartment,7,744.01,249430.34,Sold,C0764,335.2513272671066
30144,3,2025-09-01,Apartment,14,788.59,220098.68,Available,,279.1040718243954
30309,3,2025-09-01,Apartment,38,1173.4,302431.34,Sold,C0958,257.73933867393896
30343,3,2025-09-01,Apartment,41,965.5,231119.17,Available,,239.37770067322631
30369,3,2025-09-01,Office,46,1599.81,485150.67,Sold,C0767,303.25518030266096
30378,3,2025-09-01,Apartment,46,1599.81,561232.25,Sold,C1096,350.81181515304945
30463,3,2025-09-01,Apartment,55,688.14,211696.98,Sold,C0963,307.6364983869562
40028,4,2025-09-01,Apartment,3,1630.82,424592.34,Available,,260.3551219631842
40124,4,2025-09-01,Office,14,1322.66,482940.68,Sold,C1879,365.1283625421499
40163,4,2025-09-01,Apartment,20,1609.62,413239.73,Sold,C1678,256.73123470135806
40184,4,2025-09-01,Apartment,22,737.92,213975.95,Sold,C0224,289.97174490459673
40246,4,2025-09-01,Office,29,776.79,221054.54,Sold,C0187,284.5743894746328
40247,4,2025-09-01,Apartment,29,776.79,243387.09,Sold,C1390,313.32418028038467
40282,4,2025-09-01,Apartment,33,734.73,217580.04,Available,,296.13604997754277
40289,4,2025-09-01,Apartment,33,734.73,232019.84,Available,,315.7892559171396
40290,4,2025-09-01,Apartment,34,795.1,235414.26,Sold,C1615,296.0813231040121
40315,4,2025-09-01,Apartment,38,800.08,242361.5,Sold,C1943,302.9215828417158
40327,4,2025-09-01,Office,39,743.73,231462.78,Available,,311.2188294139002
40369,4,2025-09-01,Apartment,44,799.67,272403.71,Available,,340.6451536258707
40431,4,2025-09-01,Apartment,50,791.37,229012.23,Sold,C0184,289.387050305167
50024,5,2025-09-01,Apartment,5,821.43,236976.12,Available,,288.49216610058073
50033,5,2025-09-01,Apartment,8,782.15,216845.11,Available,,277.24235760404014
50049,5,2025-09-01,Apartment,8,782.15,223045.28,Sold,C0869,285.16944320143193
50094,5,2025-09-01,Apartment,11,1058.56,298413.06,Sold,C1348,281.9047196191052
50191,5,2025-09-01,Apartment,24,807.02,215336.92,Available,,266.82971921389804
50207,5,2025-09-01,Apartment,27,1278.6,371396.41,Sold,C0269,290.47114813076803
50225,5,2025-09-01,Apartment,30,794.93,230930.79,Available,,290.50456014995035
50271,5,2025-09-01,Apartment,36,627.56,209904.27,Sold,C0784,334.4768149658997
50317,5,2025-09-01,Office,41,630.83,196059.27,Sold,C0769,310.79572943582264
50326,5,2025-09-01,Apartment,42,791.2,241447.03,Sold,C0920,305.16560920121333
50351,5,2025-09-01,Office,44,806.03,241818.73,Sold,C0252,300.01207151098595
50365,5,2025-09-01,Apartment,44,806.03,245566.63,Sold,C0722,304.66189844050473
50384,5,2025-09-01,Apartment,46,1272.95,398094.9,Sold,C0955,312.7341215287325
50419,5,2025-09-01,Apartment,48,788.04,231915.89,Sold,C1145,294.29456626567185
50450,5,2025-09-01,Apartment,52,1755.18,544798.52,Available,,310.3946717715562
60068,6,2025-09-01,Apartment,6,951.22,286118.59,Sold,C1936,300.791183953239
60069,6,2025-09-01,Apartment,6,951.22,363203.22,Sold,C1436,381.82883034418956
60084,6,2025-09-01,Apartment,7,1075.42,296209.13,Sold,C0921,275.4357646314928
60168,6,2025-09-01,Apartment,14,1890.0,605691.78,Sold,C0196,320.47184126984126
60194,6,2025-09-01,Apartment,19,1542.71,440465.95,Sold,C1125,285.514419430742
60234,6,2025-09-01,Office,22,1656.54,570834.48,Available,,344.59444384077653
60261,6,2025-09-01,Apartment,27,830.65,247249.71,Available,,297.6581111177993
60279,6,2025-09-01,Apartment,30,552.59,146337.68,Available,,264.821440851264
60342,6,2025-09-01,Apartment,38,698.21,218381.46,Sold,C0901,312.77332034774633
60437,6,2025-09-01,Apartment,51,1476.63,426236.07,Sold,C1324,288.65461896345056
60460,6,2025-09-01,Apartment,53,1170.96,343958.66,Available,,293.7407426385188
60466,6,2025-09-01,Apartment,55,562.37,166982.01,Sold,C1816,296.92552945569645
60471,6,2025-09-01,Apartment,55,562.37,168397.84,Available,,299.4431424151359
70028,7,2025-09-01,Office,5,1144.09,355112.08,Available,,310.38823868751587
70054,7,2025-09-01,Apartment,9,926.11,255729.49,Sold,C0656,276.132953968751
70066,7,2025-09-01,Apartment,10,1495.37,420829.52,Available,,281.4216682158931
70086,7,2025-09-01,Office,12,804.65,302130.61,Sold,C0160,375.48078046355556
70130,7,2025-09-01,Apartment,15,602.92,183586.48,Available,,304.4955881377297
70168,7,2025-09-01,Apartment,19,751.07,246114.84,Available,,327.6856218461661
70204,7,2025-09-01,Apartment,23,1222.69,369051.44,Sold,C1220,301.8356574438329
70213,7,2025-09-01,Apartment,24,852.99,229590.0,Sold,C1966,269.15907572187245
70307,7,2025-09-01,Apartment,36,1748.75,493983.79,Available,,282.4782215868477
70340,7,2025-09-01,Apartment,41,1093.92,324550.9,Sold,C1665,296.6861379259909
70383,7,2025-09-01,Apartment,43,498.61,172980.65,Sold,C1699,346.92575359499403
70391,7,2025-09-01,Apartment,44,1859.83,571612.79,Sold,C0906,307.34679513719
70499,7,2025-09-01,Apartment,58,1629.83,555539.4,Sold,C1239,340.8572673223588
80012,8,2025-09-01,Apartment,2,1097.36,363317.92,Sold,C0289,331.08361886709923
80024,8,2025-09-01,Apartment,3,1736.05,488649.27,Sold,C0647,281.4718873304341
80027,8,2025-09-01,Office,4,1934.75,446111.45,Available,,230.5783434552268
80034,8,2025-09-01,Apartment,4,1934.75,656465.4,Sold,C0433,339.30244217599176
80035,8,2025-09-01,Apartment,4,1934.75,521645.72,Sold,C1535,269.61918594133607
80054,8,2025-09-01,Apartment,5,887.23,232394.64,Sold,C1831,261.932802091904
80063,8,2025-09-01,Apartment,6,1370.17,469840.05,Available,,342.906391177737
80079,8,2025-09-01,Apartment,9,1869.81,500403.51,Sold,C0828,267.62265149935024
80107,8,2025-09-01,Apartment,14,685.93,197151.66,Sold,C0452,287.42241919729423
80135,8,2025-09-01,Apartment,16,424.09,140340.38,Sold,C1232,330.9212195524535
80155,8,2025-09-01,Apartment,20,774.16,275316.35,Available,,355.63236281905546
80185,8,2025-09-01,Apartment,26,1625.38,474524.95,Sold,C1853,291.9470831436341
80199,8,2025-09-01,Apartment,28,1431.61,478575.29,Sold,C0481,334.2916646293334
80244,8,2025-09-01,Apartment,31,1253.18,321563.69,Available,,256.59816626502175
80251,8,2025-09-01,Apartment,31,1253.18,333106.92,Available,,265.8093170973044
80323,8,2025-09-01,Office,37,890.65,284007.79,Sold,C1034,318.8769887161062
80336,8,2025-09-01,Apartment,37,890.65,268246.04,Sold,C0709,301.18008196261155
80359,8,2025-09-01,Apartment,43,1490.59,435769.25,Available,,292.34682239918425
80361,8,2025-09-01,Apartment,43,1490.59,401888.63,Sold,C1209,269.61715159768954
80369,8,2025-09-01,Apartment,44,1862.29,575087.19,Sold,C0566,308.80646408454106
80375,8,2025-09-01,Apartment,45,1185.72,378736.96,Available,,319.41517390277636
80381,8,2025-09-01,Apartment,46,1175.51,344735.03,Sold,C1448,293.264225740317
80408,8,2025-09-01,Apartment,47,543.08,160847.73,Sold,C1350,296.17686160418356
80454,8,2025-09-01,Apartment,53,1891.72,525056.67,Available,,277.55517201277144
80460,8,2025-09-01,Apartment,54,1699.02,405434.95,Sold,C0653,238.62870949135385
90006,9,2025-09-01,Office,1,832.35,198227.17,Available,,238.15362527782784
90036,9,2025-09-01,Apartment,7,697.68,224080.17,Sold,C0164,321.1790075679395
90062,9,2025-09-01,Apartment,11,559.6,165924.85,Available,,296.5061651179414
90083,9,2025-09-01,Apartment,12,952.38,326073.5,Sold,C0761,342.3775173775174
90087,9,2025-09-01,Apartment,14,1445.3,390369.6,Sold,C0387,270.0958970455961
90117,9,2025-09-01,Apartment,18,860.97,224360.63,Available,,260.59053160969603
90134,9,2025-09-01,Apartment,21,1261.65,394654.7,Sold,C0937,312.8083858439345
90153,9,2025-09-01,Office,24,914.61,300464.18,Sold,C1579,328.51617629372083
90269,9,2025-09-01,Apartment,35,1376.88,381682.42,Available,,277.2081953401894
90282,9,2025-09-01,Apartment,35,1376.88,383351.87,Sold,C1712,278.4206829934344
90289,9,2025-09-01,Apartment,36,1582.79,494203.69,Sold,C0451,312.23579249300286
90296,9,2025-09-01,Apartment,36,1582.79,408331.77,Sold,C0103,257.9822781291264
90321,9,2025-09-01,Apartment,38,1260.31,370756.27,Sold,C1937,294.17863065436285
90330,9,2025-09-01,Office,39,1839.34,601818.29,Sold,C0778,327.19252014309484
90392,9,2025-09-01,Apartment,46,662.32,173976.3,Sold,C0101,262.6771047227926
90412,9,2025-09-01,Apartment,53,599.72,176684.39,Sold,C0968,294.6114686853865
90457,9,2025-09-01,Apartment,56,1516.4,407901.41,Sold,C1191,268.99328013716695
90458,9,2025-09-01,Apartment,56,1516.4,497579.57,Sold,C0699,328.1321353204959
90519,9,2025-09-01,Office,59,1697.13,501931.04,Available,,295.75285334653205
100024,10,2025-09-01,Apartment,4,1765.37,584091.39,Sold,C1879,330.86060712485204
100044,10,2025-09-01,Office,5,1741.96,606790.94,Sold,C1225,348.33804450159585
100117,10,2025-09-01,Apartment,15,1948.32,624932.71,Sold,C1569,320.75465529276505
100136,10,2025-09-01,Apartment,17,647.35,164061.74,Available,,253.43591565613653
100229,10,2025-09-01,Apartment,28,1606.58,470763.27,Sold,C1877,293.02199081278246
100238,10,2025-09-01,Apartment,28,1606.58,448491.59,Sold,C0626,279.15920153369274
100243,10,2025-09-01,Apartment,30,1559.4,522829.28,Sold,C0342,335.2759266384507
100306,10,2025-09-01,Apartment,36,1920.65,734629.38,Sold,C1801,382.48997995470285
100313,10,2025-09-01,Apartment,37,1177.85,377522.43,Sold,C0552,320.5182578426795
100376,10,2025-09-01,Apartment,44,1224.71,318066.48,Sold,C0741,259.70758791877256
110018,11,2025-09-01,Apartment,2,938.0,315840.26,Sold,C1747,336.71669509594886
110026,11,2025-09-01,Apartment,3,1479.84,424586.91,Sold,C0742,286.9140650340577
110029,11,2025-09-01,Apartment,3,1479.84,421407.86,Sold,C1233,284.7658260352471
110044,11,2025-09-01,Apartment,5,1723.2,437454.23,Available,,253.86155408542245
110055,11,2025-09-01,Apartment,6,1724.08,448213.48,Available,,259.97255347779685
110057,11,2025-09-01,Apartment,6,1724.08,558548.42,Sold,C1159,323.968968957357
110109,11,2025-09-01,Apartment,13,474.93,144215.29,Sold,C1538,303.6558861305877
110136,11,2025-09-01,Apartment,14,524.68,170391.72,Available,,324.753602195624
110153,11,2025-09-01,Apartment,16,1829.02,523992.65,Sold,C1598,286.4882013318608
110155,11,2025-09-01,Apartment,16,1829.02,522680.38,Available,,285.77072968037527
110199,11,2025-09-01,Apartment,23,1098.83,322054.98,Sold,C0999,293.08899465795434
110214,11,2025-09-01,Apartment,25,1802.24,606301.47,Sold,C1608,336.4154996004971
110217,11,2025-09-01,Apartment,26,490.37,159048.2,Available,,324.34325101454004
110243,11,2025-09-01,Apartment,29,993.51,308764.15,Sold,C1892,310.78111946533
110283,11,2025-09-01,Apartment,34,680.07,175245.96,Sold,C0953,257.68812034055316
110304,11,2025-09-01,Apartment,37,1368.16,434958.41,Sold,C1277,317.9148710677113
110361,11,2025-09-01,Apartment,43,810.65,278982.99,Sold,C1928,344.1472768765805
110368,11,2025-09-01,Apartment,43,810.65,220011.39,Available,,271.4012089064331
110376,11,2025-09-01,Apartment,44,434.38,120422.49,Available,,277.2284405359363
110410,11,2025-09-01,Apartment,49,1095.85,336852.89,Available,,307.3895971163937
110415,11,2025-09-01,Apartment,49,1095.85,373735.42,Sold,C1936,341.04614682666426
110424,11,2025-09-01,Apartment,50,948.72,320784.87,Sold,C0229,338.12386162408296
110487,11,2025-09-01,Office,57,1008.58,326458.14,Available,,323.6809573856313
110496,11,2025-09-01,Apartment,58,1159.31,341227.9,Sold,C1217,294.33706256307636
110554,11,2025-09-01,Apartment,65,1427.09,477228.5,Sold,C0159,334.40672977878063
120024,12,2025-09-01,Apartment,3,1469.27,417320.08,Available,,284.03226091868754
120125,12,2025-09-01,Apartment,15,1456.98,383938.86,Available,,263.5169048305399
120141,12,2025-09-01,Apartment,16,1523.02,381756.88,Sold,C0564,250.6578245853633
120147,12,2025-09-01,Apartment,17,1428.55,438596.72,Sold,C1430,307.02230933464
120154,12,2025-09-01,Apartment,17,1428.55,426820.06,Sold,C1257,298.77852367785516
120174,12,2025-09-01,Apartment,19,1381.22,414089.58,Sold,C0237,299.79987257641795
120177,12,2025-09-01,Apartment,19,1381.22,452685.9,Sold,C1469,327.7435166012656
120202,12,2025-09-01,Apartment,23,1094.46,327725.79,Available,,299.4406282550298
120207,12,2025-09-01,Apartment,23,1094.46,278334.73,Sold,C0763,254.31238236207807
120219,12,2025-09-01,Office,24,1306.75,372374.04,Available,,284.9619590587335
120234,12,2025-09-01,Apartment,24,1306.75,345446.82,Sold,C0686,264.3557069064473
120242,12,2025-09-01,Apartment,26,557.9,163333.44,Available,,292.7647248610862
120284,12,2025-09-01,Office,31,1245.29,328706.37,Sold,C1207,263.95969613503684
120286,12,2025-09-01,Office,32,1906.38,616227.01,Sold,C0441,323.24458397591246
120317,12,2025-09-01,Apartment,35,1690.62,499070.64,Sold,C0254,295.19977286439297
120404,12,2025-09-01,Apartment,47,1528.05,410756.82,Sold,C1117,268.8111122018259
130041,13,2025-09-01,Apartment,3,979.64,385396.18,Available,,393.40592462537256
130080,13,2025-09-01,Apartment,10,1314.38,330914.17,Sold,C0428,251.7644592887901
130094,13,2025-09-01,Apartment,11,1678.3,460427.59,Sold,C0950,274.34164928797
130106,13,2025-09-01,Apartment,13,585.77,195626.05,Sold,C1974,333.9639278214999
130125,13,2025-09-01,Apartment,15,458.29,146853.21,Available,,320.4372995265007
130130,13,2025-09-01,Apartment,15,458.29,118024.61,Sold,C0668,257.53258853564336
130141,13,2025-09-01,Apartment,16,1772.88,537026.67,Sold,C0589,302.9120245025044
130147,13,2025-09-01,Apartment,17,1278.95,352647.72,Sold,C0120,275.7322178349427
130157,13,2025-09-01,Apartment,18,1820.34,539968.61,Sold,C0035,296.6306349363306
130214,13,2025-09-01,Apartment,24,1044.69,296391.37,Sold,C0659,283.7122687112923
130289,13,2025-09-01,Apartment,32,1114.07,335123.96,Sold,C0037,300.8105056235246
130321,13,2025-09-01,Apartment,36,1061.26,273674.59,Sold,C0538,257.8770423835818
130375,13,2025-09-01,Apartment,41,1168.7,354539.92,Sold,C1811,303.3626422520749
130500,13,2025-09-01,Apartment,58,1115.72,351636.29,Sold,C1891,315.16535510701607
130517,13,2025-09-01,Apartment,60,1401.81,413675.38,Sold,C0341,295.1008909909332
130571,13,2025-09-01,Apartment,67,524.97,165302.78,Sold,C1411,314.8804312627388
130574,13,2025-09-01,Apartment,67,524.97,147982.8,Available,,281.8881078918795
130589,13,2025-09-01,Apartment,68,1590.69,459757.05,Available,,289.02994926729906
140009,14,2025-09-01,Apartment,2,922.7,270218.56,Sold,C1218,292.8563563455077
140026,14,2025-09-01,Apartment,5,424.34,113550.95,Sold,C1715,267.594264033558
140122,14,2025-09-01,Apartment,13,442.74,97402.8,Sold,C1767,220.0
140179,14,2025-09-01,Office,19,1554.83,484864.24,Sold,C1997,311.84389290147476
140182,14,2025-09-01,Office,20,1224.91,347553.21,Available,,283.7377521613833
140214,14,2025-09-01,Apartment,23,1610.37,520595.39,Sold,C0141,323.2768804684638
140222,14,2025-09-01,Office,23,1610.37,602366.78,Sold,C0117,374.05489421685706
140231,14,2025-09-01,Office,25,586.85,165942.65,Available,,282.76842464002726
140298,14,2025-09-01,Apartment,34,513.06,134277.54,Sold,C0143,261.7189802362297
140330,14,2025-09-01,Apartment,39,1811.84,512102.89,Sold,C0531,282.64244635287884
140342,14,2025-09-01,Apartment,40,532.44,164304.6,Sold,C1794,308.5880099166103
140421,14,2025-09-01,Office,51,1346.3,429949.07,Available,,319.35606477011066
140464,14,2025-09-01,Apartment,55,1415.9,397913.16,Sold,C1866,281.0319655342891
140470,14,2025-09-01,Apartment,55,1415.9,407908.02,Sold,C1686,288.09098100148316
140473,14,2025-09-01,Office,55,1415.9,427279.83,Available,,301.77260399745745
150005,15,2025-09-01,Apartment,1,1596.51,531573.93,Sold,C1656,332.9599751958961
150027,15,2025-09-01,Apartment,3,748.99,229851.21,Sold,C1447,306.8815471501622
150060,15,2025-09-01,Office,9,565.48,139259.7,Sold,C1505,246.26812619367618
150083,15,2025-09-01,Apartment,13,653.54,204178.47,Available,,312.419239832298
150087,15,2025-09-01,Apartment,14,1832.17,609798.92,Sold,C0503,332.8287877216634
150114,15,2025-09-01,Apartment,16,1692.61,533937.17,Sold,C1386,315.45197653328296
150134,15,2025-09-01,Apartment,17,562.64,152674.09,Sold,C1516,271.3530676809327
150169,15,2025-09-01,Apartment,22,1317.29,409770.8,Available,,311.0710625602563
150244,15,2025-09-01,Office,29,1748.18,536330.79,Sold,C0349,306.7938026976627
150260,15,2025-09-01,Apartment,30,1523.22,476279.51,Sold,C1345,312.6793962789354
150276,15,2025-09-01,Apartment,33,958.02,279656.8,Available,,291.9112335859377
150289,15,2025-09-01,Apartment,35,745.49,212067.21,Sold,C1972,284.46687413647396
150345,15,2025-09-01,Apartment,40,982.37,299936.94,Sold,C0024,305.3197267831876
150375,15,2025-09-01,Apartment,48,1403.33,380538.08,Available,,271.16792201406656
150376,15,2025-09-01,Apartment,48,1403.33,448225.53,Sold,C0912,319.4013738749974
150427,15,2025-09-01,Apartment,53,696.04,203666.47,Sold,C1108,292.6074219872421
150458,15,2025-09-01,Apartment,56,939.93,307358.8,Sold,C1823,327.00179800623454
150485,15,2025-09-01,Office,58,1750.89,489878.14,Sold,C0729,279.7880734940516
150519,15,2025-09-01,Apartment,60,1033.2,302297.34,Sold,C0089,292.5835656213705
160007,16,2025-09-01,Apartment,1,637.07,194331.44,Available,,305.03938342725286
160040,16,2025-09-01,Office,5,749.15,232742.76,Sold,C0654,310.67577921644533
160042,16,2025-09-01,Apartment,5,749.15,211606.59,Sold,C1315,282.46224387639325
160065,16,2025-09-01,Apartment,8,986.18,322278.9,Sold,C1857,326.79520979942816
160083,16,2025-09-01,Apartment,9,1524.04,540445.52,Sold,C0819,354.61373717225274
160144,16,2025-09-01,Apartment,18,1432.77,425215.73,Available,,296.77877817095555
160153,16,2025-09-01,Apartment,19,1163.06,344081.34,Sold,C1384,295.84143552353277
160184,16,2025-09-01,Office,23,594.14,195445.31,Sold,C0357,328.9549769414616
160230,16,2025-09-01,Apartment,28,1440.71,400797.41,Available,,278.1943694428441
160276,16,2025-09-01,Apartment,33,881.17,295574.91,Sold,C1252,335.43460399241917
160307,16,2025-09-01,Apartment,35,629.97,203347.49,Sold,C0652,322.78916456339186
160309,16,2025-09-01,Office,36,810.94,245584.15,Available,,302.83886600734945
160358,16,2025-09-01,Apartment,42,1496.62,441789.19,Sold,C0886,295.1912910424824
170022,17,2025-09-01,Apartment,2,1738.5,584321.85,Sold,C1599,336.106902502157
170031,17,2025-09-01,Apartment,2,1738.5,555067.12,Sold,C1147,319.27933275812484
170064,17,2025-09-01,Apartment,8,1297.3,361032.68,Sold,C0671,278.29544438449085
170075,17,2025-09-01,Apartment,10,1059.07,364946.76,Sold,C1938,344.5917267036174
170085,17,2025-09-01,Apartment,10,1059.07,282677.95,Available,,266.91148838131573
170135,17,2025-09-01,Apartment,15,1365.73,408030.78,Sold,C1313,298.7638698717902
170139,17,2025-09-01,Office,16,1693.0,492913.41,Sold,C1153,291.14790903721206
170142,17,2025-09-01,Apartment,16,1693.0,548632.28,Available,,324.05923213230955
170144,17,2025-09-01,Office,16,1693.0,545423.83,Sold,C0309,322.1641051388068
170165,17,2025-09-01,Apartment,17,1827.25,532459.61,Sold,C0545,291.399430838692
170366,17,2025-09-01,Office,46,1582.61,605190.49,Sold,C0447,382.4002691756023
170380,17,2025-09-01,Apartment,47,1106.83,403444.27,Available,,364.5042779830688
170401,17,2025-09-01,Office,48,1833.96,578194.07,Sold,C0526,315.2708183384588
170419,17,2025-09-01,Office,48,1833.96,573266.03,Sold,C0877,312.58371502104734
180021,18,2025-09-01,Apartment,3,524.48,158850.09,Sold,C1563,302.8715870957901
180037,18,2025-09-01,Office,4,1096.58,351057.32,Sold,C0933,320.1383574385818
180050,18,2025-09-01,Apartment,6,840.25,250887.27,Sold,C0610,298.5864564117822
180130,18,2025-09-01,Apartment,17,1195.81,325517.91,Available,,272.2154104749082
180158,18,2025-09-01,Apartment,21,1790.69,504823.66,Available,,281.9157196387984
180162,18,2025-09-01,Office,21,1790.69,429013.25,Available,,239.57985469288374
180167,18,2025-09-01,Apartment,22,1108.09,304757.48,Sold,C1201,275.0295373119512
180183,18,2025-09-01,Apartment,24,1417.31,384011.41,Sold,C0870,270.94383726919307
180187,18,2025-09-01,Office,25,911.94,263752.65,Sold,C1462,289.22149483518655
180205,18,2025-09-01,Apartment,26,1147.71,291596.02,Sold,C1207,254.06768260274808
180206,18,2025-09-01,Apartment,26,1147.71,277216.89,Sold,C1927,241.53914316334266
180358,18,2025-09-01,Apartment,40,990.46,347614.42,Available,,350.9626032348605
180363,18,2025-09-01,Apartment,40,990.46,272054.89,Available,,274.67529228843165
180386,18,2025-09-01,Apartment,43,937.7,226894.78,Available,,241.9694785112509
180393,18,2025-09-01,Apartment,44,1334.77,389378.82,Sold,C0186,291.7197869295834
180445,18,2025-09-01,Apartment,50,854.74,292598.12,Sold,C0094,342.3241219552144
180457,18,2025-09-01,Apartment,52,1424.54,313398.8,Available,,220.0
180487,18,2025-09-01,Apartment,54,1756.12,539233.83,Available,,307.0597852083001
180508,18,2025-09-01,Apartment,56,1311.59,413424.87,Available,,315.2089219954407
180587,18,2025-09-01,Apartment,68,1445.28,495056.58,Sold,C1190,342.53333610096314
190007,19,2025-09-01,Office,3,1468.68,462830.35,Sold,C1969,315.133555301359
190070,19,2025-09-01,Apartment,10,747.71,245137.31,Available,,327.85078439501945
190137,19,2025-09-01,Apartment,18,1599.44,464113.69,Available,,290.17261666583306
190155,19,2025-09-01,Apartment,20,1772.03,436200.11,Sold,C0433,246.15842282579865
190206,19,2025-09-01,Apartment,25,996.38,296623.87,Sold,C0828,297.7015496095867
190222,19,2025-09-01,Apartment,26,668.24,174836.95,Available,,261.63795941577877
190252,19,2025-09-01,Apartment,29,1657.84,584357.04,Sold,C0341,352.48096318100664
190259,19,2025-09-01,Apartment,29,1657.84,508392.39,Sold,C1232,306.65950272643926
190340,19,2025-09-01,Apartment,40,893.49,267747.05,Available,,299.6642939484493
190376,19,2025-09-01,Apartment,42,1137.59,325270.28,Sold,C0697,285.92927153016467
190417,19,2025-09-01,Apartment,47,1126.37,314692.4,Available,,279.3863472926304
190428,19,2025-09-01,Office,49,1004.26,306188.54,Sold,C1918,304.8897098360982
200015,20,2025-09-01,Apartment,1,1898.39,586824.88,Sold,C1456,309.11713609953694
200032,20,2025-09-01,Apartment,3,1645.93,500222.5,Sold,C1407,303.9148080416542
200034,20,2025-09-01,Apartment,3,1645.93,428571.15,Sold,C0458,260.3823674153822
200046,20,2025-09-01,Apartment,5,802.5,193328.23,Sold,C1154,240.90745171339566
200058,20,2025-09-01,Apartment,7,1757.4,570187.06,Sold,C1552,324.44922043928534
200072,20,2025-09-01,Office,8,1268.45,380297.96,Sold,C1859,299.8131262564547
200155,20,2025-09-01,Apartment,18,1868.01,550183.0,Sold,C1475,294.5289372112569
200200,20,2025-09-01,Apartment,24,1188.07,368118.52,Available,,309.84581716565526
200218,20,2025-09-01,Apartment,26,1941.62,529272.37,Sold,C0812,272.59317992192086
200226,20,2025-09-01,Apartment,28,463.13,154194.36,Sold,C1157,332.9396929587804
200286,20,2025-09-01,Apartment,32,1630.81,479050.0,Sold,C1028,293.7497317284049
200346,20,2025-09-01,Apartment,38,1499.47,387508.03,Sold,C1282,258.42999859950515
200389,20,2025-09-01,Apartment,43,1697.49,507427.41,Available,,298.9280702684552
200395,20,2025-09-01,Office,43,1697.49,579807.82,Sold,C0109,341.5677382488262
200467,20,2025-09-01,Apartment,52,1634.67,526337.84,Sold,C0633,321.9841558234995
990007,2,2025-09-01,Apartment,52,1615.29,461464.99,Available,,285.68553634331914
990010,3,2025-09-01,Apartment,31,1596.35,495024.09,Available,,310.09746609452816
990025,5,2025-09-01,Apartment,50,1074.71,365868.78,Available,,340.4348894120274
2005,2,2025-10-01,Apartment,5,785.48,257183.48,Sold,C0073,327.4220603961909
2022,2,2025-10-01,Apartment,22,1109.25,344568.74,Sold,C0068,310.63217489294567
3022,3,2025-10-01,Apartment,22,1137.44,354553.23,Sold,C0059,311.7115891827261
3041,3,2025-10-01,Apartment,41,781.07,239248.75,Sold,C0019,306.3089735875146
3052,3,2025-10-01,Apartment,52,923.21,291494.36,Sold,C0057,315.74003747793023
3054,3,2025-10-01,Apartment,54,781.07,200719.02,Sold,C0095,256.97955368916996
5019,5,2025-10-01,Apartment,19,618.38,153466.71,Sold,C0135,248.1754099421068
10055,1,2025-10-01,Apartment,7,758.88,194960.28,Sold,C0441,256.90528146742565
10080,1,2025-10-01,Apartment,10,1439.52,376111.25,Available,,261.27545987551406
10082,1,2025-10-01,Office,10,1439.52,411692.78,Sold,C0335,285.9930949205291
10091,1,2025-10-01,Apartment,12,621.14,177556.15,Sold,C0013,285.8552822230093
10107,1,2025-10-01,Office,14,1181.69,369296.54,Sold,C1431,312.51558361329955
10112,1,2025-10-01,Apartment,14,1181.69,335715.04,Sold,C0194,284.097385947245
10113,1,2025-10-01,Apartment,14,1181.69,345800.05,Sold,C0663,292.63178160092747
10210,1,2025-10-01,Apartment,24,1146.11,311548.88,Sold,C1487,271.8315693956078
10218,1,2025-10-01,Apartment,25,1154.92,274518.1,Sold,C0696,237.69447234440477
10234,1,2025-10-01,Apartment,27,725.12,208024.42,Available,,286.88275044130626
10274,1,2025-10-01,Office,30,753.29,263983.27,Sold,C1249,350.44042798922067
10349,1,2025-10-01,Apartment,38,1355.85,358085.01,Sold,C1344,264.1037061621861
10352,1,2025-10-01,Apartment,38,1355.85,472614.44,Sold,C0684,348.5742818158351
10355,1,2025-10-01,Apartment,38,1355.85,386382.22,Sold,C0587,284.9741638086809
10362,1,2025-10-01,Apartment,39,742.93,222002.82,Sold,C1665,298.82064259082284
10399,1,2025-10-01,Apartment,46,1153.16,362593.45,Sold,C1618,314.4346404661972
10407,1,2025-10-01,Office,47,771.08,261411.51,Available,,339.0199590185195
10419,1,2025-10-01,Apartment,49,629.24,176063.64,Sold,C0857,279.80363613247727
20024,2,2025-10-01,Apartment,3,645.84,217462.85,Available,,336.71319521863
20059,2,2025-10-01,Apartment,7,733.14,225333.86,Sold,C1522,307.3544752707532
20144,2,2025-10-01,Office,17,1397.4,553392.84,Sold,C0261,396.01605839416055
20151,2,2025-10-01,Apartment,17,1397.4,409624.51,Sold,C0679,293.1333261771862
20157,2,2025-10-01,Apartment,18,784.76,208475.27,Sold,C0840,265.6548116621642
20193,2,2025-10-01,Apartment,22,653.41,197732.56,Sold,C0651,302.61636644679453
20201,2,2025-10-01,Apartment,22,653.41,189843.92,Sold,C0828,290.54333420057856
20204,2,2025-10-01,Office,23,1416.33,567444.09,Sold,C1275,400.6439812755502
20229,2,2025-10-01,Apartment,26,1577.79,446099.24,Sold,C1174,282.7367647152029
20233,2,2025-10-01,Apartment,26,1577.79,512979.13,Available,,325.125099030923
20236,2,2025-10-01,Office,26,1577.79,493737.03,Sold,C0539,312.9294963208032
20311,2,2025-10-01,Apartment,36,641.72,194714.91,Sold,C1728,303.4265879199651
20321,2,2025-10-01,Apartment,38,710.81,216079.0,Sold,C1084,303.9898144370507
20340,2,2025-10-01,Apartment,41,654.93,236630.24,Sold,C0072,361.3061548562442
20342,2,2025-10-01,Apartment,41,654.93,202522.58,Sold,C0188,309.22782587452093
20351,2,2025-10-01,Office,42,786.45,213128.24,Sold,C0775,271.0003687456291
20375,2,2025-10-01,Apartment,45,782.2,262249.92,Sold,C1457,335.2722065967783
20424,2,2025-10-01,Apartment,48,788.44,219968.35,Sold,C1130,278.9918700218152
20439,2,2025-10-01,Office,51,699.31,189593.2,Sold,C0315,271.1146701748867
20485,2,2025-10-01,Apartment,56,722.22,241503.0,Sold,C1859,334.3897981224558
30032,3,2025-10-01,Office,4,719.96,219505.52,Sold,C0954,304.885715873104
30071,3,2025-10-01,Office,7,744.01,229701.65,Sold,C1200,308.73462722275235
30080,3,2025-10-01,Apartment,7,744.01,206070.96,Sold,C1475,276.97337401379013
30087,3,2025-10-01,Apartment,9,1125.84,337560.83,Sold,C0771,299.8301978966816
30122,3,2025-10-01,Apartment,11,1283.1,348727.22,Sold,C1961,271.7849115423584
30132,3,2025-10-01,Apartment,12,657.47,179742.66,Sold,C1983,273.38534077600497
30134,3,2025-10-01,Apartment,13,754.84,261580.4,Sold,C0221,346.537544380266
30145,3,2025-10-01,Apartment,14,788.59,227380.78,Sold,C1175,288.33840145069047
30146,3,2025-10-01,Apartment,14,788.59,262619.56,Available,,333.02420776322293
30211,3,2025-10-01,Apartment,23,924.21,246746.22,Sold,C0987,266.98068620768004
30232,3,2025-10-01,Office,27,1117.14,364706.25,Sold,C0216,326.46423008754493
30264,3,2025-10-01,Apartment,29,666.0,179911.3,Available,,270.1370870870871
30289,3,2025-10-01,Apartment,35,925.48,280028.94,Sold,C1413,302.5769762717725
30304,3,2025-10-01,Apartment,36,733.45,219584.35,Sold,C1945,299.38557502215554
30331,3,2025-10-01,Office,40,678.71,164477.46,Sold,C1686,242.33834774793357
30360,3,2025-10-01,Apartment,44,673.86,207942.28,Sold,C1412,308.5838007894815
30367,3,2025-10-01,Apartment,46,1599.81,474806.32,Sold,C1406,296.78919371675386
30400,3,2025-10-01,Apartment,49,1174.48,378839.98,Available,,322.5597541039439
30416,3,2025-10-01,Apartment,49,1174.48,352375.03,Sold,C1523,300.02642020298345
30426,3,2025-10-01,Apartment,49,1174.48,343009.36,Sold,C0210,292.05210816701856
30431,3,2025-10-01,Apartment,50,713.67,212239.58,Sold,C0904,297.39176370030964
30443,3,2025-10-01,Apartment,51,693.85,192947.73,Sold,C0796,278.0827700511638
30457,3,2025-10-01,Office,54,787.64,199665.03,Available,,253.4978289573917
30482,3,2025-10-01,Apartment,56,1179.42,400338.61,Available,,339.4368503162571
30493,3,2025-10-01,Apartment,58,1588.14,468242.33,Available,,294.83693503091666
30498,3,2025-10-01,Office,58,1588.14,365164.05,Sold,C1143,229.93190146964372
40004,4,2025-10-01,Apartment,1,1615.98,475895.11,Sold,C1245,294.4931929850617
40011,4,2025-10-01,Apartment,2,1620.07,469692.03,Available,,289.9208244088219
40047,4,2025-10-01,Apartment,5,786.98,231129.57,Sold,C0016,293.6917964878396
40068,4,2025-10-01,Office,7,786.36,265542.11,Available,,337.68516964240297
40158,4,2025-10-01,Office,19,1063.07,304502.38,Available,,286.4368103699662
40175,4,2025-10-01,Apartment,21,801.66,250152.29,Available,,312.0428735374099
40191,4,2025-10-01,Apartment,23,1110.99,337233.0,Sold,C0329,303.54278616369186
40210,4,2025-10-01,Apartment,26,790.05,211905.04,Sold,C0332,268.21725207265365
40269,4,2025-10-01,Apartment,31,793.1,223661.9,Sold,C0193,282.00970873786406
40337,4,2025-10-01,Office,40,780.74,251534.87,Sold,C1629,322.17494940697287
40358,4,2025-10-01,Office,43,1616.99,531903.04,Sold,C0839,328.94640041063957
40405,4,2025-10-01,Apartment,46,800.23,243500.06,Sold,C0183,304.2875923172088
40440,4,2025-10-01,Office,51,802.11,272608.2,Sold,C1921,339.8638590716984
50012,5,2025-10-01,Apartment,3,1008.42,329670.08,Sold,C0810,326.9174351956526
50021,5,2025-10-01,Apartment,4,799.1,245118.66,Sold,C1557,306.743411337755
50029,5,2025-10-01,Apartment,6,775.85,235257.98,Available,,303.22611329509573
50075,5,2025-10-01,Apartment,10,629.27,206318.0,Sold,C1377,327.86880035596806
50095,5,2025-10-01,Apartment,11,1058.56,353759.71,Sold,C0689,334.1895688482467
50132,5,2025-10-01,Apartment,17,798.74,258083.75,Available,,323.11359140646516
50307,5,2025-10-01,Apartment,41,630.83,170043.33,Sold,C0106,269.55491970895486
50335,5,2025-10-01,Apartment,43,802.72,216010.59,Sold,C1608,269.0983032688858
50355,5,2025-10-01,Apartment,44,806.03,285832.09,Sold,C0214,354.6171854645609
50413,5,2025-10-01,Apartment,47,1241.14,368136.36,Sold,C1534,296.61147010006925
50445,5,2025-10-01,Apartment,52,1755.18,595572.15,Available,,339.3225481147233
60047,6,2025-10-01,Office,4,1925.28,664212.71,Available,,344.99538248981963
60062,6,2025-10-01,Apartment,5,1617.43,427168.05,Available,,264.1029596334926
60076,6,2025-10-01,Apartment,7,1075.42,330083.38,Sold,C0061,306.93438842498745
60077,6,2025-10-01,Apartment,7,1075.42,266400.52,Sold,C0177,247.7176544977776
60112,6,2025-10-01,Apartment,9,1194.12,305848.02,Available,,256.1283790573812
60165,6,2025-10-01,Apartment,14,1890.0,559835.83,Sold,C0056,296.20943386243385
60178,6,2025-10-01,Office,16,1687.92,460221.94,Available,,272.65625148111286
60198,6,2025-10-01,Office,19,1542.71,467192.08,Sold,C0714,302.83856330742657
60245,6,2025-10-01,Apartment,25,1086.43,332809.37,Sold,C0879,306.33300810912806
60338,6,2025-10-01,Apartment,37,1721.96,576990.75,Sold,C1970,335.07790541011406
60369,6,2025-10-01,Office,42,1766.89,632201.17,Sold,C0685,357.8044869799478
60402,6,2025-10-01,Apartment,47,550.99,145680.6,Sold,C0756,264.39790195829323
60411,6,2025-10-01,Apartment,50,1579.99,419860.65,Available,,265.7362704827246
60456,6,2025-10-01,Apartment,53,1170.96,300537.15,Available,,256.65876716540276
70005,7,2025-10-01,Apartment,1,759.04,245775.23,Sold,C0615,323.7974678541316
70021,7,2025-10-01,Apartment,5,1144.09,340932.23,Sold,C0441,297.99423996363925
70029,7,2025-10-01,Apartment,5,1144.09,314987.6,Available,,275.31715162268705
70035,7,2025-10-01,Apartment,5,1144.09,335913.42,Available,,293.6075133949252
70121,7,2025-10-01,Apartment,15,602.92,177781.18,Sold,C0083,294.8669475220593
70177,7,2025-10-01,Apartment,20,1160.82,361543.25,Sold,C0525,311.45504901707415
70201,7,2025-10-01,Office,23,1222.69,397235.93,Sold,C0054,324.88687238793153
70310,7,2025-10-01,Apartment,37,1171.04,312306.37,Sold,C0120,266.6914622899303
70325,7,2025-10-01,Office,38,1755.26,413510.38,Sold,C1180,235.58354887595002
70358,7,2025-10-01,Office,41,1093.92,330019.64,Sold,C0115,301.6853517624689
70359,7,2025-10-01,Office,42,702.08,170341.14,Sold,C0585,242.62354717411122
70412,7,2025-10-01,Apartment,48,533.35,136888.93,Sold,C1969,256.65872316490106
70416,7,2025-10-01,Office,49,1383.05,432256.61,Sold,C1110,312.53867177614694
70473,7,2025-10-01,Apartment,55,601.23,203757.78,Available,,338.9015518187715
70493,7,2025-10-01,Apartment,58,1629.83,499403.26,Available,,306.41432542044265
70519,7,2025-10-01,Apartment,60,1219.54,332945.53,Sold,C1944,273.0091099922922
80093,8,2025-10-01,Apartment,10,737.92,243765.37,Available,,330.3411887467476
80138,8,2025-10-01,Apartment,16,424.09,141613.5,Sold,C0067,333.9232238439954
80144,8,2025-10-01,Apartment,17,1109.27,338553.67,Available,,305.20402607119996
80176,8,2025-10-01,Apartment,23,1114.67,306537.19,Sold,C0547,275.00263755192117
80200,8,2025-10-01,Apartment,28,1431.61,471604.55,Available,,329.4225033354056
80216,8,2025-10-01,Apartment,29,1848.51,641122.99,Sold,C0859,346.83230818334766
80220,8,2025-10-01,Apartment,29,1848.51,537255.18,Available,,290.64229027703396
80250,8,2025-10-01,Office,31,1253.18,451028.35,Available,,359.90707639764435
80291,8,2025-10-01,Apartment,34,1684.75,559025.42,Available,,331.8150586140377
80404,8,2025-10-01,Apartment,47,543.08,159068.05,Sold,C0046,292.899849009354
80424,8,2025-10-01,Apartment,48,480.99,154831.75,Available,,321.90222249942826
80425,8,2025-10-01,Apartment,49,1081.0,266060.18,Sold,C1089,246.1241258094357
80435,8,2025-10-01,Office,50,913.15,263718.66,Available,,288.8010294037124
80445,8,2025-10-01,Apartment,53,1891.72,504661.03,Available,,266.77363986213606
90102,9,2025-10-01,Apartment,16,924.6,257664.17,Available,,278.676368159204
90142,9,2025-10-01,Apartment,22,1115.88,313328.75,Available,,280.7907212245044
90143,9,2025-10-01,Office,22,1115.88,344251.82,Sold,C1985,308.5025450765315
90159,9,2025-10-01,Apartment,25,1904.38,571558.04,Sold,C0348,300.128146693412
90200,9,2025-10-01,Office,29,1426.22,514489.27,Sold,C0773,360.7362608854174
90245,9,2025-10-01,Apartment,34,1577.36,436190.63,Sold,C1656,276.5320725769641
90257,9,2025-10-01,Apartment,34,1577.36,407520.59,Sold,C1575,258.3561076735812
90266,9,2025-10-01,Apartment,35,1376.88,424308.42,Sold,C0504,308.16659403869613
90283,9,2025-10-01,Apartment,36,1582.79,479074.37,Sold,C1986,302.6771523701818
90291,9,2025-10-01,Apartment,36,1582.79,536760.46,Available,,339.12297904333485
90301,9,2025-10-01,Apartment,37,731.44,235500.65,Sold,C0633,321.9685141638412
90347,9,2025-10-01,Office,40,1090.32,348371.69,Available,,319.51325298994794
90354,9,2025-10-01,Apartment,41,1488.32,473066.31,Sold,C1287,317.8525518705655
90388,9,2025-10-01,Office,46,662.32,246380.95,Sold,C1230,371.99684442565524
90411,9,2025-10-01,Apartment,52,1126.02,375050.13,Available,,333.0759045132413
90454,9,2025-10-01,Apartment,56,1516.4,436569.79,Sold,C1256,287.8988327618042
90455,9,2025-10-01,Apartment,56,1516.4,460353.21,Sold,C1935,303.5829662358217
90487,9,2025-10-01,Apartment,58,838.34,252742.94,Sold,C0043,301.48023474962423
100070,10,2025-10-01,Apartment,9,1849.4,617512.0,Sold,C0912,333.8985616956851
100186,10,2025-10-01,Office,25,1487.17,492734.29,Available,,331.3234465461245
100228,10,2025-10-01,Apartment,28,1606.58,446713.63,Sold,C0639,278.0525277297116
100236,10,2025-10-01,Apartment,28,1606.58,475442.78,Available,,295.93470602148665
100257,10,2025-10-01,Apartment,30,1559.4,393759.61,Sold,C0359,252.50712453507757
100272,10,2025-10-01,Apartment,31,1499.0,365717.82,Sold,C0522,243.97452968645763
100278,10,2025-10-01,Apartment,32,1661.46,462160.46,Sold,C1734,278.1652642856283
100286,10,2025-10-01,Office,33,1010.7,372884.46,Sold,C1857,368.9368358563372
100321,10,2025-10-01,Apartment,38,476.64,152349.87,Sold,C1933,319.63299345417926
100361,10,2025-10-01,Apartment,43,1093.67,382767.51,Sold,C0402,349.9844651494509
100420,10,2025-10-01,Apartment,50,1138.32,269612.68,Available,,236.85139503830206
100432,10,2025-10-01,Apartment,50,1138.32,391681.55,Sold,C0929,344.0873831611498
110004,11,2025-10-01,Apartment,1,1902.88,557477.28,Available,,292.96502144118386
110039,11,2025-10-01,Apartment,5,1723.2,565819.26,Sold,C1146,328.35379526462395
110051,11,2025-10-01,Apartment,6,1724.08,513716.25,Sold,C1252,297.96543663867106
110078,11,2025-10-01,Apartment,10,1519.64,499960.73,Available,,328.9994538180095
110112,11,2025-10-01,Office,13,474.93,154886.03,Available,,326.1239129977049
110129,11,2025-10-01,Apartment,14,524.68,154333.84,Sold,C0227,294.14850956773654
110161,11,2025-10-01,Apartment,17,1946.06,560190.29,Available,,287.8586939765475
110190,11,2025-10-01,Apartment,21,1389.63,461847.13,Available,,332.3525902578384
110250,11,2025-10-01,Apartment,30,642.72,178108.71,Sold,C0780,277.1171116504854
110257,11,2025-10-01,Apartment,30,642.72,217768.24,Sold,C1206,338.8228777694797
110274,11,2025-10-01,Apartment,33,1632.55,448877.05,Sold,C0892,274.95454963094545
110326,11,2025-10-01,Apartment,38,788.47,263327.86,Available,,333.97321394599663
110400,11,2025-10-01,Apartment,47,1456.74,383057.87,Sold,C0613,262.9555514367698
110416,11,2025-10-01,Office,49,1095.85,305312.51,Sold,C1436,278.6079390427522
110431,11,2025-10-01,Apartment,51,1318.98,430426.11,Sold,C1136,326.3325524268753
110510,11,2025-10-01,Apartment,61,1299.46,400289.0,Available,,308.04257152971235
110512,11,2025-10-01,Apartment,61,1299.46,388520.34,Available,,298.9859941821988
110546,11,2025-10-01,Apartment,63,871.7,259885.32,Sold,C0748,298.1361936446025
110563,11,2025-10-01,Apartment,65,1427.09,453651.73,Sold,C1702,317.88585863540493
120022,12,2025-10-01,Apartment,3,1469.27,480115.6,Sold,C1830,326.7715259959027
120088,12,2025-10-01,Office,12,959.05,304737.72,Sold,C0864,317.74956467337466
120098,12,2025-10-01,Apartment,12,959.05,269450.51,Sold,C0218,280.95564360565146
120110,12,2025-10-01,Apartment,14,1369.96,332581.75,Available,,242.767489561739
120118,12,2025-10-01,Apartment,14,1369.96,421206.38,Sold,C0482,307.4588893106368
120123,12,2025-10-01,Apartment,14,1369.96,393709.76,Available,,287.38777774533565
120139,12,2025-10-01,Apartment,16,1523.02,428682.58,Available,,281.46877913618994
120140,12,2025-10-01,Apartment,16,1523.02,414436.72,Available,,272.11508712951894
120212,12,2025-10-01,Apartment,23,1094.46,338457.73,Available,,309.246322387296
120214,12,2025-10-01,Apartment,24,1306.75,349696.41,Available,,267.60773675148266
120220,12,2025-10-01,Apartment,24,1306.75,452121.47,Sold,C0133,345.98926343983163
120247,12,2025-10-01,Apartment,27,871.52,276613.41,Available,,317.39192445382776
120258,12,2025-10-01,Office,27,871.52,231712.38,Sold,C0142,265.8715577382045
120336,12,2025-10-01,Apartment,36,813.16,260144.68,Sold,C0003,319.91819568104677
120339,12,2025-10-01,Apartment,37,1681.78,536786.13,Sold,C0674,319.1773775404631
120393,12,2025-10-01,Apartment,45,1898.75,650710.38,Sold,C0567,342.7046109282423
130025,13,2025-10-01,Apartment,2,1651.02,552484.63,Available,,334.6323060895689
130045,13,2025-10-01,Apartment,4,1629.74,554713.49,Sold,C1004,340.3693165781045
130055,13,2025-10-01,Apartment,5,441.3,129127.59,Available,,292.60727396329025
130071,13,2025-10-01,Apartment,8,1449.43,384925.51,Sold,C1266,265.57026555266555
130097,13,2025-10-01,Apartment,11,1678.3,554107.09,Sold,C1893,330.15973902162904
130109,13,2025-10-01,Apartment,13,585.77,159232.31,Sold,C1824,271.8341840654182
130149,13,2025-10-01,Apartment,17,1278.95,328669.66,Sold,C0177,256.9839790453106
130193,13,2025-10-01,Office,21,1680.5,610193.44,Sold,C1476,363.10231478726564
130197,13,2025-10-01,Apartment,22,1811.36,525721.08,Sold,C0086,290.23555781291407
130288,13,2025-10-01,Office,32,1114.07,357615.84,Sold,C1670,320.9994345059108
130307,13,2025-10-01,Apartment,33,1445.84,457810.49,Sold,C1211,316.63980108449067
130361,13,2025-10-01,Office,40,571.5,230574.3,Available,,403.454593175853
130364,13,2025-10-01,Apartment,40,571.5,193173.23,Sold,C0962,338.01090113735785
130387,13,2025-10-01,Apartment,43,1875.83,510253.9,Sold,C1087,272.01500135939824
130395,13,2025-10-01,Apartment,44,470.06,158566.14,Available,,337.331702335872
130406,13,2025-10-01,Apartment,45,986.91,345185.95,Sold,C0198,349.7643655449839
130417,13,2025-10-01,Office,47,1874.35,647138.13,Sold,C0647,345.26002614239604
130428,13,2025-10-01,Apartment,47,1874.35,565118.87,Sold,C0840,301.50125110038147
130439,13,2025-10-01,Apartment,48,1728.84,416215.94,Sold,C1831,240.74867541241528
130452,13,2025-10-01,Apartment,50,1469.09,418942.17,Available,,285.17120802673765
130460,13,2025-10-01,Apartment,53,968.77,281662.24,Sold,C0473,290.7421162917927
130467,13,2025-10-01,Apartment,53,968.77,308824.33,Sold,C1482,318.77982390040984
130545,13,2025-10-01,Apartment,63,1623.8,512052.93,Sold,C0217,315.34236359157535
130548,13,2025-10-01,Office,63,1623.8,465022.35,Available,,286.3790799359527
130557,13,2025-10-01,Apartment,64,792.66,177430.54,Available,,223.841924658744
130575,13,2025-10-01,Apartment,67,524.97,147823.33,Sold,C0464,281.5843381526563
130593,13,2025-10-01,Apartment,69,736.95,249402.29,Available,,338.42498134201776
140049,14,2025-10-01,Apartment,8,618.89,169315.54,Sold,C0697,273.57937597957635
140054,14,2025-10-01,Office,8,618.89,217668.0,Sold,C1457,351.7070884971481
140069,14,2025-10-01,Apartment,9,803.5,279354.07,Sold,C1920,347.6715245799627
140131,14,2025-10-01,Apartment,14,1628.68,505173.86,Sold,C1989,310.1737971854508
140132,14,2025-10-01,Apartment,14,1628.68,518104.03,Sold,C1154,318.1128459857062
140134,14,2025-10-01,Apartment,14,1628.68,452942.38,Available,,278.1039737701697
140194,14,2025-10-01,Office,22,1148.66,324682.0,Sold,C0211,282.6615360507025
140235,14,2025-10-01,Office,25,586.85,169562.88,Sold,C1798,288.93734344381016
140236,14,2025-10-01,Apartment,26,1190.87,386974.11,Sold,C0771,324.9507586890257
140242,14,2025-10-01,Apartment,27,1866.49,454295.52,Available,,243.39563565837483
140287,14,2025-10-01,Apartment,33,1894.96,588224.19,Sold,C1423,310.4150958331574
140291,14,2025-10-01,Apartment,33,1894.96,582007.3,Available,,307.13434584371174
140327,14,2025-10-01,Apartment,38,1170.11,273024.8,Available,,233.33259266222834
140332,14,2025-10-01,Apartment,39,1811.84,536812.04,Sold,C0092,296.2800468032498
140361,14,2025-10-01,Apartment,43,520.49,163915.34,Sold,C0866,314.92505139387885
140364,14,2025-10-01,Apartment,44,840.77,246954.87,Sold,C1855,293.7246452656494
140384,14,2025-10-01,Apartment,47,917.53,287593.83,Sold,C1579,313.4435168332371
140393,14,2025-10-01,Apartment,47,917.53,315690.21,Sold,C0328,344.06527307009037
140405,14,2025-10-01,Apartment,49,1231.75,323757.32,Available,,262.8433691901766
140440,14,2025-10-01,Apartment,52,571.74,161481.48,Available,,282.4386609297933
150053,15,2025-10-01,Apartment,9,565.48,155811.47,Sold,C1323,275.5384275305935
150063,15,2025-10-01,Apartment,9,565.48,171784.49,Available,,303.7852620782344
150089,15,2025-10-01,Apartment,14,1832.17,578866.18,Sold,C0598,315.94567098031297
150095,15,2025-10-01,Office,15,522.71,165771.56,Available,,317.13868110424517
150130,15,2025-10-01,Apartment,17,562.64,164204.09,Sold,C0963,291.8457450590075
150249,15,2025-10-01,Apartment,30,1523.22,476537.31,Sold,C0736,312.84864300626305
150315,15,2025-10-01,Apartment,36,1424.81,382995.0,Available,,268.8042616208477
150331,15,2025-10-01,Apartment,38,585.57,172889.19,Sold,C0116,295.24939802243966
150334,15,2025-10-01,Apartment,39,1713.42,504362.44,Sold,C0408,294.36007517129485
150337,15,2025-10-01,Apartment,39,1713.42,605272.25,Sold,C0862,353.25387237221463
150350,15,2025-10-01,Apartment,42,1298.37,520647.76,Sold,C0386,401.0010705731032
150353,15,2025-10-01,Apartment,42,1298.37,334658.48,Sold,C0030,257.7527823347736
150360,15,2025-10-01,Apartment,43,1655.05,508654.74,Available,,307.33496873206246
150418,15,2025-10-01,Apartment,52,829.2,231633.55,Available,,279.3458152436083
150520,15,2025-10-01,Apartment,60,1033.2,288427.44,Sold,C1137,279.1593495934959
160049,16,2025-10-01,Office,6,1062.34,297202.96,Sold,C0194,279.76256189167316
160052,16,2025-10-01,Apartment,7,941.57,296837.59,Sold,C0922,315.2581220727084
160067,16,2025-10-01,Apartment,8,986.18,280293.38,Sold,C1127,284.22131862337505
160097,16,2025-10-01,Office,11,1288.42,366009.11,Sold,C1921,284.07593020909326
160100,16,2025-10-01,Apartment,11,1288.42,410663.51,Sold,C0941,318.7341938187858
160116,16,2025-10-01,Office,12,549.98,159995.77,Sold,C0169,290.91197861740426
160135,16,2025-10-01,Apartment,16,1451.17,454823.84,Sold,C0520,313.4187173108595
160171,16,2025-10-01,Apartment,21,837.95,248737.57,Sold,C0946,296.8405871472045
160185,16,2025-10-01,Apartment,23,594.14,172502.97,Sold,C1614,290.3406099572491
160193,16,2025-10-01,Apartment,23,594.14,150326.78,Sold,C1281,253.01575386272597
160212,16,2025-10-01,Apartment,26,1458.08,404054.56,Sold,C0629,277.11412268188303
160215,16,2025-10-01,Apartment,26,1458.08,486734.54,Available,,333.8188165258422
160253,16,2025-10-01,Apartment,29,489.49,151928.96,Available,,310.3821528529694
160264,16,2025-10-01,Apartment,31,1336.97,424676.81,Sold,C1441,317.64124101513124
160289,16,2025-10-01,Apartment,34,743.19,229781.3,Sold,C1343,309.18244325138926
160300,16,2025-10-01,Apartment,35,629.97,188562.02,Available,,299.3190469387431
160303,16,2025-10-01,Apartment,35,629.97,185979.89,Available,,295.2202327094941
160334,16,2025-10-01,Apartment,40,688.81,222496.16,Sold,C0127,323.01528723450593
170026,17,2025-10-01,Apartment,2,1738.5,542001.16,Sold,C1803,311.76368133448375
170069,17,2025-10-01,Apartment,9,1505.53,431674.94,Sold,C1998,286.72622930130916
170096,17,2025-10-01,Apartment,11,596.22,179694.61,Sold,C0465,301.3897722317265
170162,17,2025-10-01,Apartment,17,1827.25,527772.89,Available,,288.8345272951156
170219,17,2025-10-01,Apartment,26,929.59,257546.1,Sold,C1040,277.0534321582633
170234,17,2025-10-01,Apartment,27,677.24,174630.68,Sold,C0921,257.85641722284566
170355,17,2025-10-01,Apartment,46,1582.61,456081.83,Available,,288.18333638736016
170392,17,2025-10-01,Apartment,48,1833.96,601201.34,Sold,C0795,327.8159501843006
170405,17,2025-10-01,Apartment,48,1833.96,538317.81,Available,,293.52756330563375
170407,17,2025-10-01,Apartment,48,1833.96,563558.93,Sold,C1745,307.2907424371306
170437,17,2025-10-01,Apartment,51,1375.52,404608.18,Sold,C0022,294.149252646272
180063,18,2025-10-01,Apartment,7,505.94,152268.3,Sold,C0564,300.9611811677274
180145,18,2025-10-01,Apartment,19,1268.1,381039.09,Sold,C0176,300.4803170096996
180160,18,2025-10-01,Apartment,21,1790.69,476904.44,Sold,C0843,266.3244000915848
180200,18,2025-10-01,Apartment,26,1147.71,354247.08,Sold,C1305,308.6555663015919
180228,18,2025-10-01,Office,29,578.36,183675.08,Sold,C1907,317.57915485164943
180265,18,2025-10-01,Apartment,31,945.46,308632.27,Available,,326.43609459945424
180273,18,2025-10-01,Office,32,1512.9,432544.27,Sold,C1733,285.9040716504726
180286,18,2025-10-01,Apartment,35,799.05,235606.44,Sold,C0260,294.8581941055003
180300,18,2025-10-01,Office,36,1089.77,352286.02,Available,,323.26639566146986
180308,18,2025-10-01,Apartment,36,1089.77,334296.35,Sold,C0688,306.75862796736925
180320,18,2025-10-01,Apartment,37,1092.32,281773.47,Available,,257.95872088765196
180385,18,2025-10-01,Apartment,43,937.7,322557.06,Sold,C1904,343.98748000426576
180435,18,2025-10-01,Office,49,1457.92,445807.43,Sold,C1893,305.7831911215979
180441,18,2025-10-01,Apartment,49,1457.92,454071.94,Sold,C0383,311.4518903643547
180513,18,2025-10-01,Apartment,57,636.39,196039.1,Sold,C0041,308.0486808403652
190027,19,2025-10-01,Apartment,5,1408.42,482067.87,Sold,C0037,342.2756493091549
190033,19,2025-10-01,Apartment,6,1067.81,300952.93,Sold,C0596,281.8412732602242
190071,19,2025-10-01,Apartment,10,747.71,225336.63,Sold,C1634,301.3690200746279
190107,19,2025-10-01,Apartment,15,538.06,142150.33,Sold,C1811,264.19048061554474
190110,19,2025-10-01,Apartment,15,538.06,155403.48,Available,,288.8218414303238
190116,19,2025-10-01,Apartment,16,1711.98,506115.59,Sold,C1263,295.631718828491
190149,19,2025-10-01,Apartment,19,1697.73,502330.57,Sold,C0580,295.88366230201507
190153,19,2025-10-01,Apartment,19,1697.73,493386.88,Available,,290.61563381692025
190166,19,2025-10-01,Apartment,21,477.75,135540.98,Sold,C1951,283.70691784406074
190271,19,2025-10-01,Apartment,31,1089.64,301120.3,Available,,276.3484270034139
190275,19,2025-10-01,Apartment,32,1048.61,342021.93,Sold,C1676,326.1669543490907
190276,19,2025-10-01,Apartment,32,1048.61,327116.73,Sold,C0217,311.95270882406237
190301,19,2025-10-01,Apartment,36,855.94,245493.58,Sold,C1654,286.81166904222255
190307,19,2025-10-01,Apartment,37,1565.26,531754.05,Sold,C1298,339.72250616510996
190321,19,2025-10-01,Apartment,39,1237.04,341413.93,Sold,C1718,275.9926356463817
190342,19,2025-10-01,Apartment,40,893.49,232412.79,Available,,260.11795319477557
190395,19,2025-10-01,Apartment,44,982.8,290049.44,Sold,C1308,295.1256003256003
190418,19,2025-10-01,Office,48,851.11,261753.92,Available,,307.54417172868375
190424,19,2025-10-01,Apartment,49,1004.26,297694.12,Sold,C0047,296.4313225658694
200076,20,2025-10-01,Apartment,10,1714.22,377128.4,Sold,C1950,220.0
200135,20,2025-10-01,Apartment,17,1089.33,318346.14,Sold,C0141,292.2403128528545
200224,20,2025-10-01,Apartment,27,993.62,292047.4,Sold,C0143,293.92262635615225
200268,20,2025-10-01,Apartment,31,1414.44,460529.82,Sold,C1794,325.59162636803256
200304,20,2025-10-01,Office,33,630.53,182434.9,Sold,C0694,289.33579686930045
200363,20,2025-10-01,Apartment,40,428.03,131473.18,Sold,C0721,307.15879728056444
200368,20,2025-10-01,Apartment,40,428.03,106223.34,Available,,248.16797887998504
200378,20,2025-10-01,Apartment,41,541.22,163235.17,Sold,C0898,301.6059458260966
200407,20,2025-10-01,Apartment,46,1227.49,393941.16,Sold,C1591,320.9322764340239
200416,20,2025-10-01,Apartment,48,860.8,321775.28,Available,,373.8095724907064
200435,20,2025-10-01,Office,49,880.76,244772.31,Sold,C1901,277.91033879831053
200437,20,2025-10-01,Office,49,880.76,220783.13,Sold,C1406,250.6734297652028
200441,20,2025-10-01,Apartment,49,880.76,200706.98,Sold,C0767,227.87930877878196
200455,20,2025-10-01,Apartment,51,1062.33,325473.28,Sold,C0451,306.3768132312935
200497,20,2025-10-01,Apartment,57,445.15,131628.47,Sold,C0210,295.6946422554195
2021,2,2025-11-01,Apartment,21,785.48,217748.48,Sold,C0007,277.2170901868921
3005,3,2025-11-01,Apartment,5,781.07,258015.61,Sold,C0138,330.33609023519017
5043,5,2025-11-01,Apartment,43,598.58,175773.59,Available,,293.6509572655284
5044,5,2025-11-01,Apartment,44,1238.58,322610.74,Available,,260.4682297469683
10040,1,2025-11-01,Apartment,5,753.87,255451.33,Available,,338.85329035510097
10103,1,2025-11-01,Apartment,13,719.47,256265.53,Sold,C0351,356.18654009201214
10135,1,2025-11-01,Office,17,608.25,183058.38,Sold,C0444,300.9591122071517
10161,1,2025-11-01,Office,20,1146.24,366393.76,Sold,C1894,319.6483807928532
10171,1,2025-11-01,Office,22,740.83,247904.66,Sold,C1674,334.6309679683598
10180,1,2025-11-01,Office,22,740.83,207582.07,Sold,C1477,280.2020301553663
10238,1,2025-11-01,Office,27,725.12,219709.14,Sold,C1966,302.99693843777584
10244,1,2025-11-01,Apartment,29,757.2,207676.96,Sold,C1183,274.26962493396724
10283,1,2025-11-01,Apartment,30,753.29,219138.43,Sold,C0681,290.9084549111232
10305,1,2025-11-01,Office,32,800.77,272567.73,Available,,340.38204478189743
10310,1,2025-11-01,Apartment,33,827.74,284008.39,Sold,C0724,343.1130427428903
10320,1,2025-11-01,Apartment,34,1469.14,514431.17,Available,,350.15803122915446
10328,1,2025-11-01,Apartment,35,1168.59,374729.63,Sold,C1196,320.66818131252194
10330,1,2025-11-01,Apartment,35,1168.59,338658.3,Sold,C0177,289.80078556208764
10336,1,2025-11-01,Apartment,36,613.59,195068.84,Sold,C1529,317.91398164898385
10338,1,2025-11-01,Apartment,36,613.59,178955.35,Sold,C1483,291.65297674342804
10360,1,2025-11-01,Apartment,39,742.93,226371.81,Sold,C1795,304.701398516684
10374,1,2025-11-01,Apartment,41,835.25,227751.55,Sold,C1474,272.6747081712062
20001,2,2025-11-01,Apartment,1,706.3,262842.09,Sold,C0623,372.13944499504464
20017,2,2025-11-01,Apartment,2,788.72,233220.13,Available,,295.6944543057105
20021,2,2025-11-01,Office,3,645.84,229427.6,Sold,C1110,355.23906849993807
20055,2,2025-11-01,Apartment,6,967.84,302858.56,Sold,C0267,312.92213589022975
20085,2,2025-11-01,Apartment,10,788.79,234972.82,Sold,C1046,297.8902115899036
20103,2,2025-11-01,Apartment,11,1625.05,443635.55,Sold,C1610,272.99809236638873
20180,2,2025-11-01,Office,20,727.55,216508.73,Available,,297.58604906879253
20217,2,2025-11-01,Office,24,785.12,231620.61,Sold,C1751,295.0130043814958
20253,2,2025-11-01,Apartment,28,650.67,225279.1,Sold,C1836,346.22635129942984
20277,2,2025-11-01,Office,33,931.4,294176.92,Available,,315.843805024694
20294,2,2025-11-01,Apartment,35,1391.68,415639.7,Sold,C1411,298.66039606806163
20319,2,2025-11-01,Apartment,37,780.46,239437.46,Available,,306.7901750249852
20414,2,2025-11-01,Apartment,47,708.32,229657.95,Sold,C0942,324.2290913711317
20491,2,2025-11-01,Apartment,57,789.52,233326.12,Available,,295.52908096058366
20494,2,2025-11-01,Apartment,57,789.52,201052.0,Sold,C1687,254.65092714560745
30006,3,2025-11-01,Apartment,1,689.75,198664.15,Available,,288.02341428053643
30029,3,2025-11-01,Apartment,4,719.96,199587.11,Available,,277.21972054003
30036,3,2025-11-01,Apartment,4,719.96,246487.05,Sold,C0757,342.36214511917325
30108,3,2025-11-01,Office,10,784.09,267258.6,Sold,C0306,340.8519430167455
30109,3,2025-11-01,Apartment,10,784.09,212968.31,Sold,C0414,271.61207259370735
30121,3,2025-11-01,Office,11,1283.1,286088.15,Sold,C0275,222.96637050892375
30131,3,2025-11-01,Office,12,657.47,193765.86,Available,,294.7143748003711
30180,3,2025-11-01,Apartment,20,802.97,233194.73,Available,,290.4152458995977
30204,3,2025-11-01,Apartment,22,1165.89,400605.15,Sold,C1044,343.6045853382395
30227,3,2025-11-01,Apartment,26,923.9,286765.45,Available,,310.38581015261394
30233,3,2025-11-01,Apartment,27,1117.14,356949.82,Sold,C0781,319.5211164222926
30254,3,2025-11-01,Apartment,28,679.93,219865.93,Sold,C0466,323.3655376288736
30259,3,2025-11-01,Apartment,28,679.93,203901.13,Available,,299.8854735046255
30277,3,2025-11-01,Office,31,915.38,223789.27,Available,,244.47690576591143
30392,3,2025-11-01,Apartment,48,783.39,198403.3,Sold,C0842,253.2624873945289
30411,3,2025-11-01,Apartment,49,1174.48,351976.66,Sold,C1937,299.6872317961991
30442,3,2025-11-01,Apartment,51,693.85,197773.53,Available,,285.037875621532
30453,3,2025-11-01,Apartment,52,1361.9,311382.6,Sold,C1643,228.63837286144354
30469,3,2025-11-01,Apartment,56,1179.42,363347.59,Available,,308.0731122076953
40017,4,2025-11-01,Apartment,2,1620.07,452617.95,Sold,C1070,279.3817242464832
40035,4,2025-11-01,Apartment,4,783.03,252558.84,Available,,322.5404390636374
40082,4,2025-11-01,Apartment,10,1614.62,523968.19,Sold,C1150,324.51486417856836
40090,4,2025-11-01,Apartment,12,789.38,233668.32,Sold,C0340,296.0149991132281
40112,4,2025-11-01,Apartment,14,1322.66,403269.79,Sold,C0579,304.8930110534831
40120,4,2025-11-01,Office,14,1322.66,335954.58,Available,,253.9991985846703
40189,4,2025-11-01,Apartment,23,1110.99,303764.63,Available,,273.4179695586819
40194,4,2025-11-01,Apartment,24,786.05,198985.13,Available,,253.14563959035686
40198,4,2025-11-01,Office,25,1310.16,357740.08,Sold,C1068,273.05068083287534
40199,4,2025-11-01,Apartment,25,1310.16,355330.61,Sold,C0019,271.2116153752213
40202,4,2025-11-01,Apartment,25,1310.16,424125.21,Sold,C0733,323.72016394944126
40301,4,2025-11-01,Apartment,35,777.82,204368.26,Sold,C1949,262.7449281324728
40326,4,2025-11-01,Apartment,39,743.73,242986.99,Sold,C1818,326.7139822247321
40338,4,2025-11-01,Apartment,40,780.74,198594.76,Sold,C0639,254.367343802034
40344,4,2025-11-01,Apartment,41,779.87,231182.8,Sold,C0087,296.4376113967712
40362,4,2025-11-01,Apartment,43,1616.99,472001.11,Available,,291.90106927068194
40412,4,2025-11-01,Apartment,48,1621.39,410763.17,Sold,C0556,253.34014025003236
50003,5,2025-11-01,Apartment,1,790.55,249655.07,Sold,C0797,315.7992157358801
50006,5,2025-11-01,Apartment,2,795.91,246134.92,Sold,C0132,309.24968903519243
50044,5,2025-11-01,Apartment,8,782.15,266828.76,Available,,341.14781052227835
50054,5,2025-11-01,Apartment,9,793.56,231833.39,Sold,C1738,292.14349261555526
50055,5,2025-11-01,Apartment,9,793.56,227850.26,Sold,C0263,287.1241746055749
50091,5,2025-11-01,Apartment,11,1058.56,338810.07,Sold,C1383,320.06694944074974
50183,5,2025-11-01,Apartment,23,1006.65,317911.69,Sold,C1054,315.8115432374708
50224,5,2025-11-01,Apartment,30,794.93,248865.6,Available,,313.0660561307285
50244,5,2025-11-01,Apartment,32,1051.39,280556.27,Available,,266.8431980521024
50261,5,2025-11-01,Apartment,34,802.33,227403.75,Sold,C0085,283.4291999551307
50286,5,2025-11-01,Apartment,37,1790.7,481169.93,Available,,268.7049366169654
50310,5,2025-11-01,Apartment,41,630.83,175215.94,Sold,C0404,277.754609007181
50315,5,2025-11-01,Office,41,630.83,163897.5,Available,,259.81246928649557
50349,5,2025-11-01,Apartment,44,806.03,244970.45,Sold,C0044,303.9222485515428
50360,5,2025-11-01,Apartment,44,806.03,253742.21,Sold,C1606,314.8049204123916
50415,5,2025-11-01,Apartment,48,788.04,242719.06,Sold,C1297,308.0034769808639
50428,5,2025-11-01,Apartment,50,1261.07,368537.37,Available,,292.241802596208
50441,5,2025-11-01,Office,52,1755.18,598861.96,Available,,341.196891486913
60018,6,2025-11-01,Apartment,1,1720.95,497030.07,Sold,C0624,288.81145297655365
60059,6,2025-11-01,Apartment,5,1617.43,392959.84,Available,,242.95322826953873
60113,6,2025-11-01,Apartment,9,1194.12,409698.72,Available,,343.0967741935484
60118,6,2025-11-01,Apartment,10,942.08,320955.37,Available,,340.6880201256793
60126,6,2025-11-01,Apartment,10,942.08,252203.89,Sold,C1417,267.70963187839675
60195,6,2025-11-01,Office,19,1542.71,484844.4,Sold,C0748,314.28097309280423
60222,6,2025-11-01,Apartment,20,1897.17,676167.22,Sold,C1876,356.40834506132813
60244,6,2025-11-01,Apartment,25,1086.43,352321.38,Sold,C0129,324.29275701149635
60291,6,2025-11-01,Office,32,793.11,276330.88,Sold,C0658,348.41431831650084
60294,6,2025-11-01,Apartment,33,1131.0,326577.18,Sold,C1796,288.7508222811671
60313,6,2025-11-01,Apartment,34,1353.81,386941.83,Sold,C0549,285.8169388614355
60336,6,2025-11-01,Apartment,37,1721.96,541782.12,Sold,C0372,314.6310715696067
60438,6,2025-11-01,Apartment,51,1476.63,445059.31,Sold,C0347,301.4020506152523
60447,6,2025-11-01,Apartment,53,1170.96,381525.18,Sold,C0560,325.8225558516089
70004,7,2025-11-01,Apartment,1,759.04,210532.52,Sold,C0602,277.36683178752105
70011,7,2025-11-01,Apartment,3,888.5,252997.81,Sold,C0209,284.7471131119865
70036,7,2025-11-01,Apartment,6,1232.31,370506.46,Sold,C0896,300.6601098749503
70044,7,2025-11-01,Apartment,7,1071.02,284779.42,Available,,265.8955201583537
70049,7,2025-11-01,Apartment,8,1561.28,381856.69,Sold,C0680,244.57924907767986
70056,7,2025-11-01,Apartment,9,926.11,245007.73,Sold,C0844,264.55575471596245
70087,7,2025-11-01,Apartment,12,804.65,260656.65,Sold,C1351,323.9379233206984
70119,7,2025-11-01,Apartment,15,602.92,185296.54,Sold,C1711,307.33188482717446
70143,7,2025-11-01,Apartment,17,1586.15,470683.64,Sold,C0959,296.74598241023864
70232,7,2025-11-01,Apartment,26,717.0,181046.17,Available,,252.50511854951188
70246,7,2025-11-01,Apartment,27,768.05,200961.24,Sold,C1113,261.6512466636287
70323,7,2025-11-01,Apartment,38,1755.26,492569.41,Sold,C1682,280.62475644633844
70366,7,2025-11-01,Office,43,498.61,173467.51,Sold,C0659,347.9021880828704
70388,7,2025-11-01,Apartment,44,1859.83,579256.81,Available,,311.4568589602276
70392,7,2025-11-01,Office,45,1150.93,337914.19,Sold,C0857,293.6009922410572
70393,7,2025-11-01,Apartment,45,1150.93,382612.66,Sold,C0849,332.43781985003426
70397,7,2025-11-01,Apartment,45,1150.93,338690.28,Sold,C1484,294.2753077945661
70427,7,2025-11-01,Apartment,50,502.02,155945.89,Sold,C1838,310.63680729851404
70445,7,2025-11-01,Apartment,52,1281.14,349648.17,Sold,C1725,272.9195638259675
70455,7,2025-11-01,Apartment,54,1940.69,480664.14,Sold,C0429,247.6769293395648
70459,7,2025-11-01,Apartment,54,1940.69,556524.23,Sold,C1841,286.76616564211696
70480,7,2025-11-01,Apartment,56,1589.6,543124.84,Available,,341.6739053850025
70495,7,2025-11-01,Apartment,58,1629.83,439175.81,Sold,C0855,269.4611155764712
80127,8,2025-11-01,Apartment,15,534.85,146489.27,Available,,273.8885107974198
80229,8,2025-11-01,Apartment,30,1070.46,312199.71,Available,,291.65004764306934
80230,8,2025-11-01,Apartment,30,1070.46,356415.65,Sold,C0356,332.95559852773573
80256,8,2025-11-01,Apartment,31,1253.18,368476.78,Sold,C0775,294.0334030227102
80317,8,2025-11-01,Apartment,37,890.65,282190.81,Available,,316.83692808622914
80319,8,2025-11-01,Office,37,890.65,259033.69,Sold,C0302,290.8366810756189
80320,8,2025-11-01,Apartment,37,890.65,303140.71,Available,,340.3589625554371
80385,8,2025-11-01,Apartment,46,1175.51,320650.8,Available,,272.77590152359403
80415,8,2025-11-01,Apartment,47,543.08,162276.59,Sold,C0888,298.80789202327463
80444,8,2025-11-01,Apartment,52,559.73,181961.7,Available,,325.0883461669019
80497,8,2025-11-01,Apartment,57,1949.35,611950.16,Available,,313.925236617334
90013,9,2025-11-01,Apartment,2,481.55,142741.31,Sold,C0939,296.42053784653723
90028,9,2025-11-01,Apartment,6,1821.59,664971.32,Sold,C0304,365.0499398876805
90032,9,2025-11-01,Apartment,7,697.68,235108.59,Sold,C0275,336.98628310973515
90064,9,2025-11-01,Apartment,11,559.6,163278.2,Sold,C1399,291.77662616154396
90123,9,2025-11-01,Office,18,860.97,312329.1,Available,,362.76420781211885
90209,9,2025-11-01,Apartment,30,1250.17,404942.23,Sold,C1945,323.90973227641035
90239,9,2025-11-01,Apartment,34,1577.36,566466.92,Sold,C0541,359.12342141299393
90248,9,2025-11-01,Apartment,34,1577.36,517404.2,Sold,C1171,328.0190951970381
90256,9,2025-11-01,Apartment,34,1577.36,453005.17,Available,,287.1919980220115
90309,9,2025-11-01,Office,38,1260.31,479460.4,Sold,C0271,380.43052899683414
90327,9,2025-11-01,Apartment,39,1839.34,563581.06,Sold,C1214,306.40396011612864
90410,9,2025-11-01,Apartment,52,1126.02,289362.88,Available,,256.9784550896077
90431,9,2025-11-01,Apartment,54,1693.18,507727.45,Available,,299.8661985140387
90438,9,2025-11-01,Apartment,56,1516.4,485182.7,Sold,C0811,319.95693748351357
90489,9,2025-11-01,Apartment,58,838.34,269593.82,Sold,C0736,321.5805281866546
90533,9,2025-11-01,Apartment,62,1263.44,375639.73,Available,,297.31505255492937
100042,10,2025-11-01,Apartment,5,1741.96,487397.65,Sold,C1627,279.79841672598684
100171,10,2025-11-01,Apartment,22,1116.68,349536.03,Sold,C0096,313.0136028226529
100197,10,2025-11-01,Apartment,26,1294.85,358050.18,Sold,C0416,276.5186546704252
100199,10,2025-11-01,Apartment,26,1294.85,411006.55,Available,,317.41634166119627
100227,10,2025-11-01,Apartment,28,1606.58,370439.82,Sold,C1629,230.57664106362586
100237,10,2025-11-01,Apartment,28,1606.58,492594.19,Sold,C1735,306.61043334287746
100248,10,2025-11-01,Apartment,30,1559.4,472764.91,Sold,C1492,303.1710337309221
100265,10,2025-11-01,Apartment,31,1499.0,517225.72,Sold,C0490,345.0471781187458
100343,10,2025-11-01,Office,41,1750.64,618969.17,Available,,353.56736393547504
100368,10,2025-11-01,Apartment,43,1093.67,319736.59,Sold,C0673,292.3519800305394
100400,10,2025-11-01,Apartment,46,1525.34,427855.21,Available,,280.49825612650295
100409,10,2025-11-01,Apartment,48,1421.82,433353.3,Sold,C0689,304.7877368443263
110066,11,2025-11-01,Apartment,8,1001.41,302352.69,Available,,301.92697296811497
110096,11,2025-11-01,Apartment,10,1519.64,498329.2,Sold,C1915,327.92582453739044
110143,11,2025-11-01,Office,14,524.68,185648.15,Available,,353.8311923458108
110158,11,2025-11-01,Apartment,16,1829.02,555271.92,Sold,C0052,303.58985686323825
110187,11,2025-11-01,Apartment,20,570.62,139343.87,Sold,C0540,244.1973116960499
110207,11,2025-11-01,Apartment,24,1481.82,483310.62,Sold,C1599,326.1601409078026
110405,11,2025-11-01,Apartment,48,661.7,187373.72,Sold,C1141,283.1701979749131
110409,11,2025-11-01,Apartment,49,1095.85,320280.83,Sold,C0802,292.2670347219054
110421,11,2025-11-01,Apartment,50,948.72,324597.29,Available,,342.14234969221684
110474,11,2025-11-01,Apartment,56,724.8,254744.91,Available,,351.46924668874175
110476,11,2025-11-01,Apartment,56,724.8,198493.91,Sold,C1360,273.8602511037528
110480,11,2025-11-01,Apartment,57,1008.58,293155.68,Sold,C1424,290.66180174106165
110536,11,2025-11-01,Apartment,62,1938.82,584274.59,Available,,301.35576794132515
120010,12,2025-11-01,Apartment,1,839.95,270210.04,Sold,C1269,321.6977677242693
120033,12,2025-11-01,Apartment,3,1469.27,461277.4,Sold,C0873,313.95005683094325
120069,12,2025-11-01,Apartment,8,1803.36,532123.09,Sold,C1027,295.0731357022447
120076,12,2025-11-01,Office,9,857.88,279331.2,Sold,C0716,325.60637851447757
120101,12,2025-11-01,Apartment,13,1394.03,367948.15,Sold,C0643,263.94564679382796
120105,12,2025-11-01,Office,13,1394.03,428024.76,Sold,C1563,307.0412831861581
120114,12,2025-11-01,Apartment,14,1369.96,408970.7,Sold,C1288,298.52747525475195
120135,12,2025-11-01,Office,16,1523.02,531861.15,Sold,C1970,349.2148166143583
120168,12,2025-11-01,Apartment,19,1381.22,404116.85,Sold,C0657,292.5796397387816
120176,12,2025-11-01,Apartment,19,1381.22,438017.28,Sold,C1513,317.1234705550166
120178,12,2025-11-01,Apartment,20,1802.21,589821.06,Sold,C1155,327.27654379900235
120216,12,2025-11-01,Apartment,24,1306.75,342014.82,Available,,261.72934379185
120305,12,2025-11-01,Apartment,34,1817.64,581530.71,Sold,C1188,319.9372317950749
120330,12,2025-11-01,Apartment,35,1690.62,522782.23,Available,,309.22515408548344
120380,12,2025-11-01,Apartment,41,938.23,301777.57,Sold,C0625,321.645619943937
130009,13,2025-11-01,Apartment,1,1899.92,585383.34,Sold,C1039,308.10946776706385
130019,13,2025-11-01,Apartment,1,1899.92,528447.33,Sold,C0525,278.14188492147036
130053,13,2025-11-01,Apartment,5,441.3,140473.8,Available,,318.318150917743
130101,13,2025-11-01,Apartment,11,1678.3,492219.36,Available,,293.28449025799915
130119,13,2025-11-01,Apartment,14,777.75,263800.27,Sold,C1192,339.18388942462235
130120,13,2025-11-01,Apartment,14,777.75,232415.12,Sold,C1122,298.830112504018
130127,13,2025-11-01,Apartment,15,458.29,133001.94,Sold,C0069,290.2134892753497
130206,13,2025-11-01,Apartment,24,1044.69,318399.49,Sold,C0115,304.77892006241086
130233,13,2025-11-01,Apartment,27,885.68,275412.14,Sold,C1428,310.9612275313883
130259,13,2025-11-01,Apartment,30,1777.51,517851.19,Available,,291.33517673599584
130283,13,2025-11-01,Apartment,32,1114.07,307088.64,Sold,C1571,275.64573141723594
130292,13,2025-11-01,Apartment,33,1445.84,349555.66,Sold,C0596,241.76648868477838
130306,13,2025-11-01,Apartment,33,1445.84,502977.76,Available,,347.8792674154817
130311,13,2025-11-01,Apartment,34,1557.0,442471.98,Sold,C0739,284.18238921001927
130335,13,2025-11-01,Apartment,37,1555.67,498455.15,Sold,C1632,320.41188041165543
130408,13,2025-11-01,Apartment,46,1098.38,301584.36,Available,,274.57196962799753
130486,13,2025-11-01,Apartment,56,606.9,209460.48,Sold,C1751,345.1317844784973
130524,13,2025-11-01,Apartment,60,1401.81,400639.2,Sold,C1328,285.8013568172577
130570,13,2025-11-01,Apartment,67,524.97,182365.75,Sold,C1654,347.3831838009791
130586,13,2025-11-01,Apartment,68,1590.69,456114.67,Sold,C0163,286.740137927566
140017,14,2025-11-01,Apartment,4,1797.81,674634.08,Sold,C0072,375.2532692553718
140037,14,2025-11-01,Apartment,6,1733.36,512907.41,Available,,295.90356879124937
140075,14,2025-11-01,Apartment,9,803.5,206747.63,Sold,C0827,257.30881144990667
140076,14,2025-11-01,Office,10,686.98,229277.01,Sold,C0826,333.7462662668491
140082,14,2025-11-01,Apartment,11,1431.42,424295.01,Sold,C0537,296.41545458356035
140111,14,2025-11-01,Apartment,12,459.44,150372.92,Available,,327.2960995995125
140220,14,2025-11-01,Apartment,23,1610.37,475258.58,Sold,C0168,295.1238411048393
140228,14,2025-11-01,Apartment,24,1205.25,313395.21,Sold,C0764,260.0250653391413
140285,14,2025-11-01,Office,33,1894.96,567515.07,Sold,C1641,299.4865696373538
140309,14,2025-11-01,Office,35,1152.84,383709.9,Sold,C1619,332.83881544706986
140343,14,2025-11-01,Office,40,532.44,173509.18,Available,,325.8755540530388
140381,14,2025-11-01,Apartment,46,1258.99,435031.4,Sold,C0006,345.5399963462776
140383,14,2025-11-01,Apartment,46,1258.99,301009.14,Available,,239.08779259565208
140391,14,2025-11-01,Apartment,47,917.53,260925.13,Available,,284.37776421479407
150058,15,2025-11-01,Apartment,9,565.48,155758.36,Sold,C0842,275.4445073212138
150068,15,2025-11-01,Apartment,10,1072.95,344497.27,Available,,321.07485903350573
150075,15,2025-11-01,Office,11,1437.62,431869.41,Sold,C1937,300.40581655792215
150090,15,2025-11-01,Apartment,14,1832.17,590525.42,Sold,C0197,322.3092944432012
150107,15,2025-11-01,Apartment,15,522.71,149168.26,Available,,285.37479673241376
150110,15,2025-11-01,Apartment,15,522.71,164671.95,Sold,C0796,315.03500985249946
150116,15,2025-11-01,Apartment,16,1692.61,451472.07,Sold,C0512,266.7313025445909
150153,15,2025-11-01,Apartment,20,1662.01,582501.36,Available,,350.4800572800404
150196,15,2025-11-01,Apartment,23,1279.23,424459.34,Sold,C1577,331.8084629034654
150215,15,2025-11-01,Apartment,24,924.36,299400.1,Sold,C0699,323.8998874897226
150255,15,2025-11-01,Apartment,30,1523.22,367291.58,Sold,C1060,241.12838591930253
150270,15,2025-11-01,Apartment,31,1901.65,487419.68,Sold,C1049,256.31408513659187
150285,15,2025-11-01,Apartment,34,1304.22,448177.53,Available,,343.6364493720385
150338,15,2025-11-01,Apartment,39,1713.42,528186.67,Sold,C0787,308.26456443837475
150369,15,2025-11-01,Apartment,46,1672.19,485123.68,Sold,C0434,290.11277426608217
150410,15,2025-11-01,Apartment,52,829.2,246505.73,Sold,C1072,297.2813917028461
150436,15,2025-11-01,Office,54,1495.13,441341.34,Sold,C1689,295.1859303204404
160001,16,2025-11-01,Apartment,1,637.07,182821.64,Sold,C1156,286.9726089754658
160004,16,2025-11-01,Office,1,637.07,203005.54,Sold,C1877,318.6549986657667
160017,16,2025-11-01,Apartment,3,466.91,155288.54,Available,,332.58773639459423
160075,16,2025-11-01,Apartment,9,1524.04,470652.98,Sold,C1789,308.8193092044828
160087,16,2025-11-01,Apartment,10,1608.56,457443.89,Sold,C1059,284.3809929377829
160149,16,2025-11-01,Apartment,19,1163.06,316833.18,Sold,C1307,272.4134438464052
160175,16,2025-11-01,Apartment,21,837.95,248809.12,Sold,C1749,296.9259741034668
160221,16,2025-11-01,Apartment,27,1164.55,315946.58,Available,,271.30357648877253
160299,16,2025-11-01,Office,35,629.97,185818.63,Sold,C0967,294.9642522659809
160330,16,2025-11-01,Apartment,39,1562.93,576814.21,Sold,C1425,369.0595292175593
160380,16,2025-11-01,Apartment,44,1695.03,485666.87,Sold,C0184,286.52405562143446
170028,17,2025-11-01,Office,2,1738.5,609069.59,Sold,C1608,350.3420132297958
170035,17,2025-11-01,Apartment,2,1738.5,500319.59,Sold,C0472,287.788087431694
170083,17,2025-11-01,Apartment,10,1059.07,362011.56,Sold,C1374,341.8202385111466
170118,17,2025-11-01,Apartment,14,1646.02,461159.55,Sold,C0506,280.1664317566008
170193,17,2025-11-01,Apartment,22,1221.66,389362.89,Sold,C1274,318.7162467462305
170203,17,2025-11-01,Apartment,23,1025.52,308623.72,Available,,300.9436383493252
170273,17,2025-11-01,Apartment,33,1532.89,492997.29,Sold,C0558,321.6129598340389
170283,17,2025-11-01,Office,34,1672.99,512206.73,Sold,C1331,306.16245763573005
170319,17,2025-11-01,Apartment,39,1341.67,350729.78,Sold,C0205,261.4128511481959
170322,17,2025-11-01,Apartment,39,1341.67,382287.72,Sold,C1024,284.93423867269894
170363,17,2025-11-01,Office,46,1582.61,563644.13,Sold,C1285,356.14846993257976
170365,17,2025-11-01,Office,46,1582.61,446323.73,Available,,282.0175090515035
170386,17,2025-11-01,Office,48,1833.96,427154.66,Sold,C1355,232.9138367249013
170397,17,2025-11-01,Apartment,48,1833.96,579893.68,Sold,C0079,316.1975615607756
170422,17,2025-11-01,Apartment,49,1283.67,420964.33,Sold,C0569,327.9381227262458
170425,17,2025-11-01,Office,49,1283.67,354856.93,Available,,276.4393730475901
180011,18,2025-11-01,Apartment,2,650.96,228045.99,Available,,350.3225851050756
180016,18,2025-11-01,Apartment,2,650.96,173736.31,Available,,266.89245114907214
180025,18,2025-11-01,Apartment,3,524.48,145804.45,Available,,277.9981124161074
180043,18,2025-11-01,Apartment,5,883.32,254226.38,Sold,C0779,287.8077933251823
180119,18,2025-11-01,Apartment,16,1360.96,424747.54,Sold,C1494,312.0940659534446
180176,18,2025-11-01,Apartment,23,1659.02,388638.89,Available,,234.25811020964184
180234,18,2025-11-01,Apartment,29,578.36,187806.73,Sold,C0994,324.72288885815067
180242,18,2025-11-01,Apartment,30,1795.66,554041.06,Available,,308.54452401902364
180270,18,2025-11-01,Apartment,32,1512.9,446062.57,Available,,294.8394275893978
180283,18,2025-11-01,Apartment,35,799.05,215198.92,Sold,C1917,269.31846567799266
180293,18,2025-11-01,Apartment,36,1089.77,319872.98,Sold,C0104,293.5233856685355
180338,18,2025-11-01,Apartment,38,1219.8,372238.56,Sold,C0344,305.1636005902607
180350,18,2025-11-01,Apartment,40,990.46,332586.48,Sold,C1133,335.7899157967005
180409,18,2025-11-01,Apartment,46,1410.38,429061.94,Available,,304.217260596435
180443,18,2025-11-01,Apartment,50,854.74,261586.38,Available,,306.04204787420736
180454,18,2025-11-01,Office,51,1527.31,462493.65,Sold,C1192,302.8158330659788
180478,18,2025-11-01,Office,53,1806.7,553251.13,Sold,C1805,306.22191287983617
180510,18,2025-11-01,Apartment,56,1311.59,344932.72,Sold,C1671,262.98822040424216
180566,18,2025-11-01,Office,66,1631.24,474549.83,Sold,C1428,290.91355655820115
190012,19,2025-11-01,Apartment,3,1468.68,441268.43,Sold,C1110,300.4523994335049
190048,19,2025-11-01,Apartment,8,974.77,337242.78,Available,,345.9716445930835
190064,19,2025-11-01,Apartment,10,747.71,184861.04,Available,,247.23628144601517
190074,19,2025-11-01,Apartment,11,1869.93,587752.9,Sold,C1632,314.3181295556518
190115,19,2025-11-01,Apartment,16,1711.98,494772.35,Sold,C1624,289.0059171252
190121,19,2025-11-01,Apartment,16,1711.98,419974.59,Sold,C0167,245.31512634493396
190141,19,2025-11-01,Apartment,19,1697.73,546860.26,Sold,C0102,322.11262097035456
190251,19,2025-11-01,Office,29,1657.84,629727.03,Sold,C0265,379.84789243835354
190270,19,2025-11-01,Apartment,31,1089.64,294188.66,Sold,C1973,269.98702323703236
190372,19,2025-11-01,Apartment,42,1137.59,349796.52,Sold,C1010,307.4890953682786
190431,19,2025-11-01,Apartment,50,1227.01,328156.51,Sold,C1839,267.4440387608903
200049,20,2025-11-01,Apartment,5,802.5,269776.61,Sold,C1844,336.170230529595
200116,20,2025-11-01,Apartment,16,645.44,214742.16,Sold,C0806,332.706618740704
200145,20,2025-11-01,Office,18,1868.01,566409.84,Sold,C0117,303.21563589060014
200164,20,2025-11-01,Apartment,18,1868.01,642233.35,Sold,C0182,343.8061627079084
200182,20,2025-11-01,Apartment,19,759.72,223726.64,Sold,C1683,294.4856526088559
200246,20,2025-11-01,Apartment,30,1703.94,569890.18,Available,,334.45437045905373
200255,20,2025-11-01,Apartment,30,1703.94,503479.89,Sold,C1426,295.4798232332124
200262,20,2025-11-01,Apartment,30,1703.94,570549.18,Sold,C0153,334.8411211662383
200270,20,2025-11-01,Office,31,1414.44,432022.48,Available,,305.43711999095046
200288,20,2025-11-01,Apartment,32,1630.81,505190.92,Available,,309.7791404271497
200330,20,2025-11-01,Apartment,36,1484.99,464470.15,Sold,C1086,312.7766180243638
200340,20,2025-11-01,Apartment,37,632.35,205480.89,Available,,324.9480351071401
200408,20,2025-11-01,Apartment,46,1227.49,375996.1,Sold,C1780,306.312963853066
200426,20,2025-11-01,Apartment,48,860.8,245686.16,Available,,285.4160780669145
200501,20,2025-11-01,Office,58,1208.52,391528.7,Sold,C0904,323.97370337272037
1006,1,2025-12-01,Apartment,6,736.63,198841.7,Sold,C0121,269.93429537216787
1008,1,2025-12-01,Office,8,775.69,246050.4,Sold,C0058,317.20197501579236
2019,2,2025-12-01,Apartment,19,649.8,177555.06,Sold,C0007,273.24570637119115
3003,3,2025-12-01,Apartment,3,675.19,233142.8,Sold,C0112,345.29954531317105
3044,3,2025-12-01,Apartment,44,720.38,197869.36,Sold,C0007,274.673588939171
4019,4,2025-12-01,Apartment,19,733.19,226578.51,Sold,C0162,309.03109698713837
5037,5,2025-12-01,Apartment,37,606.33,147343.69,Available,,243.00907096795473
10041,1,2025-12-01,Apartment,5,753.87,224039.9,Sold,C0835,297.186384920477
10061,1,2025-12-01,Apartment,8,763.88,255059.25,Available,,333.8996308320679
10064,1,2025-12-01,Apartment,8,763.88,267545.27,Available,,350.2451563072734
10200,1,2025-12-01,Office,24,1146.11,371108.69,Sold,C0525,323.7984922913159
10212,1,2025-12-01,Apartment,24,1146.11,332901.57,Sold,C0666,290.46214586732515
10239,1,2025-12-01,Apartment,27,725.12,212299.67,Sold,C1284,292.7786711165049
10252,1,2025-12-01,Office,29,757.2,280255.58,Sold,C0908,370.12094558901214
10276,1,2025-12-01,Apartment,30,753.29,217191.25,Sold,C1756,288.32355400974393
10325,1,2025-12-01,Apartment,34,1469.14,419517.32,Available,,285.5529901847339
10345,1,2025-12-01,Apartment,37,758.3,212665.55,Sold,C0701,280.45041540287485
10380,1,2025-12-01,Apartment,43,1159.2,380589.52,Available,,328.32084195997237
20023,2,2025-12-01,Apartment,3,645.84,194560.69,Sold,C0235,301.25215223584786
20056,2,2025-12-01,Apartment,6,967.84,276986.59,Sold,C0739,286.1904756984626
20063,2,2025-12-01,Apartment,8,715.54,228175.89,Sold,C1763,318.88628168935355
20066,2,2025-12-01,Apartment,8,715.54,193247.56,Available,,270.0723369762697
20080,2,2025-12-01,Apartment,10,788.79,247002.06,Sold,C0421,313.14045563457955
20105,2,2025-12-01,Apartment,12,1610.5,483688.37,Sold,C1451,300.33428748835763
20108,2,2025-12-01,Apartment,13,782.33,254517.05,Sold,C1316,325.33208492579854
20114,2,2025-12-01,Apartment,14,1296.39,364395.62,Available,,281.08487415052565
20116,2,2025-12-01,Apartment,14,1296.39,379142.42,Sold,C0494,292.46015473738606
20121,2,2025-12-01,Apartment,15,1603.33,545362.91,Available,,340.1438942700505
20123,2,2025-12-01,Apartment,15,1603.33,484411.77,Sold,C1944,302.1285512028092
20147,2,2025-12-01,Apartment,17,1397.4,421336.89,Sold,C0647,301.51487762988404
20196,2,2025-12-01,Apartment,22,653.41,187153.56,Available,,286.4259194074165
20218,2,2025-12-01,Apartment,24,785.12,191362.48,Sold,C1697,243.7366007744039
20237,2,2025-12-01,Apartment,26,1577.79,581627.97,Sold,C1369,368.6345901545833
20248,2,2025-12-01,Apartment,27,1211.51,338051.96,Sold,C1328,279.0335696775099
20262,2,2025-12-01,Apartment,31,629.92,213840.74,Available,,339.4728536957074
20275,2,2025-12-01,Apartment,33,931.4,323223.26,Sold,C0339,347.0294824994632
20353,2,2025-12-01,Apartment,42,786.45,234308.2,Sold,C1723,297.93146417445485
20470,2,2025-12-01,Apartment,55,579.26,170336.43,Sold,C0495,294.0586783137106
20487,2,2025-12-01,Apartment,57,789.52,236588.93,Sold,C0031,299.66173117843755
20489,2,2025-12-01,Apartment,57,789.52,227269.77,Sold,C0327,287.85815432161314
30008,3,2025-12-01,Apartment,1,689.75,199928.99,Sold,C1089,289.85718013773106
30043,3,2025-12-01,Apartment,5,701.19,240775.59,Sold,C1371,343.381380225046
30093,3,2025-12-01,Apartment,9,1125.84,340383.54,Sold,C1260,302.3374014069495
30110,3,2025-12-01,Office,10,784.09,229122.78,Sold,C1683,292.21489879988263
30179,3,2025-12-01,Office,19,1602.22,548316.4,Sold,C0952,342.2229157044601
30202,3,2025-12-01,Apartment,21,1122.15,326871.64,Sold,C1693,291.2905048344695
30228,3,2025-12-01,Apartment,26,923.9,290397.87,Sold,C1985,314.3174261283689
30231,3,2025-12-01,Apartment,27,1117.14,348620.64,Available,,312.0653096299479
30269,3,2025-12-01,Apartment,29,666.0,201414.57,Sold,C0298,302.4242792792793
30294,3,2025-12-01,Office,36,733.45,223416.12,Sold,C1099,304.60988479105595
30307,3,2025-12-01,Office,37,659.12,177964.95,Sold,C0818,270.00386879475667
30335,3,2025-12-01,Apartment,41,965.5,246752.31,Available,,255.56945624029
30354,3,2025-12-01,Apartment,44,673.86,229430.73,Available,,340.4723978274419
30365,3,2025-12-01,Apartment,45,1598.85,478845.33,Sold,C1901,299.4935922694437
30377,3,2025-12-01,Apartment,46,1599.81,451305.59,Sold,C0002,282.0994930648015
30396,3,2025-12-01,Apartment,48,783.39,226226.94,Available,,288.77945850725695
30432,3,2025-12-01,Apartment,50,713.67,223479.12,Sold,C0001,313.14069527933077
40044,4,2025-12-01,Apartment,4,783.03,219176.28,Sold,C0353,279.90789624918585
40129,4,2025-12-01,Apartment,15,760.39,241793.69,Sold,C1493,317.9864148660556
40144,4,2025-12-01,Apartment,18,1294.91,331484.76,Available,,255.9905784958028
40161,4,2025-12-01,Apartment,20,1609.62,493358.4,Available,,306.50613188205915
40181,4,2025-12-01,Apartment,22,737.92,221931.4,Sold,C0113,300.75265611448395
40249,4,2025-12-01,Apartment,30,1307.35,366344.49,Sold,C0384,280.21913795081656
40266,4,2025-12-01,Apartment,31,793.1,215499.41,Available,,271.71782877316855
40298,4,2025-12-01,Apartment,34,795.1,226963.84,Sold,C0895,285.4532008552383
40300,4,2025-12-01,Office,35,777.82,187305.08,Sold,C1748,240.80774472242933
50025,5,2025-12-01,Apartment,5,821.43,272621.22,Sold,C1165,331.88612541543404
50109,5,2025-12-01,Apartment,13,791.13,228756.4,Sold,C0943,289.15146688913325
50140,5,2025-12-01,Apartment,18,1267.03,383350.47,Sold,C1358,302.5583214288533
50232,5,2025-12-01,Apartment,31,1008.52,316398.13,Sold,C0786,313.7251913695316
50241,5,2025-12-01,Apartment,32,1051.39,356271.34,Sold,C1510,338.85745536860725
50263,5,2025-12-01,Apartment,35,605.55,223340.65,Sold,C1097,368.8228057138139
50277,5,2025-12-01,Apartment,36,627.56,174036.19,Sold,C1528,277.3219931161961
50343,5,2025-12-01,Apartment,44,806.03,240727.61,Available,,298.6583749984492
50366,5,2025-12-01,Apartment,44,806.03,226621.01,Sold,C1521,281.1570413011923
50381,5,2025-12-01,Apartment,46,1272.95,315056.1,Sold,C0381,247.5007659373895
50401,5,2025-12-01,Apartment,47,1241.14,387349.97,Sold,C0582,312.0920846963275
50417,5,2025-12-01,Apartment,48,788.04,240777.19,Available,,305.5393000355312
50423,5,2025-12-01,Apartment,48,788.04,245774.19,Sold,C0130,311.8803487132633
50434,5,2025-12-01,Apartment,50,1261.07,354560.73,Available,,281.15864305708646
50447,5,2025-12-01,Apartment,52,1755.18,600255.95,Sold,C0192,341.99110632527714
60070,6,2025-12-01,Apartment,7,1075.42,272177.18,Sold,C1432,253.08919305945582
60071,6,2025-12-01,Apartment,7,1075.42,355403.13,Available,,330.47844563054434
60139,6,2025-12-01,Apartment,12,1678.17,525586.98,Sold,C0889,313.1905468456712
60158,6,2025-12-01,Office,13,581.47,208297.48,Sold,C0205,358.225669424046
60185,6,2025-12-01,Apartment,17,1502.18,360572.24,Available,,240.03264588797612
60215,6,2025-12-01,Apartment,20,1897.17,574185.82,Sold,C0256,302.65385811498174
60219,6,2025-12-01,Apartment,20,1897.17,526760.59,Sold,C0291,277.6559770605691
60260,6,2025-12-01,Office,27,830.65,249999.7,Available,,300.968759405285
60305,6,2025-12-01,Office,33,1131.0,267225.51,Sold,C0523,236.2736604774536
60317,6,2025-12-01,Apartment,35,999.85,255065.59,Sold,C1288,255.10385557833675
60322,6,2025-12-01,Apartment,35,999.85,314903.31,Sold,C0933,314.95055258288744
60354,6,2025-12-01,Apartment,40,1640.68,483705.16,Sold,C1388,294.81992832240286
60368,6,2025-12-01,Apartment,41,940.72,291458.17,Available,,309.8245705417127
60394,6,2025-12-01,Apartment,47,550.99,169119.0,Sold,C1578,306.9366050200548
70022,7,2025-12-01,Apartment,5,1144.09,338846.39,Sold,C0182,296.1710966794571
70053,7,2025-12-01,Apartment,9,926.11,289279.39,Sold,C1058,312.3596441027524
70069,7,2025-12-01,Apartment,10,1495.37,469951.83,Sold,C1602,314.2712706554231
70093,7,2025-12-01,Apartment,13,604.6,190112.97,Sold,C1988,314.4442110486272
70159,7,2025-12-01,Apartment,19,751.07,237334.62,Sold,C1479,315.99533998162616
70171,7,2025-12-01,Apartment,19,751.07,229319.93,Sold,C1727,305.3243106501391
70283,7,2025-12-01,Apartment,34,1487.05,479080.93,Sold,C0069,322.16867623818973
70313,7,2025-12-01,Apartment,38,1755.26,492244.23,Available,,280.43949614302153
70332,7,2025-12-01,Apartment,39,1298.32,349589.05,Sold,C0684,269.26262400640826
70363,7,2025-12-01,Apartment,42,702.08,208194.97,Sold,C1684,296.54023757976296
70371,7,2025-12-01,Apartment,43,498.61,173233.18,Sold,C0219,347.4322215759812
70401,7,2025-12-01,Apartment,47,1033.08,312842.27,Sold,C1102,302.8248247957564
70435,7,2025-12-01,Office,51,648.27,160146.36,Sold,C0596,247.03651256420935
70472,7,2025-12-01,Apartment,55,601.23,153831.9,Sold,C1580,255.86198293498327
70502,7,2025-12-01,Apartment,58,1629.83,535798.14,Sold,C0128,328.7448016050754
80001,8,2025-12-01,Apartment,1,1109.29,313855.45,Sold,C1087,282.93363322485555
80006,8,2025-12-01,Apartment,1,1109.29,343480.35,Sold,C0710,309.6398146562215
80008,8,2025-12-01,Apartment,1,1109.29,359701.01,Sold,C0902,324.26237503267856
80064,8,2025-12-01,Apartment,6,1370.17,392405.21,Sold,C1392,286.39162293729976
80066,8,2025-12-01,Apartment,7,1352.74,450542.24,Sold,C0830,333.0590061652646
80077,8,2025-12-01,Apartment,9,1869.81,623455.64,Sold,C1022,333.4326161481648
80086,8,2025-12-01,Apartment,9,1869.81,630466.93,Sold,C1519,337.1823500783502
80121,8,2025-12-01,Apartment,14,685.93,211248.28,Sold,C0539,307.9735249952619
80128,8,2025-12-01,Apartment,15,534.85,157988.27,Available,,295.3879966345704
80140,8,2025-12-01,Office,17,1109.27,330111.23,Available,,297.59321896382306
80290,8,2025-12-01,Office,34,1684.75,599958.23,Sold,C1308,356.11113221546225
80301,8,2025-12-01,Apartment,34,1684.75,460742.05,Available,,273.4779937676213
80341,8,2025-12-01,Apartment,38,1565.91,448751.85,Available,,286.5757610590647
80344,8,2025-12-01,Apartment,39,1290.89,344279.2,Sold,C0970,266.6990990711834
80419,8,2025-12-01,Apartment,48,480.99,122725.68,Sold,C1434,255.15224848749452
80427,8,2025-12-01,Apartment,49,1081.0,300111.63,Sold,C0971,277.6240795559667
80475,8,2025-12-01,Apartment,55,1300.05,360107.58,Available,,276.99517710857276
90100,9,2025-12-01,Apartment,16,924.6,301111.41,Sold,C0153,325.6666774821544
90103,9,2025-12-01,Apartment,16,924.6,279569.54,Sold,C1930,302.3680943110534
90105,9,2025-12-01,Apartment,16,924.6,290945.79,Available,,314.6720635950681
90107,9,2025-12-01,Apartment,17,1481.32,448326.14,Sold,C1794,302.6531336915724
90138,9,2025-12-01,Apartment,21,1261.65,322402.24,Sold,C0847,255.54015772995677
90175,9,2025-12-01,Apartment,26,1038.39,274444.3,Sold,C1786,264.297903485203
90302,9,2025-12-01,Office,37,731.44,232892.02,Sold,C1505,318.40208356119433
90319,9,2025-12-01,Apartment,38,1260.31,369333.99,Available,,293.0501146543311
90336,9,2025-12-01,Apartment,40,1090.32,335497.43,Sold,C0598,307.7054717880989
90362,9,2025-12-01,Apartment,43,1908.91,475625.61,Available,,249.16083524105377
90382,9,2025-12-01,Apartment,45,786.13,249761.11,Sold,C1548,317.70967906071513
90389,9,2025-12-01,Office,46,662.32,218823.87,Available,,330.38994745742235
90407,9,2025-12-01,Apartment,52,1126.02,341208.08,Sold,C1947,303.02133177030606
90418,9,2025-12-01,Apartment,53,599.72,168105.15,Sold,C1652,280.3060594944307
90432,9,2025-12-01,Apartment,55,1182.51,329392.09,Available,,278.55332301629585
90503,9,2025-12-01,Apartment,58,838.34,289916.64,Available,,345.8222678149677
100002,10,2025-12-01,Apartment,1,1006.89,345031.43,Sold,C0838,342.6704307322548
100025,10,2025-12-01,Apartment,4,1765.37,581087.19,Sold,C1123,329.1588675461801
100059,10,2025-12-01,Office,6,842.66,258394.11,Sold,C0281,306.64100586238817
100061,10,2025-12-01,Apartment,8,1054.86,294829.76,Sold,C0907,279.4965777449141
100130,10,2025-12-01,Office,17,647.35,172208.75,Available,,266.02108596586083
100220,10,2025-12-01,Apartment,27,777.35,192322.86,Sold,C0700,247.4083231491606
100262,10,2025-12-01,Office,31,1499.0,494246.62,Sold,C0058,329.71755837224816
100284,10,2025-12-01,Apartment,33,1010.7,256264.72,Sold,C0650,253.5517166320372
100312,10,2025-12-01,Apartment,37,1177.85,423654.2,Sold,C1865,359.6843401112196
100338,10,2025-12-01,Apartment,40,1322.98,519106.96,Sold,C0426,392.37702761946514
100342,10,2025-12-01,Apartment,41,1750.64,487726.42,Available,,278.598923822145
100391,10,2025-12-01,Apartment,45,1119.1,388898.15,Sold,C1749,347.50973996961847
100410,10,2025-12-01,Apartment,48,1421.82,450915.03,Sold,C1946,317.13932143309285
100418,10,2025-12-01,Office,50,1138.32,401935.35,Sold,C0735,353.0952192705039
110001,11,2025-12-01,Apartment,1,1902.88,551096.05,Sold,C1216,289.61156247372406
110012,11,2025-12-01,Apartment,2,938.0,333788.69,Sold,C0606,355.8514818763326
110021,11,2025-12-01,Apartment,3,1479.84,416304.72,Sold,C0055,281.31738566331495
110137,11,2025-12-01,Apartment,14,524.68,156613.99,Sold,C0886,298.49430128840436
110195,11,2025-12-01,Apartment,23,1098.83,322447.96,Available,,293.44662959693494
110230,11,2025-12-01,Apartment,28,868.85,240965.61,Sold,C0199,277.33856246762963
110281,11,2025-12-01,Apartment,34,680.07,183121.51,Sold,C0465,269.26861940682574
110286,11,2025-12-01,Apartment,34,680.07,223537.47,Sold,C0557,328.697736997662
110310,11,2025-12-01,Office,38,788.47,213799.71,Sold,C0066,271.15769781982823
110358,11,2025-12-01,Apartment,42,808.59,224518.89,Sold,C0277,277.6671613549512
110395,11,2025-12-01,Apartment,47,1456.74,498632.69,Sold,C1807,342.2935389980367
110404,11,2025-12-01,Apartment,48,661.7,220504.09,Sold,C1769,333.2387637902372
110418,11,2025-12-01,Apartment,49,1095.85,337603.6,Sold,C1797,308.0746452525437
110492,11,2025-12-01,Apartment,58,1159.31,259231.73,Sold,C0969,223.60863789667994
110497,11,2025-12-01,Apartment,59,782.92,243787.47,Available,,311.38235068717114
110526,11,2025-12-01,Apartment,62,1938.82,644513.43,Available,,332.42561454905564
110529,11,2025-12-01,Apartment,62,1938.82,648020.11,Sold,C0245,334.23428167648365
110534,11,2025-12-01,Apartment,62,1938.82,518507.57,Sold,C0119,267.4346097110614
110559,11,2025-12-01,Apartment,65,1427.09,496840.91,Sold,C1564,348.1496682059296
120066,12,2025-12-01,Apartment,8,1803.36,551363.7,Sold,C0158,305.74244743146124
120096,12,2025-12-01,Apartment,12,959.05,230717.53,Available,,240.56882331473855
120097,12,2025-12-01,Apartment,12,959.05,324581.41,Sold,C1601,338.44055054481
120149,12,2025-12-01,Office,17,1428.55,414273.14,Sold,C0240,289.99554793321903
120201,12,2025-12-01,Apartment,22,892.67,278444.81,Available,,311.92356637951315
120217,12,2025-12-01,Apartment,24,1306.75,372873.56,Sold,C1041,285.34422039410754
120263,12,2025-12-01,Office,28,1563.65,563520.95,Sold,C1462,360.38816231253793
120399,12,2025-12-01,Apartment,47,1528.05,441435.94,Available,,288.8884133372599
130014,13,2025-12-01,Apartment,1,1899.92,510953.78,Available,,268.93436565750136
130016,13,2025-12-01,Apartment,1,1899.92,621646.32,Sold,C0661,327.19605036001514
130022,13,2025-12-01,Apartment,2,1651.02,438704.41,Sold,C0093,265.71719906482053
130064,13,2025-12-01,Apartment,7,1115.82,279299.14,Sold,C1459,250.30841892061446
130074,13,2025-12-01,Apartment,9,1448.68,467397.36,Sold,C0908,322.6367175635751
130078,13,2025-12-01,Apartment,10,1314.38,368940.08,Sold,C0636,280.6951414355057
130079,13,2025-12-01,Apartment,10,1314.38,402388.87,Available,,306.14348209802336
130107,13,2025-12-01,Apartment,13,585.77,167021.08,Sold,C0094,285.13081926353345
130131,13,2025-12-01,Apartment,15,458.29,137979.81,Sold,C0474,301.0753234851295
130154,13,2025-12-01,Office,18,1820.34,631423.89,Available,,346.87140314446754
130166,13,2025-12-01,Apartment,19,758.69,232676.83,Sold,C1180,306.6823472037327
130170,13,2025-12-01,Apartment,20,516.72,163877.93,Available,,317.1503522217061
130196,13,2025-12-01,Apartment,22,1811.36,595167.57,Sold,C0134,328.57497681300237
130276,13,2025-12-01,Apartment,32,1114.07,375777.23,Sold,C1744,337.3012737081153
130295,13,2025-12-01,Apartment,33,1445.84,361953.92,Sold,C1871,250.3416145631605
130309,13,2025-12-01,Apartment,34,1557.0,498675.17,Sold,C1290,320.2794926140013
130382,13,2025-12-01,Apartment,43,1875.83,548576.41,Sold,C0807,292.4446298438558
130411,13,2025-12-01,Apartment,47,1874.35,529254.85,Sold,C0360,282.36714060874436
130490,13,2025-12-01,Apartment,57,1717.49,477356.8,Sold,C0690,277.9386197299547
130496,13,2025-12-01,Apartment,57,1717.49,648243.9,Available,,377.4367827469156
130555,13,2025-12-01,Apartment,64,792.66,253669.32,Sold,C0339,320.02285973809705
130572,13,2025-12-01,Office,67,524.97,185709.66,Sold,C0813,353.75290016572376
140021,14,2025-12-01,Office,4,1797.81,598226.98,Sold,C0188,332.75317191471845
140033,14,2025-12-01,Apartment,5,424.34,104223.52,Available,,245.61323467031156
140055,14,2025-12-01,Office,8,618.89,215053.02,Sold,C0338,347.4818142157734
140070,14,2025-12-01,Apartment,9,803.5,247414.28,Sold,C1234,307.92069695084007
140125,14,2025-12-01,Apartment,13,442.74,122946.25,Available,,277.694019063107
140169,14,2025-12-01,Office,17,686.6,201168.09,Sold,C0720,292.9916836586076
140213,14,2025-12-01,Apartment,23,1610.37,584831.47,Available,,363.1658997621665
140266,14,2025-12-01,Apartment,29,1618.34,394827.74,Sold,C0275,243.97082195335963
140329,14,2025-12-01,Apartment,39,1811.84,456636.39,Sold,C1426,252.02909197280115
140338,14,2025-12-01,Apartment,40,532.44,158985.82,Sold,C1930,298.5985650965367
140403,14,2025-12-01,Apartment,48,1941.78,581591.93,Sold,C1786,299.51484205213774
140410,14,2025-12-01,Apartment,49,1231.75,390024.91,Sold,C0583,316.642914552466
140443,14,2025-12-01,Apartment,52,571.74,175048.68,Available,,306.1683282610977
140461,14,2025-12-01,Apartment,55,1415.9,451347.51,Sold,C1340,318.77075358429266
150065,15,2025-12-01,Apartment,10,1072.95,269886.57,Sold,C0271,251.53694953166504
150071,15,2025-12-01,Apartment,10,1072.95,248482.96,Sold,C0542,231.58857355887972
150080,15,2025-12-01,Apartment,12,992.68,292138.69,Sold,C1523,294.29291413144216
150088,15,2025-12-01,Apartment,14,1832.17,495462.12,Available,,270.42366155978976
150124,15,2025-12-01,Apartment,16,1692.61,605784.18,Sold,C0385,357.8994452354648
150125,15,2025-12-01,Apartment,16,1692.61,551828.54,Sold,C1140,326.022261477836
150156,15,2025-12-01,Apartment,20,1662.01,544081.2,Sold,C1525,327.3633732649021
150168,15,2025-12-01,Apartment,22,1317.29,337265.16,Sold,C0308,256.0295455063046
150209,15,2025-12-01,Apartment,24,924.36,282320.19,Sold,C1833,305.4223354537193
150219,15,2025-12-01,Apartment,25,607.01,197503.46,Sold,C0743,325.37101530452543
150221,15,2025-12-01,Apartment,26,961.01,334454.42,Sold,C0622,348.0238707193473
150273,15,2025-12-01,Apartment,32,1338.63,389495.74,Sold,C1194,290.96594279225775
150307,15,2025-12-01,Apartment,35,745.49,221227.26,Sold,C0082,296.75416169230976
150320,15,2025-12-01,Apartment,36,1424.81,422938.38,Available,,296.838441616777
150328,15,2025-12-01,Apartment,38,585.57,171741.96,Sold,C0995,293.2902300322762
150343,15,2025-12-01,Apartment,39,1713.42,447350.47,Sold,C1817,261.0862894094851
150359,15,2025-12-01,Apartment,43,1655.05,486957.94,Sold,C0195,294.22551584544277
150405,15,2025-12-01,Apartment,51,1689.08,534107.07,Sold,C1442,316.21182537239207
150429,15,2025-12-01,Apartment,53,696.04,260013.87,Sold,C1651,373.5616774897994
150430,15,2025-12-01,Apartment,53,696.04,212562.05,Sold,C1497,305.38769323602094
150463,15,2025-12-01,Office,56,939.93,332240.58,Available,,353.4737480450672
150478,15,2025-12-01,Office,57,429.34,140270.18,Sold,C1064,326.7111846089347
150490,15,2025-12-01,Apartment,58,1750.89,584089.31,Available,,333.59566277721615
150517,15,2025-12-01,Apartment,60,1033.2,282882.02,Available,,273.7921215640728
160048,16,2025-12-01,Apartment,6,1062.34,312301.2,Available,,293.97481032437827
160051,16,2025-12-01,Office,6,1062.34,345683.12,Sold,C0522,325.39781990699777
160098,16,2025-12-01,Apartment,11,1288.42,380581.55,Available,,295.38624827307865
160130,16,2025-12-01,Office,15,1365.29,485729.33,Sold,C0187,355.7700781518945
160159,16,2025-12-01,Office,20,1096.33,328838.91,Sold,C0772,299.9451898607171
160197,16,2025-12-01,Office,24,1077.77,411693.07,Available,,381.986017424868
160226,16,2025-12-01,Apartment,27,1164.55,394988.77,Available,,339.177167146108
160254,16,2025-12-01,Apartment,29,489.49,161650.21,Available,,330.24210913399656
160323,16,2025-12-01,Apartment,38,431.83,131261.13,Sold,C1205,303.96482412060305
160324,16,2025-12-01,Apartment,38,431.83,141634.15,Sold,C0269,327.9858972280759
160329,16,2025-12-01,Apartment,39,1562.93,479212.8,Sold,C0646,306.61181242921947
160385,16,2025-12-01,Apartment,44,1695.03,571089.66,Sold,C0927,336.92008990991314
160390,16,2025-12-01,Apartment,45,1653.49,465826.16,Sold,C0977,281.7229980223648
170033,17,2025-12-01,Office,2,1738.5,544862.08,Sold,C1829,313.4093068737417
170051,17,2025-12-01,Apartment,6,1739.03,484217.81,Available,,278.44132073627253
170053,17,2025-12-01,Apartment,7,1300.91,396586.67,Sold,C1606,304.85327194041093
170059,17,2025-12-01,Apartment,7,1300.91,435938.93,Available,,335.10306631511787
170123,17,2025-12-01,Apartment,14,1646.02,534790.76,Sold,C1277,324.899308635375
170210,17,2025-12-01,Apartment,23,1025.52,366080.74,Sold,C1141,356.970844059599
170235,17,2025-12-01,Apartment,27,677.24,205598.72,Sold,C0719,303.5832496603863
170240,17,2025-12-01,Apartment,27,677.24,210136.82,Sold,C0975,310.28412379658613
170257,17,2025-12-01,Apartment,31,1806.06,587056.34,Available,,325.04808256647067
170272,17,2025-12-01,Apartment,33,1532.89,452395.8,Available,,295.1260690590975
170314,17,2025-12-01,Office,39,1341.67,385358.62,Sold,C1405,287.223102551298
170352,17,2025-12-01,Apartment,45,1574.3,462346.45,Sold,C1354,293.6838277329607
170381,17,2025-12-01,Office,47,1106.83,300057.11,Sold,C1702,271.0959316245494
170399,17,2025-12-01,Apartment,48,1833.96,584971.87,Sold,C1273,318.9665368928439
180019,18,2025-12-01,Apartment,3,524.48,145719.42,Sold,C1737,277.8359899328859
180059,18,2025-12-01,Apartment,6,840.25,200909.52,Available,,239.1068372508182
180081,18,2025-12-01,Apartment,11,507.04,145443.17,Sold,C0944,286.8475268223414
180103,18,2025-12-01,Apartment,14,1742.3,552490.44,Sold,C1513,317.1040808127188
180139,18,2025-12-01,Apartment,18,1127.95,360056.73,Sold,C1916,319.21337825258206
180179,18,2025-12-01,Apartment,23,1659.02,542607.18,Sold,C0792,327.06488167713474
180182,18,2025-12-01,Apartment,23,1659.02,479876.57,Sold,C0142,289.2530349242324
180204,18,2025-12-01,Office,26,1147.71,350791.53,Sold,C1401,305.6447447525943
180237,18,2025-12-01,Apartment,29,578.36,171091.26,Sold,C1616,295.82139152085205
180351,18,2025-12-01,Apartment,40,990.46,256435.44,Sold,C1403,258.90539749207437
180396,18,2025-12-01,Apartment,45,1627.52,464754.23,Sold,C1259,285.5597657786079
180423,18,2025-12-01,Apartment,48,564.59,168474.31,Sold,C1919,298.40115836270564
180434,18,2025-12-01,Apartment,49,1457.92,425283.53,Available,,291.7056697212467
180450,18,2025-12-01,Apartment,50,854.74,292067.45,Sold,C0225,341.70326649039475
180460,18,2025-12-01,Office,52,1424.54,370252.38,Sold,C1547,259.9101323936148
180509,18,2025-12-01,Apartment,56,1311.59,404881.6,Available,,308.6952477527276
180537,18,2025-12-01,Office,61,1019.7,278882.5,Sold,C0179,273.4946552907718
180551,18,2025-12-01,Apartment,63,1855.14,554198.64,Sold,C0923,298.7368284873379
180567,18,2025-12-01,Apartment,66,1631.24,508529.45,Available,,311.74410264584
180586,18,2025-12-01,Apartment,68,1445.28,376315.89,Available,,260.37576801727005
190015,19,2025-12-01,Apartment,4,1225.38,338955.08,Sold,C0235,276.6122182506651
190066,19,2025-12-01,Office,10,747.71,205334.04,Sold,C1134,274.6172179053376
190138,19,2025-12-01,Apartment,18,1599.44,488639.08,Sold,C1013,305.50635222327816
190145,19,2025-12-01,Apartment,19,1697.73,558396.13,Sold,C0647,328.90750001472554
190150,19,2025-12-01,Office,19,1697.73,492332.08,Sold,C0319,289.9943336101736
190184,19,2025-12-01,Apartment,22,935.25,207543.49,Sold,C1164,221.91231221598503
190345,19,2025-12-01,Apartment,40,893.49,290012.16,Sold,C1987,324.5835543766578
190348,19,2025-12-01,Office,41,1657.19,544140.97,Available,,328.35158913582626
190402,19,2025-12-01,Apartment,46,1926.19,602056.71,Sold,C0166,312.56351138776546
200010,20,2025-12-01,Apartment,1,1898.39,467528.98,Sold,C1033,246.27657119980614
200083,20,2025-12-01,Apartment,11,1722.28,481702.43,Available,,279.6888020530924
200129,20,2025-12-01,Apartment,16,645.44,169917.79,Sold,C1834,263.258846678235
200169,20,2025-12-01,Office,19,759.72,255423.12,Sold,C1471,336.2069183383352
200178,20,2025-12-01,Apartment,19,759.72,224217.07,Sold,C0630,295.13119307113146
200212,20,2025-12-01,Apartment,26,1941.62,487446.59,Available,,251.0514879327572
200247,20,2025-12-01,Apartment,30,1703.94,467957.38,Sold,C1334,274.632545746916
200263,20,2025-12-01,Office,30,1703.94,538035.23,Sold,C1066,315.7594927051422
200307,20,2025-12-01,Apartment,33,630.53,217209.99,Available,,344.4879545778948
200381,20,2025-12-01,Apartment,42,811.56,225326.3,Available,,277.64589186258564
200404,20,2025-12-01,Apartment,46,1227.49,359645.92,Available,,292.99295309941425
200405,20,2025-12-01,Apartment,46,1227.49,404637.37,Sold,C0541,329.64616412353666
200417,20,2025-12-01,Apartment,48,860.8,271177.34,Available,,315.02943773234205
200429,20,2025-12-01,Apartment,48,860.8,265186.67,Sold,C1412,308.07001626394054
200430,20,2025-12-01,Apartment,48,860.8,288189.74,Sold,C0504,334.79291356877326
200449,20,2025-12-01,Apartment,51,1062.33,328980.19,Available,,309.67796259166175
990014,4,2025-12-01,Apartment,13,733.19,217357.63,Available,,296.45471160272234
